tasks,scenario_seed,algorithm_seed,method,solution_sha256,source_record_sha256,stage1_status,stage1_qualified,stage2_status,stage2_qualified,original_stage2_qualified,stage2_replay_s,stage1_qualified_rate,both_stages_qualified_rate,stage1_energy_j,stage2_energy_j,normalized_mec_cpu,mean_delay_s,p95_delay_s,min_deadline_slack_s,offload_ratio,total_distance_m,contacts,cpu_stage2_minus_stage1,energy_stage2_minus_stage1_j,stage2_component_flight_j_j,stage2_component_collection_j_j,stage2_component_upload_hover_j_j,stage2_component_transmit_j_j,stage2_component_local_compute_j_j,original_initialization_s,original_search_s,original_resource_recompute_s,original_independent_audit_s,original_total_to_resources_s,original_total_with_audit_s
30,45,100,B-ALNS,fbbbec4bd0353efea3a4f285e50d734255593c5624f9a523451f3a0270e32bab,42ed5633b167ebc41ecc070fc75348bd0a6787b23c57c114ca9a3b1b6fd3b7af,optimal,True,optimal,True,False,0.19536085000000014,1.0,1.0,119193.94701518239,119194.0466709189,0.23864576332789236,193.91850351835637,353.9798347978187,9.49791001403355e-09,0.06666666666666667,6261.305028805494,1,-0.5673977744153971,0.09965573651425075,112703.49051849887,6000.0,127.66245553961137,0.0638312277698057,362.82986565263445,0.007169337999997083,3.8869821309999963,1.0611899809999983,0.0024977870000029156,4.955341449999992,4.957839236999995
30,45,100,ESI-ALNS,fbbbec4bd0353efea3a4f285e50d734255593c5624f9a523451f3a0270e32bab,cdf2c712aecfa1959b2b302c5d119d283ed1a79c5927f524e0c540826584bc1d,optimal,True,optimal,True,False,0.1659252500000008,1.0,1.0,119193.94701518239,119194.0466709189,0.23864576332789236,193.91850351835637,353.9798347978187,9.49791001403355e-09,0.06666666666666667,6261.305028805494,1,-0.5673977744153971,0.09965573651425075,112703.49051849887,6000.0,127.66245553961137,0.0638312277698057,362.82986565263445,0.007169337999997083,4.927104378999999,1.1089681909999953,0.0024563840000055848,6.043241907999992,6.045698291999997
30,45,100,RGA-MR,5ff8de212d973c4bd8b6dfeb61f1c57e517e2b95cbeadb1f511c5f414c9fdcd4,cfac764dcb85f5550d3dcb67344b7070c1ad5cbf70811731aa0ffd5d7b18ea27,optimal,True,optimal,True,True,0.2614096419999967,1.0,1.0,202812.27539485937,202812.44487299048,0,186.95133214519137,334.93015587334855,0.035133334514227954,0.0,10920.066206105696,0,0,0.1694781311089173,196561.19170990252,6000.0,0.0,0.0,251.2531630879859,0.0,2.1601650180000007,0.2454689619999968,0.0020080859999964673,2.4056339799999975,2.407642065999994
30,45,101,B-ALNS,35a0f5cc6bddbd91d3040b01ed8eb45ec2f49509575961cb9141f76de712d512,efdb7d399ee79fa252af5603f6e53d300fe801c2021edad142fd0d0930df2c5e,optimal,True,optimal,True,True,0.18857319499999647,1.0,1.0,124798.23785136617,124798.34282188147,1.203368388796537,204.909866585642,363.36255815643165,-1.7843149180407636e-10,0.13333333333333333,6559.295852662814,3,-0.6026751777305357,0.10497051529819146,118067.32534793064,6000.0,456.0868113408749,0.22804340567043746,274.7026192042888,0.007169337999997083,1.9006240630000022,0.24734069499999833,0.0026390680000005773,2.1551340959999976,2.157773163999998
30,45,101,ESI-ALNS,35a0f5cc6bddbd91d3040b01ed8eb45ec2f49509575961cb9141f76de712d512,86ea250805aaad44f92a5a8a7dc5ccd2e16a80e5ce2c2ff182c919b5dfcf6d52,optimal,True,optimal,True,True,0.19178365199999803,1.0,1.0,124798.23785136617,124798.34282188147,1.203368388796537,204.909866585642,363.36255815643165,-1.7843149180407636e-10,0.13333333333333333,6559.295852662814,3,-0.6026751777305357,0.10497051529819146,118067.32534793064,6000.0,456.0868113408749,0.22804340567043746,274.7026192042888,0.007169337999997083,2.924036104999999,0.3219748720000055,0.0026407710000029283,3.2531803150000016,3.2558210860000045
30,45,,GR-MR,97cec8a54432072ccd08fb0357e810ea3d003bcd626cfe38e66702483eb80dbd,c691f53b07e3cddb1224d8b87cab6250c1181a98d4da57644318875fe86a6abc,optimal,True,optimal,True,True,0.18004336099999563,1.0,1.0,208341.73076591373,208341.90484466517,0,180.66934788026336,281.2511208336098,0.037638702435742744,0.0,11226.750844100341,0,0,0.1740787514427211,202081.51519380612,6000.0,0.0,0.0,260.38965085905835,0.007169337999997083,0.0,0.24576719699999927,0.0020030989999995086,0.25293653499999635,0.25493963399999586
30,45,,FTR-NM,344481cf10f1be5ea953380d04da27f642e316e4ac4a8469567cd329657dfb4f,104f1a898d2baefe2d055c8c78b9d429a6bb823473d34da5320bbd5443796681,optimal,True,optimal,True,True,0.27267819499999746,1.0,1.0,208341.73076591373,208341.90484466517,0,180.66934788026336,281.2511208336098,0.037638702435742744,0.0,11226.750844100341,0,0,0.1740787514427211,202081.51519380612,6000.0,0.0,0.0,260.38965085905835,0.007318729999994389,0.0,0.24249423300000217,0.0020475950000005128,0.24981296299999656,0.25186055799999707
30,45,102,RGA-MR,e4a431e3f2003f49c54ca29efdfc5acd0bf68ab4a6035f8011232f855006d5d9,37d114b30e55094af7441e54c06349cf94ca18046e67e9d37c7a202a58d0d73d,optimal,True,optimal,True,True,0.16695692500000092,1.0,1.0,195945.458401286,195945.62225492683,0,186.5941258750981,319.0915655092681,0.03303893447372275,0.0,10536.219541628623,0,0,0.1638536408136133,189651.9517493152,6000.0,0.0,0.0,293.6705056116455,0.0,3.424320225999999,0.2483366370000013,0.002040604999997697,3.6726568630000003,3.674697467999998
30,45,102,B-ALNS,ab5ffee98d4a5dbae0c7a10c9673e9ae8fcba38e2e1e091fa82e91e393e9abe8,b3887c0104000251e64879d4f542bc25488c1ca99bb5fd73bdab59fa99ba5b47,optimal,True,optimal,True,True,0.16603127900000203,1.0,1.0,123750.86298609502,123750.96655066992,0,171.2049282848074,274.67695342168673,0.02139891445858666,0.0,6524.200381567278,0,0,0.10356457490706816,117435.606868211,6000.0,0.0,0.0,315.35968245890285,0.007169337999997083,0.7804272840000053,0.2971349849999996,0.002054716000003509,1.084731607000002,1.0867863230000054
30,45,102,ESI-ALNS,ab5ffee98d4a5dbae0c7a10c9673e9ae8fcba38e2e1e091fa82e91e393e9abe8,3fcabe9d3dca803198d60f0fc4eb40f3eba1bfce55dace4cde3d695604df01a1,optimal,True,optimal,True,True,0.25763413499999643,1.0,1.0,123750.86298609502,123750.96655066992,0,171.2049282848074,274.67695342168673,0.02139891445858666,0.0,6524.200381567278,0,0,0.10356457490706816,117435.606868211,6000.0,0.0,0.0,315.35968245890285,0.007169337999997083,1.8004878950000034,0.24239727400001243,0.0020402950000004694,2.050054507000013,2.0520948020000134
30,45,101,RGA-MR,726ab251a42e639fb5b103fffee65a14d13b7504fc000981a3eb913d70eda083,48b12fac2f3f321d3df0e81b031adc79eb4fac898d7ae8fb42decbb280d3792d,optimal,True,optimal,True,True,0.1630065000000016,1.0,1.0,208341.73076591373,208341.90484466517,0,180.66934788026336,281.2511208336098,0.037638702435742744,0.0,11226.750844100341,0,0,0.1740787514427211,202081.51519380612,6000.0,0.0,0.0,260.38965085905835,0.0,3.0567117249999995,0.2890468159999955,0.0020800700000052075,3.345758540999995,3.3478386110000002
30,46,101,B-ALNS,7a30db70065d3456255bbe1deb6dee9ae97fc2a09ead6cfc7f6439cf40980a93,450b554bbb60a1b31ba0a6f252e2230c1b18c481a724ffa6c9f4bd273b8f07a2,optimal,True,optimal,True,True,0.16547158299999865,1.0,1.0,126612.79279813061,126612.89987890692,0,168.32470952039384,298.0397091944367,0.016149799164679735,0.0,6682.104700448006,0,0,0.10708077630260959,120277.88460806411,6000.0,0.0,0.0,335.01527084280747,0.007855753000001187,1.0930972459999992,0.3355716700000002,0.0028060389999993163,1.4365246690000006,1.439330708
30,46,101,ESI-ALNS,7a30db70065d3456255bbe1deb6dee9ae97fc2a09ead6cfc7f6439cf40980a93,c42aec25c7efd60de7642e6ff8825c0725a5037ecc1dc6b0e4ccee89eb4d5263,optimal,True,optimal,True,True,0.2560836390000034,1.0,1.0,126612.79279813061,126612.89987890692,0,168.32470952039384,298.0397091944367,0.016149799164679735,0.0,6682.104700448006,0,0,0.10708077630260959,120277.88460806411,6000.0,0.0,0.0,335.01527084280747,0.007855753000001187,4.750906659999998,0.33897044700000123,0.002726153000004672,5.097732860000001,5.100459013000005
30,46,100,RGA-MR,8a3e8f23dcd199453a49928da437968b2930ead04b759566d901dc7b6176b929,444aa12aa957c4288b6bbcf6edb3b215c8c3ef661abeccfd7292e9278cec5022,optimal,True,optimal,True,True,0.16598378800000546,1.0,1.0,180454.62811915696,180454.77871501146,0,183.65305568534052,296.41504459436834,0.033093330973400725,0.0,9680.142087193179,0,0,0.15059585450217128,174242.5575694772,6000.0,0.0,0.0,212.22114553425197,0.0,4.219653689000005,0.33653538400000116,0.0026934959999991293,4.556189073000006,4.558882569000005
30,46,102,RGA-MR,be45e1ac80d85062aea8fd05d20a42cb2ca11d0116143da06ea608420f16fc6f,ca7e33808f3f4e6b315a1a3a3b9de32c56bad4c5f632fe0c72057736a60af238,optimal,True,optimal,True,True,0.16384198599999422,1.0,1.0,182920.2871116352,182920.44081809657,0,183.45632883121414,296.4158733504123,0.03307293882801332,0.0,9817.5919948707,0,0,0.15370646136580035,176716.6559076726,6000.0,0.0,0.0,203.78491042398434,0.0,3.715543407999995,0.3400364069999995,0.00271110899999627,4.055579814999994,4.058290923999991
30,46,102,B-ALNS,cbf1a765cda17791f0e27521e2cb3088517b6c81f99a6d1caff8516262356dfc,739b45efb9d0ec19d4e88e27639cc905043469e09bb4cffa98b069be5c1b1d43,optimal,True,optimal,True,True,0.16212918499999773,1.0,1.0,125061.87458673416,125061.98002974124,0,187.8609456872164,358.30107047956284,0.019932104103816073,0.0,6596.912478997106,0,0,0.10544300707988441,118744.42462194791,6000.0,0.0,0.0,317.5554077933339,0.007855753000001187,0.9470658609999987,0.34472068499999864,0.0027175629999973694,1.2996422989999985,1.3023598619999959
30,46,102,ESI-ALNS,287768434a967d7359cd5192be17c716a399e45beeb9f03a1b06324fbb4fa126,3ec1f33036f525d945d88263e2b33938b54a33a579211968e124ea9aee3d77c6,optimal,True,optimal,True,True,0.2594474739999981,1.0,1.0,125031.94486546525,125032.04983787014,0.294152596677972,199.95384204697652,358.3870616649224,1.4342731446959078e-09,0.03333333333333333,6596.912478997106,1,-0.5206990827288077,0.10497240489348769,118744.42462194791,6000.0,68.50931012682604,0.03425465506341302,219.08165114035063,0.007855753000001187,3.4570836110000016,0.3487476939999965,0.0033648400000032552,3.8136870579999993,3.8170518980000026
30,46,,FTR-NM,a25dff302590ff3295483fe6450be979ecdb291a3ec900143f1a3e4049432cc2,9e8165b7ab4eb818e66671571ead567aa7c8335af5b589c1d1f73ac6fd315663,optimal,True,optimal,True,True,0.16444245400000312,1.0,1.0,182920.2871116352,182920.44081809657,0,183.45632883121414,296.4158733504123,0.03307293882801332,0.0,9817.5919948707,0,0,0.15370646136580035,176716.6559076726,6000.0,0.0,0.0,203.78491042398434,0.008077289999995685,0.0,0.4170213549999957,0.0026489850000004367,0.4250986449999914,0.42774762999999183
30,46,101,RGA-MR,e9f7c4d8315c9ce4f3267b8a077b98b19d53fbb916a32e8534852194c11721d1,9ffaf982d1f62abecf365f0d70e4447bfe6928c372d79a57811567361524542b,optimal,True,optimal,True,True,0.16441781000000333,1.0,1.0,182920.2871116352,182920.44081809657,0,183.45632883121414,296.4158733504123,0.03307293882801332,0.0,9817.5919948707,0,0,0.15370646136580035,176716.6559076726,6000.0,0.0,0.0,203.78491042398434,0.0,3.802712523000004,0.33404375799999997,0.0026149489999980347,4.136756281000004,4.139371230000002
30,46,100,B-ALNS,e5a1bf99fdf4c0c98735b0240d1a75008a4f521cb4ad18afe49375f32833efd3,addffead83c0d8c8ad62cf7c67710dbf127facb9aa5ca3404c518829123bd5df,optimal,False,skipped_unqualified_stage1,False,False,,0.0,0.0,,,,,,,,,,,,,,,,,0.007855753000001187,1.4279980060000028,3.5993056060000015,0.0019556679999936932,5.0351593650000055,5.037115032999999
30,46,100,ESI-ALNS,e5a1bf99fdf4c0c98735b0240d1a75008a4f521cb4ad18afe49375f32833efd3,9ef054f912e2c9ec826f01ee787a5dd22fb815dfaa5c5356072a1f570fb3b5a5,optimal,False,skipped_unqualified_stage1,False,False,,0.0,0.0,,,,,,,,,,,,,,,,,0.007855753000001187,3.781319756000009,3.621295435999997,0.0019003409999953647,7.410470945000007,7.412371286000003
30,46,,GR-MR,2f4b9fe94184b24802ac01161f99c5d1c8a19425b71d94d4c4b3fcb8a72e5065,a9ec33c420e9c7cb29fa53a0f564eec0c46731cc5e71f26fb13b6d2c369d9f8c,optimal,True,optimal,True,True,0.2554796049999979,1.0,1.0,182920.2871116352,182920.44081809657,0,183.45632883121414,296.4158733504123,0.03307293882801332,0.0,9817.5919948707,0,0,0.15370646136580035,176716.6559076726,6000.0,0.0,0.0,203.78491042398434,0.007855753000001187,0.0,0.3415370029999991,0.002709563000010462,0.3493927560000003,0.35210231900001077
30,47,100,B-ALNS,63e2df8e8973df318d3c0ae2f4c2b93155e43473c9f6e84bfcd260ba2e219299,69a281bffeb6df8fde5e8344172b34da9b4759e45f9e7c540c8922faaef7a6bf,optimal,True,optimal,True,False,0.1768437009999957,1.0,1.0,126570.77715343703,126570.88347729485,0.9977091499767685,226.1305618258986,381.61188939780436,8.480981250613695e-09,0.06666666666666667,6672.866920396326,2,-0.0018086372721931587,0.10632385782082565,120111.60456713388,6000.0,183.98097475379404,0.09199048737689702,275.2059449198084,0.008228916999996727,3.540771652999979,3.957137501999995,0.0034648090000075626,7.50613807199997,7.509602880999978
30,47,100,ESI-ALNS,63e2df8e8973df318d3c0ae2f4c2b93155e43473c9f6e84bfcd260ba2e219299,99cda2392bacbd6d5a78398247dc86a80c06c9db777bc6595e6f31cc66139444,optimal,True,optimal,True,False,0.17114528799999817,1.0,1.0,126570.77715343703,126570.88347729485,0.9977091499767685,226.1305618258986,381.61188939780436,8.480981250613695e-09,0.06666666666666667,6672.866920396326,2,-0.0018086372721931587,0.10632385782082565,120111.60456713388,6000.0,183.98097475379404,0.09199048737689702,275.2059449198084,0.008228916999996727,4.766079142999985,4.035939808000023,0.003438386999988552,8.810247868000005,8.813686254999993
30,47,102,RGA-MR,6308fb4388063ddea1fb64ace0a3d52d05f921e9f2afdc580bd4af8345e36303,b77f45c3839b34b9d9eca3aeda6752f8e2ac620de2287fe584d52386aac0e586,optimal,True,optimal,True,True,0.16581585199999438,1.0,1.0,201006.43807436683,201006.6078279992,0,186.11218357450522,315.40236207878985,0.06027789715886911,0.0,10821.382950834906,0,0,0.16975363236269914,194784.8931150283,6000.0,0.0,0.0,221.71471297089312,0.0,3.6953350320000027,0.3596869909999896,0.002688422999995055,4.055022022999992,4.057710445999987
30,47,,FTR-NM,6933216f51e86bde86b45e914ff00ab1563047a4f13dd6bc85ac5c91d3689adc,40a7458e2aa0d4ae468e5f371c2d33088864ac0a5491f4d8d7ce5c5b00235263,optimal,True,optimal,True,True,0.16614787500000006,1.0,1.0,201159.3752890026,201159.5457546259,0,185.09125873143176,316.19280416201065,0.061524087941620564,0.0,10829.845265818421,0,0,0.17046562329051085,194937.2147847316,6000.0,0.0,0.0,222.33096989430965,0.00864694500000951,0.0,0.3654403370000239,0.002714871999984325,0.3740872820000334,0.3768021540000177
30,47,101,RGA-MR,ef9639da1e8f2b018311a6fcacda48506e700223c4e3b3e94c80be580b688a0e,d88608c63653a294c116e2e7f6b737bf1d3f4b36599becb479874ab71fe55b8c,optimal,True,optimal,True,True,0.16310766099999796,1.0,1.0,199407.55712714203,199407.72589089675,0,182.93694207533392,309.2548989116159,0.061113471712303635,0.0,10732.934223442966,0,0,0.16876375471474603,193192.81602197338,6000.0,0.0,0.0,214.9098689233745,0.0,4.288116187000014,0.368587118999983,0.002793698999994376,4.656703305999997,4.6594970049999915
30,47,102,B-ALNS,17af91add75a9c0a2a1c92da29f39bd2b8e5fcf29c42146bb5a1c33e82b0a8a5,2cb7c76125a94c8646cd01b6b83c81f426d08bddbe259c5fa9e9b427af5d86aa,optimal,True,optimal,True,False,0.167812940999994,1.0,1.0,111010.0248207855,111010.11584400255,0.9459980646462784,201.0160754413713,343.0310565100332,6.042455424903892e-11,0.13333333333333333,5762.86004163166,2,-0.7747437458607569,0.09102321704267524,103731.48074936989,6000.0,805.8738179052463,0.40293690895262313,472.3583398184631,0.008228916999996727,2.6434506690000035,4.037691343999995,0.005693736000011995,6.6893709299999955,6.6950646660000075
30,47,102,ESI-ALNS,17af91add75a9c0a2a1c92da29f39bd2b8e5fcf29c42146bb5a1c33e82b0a8a5,750b4a1cd2a2e04638324c47d5185cbda4a2d5be0208c2364b6e4c66bdf38ebb,optimal,True,optimal,True,False,0.254988400000002,1.0,1.0,111010.0248207855,111010.11584400255,0.9459980646462784,201.0160754413713,343.0310565100332,6.042455424903892e-11,0.13333333333333333,5762.86004163166,2,-0.7747437458607569,0.09102321704267524,103731.48074936989,6000.0,805.8738179052463,0.40293690895262313,472.3583398184631,0.008228916999996727,4.009328163999982,3.9592147440000076,0.0038485620000017207,7.976771824999986,7.980620386999988
30,47,,GR-MR,586d947d80fac8c740563e26c318798149687d3dcaf7d49e470eb0bcac21aa07,b34b83787996eafd2942fdf183efbf621abd16b6de7ff006cfb996de3fbe0b4b,optimal,True,optimal,True,True,0.1634697069999973,1.0,1.0,201159.3752890026,201159.5457546259,0,185.09125873143176,316.19280416201065,0.061524087941620564,0.0,10829.845265818421,0,0,0.17046562329051085,194937.2147847316,6000.0,0.0,0.0,222.33096989430965,0.008228916999996727,0.0,0.4228986020000036,0.002703651000018681,0.43112751900000035,0.43383117000001903
30,47,101,B-ALNS,1f773b784e96ab7fa38b13d5d8185f59b11a4b59699860fc08169fe3f89192ee,e7f25e58c18e442b92ecc642ca95d12248c2ca481282f2d2cce3545aa58bb5c7,optimal,True,optimal,True,False,0.1717643449999997,1.0,1.0,125925.74538774406,125925.85038088413,0.4576018157025999,198.60673989082326,345.50078688189143,2.321030478924513e-09,0.06666666666666667,6631.876008264404,2,-0.4375656155267263,0.10499314007756766,119373.76814875926,6000.0,200.28825673554678,0.1001441283677734,351.6938312609643,0.008228916999996727,2.3506069500000137,0.7991695819999904,0.0034764849999930902,3.158005449000001,3.161481933999994
30,47,101,ESI-ALNS,1f773b784e96ab7fa38b13d5d8185f59b11a4b59699860fc08169fe3f89192ee,1afa2e0e7abed095845c228dd53e9762adcec8df36fb5b41965ae498aa30255e,optimal,True,optimal,True,False,0.26491407099999975,1.0,1.0,125925.74538774406,125925.85038088413,0.4576018157025999,198.60673989082326,345.50078688189143,2.321030478924513e-09,0.06666666666666667,6631.876008264404,2,-0.4375656155267263,0.10499314007756766,119373.76814875926,6000.0,200.28825673554678,0.1001441283677734,351.6938312609643,0.008228916999996727,3.8166417960000274,0.875325853999982,0.0035940140000150222,4.700196567000006,4.703790581000021
30,47,100,RGA-MR,28812f37adbc44c524e34e1d9ddc4c239580f71f6798492f428fdb95ecee3a8c,98cac466923cea3d910bfc180ad4e6a4b37fd5e5dbcce47df8bd02d2f7de5bec,optimal,True,optimal,True,True,0.16658109100000473,1.0,1.0,199412.02271800846,199412.19218718776,0,186.43315397695164,315.51917740509094,0.06372667390888864,0.0,10732.89303769075,0,0,0.16946917929453775,193192.0746784335,6000.0,0.0,0.0,220.1175087542494,0.0,3.317838832999996,0.3549784169999839,0.0026394420000031005,3.67281724999998,3.675456691999983
30,48,101,RGA-MR,49e9761ff34a0f0cd2d8db925cde3a8d2e9654b7d52cfda66dba3d6557f84f80,b61a7361e6b71a844660f19a84edc5df97f516a8ccc6c56e38355b53b32ef5d9,optimal,True,optimal,True,True,0.16568096200000326,1.0,1.0,178433.5271759886,178433.67833855134,0,222.40169539408848,384.1719850572739,0.3247900992304267,0.0,9576.566947428739,0,0,0.15116256274632178,172378.20505371728,6000.0,0.0,0.0,55.473284834063534,0.0,0.9734860159999954,2.3455476360000063,0.00279804899999192,3.3190336520000017,3.3218317009999936
30,48,102,RGA-MR,c723f44ed078620e3b38c3954b85a8aad6cac123c35e7b3e5e71eb5fcfdbdefd,71f81861605250f1194fd2ca161cc36d86377ea29b2eb0047122917402dad7b4,optimal,True,optimal,True,True,0.16599228199999772,1.0,1.0,182989.82858582426,182989.98419652742,0,219.73408151964736,384.0120352510832,0.32928549781183847,0.0,9829.696473778144,0,0,0.1556107031647116,176934.53652800657,6000.0,0.0,0.0,55.44766852084621,0.0,1.0531629190000018,0.3554698510000094,0.002736885000004463,1.4086327700000112,1.4113696550000157
30,48,100,RGA-MR,cb408b127b8a5295bf2c2df4a8d9392af0331494685752e11bff9b7d15663bc7,77a16e303912042c3d991f33e9486245fdf979410ea59752664e45345fbbc67a,optimal,True,optimal,True,True,0.25577458099999717,1.0,1.0,182989.82858582426,182989.98419652742,0,219.73408151964736,384.0120352510832,0.32928549781183847,0.0,9829.696473778144,0,0,0.1556107031647116,176934.53652800657,6000.0,0.0,0.0,55.44766852084621,0.0,1.086837040000006,0.3918375349999934,0.002689867000000845,1.4786745749999994,1.4813644420000003
30,48,,FTR-NM,b18b952ad26ec271d98cc7953df08494823433105c5233f80de5c88ad51a8f02,3e103d026c0dc41aeb6491334be8aaa4cf4494adbffa81a6f1bc59581e192227,optimal,True,optimal,True,True,0.165675671999999,1.0,1.0,182989.82858582426,182989.98419652742,0,219.73408151964736,384.0120352510832,0.32928549781183847,0.0,9829.696473778144,0,0,0.1556107031647116,176934.53652800657,6000.0,0.0,0.0,55.44766852084621,0.00880833700000494,0.0,0.3574402699999979,0.0026826529999937065,0.36624860700000283,0.36893125999999654
30,48,,GR-MR,81bf2dc42bdfafcc277875eda1a61cc507f4e0bc4c4a26443fc2ea4734f7c147,9e5d267b768f7936274cd3150f5ec1addbe7f9bc433bf8a7146e54623086a29d,optimal,True,optimal,True,True,0.16682600900000466,1.0,1.0,182989.82858582426,182989.98419652742,0,219.73408151964736,384.0120352510832,0.32928549781183847,0.0,9829.696473778144,0,0,0.1556107031647116,176934.53652800657,6000.0,0.0,0.0,55.44766852084621,0.008687439999988555,0.0,0.4170824670000002,0.0026805659999951104,0.42576990699998873,0.42845047299998384
30,48,101,B-ALNS,71e4b14d42500af1ac581b4df06eece4fb95513d5087cbb87c151e941da98972,62ee2b4f4849a5e4a88f32ca88792b47c1bd594d89918e45f834aaa95ec9f34a,optimal,True,optimal,True,True,0.260260959,1.0,1.0,96023.49133225187,96023.57151930731,0,194.23707861097898,317.5437444045242,0.02481726732014522,0.0,4980.515857757247,0,0,0.08018705544236582,89649.28543963045,6000.0,0.0,0.0,374.2860796768672,0.008687439999988555,0.8562846699999938,0.3555718159999941,0.0026674319999955287,1.2205439259999764,1.223211357999972
30,48,101,ESI-ALNS,71e4b14d42500af1ac581b4df06eece4fb95513d5087cbb87c151e941da98972,dd4bb6b040af4cfb50541152c72207160aa7e856f23736e709da901eb09571ca,optimal,True,optimal,True,True,0.16406457699999777,1.0,1.0,96023.49133225187,96023.57151930731,0,194.23707861097898,317.5437444045242,0.02481726732014522,0.0,4980.515857757247,0,0,0.08018705544236582,89649.28543963045,6000.0,0.0,0.0,374.2860796768672,0.008687439999988555,2.3759857540000127,0.40199046799999394,0.002837771000002931,2.786663661999995,2.789501432999998
30,48,100,B-ALNS,71e4b14d42500af1ac581b4df06eece4fb95513d5087cbb87c151e941da98972,c35c729645e58b8344bc057086b71d6f006e65fba3716ef5f21ed83066cfed0f,optimal,True,optimal,True,True,0.1647347249999953,1.0,1.0,96023.49133225187,96023.57151930731,0,194.23707861097898,317.5437444045242,0.02481726732014522,0.0,4980.515857757247,0,0,0.08018705544236582,89649.28543963045,6000.0,0.0,0.0,374.2860796768672,0.008687439999988555,0.8253100820000014,0.3564959649999935,0.0027301189999917597,1.1904934869999835,1.1932236059999752
30,48,100,ESI-ALNS,71e4b14d42500af1ac581b4df06eece4fb95513d5087cbb87c151e941da98972,1cb4133c33082b0faaeff8baec070ffa1e4a24ddc5fa8c5c059a4c2e3e36fd50,optimal,True,optimal,True,True,0.16464000500000253,1.0,1.0,96023.49133225187,96023.57151930731,0,194.23707861097898,317.5437444045242,0.02481726732014522,0.0,4980.515857757247,0,0,0.08018705544236582,89649.28543963045,6000.0,0.0,0.0,374.2860796768672,0.008687439999988555,2.304756648999998,0.401336122999993,0.0027073570000055724,2.7147802119999795,2.717487568999985
30,48,102,B-ALNS,22cb98d49076f101825daa607c77cd50716a16724c9e0e63e418b9c0118fbc73,efe60558ee60ca229588ccc7ba3da8c073eda7236f4ac691687c3a14d2eded3a,optimal,True,optimal,True,True,0.1705708780000066,1.0,1.0,106015.20184313045,106015.29041256187,0,189.09360598325813,318.48009834790855,0.02580573314588719,0.0,5537.395189743066,0,0,0.08856943142018281,99673.1134153752,6000.0,0.0,0.0,342.1769971866578,0.008687439999988555,1.16841776199999,0.3569329799999963,0.002752500999989138,1.5340381819999749,1.536790682999964
30,48,102,ESI-ALNS,8d746acc0c9b89ba20062c04d32235b4f2e8d61f5954d419cd5f9e58970cab03,e5ce9802fc7b3a3d2db66d191f2d917964861119cbbf86afd15da23d0b93769a,optimal,True,optimal,True,False,0.170164788000001,1.0,1.0,96761.43928444338,96761.51994515576,0.17469989570360792,189.24724574606984,318.48362994457796,1.1067868399550207e-08,0.03333333333333333,5018.399740855652,1,-0.6017094623018229,0.08066071238135919,90331.19533540175,6000.0,88.1953796313495,0.044097689815674745,342.0851324328414,0.008687439999988555,3.878229129999994,4.136762758000003,0.003308982000007177,8.023679327999986,8.026988309999993
30,49,102,B-ALNS,11f1e8b42ad941dda960b6d8e3b376811fcc82b1c5b1c0088868ec6bbb9f1868,bcbda91286415a55877c78da32e92329316ab915d474269f6dfdfe3e9c204e2f,optimal,True,optimal,True,True,0.16645172800000552,1.0,1.0,124481.03871882957,124481.14643378984,0,196.6182733606128,351.73181493969884,0.024734913144470738,0.0,6557.269074788257,0,0,0.10771496026427485,118030.84334618863,6000.0,0.0,0.0,450.30308760120926,0.004232547999997394,0.929162612999999,0.17054969299999811,0.0015412280000006717,1.1039448539999945,1.1054860819999952
30,49,102,ESI-ALNS,d995cc1b978414219a7b04d736dd57f0c393917403b0baf1e5f63651218b2319,b92a29d0615a123a13d892620ad118e76b4a38527e29cf63785d63853787ce18,optimal,True,optimal,True,True,0.2526981279999987,1.0,1.0,124433.24239541525,124433.34755822003,0.5980254431201597,209.97633997968094,366.5388931233387,1.440412233932875e-10,0.03333333333333333,6557.269074788257,1,-0.3031492810623382,0.1051628047862323,118030.84334618863,6000.0,73.28488302427724,0.03664244151213862,329.1826865656069,0.004232547999997394,3.459554883999999,0.17321334199999683,0.001692924999993295,3.6370007739999934,3.6386936989999867
30,49,100,RGA-MR,b74b2272f2ba049324b2a7950b36474a9acc9f1fe28805ac9b1f62b7db759553,17f40eaebb6da81b75031552af7002d5c5a521a67ea1596486b3a7af45940dc8,optimal,True,optimal,True,True,0.16475908600000366,1.0,1.0,180417.77037959045,180417.9224488116,0,199.48608499962592,356.6747391960448,0.06021356342398576,0.0,9678.760852062996,0,0,0.15206922113429755,174217.69533713395,6000.0,0.0,0.0,200.22711167765976,0.0,0.9704851179999991,0.2385757739999974,0.0015314830000008328,1.2090608919999966,1.2105923749999974
30,49,100,B-ALNS,948428d9e69cfc33fca5466246694aef3c662dc1acb00749d176d4985609c74b,740a07e2dd6bec903fbbd78dff51a9ce577f0be551530da1d757f2847ca54bdd,optimal,True,optimal,True,True,0.17054738100000577,1.0,1.0,111598.95576931082,111599.0496131689,0.8378531053930134,211.5359980073233,349.2918638925239,-1.049897946359124e-10,0.06666666666666667,5834.073233256503,2,-0.12512413517398535,0.09384385807788931,105013.31819861705,6000.0,182.14963106659746,0.09107481553329874,403.49070866972426,0.004232547999997394,1.4711254740000044,0.1803359830000062,0.0018663950000004093,1.655694005000008,1.6575604000000084
30,49,100,ESI-ALNS,948428d9e69cfc33fca5466246694aef3c662dc1acb00749d176d4985609c74b,679baa0c9ae2b469492bb8a13443780f247411b1083cb9d5f336eb41794cdd60,optimal,True,optimal,True,True,0.2627454699999987,1.0,1.0,111598.95576931082,111599.0496131689,0.8378531053930134,211.5359980073233,349.2918638925239,-1.049897946359124e-10,0.06666666666666667,5834.073233256503,2,-0.12512413517398535,0.09384385807788931,105013.31819861705,6000.0,182.14963106659746,0.09107481553329874,403.49070866972426,0.004232547999997394,2.1465574579999966,0.18492324300000007,0.0018353090000005068,2.335713248999994,2.3375485579999946
30,49,102,RGA-MR,6ce4245557f5ec3c41f6209e611bce2b41d66179a0d9e39c821b299cf69f1bf8,e67e47df03cb042a7196be46bfb07b01ad148a89d280d8ffbe324ddd59ceb336,optimal,True,optimal,True,True,0.16203522300000373,1.0,1.0,169397.5150289336,169397.65658820907,0,204.04298942574354,356.7819715818789,0.048330542770941065,0.0,9066.97939248487,0,0,0.14155927547835745,163205.62906472763,6000.0,0.0,0.0,192.0275234814187,0.0,0.9261003769999974,0.17913082900000177,0.001664282000000128,1.1052312059999991,1.1068954879999993
30,49,,GR-MR,ae79b5b1968f9274debd09026ac6f8279b16e2b35470417e5f9300edb82c1886,a7680cdb924bad217a14d0093ae7f6ca47194f4a5550c1c57387b0713cff72a7,optimal,True,optimal,True,True,0.16476912900000684,1.0,1.0,181734.4042374285,181734.55779865134,0,199.45982770060897,356.6592751963411,0.06065359310639451,0.0,9751.747193035073,0,0,0.15356122283264995,175531.4494746313,6000.0,0.0,0.0,203.10832402002575,0.004232547999997394,0.0,0.1809976440000014,0.0014799359999955186,0.1852301919999988,0.1867101279999943
30,49,101,B-ALNS,c081a007233a73aab7ccd385ed8df6f9d0149d15947a4e9c50df4861c7e35f7c,076e28ba96b2e9a49cc744a67dbdeef3cb258dc931cadf1369ef3f6fa4fd3f6f,optimal,True,optimal,True,True,0.17252715300000432,1.0,1.0,135665.9310341136,135666.04394696365,0.16574531701255335,201.34180959845315,344.4071282835761,-1.0646772352629341e-10,0.03333333333333333,7174.481998396892,1,-0.6068490752491633,0.11291285004699603,129140.67597114404,6000.0,167.7938517079565,0.08389692585397825,357.4902271858079,0.004232547999997394,1.1108171910000024,0.2118919490000053,0.0017646229999996876,1.3269416880000051,1.3287063110000048
30,49,101,ESI-ALNS,e8c19150507684494c819dcf8f8c6f2a8b6fc935fd0b069bfe01052f9774429c,2e7175c9f84156290d1576522f97fd2469f57a14b2cb2371180367e8681c4b6e,optimal,True,optimal,True,False,0.17470753499999603,1.0,1.0,135521.45084794582,135521.56361807947,0.10405406652732438,204.5891100923094,357.1374070454008,5.157045279702288e-08,0.03333333333333333,7171.673928653204,1,-0.642568330738079,0.112770133651793,129090.13071575767,6000.0,107.2494839352183,0.05362474196760915,324.1297936446145,0.004232547999997394,2.4178114750000006,2.415071336000004,0.0019482370000005744,4.837115359000002,4.839063596000003
30,49,101,RGA-MR,28f6a182663667e56d5a427c3e14fc8452621de185045ac68e65f9c781fffb8a,763088ac5d75aa7eb73589ce5ada4913ff9530e167f0014febadab13b0a37584,optimal,True,optimal,True,True,0.17075294500000382,1.0,1.0,177000.28719209647,177000.43830570337,0,210.76875374369217,356.7473328489362,0.06676040392812865,0.0,9490.9521608827,0,0,0.1511136069020722,170837.1388958886,6000.0,0.0,0.0,163.29940981477526,0.0,1.0332846000000018,0.21022836800000277,0.0014247840000010115,1.2435129680000045,1.2449377520000056
30,49,,FTR-NM,b4f777d335891848654ec1cb136a20a4fed3d86307a6f60430d3a88d7207034f,df0b6d75388e2f83c5c9b299488262c3d3d1ec3c07b3789f54fb4f930299589a,optimal,True,optimal,True,True,0.18477062400000932,1.0,1.0,181734.4042374285,181734.55779865134,0,199.45982770060897,356.6592751963411,0.06065359310639451,0.0,9751.747193035073,0,0,0.15356122283264995,175531.4494746313,6000.0,0.0,0.0,203.10832402002575,0.004388091999999233,0.0,0.1778582960000037,0.0014785839999973405,0.18224638800000292,0.18372497200000026
30,50,,FTR-NM,f83899ecb642bbecdde18e850cc72776a9e43f8211a2f7897143207492db69a8,7c58689456c8ca5a4e2ffe4ea5adec9495c3ce46a1e879944c68bcfacfca4af5,optimal,True,optimal,True,True,0.2669573519999915,1.0,1.0,183916.39405024247,183916.54780041304,0,210.67761145164852,362.7121673914975,0.04627677051064438,0.0,9875.107305353735,0,0,0.153750170575222,177751.93149636724,6000.0,0.0,0.0,164.61630404582678,0.009300012999993612,0.0,2.4054207259999956,0.0029715140000021734,2.414720738999989,2.4176922529999914
30,50,101,RGA-MR,07fa8aa7600ebf0568668c84b2a32a9cd7c6bec9adfc040e2844bd57b33f6320,d3a623d3469d55103e5079461efc671a1224b1c47848443bf4896e2faf91de01,optimal,True,optimal,True,True,0.16739875500000778,1.0,1.0,183916.39405024247,183916.54780041304,0,210.67761145164852,362.7121673914975,0.04627677051064438,0.0,9875.107305353735,0,0,0.153750170575222,177751.93149636724,6000.0,0.0,0.0,164.61630404582678,0.0,2.557682702000001,0.3610711959999975,0.002730866000000276,2.9187538979999985,2.921484763999999
30,50,100,RGA-MR,9884d3fa4a5b7e58f3aaf57c1ee0e912e2a68d7a9941c1f5d61199127cb22953,d365846aeb759525708a5a5172b3792d281fb4a5226963d25d4fad89874fca4f,optimal,True,optimal,True,True,0.16596394199999054,1.0,1.0,183916.39405024247,183916.54780041304,0,210.67761145164852,362.7121673914975,0.04627677051064438,0.0,9875.107305353735,0,0,0.153750170575222,177751.93149636724,6000.0,0.0,0.0,164.61630404582678,0.0,2.5377388289999985,0.4491267599999986,0.00296325800000119,2.986865588999997,2.9898288469999983
30,50,101,B-ALNS,5967b4ed897944073be6a4829c755c686c79f466c72ecaf83192b8a322c42724,7d4ffffff4753f43d9f169c4e12867ba6c7121c02a6d88b39006aee52d4e8876,optimal,True,optimal,True,True,0.27840378200001226,1.0,1.0,102529.58356018102,102529.66834553529,1.111654125161,215.56070950688132,348.6731209350359,-7.906919563538395e-11,0.13333333333333333,5314.060576395315,3,-0.6523406734918975,0.08478535426547751,95653.09037511567,6000.0,397.69270197949595,0.19884635098974798,478.68642208912587,0.009275907999992228,2.9739977369999977,1.5777164940000006,0.0038053839999960815,4.5609901389999905,4.564795522999987
30,50,101,ESI-ALNS,ea0f4e68bf2ccd3184176b8eaf61b52b3fe9440258691ca3ae54af9992a3e5ef,b06223f66a85d0d4fbc33572def55d368a19f4ca433b4edfc84667760727d6dd,optimal,True,optimal,True,True,0.171847458000002,1.0,1.0,102156.00769112004,102156.09202476434,1.1000480666304762,214.73095753524257,348.67402550586644,-3.546460902725812e-10,0.1,5298.023218005839,2,-0.6553872073649252,0.08433364429220092,95364.41792410513,6000.0,283.3380989922312,0.1416690494961156,508.19433261748185,0.009275907999992228,5.544923032,0.3905375329999998,0.003777992999999924,5.944736472999992,5.948514465999992
30,50,,GR-MR,d53001045734e81ce1660177e1f55d1a1c214f4b9caf6efeffdffba28d63ef93,fa8278561ee98b5d07be7efd17f12eafc2367558665b29122220f356beebfc26,optimal,True,optimal,True,True,0.1676896280000051,1.0,1.0,183916.39405024247,183916.54780041304,0,210.67761145164852,362.7121673914975,0.04627677051064438,0.0,9875.107305353735,0,0,0.153750170575222,177751.93149636724,6000.0,0.0,0.0,164.61630404582678,0.009275907999992228,0.0,0.4220179629999947,0.002865605000003768,0.43129387099998695,0.4341594759999907
30,50,102,B-ALNS,b3893904a25a3e3fdd05195119fe4efd0163327e71feef6d44b77cefe268cc76,ad472fe9cb2f3b87db325eef626632ca40d3d47d7bb45c56853fc989b497d777,optimal,True,optimal,True,True,0.16589720800000407,1.0,1.0,130804.67364909654,130804.78196154431,0.7225448755237227,216.10632938895898,342.41498754806906,5.676383807440288e-10,0.13333333333333333,6883.646405880713,2,-0.9690717434981975,0.1083124477736419,123905.63530585285,6000.0,540.0553454651492,0.27002767273257466,358.82128255357486,0.009275907999992228,3.0326851230000003,0.3708599039999996,0.0037612229999979263,3.412820934999992,3.41658215799999
30,50,102,ESI-ALNS,b3893904a25a3e3fdd05195119fe4efd0163327e71feef6d44b77cefe268cc76,1a8ba9ba6ad306e6674feb2fabdb084ccf00e8bb64ad9e27e902c2e59917537a,optimal,True,optimal,True,True,0.25078722100001016,1.0,1.0,130804.67364909654,130804.78196154431,0.7225448755237227,216.10632938895898,342.41498754806906,5.676383807440288e-10,0.13333333333333333,6883.646405880713,2,-0.9690717434981975,0.1083124477736419,123905.63530585285,6000.0,540.0553454651492,0.27002767273257466,358.82128255357486,0.009275907999992228,4.417950056999999,0.37797350800000373,0.003700823999999159,4.805199472999995,4.808900296999994
30,50,100,B-ALNS,f6b9d8e892267dafd8d8708d0bac78465d2f36965b9c4b1a573cedaa5b83e422,23eb55bb21d3e3d6371e6a5cf8d8a1dba62e87766426f954cc0489794997d116,optimal,True,optimal,True,False,0.1608862120000083,1.0,1.0,105366.94727974458,105367.03546884037,1.0019569547545346,208.56751746675047,302.27291259659205,-1.1503971109050326e-09,0.23333333333333334,5447.177335674589,3,-0.808650515749626,0.08818909579713363,98049.1920421426,6000.0,926.4136416194892,0.4632068208097446,390.9665782574746,0.009275907999992228,3.992841006000006,3.6944450370000084,0.003549003999992806,7.696561951000007,7.7001109549999995
30,50,100,ESI-ALNS,f6b9d8e892267dafd8d8708d0bac78465d2f36965b9c4b1a573cedaa5b83e422,712852a015d7dc061b9f9d85c6679dd276ea5300d8d98f6d9e2cebb02756a428,optimal,True,optimal,True,False,0.16249139299999626,1.0,1.0,105366.94727974458,105367.03546884037,1.0019569547545346,208.56751746675047,302.27291259659205,-1.1503971109050326e-09,0.23333333333333334,5447.177335674589,3,-0.808650515749626,0.08818909579713363,98049.1920421426,6000.0,926.4136416194892,0.4632068208097446,390.9665782574746,0.009275907999992228,5.282982829999995,3.786852723999999,0.003944822999997655,9.079111461999986,9.083056284999984
30,50,102,RGA-MR,b5588b138354fdd7108ea46f1a73008b222469b32215965b2e944ee138bdc2d6,cdcd247ff0d6677f6b4872a7a8c4287989cc980cbfd90644a786a84d7d470195,optimal,True,optimal,True,True,0.2548240400000026,1.0,1.0,183916.39405024247,183916.54780041304,0,210.67761145164852,362.7121673914975,0.04627677051064438,0.0,9875.107305353735,0,0,0.153750170575222,177751.93149636724,6000.0,0.0,0.0,164.61630404582678,0.0,2.3861955980000005,0.3645927950000072,0.002721299000000954,2.7507883930000077,2.7535096920000086
30,51,101,RGA-MR,2a34a027a0570462d2d599bebc6e555e8c0ddae14356627f88a5cc3b74d986e9,d839a6c2066b7f9b8533e9b332e2b45990e6ad2b8630133ae57b1c6c3d28ae12,optimal,True,optimal,True,True,0.16492441500000155,1.0,1.0,206069.50210363683,206069.67523596997,0,200.18058825948287,306.0510285914539,0.04041528225764068,0.0,11099.564064471906,0,0,0.17313233314780518,199792.1531604943,6000.0,0.0,0.0,277.52207547566707,0.0,3.582547194,2.394790368999999,0.0029199809999980175,5.977337562999999,5.980257543999997
30,51,101,B-ALNS,fbdfb97abbbec62c61be1c41a78a1a7f59ab8befbc48c9520b0e6efbea53f590,fa749a102a2448c188af8fec5df2bf6c0cb17cfd77a1a96ba8c980ae0fa18e11,optimal,True,optimal,True,True,0.16952346899999782,1.0,1.0,134880.37729097554,134880.48918907173,0.12751913934911238,217.80391989944496,369.2382811402788,4.187597824056866e-09,0.03333333333333333,7139.148693173982,1,-0.6317074343972805,0.11189809619099833,128504.67647713167,6000.0,52.60913485383919,0.026304567426919598,323.1772725187813,0.009200225999997258,2.244541816999998,0.3709013900000002,0.003185307000002524,2.6246434329999957,2.627828739999998
30,51,101,ESI-ALNS,fbdfb97abbbec62c61be1c41a78a1a7f59ab8befbc48c9520b0e6efbea53f590,7dad21df20c000fe9110761f4a49abd520f9827f7755a83d0e6cfadb51347db8,optimal,True,optimal,True,True,0.2640434099999993,1.0,1.0,134880.37729097554,134880.48918907173,0.12751913934911238,217.80391989944496,369.2382811402788,4.187597824056866e-09,0.03333333333333333,7139.148693173982,1,-0.6317074343972805,0.11189809619099833,128504.67647713167,6000.0,52.60913485383919,0.026304567426919598,323.1772725187813,0.009200225999997258,3.6593094389999976,0.4287076809999988,0.003261209999998016,4.097217345999994,4.100478555999992
30,51,100,B-ALNS,af1dea4fe2647584dbe01271f5ddc465af9f0ab826eb7fd3aaec9b7bcf685763,95234d4d0e4f8a9f906470faadc0c25fd727ac54ba11b6dfb01d3c7f4803078a,optimal,True,optimal,True,True,0.17022575299999687,1.0,1.0,128625.06208532376,128625.16744428668,0.058387818248962844,226.89859917022295,366.5410488474758,6.580046374438098e-08,0.03333333333333333,6781.992603200728,1,-0.6760753653574116,0.10535896291548852,122075.8668576131,6000.0,52.60915359294154,0.02630457679647077,496.6651285038474,0.009200225999997258,2.2712512220000036,0.41950778000000355,0.0033219590000044263,2.6999592280000044,2.703281187000009
30,51,100,ESI-ALNS,af1dea4fe2647584dbe01271f5ddc465af9f0ab826eb7fd3aaec9b7bcf685763,88d9195bc268b54a474bd5c70ff83bb4a6c7d6e13ff4d7847e2ff618af58f1aa,optimal,True,optimal,True,True,0.1694039080000067,1.0,1.0,128625.06208532376,128625.16744428668,0.058387818248962844,226.89859917022295,366.5410488474758,6.580046374438098e-08,0.03333333333333333,6781.992603200728,1,-0.6760753653574116,0.10535896291548852,122075.8668576131,6000.0,52.60915359294154,0.02630457679647077,496.6651285038474,0.009200225999997258,3.966250760000001,0.3755520850000025,0.0033974800000038385,4.351003071000001,4.354400551000005
30,51,102,RGA-MR,ca4cb5f72d2b79179778bcb282ce80b8471e4c4a965d46f0f912a174738ed853,0d8447b1d1c70730fde4a7360c63ff0060118f690048ac8f3f967d03e63f7bf8,optimal,True,optimal,True,True,0.1645761189999888,1.0,1.0,202128.17528974966,202128.34519704728,0,205.6386234661584,320.8792040006039,0.03954448344222783,0.0,10880.668445764204,0,0,0.16990729761891998,195852.03202375566,6000.0,0.0,0.0,276.31317329160976,0.0,2.849209277,0.4237113889999975,0.002770105000003298,3.2729206659999974,3.2756907710000007
30,51,102,B-ALNS,48b2519bc3589a9e496b68a8e219497d3236c4042b502e07369d0ce3e5e3a412,e9738b4297e94f5ade996b63b7fe51618d16edcbe02d28da34f8b898e5db5512,optimal,True,optimal,True,False,0.2584382120000015,1.0,1.0,125599.60629778547,125599.71158869845,0.7376057087182746,246.15583945859495,389.85650174724395,8.69306404638337e-10,0.1,6598.562969343161,2,-0.20367954779354158,0.10529091297939885,118774.1334481769,6000.0,475.6455025747689,0.23782275128738448,349.69481519550243,0.009200225999997258,3.9905084299999984,1.267560592999999,0.003842912999999726,5.267269248999995,5.271112161999994
30,51,102,ESI-ALNS,48b2519bc3589a9e496b68a8e219497d3236c4042b502e07369d0ce3e5e3a412,42f159f99a53a8a90862d25d947cba1da0ae72a14791143082405ca7837892c2,optimal,True,optimal,True,False,0.17586429000000692,1.0,1.0,125599.60629778547,125599.71158869845,0.7376057087182746,246.15583945859495,389.85650174724395,8.69306404638337e-10,0.1,6598.562969343161,2,-0.20367954779354158,0.10529091297939885,118774.1334481769,6000.0,475.6455025747689,0.23782275128738448,349.69481519550243,0.009200225999997258,5.493318115000001,1.2365679989999876,0.003317381999991653,6.739086339999986,6.7424037219999775
30,51,,GR-MR,414a66364b2fade1c994d7693b3392c7ad75ba8d4f0c2528a10de3c1579ef15f,0fd090296c36d4ceef702f97ee62548e6a3ff17c9594c9107fe83708a69bb100,optimal,True,optimal,True,True,0.17890352000000576,1.0,1.0,206069.50210363683,206069.67523596997,0,200.18058825948287,306.0510285914539,0.04041528225764068,0.0,11099.564064471906,0,0,0.17313233314780518,199792.1531604943,6000.0,0.0,0.0,277.52207547566707,0.009200225999997258,0.0,0.4267232440000015,0.0027951980000011645,0.43592346999999876,0.4387186679999999
30,51,,FTR-NM,4d2b556eab08be4551d9ee332baa5b89b0c08e4b3cc72f77ae7c2713850d618f,7fa71dcd0103ae593886bc71f87cc545a1d96070005c37a33e5b8f4f4d540236,optimal,True,optimal,True,True,0.2648971979999999,1.0,1.0,206069.50210363683,206069.67523596997,0,200.18058825948287,306.0510285914539,0.04041528225764068,0.0,11099.564064471906,0,0,0.17313233314780518,199792.1531604943,6000.0,0.0,0.0,277.52207547566707,0.009360589000003472,0.0,0.3665179380000012,0.002778767999998877,0.3758785270000047,0.37865729500000356
30,51,100,RGA-MR,2f634259f319681a0926bb57d9a865700a5eadcc7323b22e3e10ffb47d36719c,3010589da1d0e3de9f3745dac8486e438a53724f36b1053659b3c4e249bdf57a,optimal,True,optimal,True,True,0.1642711199999951,1.0,1.0,206069.50210363683,206069.67523596997,0,200.18058825948287,306.0510285914539,0.04041528225764068,0.0,11099.564064471906,0,0,0.17313233314780518,199792.1531604943,6000.0,0.0,0.0,277.52207547566707,0.0,3.24652172399999,0.41177875400001085,0.002710045000000605,3.658300478000001,3.6610105230000016
30,52,,FTR-NM,269f86ca3538d1a5350bd7418cca7f686a27bfd414b6f244170ed84cd9111c73,6f6b68776ff03c780efc07faca7637121a180b248e656deef015d29865fc3c06,optimal,True,optimal,True,True,0.1635150440000075,1.0,1.0,213199.02158012264,213199.2007267701,0,195.00423488462494,311.17376329992084,0.08625168120903481,0.0,11501.544117658425,0,0,0.1791466474533081,207027.79411785165,6000.0,0.0,0.0,171.4066089184823,0.007974302999997462,0.0,2.3609323670000038,0.002674753000007968,2.368906670000001,2.371581423000009
30,52,102,RGA-MR,6f28ec1701c3ba656936ec323e1d94b0c8f32753cec3eef422277667daee8d68,89ef9586dcac10fefcfc552fd0ac5b7e5ebc69e50585bdfe8e501c9106c8ff14,optimal,True,optimal,True,True,0.26188197000000457,1.0,1.0,208523.6009984255,208523.77581201473,0,201.0065776822429,321.02063002090875,0.06682307461511527,0.0,11242.5681787986,0,0,0.17481358922668733,202366.22721837478,6000.0,0.0,0.0,157.54859363995405,0.0,3.4381433029999755,0.3108825500000023,0.0025380869999764855,3.749025852999978,3.7515639399999543
30,52,101,B-ALNS,ff9cb71d984d21a901c6b56b4e64b301f98a43ea2781cb5f7072e01f17c1c37e,4ab0a7db681ea24150adf4a33685e48821fd6d0310d1aa963a8e9d75ecf421ab,optimal,True,optimal,True,False,0.17308312600000875,1.0,1.0,109087.09887956997,109087.1923182821,0.8734332962602742,202.8193225640517,337.13760679429805,1.2181544661871158e-10,0.13333333333333333,5670.384859350333,3,-0.8404546691365582,0.0934387121378677,102066.92746830598,6000.0,658.6623654445857,0.32933118272229284,361.2731533488152,0.007911287999974093,2.071240732000007,1.1052077969999914,0.0035404079999921123,3.1843598169999723,3.1879002249999644
30,52,101,ESI-ALNS,022e0b21504ac3513c34c2c35ba68d7dfbc1f4cd049866030f73e13887c225f2,c1910c6f0d0460ed591a4f55687caf85c9596a895aed63ab04dc1d1cc7c34d85,optimal,True,optimal,True,False,0.17677501300001097,1.0,1.0,108951.25202199604,108951.34394671256,0.39612311783137333,201.8894049233516,336.54461665840284,-2.4499513529008254e-11,0.1,5670.384859350333,3,-1.1930532379122085,0.09192471651476808,102066.92746830598,6000.0,468.9647296596128,0.23448236482980644,415.2172663821382,0.007911287999974093,4.432852780000019,1.7386097419999942,0.003450983000021779,6.179373809999987,6.182824793000009
30,52,100,RGA-MR,2d42fb6a03830a3f6267cd1e6f67193cef9ef5396d5c956cccbf4d67927d040a,ab885f7c26a2a8c6e829ac1be94ccad766531d3c31a48a6d3ecf1817473e096a,optimal,True,optimal,True,True,0.16795236699999805,1.0,1.0,210483.10053568872,210483.27791099477,0,196.57673722382137,316.5889944938866,0.06060871766044329,0.0,11349.603296590323,0,0,0.1773753060551826,204292.8593386258,6000.0,0.0,0.0,190.41857236896337,0.0,3.7018340350000187,0.3550706620000028,0.0025862290000020494,4.0569046970000215,4.059490926000024
30,52,101,RGA-MR,ebeef9caf5642a3bdaeb7cb59427ab376aa8ce1f12125cb251ab5402dd57be45,ef0d80fda4b4825553fd537c784af0223e4dcfff8ae1ff03b52d0ed6f217ee2c,optimal,True,optimal,True,True,0.25992070399999534,1.0,1.0,213199.02158012264,213199.2007267701,0,195.00423488462494,311.17376329992084,0.08625168120903481,0.0,11501.544117658425,0,0,0.1791466474533081,207027.79411785165,6000.0,0.0,0.0,171.4066089184823,0.0,4.507602814999984,0.3080965350000042,0.002596525000001293,4.8156993499999885,4.81829587499999
30,52,,GR-MR,e4ddfe7e262e2be2b3f726bff617e55a2dd0d3c8f6f8a29002e29b6c1b9edab4,18866822217301e73919aa2246217779f56c0f65a9e25b2f2c8b8618948f7110,optimal,True,optimal,True,True,0.16686168500000065,1.0,1.0,213199.02158012264,213199.2007267701,0,195.00423488462494,311.17376329992084,0.08625168120903481,0.0,11501.544117658425,0,0,0.1791466474533081,207027.79411785165,6000.0,0.0,0.0,171.4066089184823,0.007911287999974093,0.0,0.37192470700000513,0.0025738599999840517,0.3798359949999792,0.3824098549999633
30,52,102,B-ALNS,ad32cdaf8cb9860808742e15ac6c7b541ed24085c49c95a6c54393c80e8e1b5e,c95f678b65553b7d2d57ea164df96a82eb11c8f0d1c6696742d2a1b8d8930a84,optimal,True,optimal,True,True,0.17528458099999966,1.0,1.0,108728.04897563165,108728.13964798558,0.2683009209716628,204.22700298763115,337.7281433249635,4.468233782972675e-09,0.06666666666666667,5665.028654217054,2,-1.2498801622363231,0.09067235392285511,101970.51577590697,6000.0,256.2170832160572,0.1281085416080286,501.2786803209391,0.007911287999974093,1.994195177999984,0.32065520599999786,0.0032925239999883615,2.322761671999956,2.3260541959999443
30,52,102,ESI-ALNS,ad32cdaf8cb9860808742e15ac6c7b541ed24085c49c95a6c54393c80e8e1b5e,c162a5febf1e779eb140e684d868e1547551f160ca7d60623da71cef9b9472f0,optimal,True,optimal,True,True,0.27079088000000695,1.0,1.0,108728.04897563165,108728.13964798558,0.2683009209716628,204.22700298763115,337.7281433249635,4.468233782972675e-09,0.06666666666666667,5665.028654217054,2,-1.2498801622363231,0.09067235392285511,101970.51577590697,6000.0,256.2170832160572,0.1281085416080286,501.2786803209391,0.007911287999974093,3.2349007450000045,0.38354343900002164,0.0033952880000072128,3.626355472,3.6297507600000074
30,52,100,B-ALNS,6aa57452e8ac6e093ed2f9f0e9b3e6db133118dcc1fca86ce49f76256969c86a,40b16db70f6dd47755e05395c65dcb57db5704e6326a95adf8884182edf68e6a,optimal,True,optimal,True,True,0.17457163299999934,1.0,1.0,138321.92218405788,138322.0391569267,0.508227067631782,211.5327359326224,324.04689193164535,4.3496584112290293e-10,0.06666666666666667,7312.070933587783,2,-0.38000002082147544,0.11697286882554181,131617.2768045801,6000.0,309.35681024157697,0.1546784051207885,395.2508636999037,0.007911287999974093,2.6772447410000098,0.395754079999989,0.0032971759999895767,3.080910108999973,3.0842072849999624
30,52,100,ESI-ALNS,6aa57452e8ac6e093ed2f9f0e9b3e6db133118dcc1fca86ce49f76256969c86a,eb536e9fc38cb6faca468b80325c7e27aefb45a6a48ff88dfe90768fb665d49e,optimal,True,optimal,True,True,0.1727116239999873,1.0,1.0,138321.92218405788,138322.0391569267,0.508227067631782,211.5327359326224,324.04689193164535,4.3496584112290293e-10,0.06666666666666667,7312.070933587783,2,-0.38000002082147544,0.11697286882554181,131617.2768045801,6000.0,309.35681024157697,0.1546784051207885,395.2508636999037,0.007911287999974093,4.137333165999991,0.3280940069999758,0.0032726399999774003,4.4733384609999405,4.476611100999918
40,45,,GR-MR,b9b4c329e48557e8330a182b373be3a2f9fba2f88ca17a5a497cbd7e137bc349,1cb2b6d7cef44a8a1feb05a25294f0b6d10d88f85bf943bdb96ab013e41b7fdf,optimal,True,optimal,True,True,0.36073481000000385,1.0,1.0,232562.6169056647,232562.8127960847,0,197.677837481822,332.52821939409614,0.03796057443742029,0.0,12456.863371723548,0,0,0.19589042000006884,224223.54069102387,8000.0,0.0,0.0,339.27210506084293,0.021562549000009312,0.0,2.5324500059999906,0.003616230000005771,2.554012555,2.5576287850000057
40,45,102,RGA-MR,1f9a6768f6ea7ed473f97d7053540e51ad0263fc5b6deb7baf7084677f02069f,de85a000ac3ca81ce928cc870697559a2a1611e2004f908dd229c94f0eab6a48,optimal,True,optimal,True,True,0.3326556399999987,1.0,1.0,232562.6169056647,232562.8127960847,0,197.677837481822,332.52821939409614,0.03796057443742029,0.0,12456.863371723548,0,0,0.19589042000006884,224223.54069102387,8000.0,0.0,0.0,339.27210506084293,0.0,8.758573854999995,0.5815025250000048,0.0034911639999961608,9.34007638,9.343567543999995
40,45,100,B-ALNS,1f7dcfa4869580925c83880e10dc493bba71cbdbf434ec6886cb4a130f1ebf8a,a46e5d8e5a28dc1f8a7f227b45119bb002f4cd1383040123d42944b5304cacb1,optimal,True,optimal,True,False,0.7585743949999966,1.0,1.0,134507.64392523965,134507.75748533185,0.6235574708696507,194.2279446378502,318.36952545870764,-2.4041628421400674e-07,0.125,6962.89636104185,2,-1.0343950600289804,0.11356009219889529,125332.1344987533,8000.0,700.9027124658004,0.3504513562329002,474.3698227564995,0.021562549000009312,5.273446840999995,1.615431541999996,0.004977404000001684,6.910440932,6.915418336000002
40,45,100,ESI-ALNS,1f7dcfa4869580925c83880e10dc493bba71cbdbf434ec6886cb4a130f1ebf8a,7fff88f7f51c963b7ade2312f6f441415be78618cfce6f3dfa27d2317caab399,optimal,True,optimal,True,False,0.7778707330000003,1.0,1.0,134507.64392523965,134507.75748533185,0.6235574708696507,194.2279446378502,318.36952545870764,-2.4041628421400674e-07,0.125,6962.89636104185,2,-1.0343950600289804,0.11356009219889529,125332.1344987533,8000.0,700.9027124658004,0.3504513562329002,474.3698227564995,0.021562549000009312,7.099206765000005,1.6448104370000038,0.004687220999997521,8.765579751000018,8.770266972000016
40,45,101,RGA-MR,f0cb9e695f2d9c5b64dfc7de11f689cc9b582aed034016ca4c2c88f7416d588a,96d95429d89f0daedd385c9ea2abe46f05984ae4724bb3dbfd57c1b66197ff84,optimal,True,optimal,True,True,0.33677026699999857,1.0,1.0,232039.3823452171,232039.5780027612,0,197.3084111393053,332.5285120460682,0.04129435227542899,0.0,12428.191458493322,0,0,0.1956575440999586,223707.4462528798,8000.0,0.0,0.0,332.13174988140526,0.0,7.402935649,0.47604503299999124,0.0035501269999826945,7.878980681999991,7.882530808999974
40,45,101,B-ALNS,76bc6dd258195f524388799d549f740e8ac9481547255de954189ce80ab95244,6cd2b6d33685dbd89535edcde5fd7d11c3e5e8783013831bdf93e3cecc442983,optimal,True,optimal,True,False,0.4580044739999991,1.0,1.0,134571.60842051753,134571.72085862898,0.3799598922426958,199.8406111471463,318.5355850639258,-6.411710273823701e-09,0.1,6972.687047183313,2,-1.1770102608038449,0.11243811144959182,125508.36684929964,8000.0,607.6391056026046,0.30381955280130224,455.41108417394946,0.021562549000009312,5.697165073000008,2.6506854700000133,0.004230538000001616,8.36941309200003,8.373643630000032
40,45,101,ESI-ALNS,76bc6dd258195f524388799d549f740e8ac9481547255de954189ce80ab95244,dc8392b2423e2580e6099e586810851b7eff3ab975b97e07d3f7c3231443d0ae,optimal,True,optimal,True,False,0.3423864399999985,1.0,1.0,134571.60842051753,134571.72085862898,0.3799598922426958,199.8406111471463,318.5355850639258,-6.411710273823701e-09,0.1,6972.687047183313,2,-1.1770102608038449,0.11243811144959182,125508.36684929964,8000.0,607.6391056026046,0.30381955280130224,455.41108417394946,0.021562549000009312,8.062914761000002,2.6124933279999993,0.0041403509999895505,10.69697063800001,10.701110989
40,45,,FTR-NM,11120237c236df9865da8d40b8528119894ad91944e3afd1bba4bb7d1f88ed06,558e7ca9cab449f3cddc38d90bf0a72637659648e9252e4e6f291cb565a10e6c,optimal,True,optimal,True,True,0.33711961399999524,1.0,1.0,232562.6169056647,232562.8127960847,0,197.677837481822,332.52821939409614,0.03796057443742029,0.0,12456.863371723548,0,0,0.19589042000006884,224223.54069102387,8000.0,0.0,0.0,339.27210506084293,0.021875435000026755,0.0,0.47610136299999795,0.0035738720000040303,0.4979767980000247,0.5015506700000287
40,45,100,RGA-MR,9d3eee503979daede0c8ca36556fcaba04d96f1413868a28d7ace97a8fb4fa95,dee12bc86d649f2a1678df5c4a32143f24d9252a2e54e798de5514f56c2334df,optimal,True,optimal,True,True,0.43762791000000334,1.0,1.0,232562.6169056647,232562.8127960847,0,197.677837481822,332.52821939409614,0.03796057443742029,0.0,12456.863371723548,0,0,0.19589042000006884,224223.54069102387,8000.0,0.0,0.0,339.27210506084293,0.0,7.992830824000009,0.5606268170000135,0.0036959669999987455,8.553457641000023,8.557153608000021
40,45,102,B-ALNS,7eaf1baa0d0aa6bcd48f51ebdb2dcdda8ed690c555b94f0a5d145bfd0346ad4b,a36976c15681c53befbdd1d137dfdf9ab133fb68a2b74bc5348e7efbb75c178b,optimal,True,optimal,True,True,0.3374151769999969,1.0,1.0,134558.9230320968,134559.03484908614,0.469405541003258,185.63697209169632,318.36798322207596,1.540513494546758e-09,0.1,6969.565669114585,2,-1.1252641745707226,0.1118169893452432,125452.18204406253,8000.0,589.2963650985599,0.29464818254928,517.2617917424794,0.021562549000009312,5.886705540999998,0.5008877790000099,0.004403170000017553,6.409155869000017,6.4135590390000345
40,45,102,ESI-ALNS,7eaf1baa0d0aa6bcd48f51ebdb2dcdda8ed690c555b94f0a5d145bfd0346ad4b,0be7847a76652aa53cc4a54e79ab8e6e57bfba5adc084fe113db3fb9b4ae937f,optimal,True,optimal,True,True,0.5046349730000017,1.0,1.0,134558.9230320968,134559.03484908614,0.469405541003258,185.63697209169632,318.36798322207596,1.540513494546758e-09,0.1,6969.565669114585,2,-1.1252641745707226,0.1118169893452432,125452.18204406253,8000.0,589.2963650985599,0.29464818254928,517.2617917424794,0.021562549000009312,7.911679931000009,0.5709728749999954,0.004387942000022349,8.504215355000014,8.508603297000036
40,46,100,RGA-MR,66bbb90ef20cb2cf58bfd08d054e086c5e252b3b51b73e2a4cf3def550d78b6e,5da52fa5c8dc13b6a91ae599bccdd001e18465ea276de947bb1c0c1494e3b31f,optimal,True,optimal,True,True,0.3365696050000011,1.0,1.0,198833.20313989645,198833.37059058307,0,202.82885544710896,360.5831100604385,0.027405156641236772,0.0,10587.61887895115,0,0,0.16745068662567064,190577.1398211207,8000.0,0.0,0.0,256.2307694623536,0.0,6.670345004000012,2.49902917899999,0.0036671180000098502,9.169374183000002,9.173041301000012
40,46,100,B-ALNS,38d3131156d84e65fdf43be6e4582da32cf44384c76f487321899bb23fe985a8,006a43de647123c880d3215bd04a6b7fb5c07a477d324382ffa6f74cd9c63d62,optimal,True,optimal,True,True,0.3458858219999996,1.0,1.0,133123.94034055708,133124.0505975885,0.06810071037449861,193.57464178098147,360.5992133773662,8.473193702229764e-09,0.025,6913.568315827077,1,-0.6637606275243814,0.11025703142513521,124444.2296848874,8000.0,224.2275964045835,0.11211379820229175,455.4812024983197,0.016631692999993675,3.252793082000011,0.5020259480000107,0.004213934999995672,3.771450723000015,3.775664658000011
40,46,100,ESI-ALNS,38d3131156d84e65fdf43be6e4582da32cf44384c76f487321899bb23fe985a8,6b8a4308c71cf4b6c9d5767b98196b2728da391266b4040d9a3d98cb7ce4b72d,optimal,True,optimal,True,True,0.44599368000000084,1.0,1.0,133123.94034055708,133124.0505975885,0.06810071037449861,193.57464178098147,360.5992133773662,8.473193702229764e-09,0.025,6913.568315827077,1,-0.6637606275243814,0.11025703142513521,124444.2296848874,8000.0,224.2275964045835,0.11211379820229175,455.4812024983197,0.016631692999993675,6.400769957999984,0.5537462579999897,0.004200279999992063,6.971147908999967,6.975348188999959
40,46,102,RGA-MR,3c58fee4224afa35bdf74276797a97096911b92176f7e8f6d04e2bf14a36ebe1,10ff4483824e0a942fc4fad36344d19097a8a573842e90f231948b812d42af1d,optimal,True,optimal,True,True,0.3446537690000042,1.0,1.0,198833.20313989645,198833.37059058307,0,202.82885544710896,360.5831100604385,0.027405156641236772,0.0,10587.61887895115,0,0,0.16745068662567064,190577.1398211207,8000.0,0.0,0.0,256.2307694623536,0.0,6.795785362000004,0.4829725840000094,0.0036361350000220227,7.278757946000013,7.282394081000035
40,46,,FTR-NM,12961ec11c46c60b743e8ef00a9b8665f7a82b6ab5895baaead78bb3e7027531,3123d0ef4bf9b1c0780e696ab195f326bfb272db774fd02bba0434f77ece74ab,optimal,True,optimal,True,True,0.338011299999998,1.0,1.0,198833.20313989645,198833.37059058307,0,202.82885544710896,360.5831100604385,0.027405156641236772,0.0,10587.61887895115,0,0,0.16745068662567064,190577.1398211207,8000.0,0.0,0.0,256.2307694623536,0.01695650199999932,0.0,0.5380946549999805,0.003610888999986628,0.5550511569999799,0.5586620459999665
40,46,101,B-ALNS,ef8754a5780628cd20b7e16aa4c2d1deed1caee47b37e299306290ada04a42f1,ac6205d458ddd25930540e965019b97ede1c095e999547dd368eec6912180239,optimal,True,optimal,True,True,0.42948714200000637,1.0,1.0,134439.53158951204,134439.6435063189,0.380388848333274,186.16120020067183,360.6358420047316,1.3523049346986227e-09,0.025,6990.013416771378,1,-0.4649163587048887,0.11191680686897598,125820.2415018848,8000.0,134.7853183529631,0.06739265917648156,484.54929342198693,0.016631692999993675,3.9457015979999994,0.49758575399999927,0.004382027999980664,4.459919044999992,4.464301072999973
40,46,101,ESI-ALNS,ef8754a5780628cd20b7e16aa4c2d1deed1caee47b37e299306290ada04a42f1,6b84e040fdf0f47952a5a5ab9a821daa21d6f00c21dd2c03ae163dd43ed781ea,optimal,True,optimal,True,True,0.34687986000000137,1.0,1.0,134439.53158951204,134439.6435063189,0.380388848333274,186.16120020067183,360.6358420047316,1.3523049346986227e-09,0.025,6990.013416771378,1,-0.4649163587048887,0.11191680686897598,125820.2415018848,8000.0,134.7853183529631,0.06739265917648156,484.54929342198693,0.016631692999993675,5.557995693999999,0.5630476120000196,0.004031744999991815,6.137674999000012,6.141706744000004
40,46,101,RGA-MR,8850e5905cc2fd06587adb2c3c51202e6b55aa4008e07c2177dc2b016be1d849,9b427fda00ba00f40d42171e80ae92ec83387fd6f0342034cb282c5d4df40a6c,optimal,True,optimal,True,True,0.4400018110000019,1.0,1.0,198833.20313989645,198833.37059058307,0,202.82885544710896,360.5831100604385,0.027405156641236772,0.0,10587.61887895115,0,0,0.16745068662567064,190577.1398211207,8000.0,0.0,0.0,256.2307694623536,0.0,7.689665420000011,0.5000766769999814,0.0036595899999838366,8.189742096999993,8.193401686999977
40,46,102,B-ALNS,cefcb7078759aa73b7b70820e5fde8017fb7f89762e314224f952a97450b7a5f,619d2a3eaffdfc274b9d8bb70b0f310b03bceda331635072e1bda4ab8d8a2849,optimal,True,optimal,True,True,0.33948336899999987,1.0,1.0,142332.88498696097,142333.00487844576,0.766798502069145,212.64280636567665,365.9241006080907,4.7123194235609844e-11,0.075,7415.941903709832,2,-0.1861512002562603,0.11989148479187861,133486.95426677697,8000.0,339.9275484868331,0.16996377424341652,505.9530994076856,0.016631692999993675,4.498790938999974,1.8710033929999952,0.004017293999993399,6.386426024999963,6.3904433189999565
40,46,102,ESI-ALNS,cefcb7078759aa73b7b70820e5fde8017fb7f89762e314224f952a97450b7a5f,f662790493534939b312f8227bab8049e81954ba7b009697f2013c52301907c6,optimal,True,optimal,True,True,0.33907938899999834,1.0,1.0,142332.88498696097,142333.00487844576,0.766798502069145,212.64280636567665,365.9241006080907,4.7123194235609844e-11,0.075,7415.941903709832,2,-0.1861512002562603,0.11989148479187861,133486.95426677697,8000.0,339.9275484868331,0.16996377424341652,505.9530994076856,0.016631692999993675,6.1754926720000185,1.794920880999996,0.004454529000014418,7.987045246000008,7.9914997750000225
40,46,,GR-MR,513371ec9045ffc96735ce2d28b9bd93163ada1ade80f6d46f3ffa6059568c94,6c71741c9ae2450d8446ac5704abf9d09147687076fa5577a0bc536c54614ae1,optimal,True,optimal,True,True,0.43840475799999723,1.0,1.0,198833.20313989645,198833.37059058307,0,202.82885544710896,360.5831100604385,0.027405156641236772,0.0,10587.61887895115,0,0,0.16745068662567064,190577.1398211207,8000.0,0.0,0.0,256.2307694623536,0.016631692999993675,0.0,0.5361837639999862,0.0037185870000087107,0.5528154569999799,0.5565340439999886
40,47,,GR-MR,eb3e25bb7946c55898e28e1b522edd4de51da1cb478d8644eb7e15f07414c7d1,0520ddeee66204d8fccccb3b9a357c48355998aa05a5e51b855596804ed0b82e,optimal,True,optimal,True,True,0.3617993220000031,1.0,1.0,212013.49714033664,212013.6660828585,0,199.41676412081634,340.26040903441975,0.003659140030379149,0.0,11308.707471954827,0,0,0.16894252185011283,203556.7344951869,8000.0,0.0,0.0,456.93158767159787,0.016377630000008025,0.0,2.500965311999998,0.0035885030000031293,2.517342942000006,2.5209314450000093
40,47,101,B-ALNS,9b0e595961964140f4c08ee9aa3861655ec349bf629660c11884b0b5fc73e298,b195b4caee0449c1efb58f42c28079bb2a0e8ec18c1c722baecffa6f174ebdfc,optimal,True,optimal,True,False,1.9536940540000032,1.0,1.0,132531.64795201508,132531.7804836063,0.95239406227223,223.88470754816177,368.9989512105799,-6.016665565766743e-08,0.175,6795.635365876072,5,-0.7789986143735592,0.13253159122541547,122321.43658576929,8000.0,1653.671622819033,0.8268358114095165,555.8454392065721,0.016377630000008025,9.926997065999998,1.3134253599999965,0.004879326000001072,11.256800056000003,11.261679382000004
40,47,101,ESI-ALNS,b48490dd6a64742a556f332f4423ef645580a3b8bb2661ce1d696f3d483f077f,cd921d57701cb68008548d33e9c4d3c075adadedc5eebcbca5aace5fda15f03a,optimal,True,optimal,True,False,0.34591951300000545,1.0,1.0,132238.44554102523,132238.577779549,0.7413497691265569,223.74418684348615,345.51500412533005,-1.5960614518917282e-07,0.175,6796.114303445576,4,-0.9666871863406601,0.13223852377268486,122330.05746202037,8000.0,1369.1707585231916,0.6845853792615959,538.6649736261686,0.016377630000008025,13.653985078000005,2.293207430999999,0.004809317000002977,15.963570139000012,15.968379456000015
40,47,100,RGA-MR,b7cc44610389f635ca8ba4562fe5af94a87115419a2a3d87940a05cce372a2f9,33b15ff354bc2e6265cfc07f9236a9458c5b2ebd56a9e842c59b3a65916b9f1a,optimal,True,optimal,True,True,0.4302656770000013,1.0,1.0,211150.25966177537,211150.42756186562,0,199.30814160440556,340.12814833754294,0.003636717922177013,0.0,11261.566178264655,0,0,0.16790009025135078,202708.19120876378,8000.0,0.0,0.0,442.2363531018486,0.0,5.618476481000002,0.46806038799999783,0.0034183490000003758,6.086536869,6.089955218
40,47,100,B-ALNS,cc79cbfec1f5af903c2a3f8c9840acaf5d5f89a91cdacb64d6b46138d477242c,10733f588b96b60e40821b6b8deb339940edcf3803aab786e2e1c20f86b68801,optimal,True,optimal,True,False,0.33188362299999596,1.0,1.0,137248.21422915897,137248.35147721035,0.7625499088441039,237.18313661666522,370.1858382345154,-9.07220965018496e-09,0.15,7093.663217162093,2,-0.21276811662202744,0.13724805138190277,127685.93790891768,8000.0,1037.1478787891797,0.51857393939459,524.7471155640942,0.016377630000008025,8.476371756000006,1.8755894079999962,0.0042756440000033535,10.36833879400001,10.372614438000014
40,47,100,ESI-ALNS,cc79cbfec1f5af903c2a3f8c9840acaf5d5f89a91cdacb64d6b46138d477242c,aa046946177db9ee1fa08e8a1a82ea3ddca3fe0ddfdd35a3167349407341d1ad,optimal,True,optimal,True,False,0.3296948209999968,1.0,1.0,137248.21422915897,137248.35147721035,0.7625499088441039,237.18313661666522,370.1858382345154,-9.07220965018496e-09,0.15,7093.663217162093,2,-0.21276811662202744,0.13724805138190277,127685.93790891768,8000.0,1037.1478787891797,0.51857393939459,524.7471155640942,0.016377630000008025,10.917954144000007,1.7817760150000055,0.004360345999998572,12.71610778900002,12.720468135000019
40,47,,FTR-NM,2de924c74288143a31dfba8f324957c44274d865a2bf16006d37b541d8a4f903,dc6bd68a8b5f8687aa2b52b5a2d7abac97b675077ae0a260dbc2d851b78785ae,optimal,True,optimal,True,True,0.340800876000003,1.0,1.0,212013.49714033664,212013.6660828585,0,199.41676412081634,340.26040903441975,0.003659140030379149,0.0,11308.707471954827,0,0,0.16894252185011283,203556.7344951869,8000.0,0.0,0.0,456.93158767159787,0.01656090900001317,0.0,0.5280249440000091,0.003416947000005166,0.5445858530000223,0.5480028000000274
40,47,102,RGA-MR,6a9e8662e78f655ed9099868c8fc7e81bf86fe57949be70f3d7f7bd6bf4c824e,602fe30007b4a51bcfb4d4b77c8d3f8c9e461fcea25c336e6b6935ceac02f9ac,optimal,True,optimal,True,True,0.3399234999999976,1.0,1.0,212013.49714033664,212013.6660828585,0,199.41676412081634,340.26040903441975,0.003659140030379149,0.0,11308.707471954827,0,0,0.16894252185011283,203556.7344951869,8000.0,0.0,0.0,456.93158767159787,0.0,6.461872851999999,0.4748726360000006,0.003507996000010394,6.936745488,6.94025348400001
40,47,102,B-ALNS,48123bce667b8ad134fb0a264426328caebc0d6efd54672e454d339fb6be688e,30d9e4e3106b7dfe4425d6a24fdbfd2f3f623650d77921e6d370f548fceefa2f,optimal,True,optimal,True,False,0.45272023900000136,1.0,1.0,138735.85381010053,138735.9925465211,0.3206410321618395,223.2324984333045,370.841182506778,-5.999075369800266e-07,0.05,7195.920248940338,2,-0.5764659455001698,0.1387364205729682,129526.56448092607,8000.0,653.1956586850661,0.326597829342533,555.9058090806177,0.016377630000008025,3.7221056180000005,5.4557841670000045,0.0045076449999896795,9.194267415000013,9.198775060000003
40,47,102,ESI-ALNS,9955048c5bebab447cb5cac27ac0f1c1e089fcb67fb3f3ba0f2798eac41751e9,d461cd35ad4a04d6c7533350854b9d03efd4a39b8ad5c715a9c708558f660df7,optimal,True,optimal,True,True,0.3428519119999862,1.0,1.0,138219.58752448074,138219.70328674483,0.10424269561490238,218.54063421383685,370.80594187006307,1.4474210274784127e-08,0.025,7195.964466007019,1,-0.6488109339471897,0.11576226408942603,129527.36038812634,8000.0,124.18592755310358,0.062092963776551796,568.0948781015964,0.016377630000008025,7.132436032000001,0.5477375680000023,0.004013739000001237,7.696551230000011,7.700564969000013
40,47,101,RGA-MR,d8e08427e3c1252a917137fa74184ca7689a3a6cfa9018f875ea7181ab6afd0c,4c4a29d07cef184ac8411d7f9baea0f2455cc327ce51a8a93cb982fc3270af34,optimal,True,optimal,True,True,0.44922759899999676,1.0,1.0,212013.49714033664,212013.6660828585,0,199.41676412081634,340.26040903441975,0.003659140030379149,0.0,11308.707471954827,0,0,0.16894252185011283,203556.7344951869,8000.0,0.0,0.0,456.93158767159787,0.0,6.523431103999997,0.4760356889999997,0.0034846509999937325,6.999466792999996,7.00295144399999
40,48,101,B-ALNS,0af6b0c5c3a85ee3d7bdc77eafff17fa1e13403718b1c767358ce53dc2691915,0f76e22ad8fd5892ce7971031526eeae39b4849f56f8127a05dec4768bbcedb1,optimal,True,optimal,True,True,0.3421121439999979,1.0,1.0,122489.5207260137,122489.6227111755,0.33472779365578065,181.1704138183291,296.86330741109026,2.96381585940253e-09,0.025,6328.946665589723,1,-0.4954160522554413,0.10198516180389561,113921.039980615,8000.0,73.41302817849919,0.036706514089249596,495.13299586792255,0.01602419700000013,3.6133506199999985,0.5462479589999987,0.004268336000002648,4.175622775999997,4.179891112
40,48,101,ESI-ALNS,ff2dd8f3093f13d702962089011bcd431035d9bd33923815183ab77740585971,0600aa6f505fbc96232ac69474a23d088c383a18974b33f78977c4e1b354b21c,optimal,True,optimal,True,True,0.3455618069999957,1.0,1.0,122434.86806200794,122434.97105011168,0.33472779345587467,192.46262032614584,334.87217997153095,1.9883827917510644e-10,0.05,6328.946665589723,2,-0.5163894484268541,0.1029881037393352,113921.039980615,8000.0,123.50238263917338,0.061751191319586694,390.36693566619067,0.01602419700000013,8.400366980999998,0.5020148370000044,0.004094345000005717,8.918406015000002,8.922500360000008
40,48,,GR-MR,ef70bc689caf2f9e8ee568087fd7ed3b7074e0244245b597a461cd8f15752108,117fcf5fc4992949632d0ac708b73b74362ad598944ec1cc50aea261969874a6,optimal,True,optimal,True,True,0.4242962680000062,1.0,1.0,195275.9980818472,195276.16283252742,0,179.4393661249671,327.3708144580421,0.03268228704305898,0.0,10387.697783641226,0,0,0.16475068021100014,186978.56010554207,8000.0,0.0,0.0,297.6027269853452,0.01602419700000013,0.0,0.5633939360000042,0.0035858180000047923,0.5794181330000043,0.5830039510000091
40,48,100,B-ALNS,6cf981dadebcfda1da282fe514eba5888b3700bcae6d16e66c1a4cf79868bdef,0c825dc7ee7a1e071839ca965ec91bd13e5adbbaa6451af6462b02e6a9fdfe2d,optimal,True,optimal,True,True,0.34879975600000535,1.0,1.0,121503.80233093753,121503.90442415477,0.41004680982284347,205.9398422034448,400.53729168067576,2.6249722395732533e-09,0.05,6270.135291557332,2,-0.4538360155937152,0.10209321723959874,112862.43524803195,8000.0,229.99263728707666,0.11499631864353833,411.3615425170828,0.01602419700000013,4.310152402,0.5092110670000025,0.0044975530000002095,4.835387666000003,4.839885219000003
40,48,100,ESI-ALNS,2def68d50b2df3e961ee98e98a7e3c7c9d6fd427462937c04fc5ade95e34e791,33ce28b233c0ff03329e43406aab2af84380cb164fd30cd870aa70946d20d6c4,optimal,True,optimal,True,False,0.3486170460000011,1.0,1.0,121369.39190419161,121369.49458775499,0.7307469589085865,210.8782189394588,400.5107444687463,2.9837110560038127e-10,0.075,6260.891394914747,2,-0.2092093197647964,0.10268356338201556,112696.04510846545,8000.0,275.65788509028084,0.13782894254514041,397.6537652567106,0.01602419700000013,7.904263916000005,1.1765622679999979,0.004407234000005644,9.096850381000003,9.101257615000009
40,48,,FTR-NM,89572e8034b41a0a3ee916a0e6118dc0c6630a6b1566abc603664f29cadb3166,5845b6c47ee3414ae978b3f0cad9fe50cc96adce819eb8743f7a607b6ed33a56,optimal,True,optimal,True,True,0.4216215900000009,1.0,1.0,195275.9980818472,195276.16283252742,0,179.4393661249671,327.3708144580421,0.03268228704305898,0.0,10387.697783641226,0,0,0.16475068021100014,186978.56010554207,8000.0,0.0,0.0,297.6027269853452,0.016203513000007774,0.0,0.48900175800000056,0.003575969999999984,0.5052052710000083,0.5087812410000083
40,48,100,RGA-MR,e8495f0904ac3712ed26b0509af81ab15765f18ec927de7244b66ea17854392d,66398a3641a43c47ef59093199ec24c1da183ec50b1676f1400401707c21609b,optimal,True,optimal,True,True,0.333626718000005,1.0,1.0,193888.0590935016,193888.22220065384,0,171.8972756199076,276.6097759171017,0.030453242456900398,0.0,10310.175269323723,0,0,0.16310715224244632,185583.15484782698,8000.0,0.0,0.0,305.06735282682945,0.0,5.547401240000006,0.5641668920000029,0.0035677959999986797,6.111568132000009,6.115135928000008
40,48,102,RGA-MR,5ae2bcf57a853c7d780a5eb8ffe921ff19b4bab88adb1736ebc7b39a6ee19068,98605c12699dbfafe54dcbddd3f8dbe300de4a30403b7467305c12dc93515046,optimal,True,optimal,True,True,0.4438296969999982,1.0,1.0,195275.9980818472,195276.16283252742,0,179.4393661249671,327.3708144580421,0.03268228704305898,0.0,10387.697783641226,0,0,0.16475068021100014,186978.56010554207,8000.0,0.0,0.0,297.6027269853452,0.0,6.92108529299999,0.5819180250000073,0.0034937099999865495,7.5030033179999975,7.506497027999984
40,48,101,RGA-MR,2f2d3ca8f47417499b32281739b064626cb66127e548a3015cce433efe931b88,968788f1ef8f058fe6ba2be2905bdf33e95a879d7fa865ef7ffb74ff32fee62b,optimal,True,optimal,True,True,0.3408275679999946,1.0,1.0,195275.9980818472,195276.16283252742,0,179.4393661249671,327.3708144580421,0.03268228704305898,0.0,10387.697783641226,0,0,0.16475068021100014,186978.56010554207,8000.0,0.0,0.0,297.6027269853452,0.0,7.49591713400001,0.5038150339999987,0.003887659000000099,7.999732168000008,8.003619827000009
40,48,102,B-ALNS,59fb3be03641088d067f792e4bb64d0cc1f6e78a6059640e23eca72e331d7c5b,82d82ffa7c12062d93dc4334edc289fab456531cb41fca86480d1491cbf24d60,optimal,True,optimal,True,True,0.3376262870000062,1.0,1.0,121314.7487521527,121314.85073155607,0.9366000248046007,201.49495506181663,363.93901792736466,3.6703795558423735e-10,0.075,6256.389864342595,2,-0.0498020869879402,0.1019794033782091,112615.01755816671,8000.0,275.657811719084,0.13782890585954202,424.0375327644155,0.01602419700000013,4.969850727999997,0.5445619289999968,0.004179565000001162,5.530436853999994,5.534616418999995
40,48,102,ESI-ALNS,59fb3be03641088d067f792e4bb64d0cc1f6e78a6059640e23eca72e331d7c5b,f45c14a804ff217209246c43994dc75f47a321b7ac54f974d02923093ab80306,optimal,True,optimal,True,True,0.43462769900000353,1.0,1.0,121314.7487521527,121314.85073155607,0.9366000248046007,201.49495506181663,363.93901792736466,3.6703795558423735e-10,0.075,6256.389864342595,2,-0.0498020869879402,0.1019794033782091,112615.01755816671,8000.0,275.657811719084,0.13782890585954202,424.0375327644155,0.01602419700000013,6.562548992999993,0.49791718400000207,0.004045422999993775,7.076490373999995,7.080535796999989
40,49,100,B-ALNS,15aae71db51f1261609efcf1b603980e9f2845f0f2e75e81edd3305930c00803,97602a5d634b0cafa8ebffb08592bbf7006ef14da1c60e752b73e0921291fe82,optimal,True,optimal,True,True,0.33710104800000806,1.0,1.0,133975.11598313038,133975.22844009803,0.22344116138427972,182.0299104246579,326.62389119331766,8.395772965741344e-11,0.025,6955.448947307352,1,-0.5681038524359721,0.11245696764672175,125198.08105153232,8000.0,88.86975533429106,0.04443487766714553,688.2331983537504,0.008247165999996753,2.2130005309999987,0.24764642299999906,0.0025035270000017817,2.4688941199999945,2.4713976469999963
40,49,100,ESI-ALNS,15aae71db51f1261609efcf1b603980e9f2845f0f2e75e81edd3305930c00803,e5a15748de939e15686d78031f821aa97381bd07fae4ed2dfc08492c81c5d4be,optimal,True,optimal,True,True,0.43117984600000625,1.0,1.0,133975.11598313038,133975.22844009803,0.22344116138427972,182.0299104246579,326.62389119331766,8.395772965741344e-11,0.025,6955.448947307352,1,-0.5681038524359721,0.11245696764672175,125198.08105153232,8000.0,88.86975533429106,0.04443487766714553,688.2331983537504,0.008247165999996753,5.188411381999998,0.25481522500000153,0.0024048100000015893,5.4514737729999965,5.453878582999998
40,49,102,RGA-MR,578c959a48d613ca6f8bc5b109f2c3ca85973d1a0b93fec48709c81d1ee07c12,f44dec19413c27e4ef56f008f41a6d86b883018794ee4768f8499e066c56e081,optimal,True,optimal,True,True,0.33107033000000285,1.0,1.0,201244.316834202,201244.48627982574,0,183.66895533645766,324.91902673645257,0.03905232508282097,0.0,10717.75561966525,0,0,0.1694456237310078,192919.60115397448,8000.0,0.0,0.0,324.8851258512536,0.0,3.586348166999997,0.24494135399999806,0.00197867700000387,3.831289520999995,3.833268197999999
40,49,101,B-ALNS,d99c72e1667d14f8cfd31096e6d65447ba51d0f6c0ef1c9fe9f2fc895c60587a,4b4593ca029c1f8fe43ec84b3ae65037f139371a1713a71f59a2c523a9e1eedf,optimal,True,optimal,True,True,0.3399782939999909,1.0,1.0,129275.21020388382,129275.31803129951,0.05166957306220661,181.17298040679268,325.34918463760044,4.7020535021147225e-08,0.025,6702.229658693362,1,-0.6745009371878092,0.10782741568982601,120640.1338564805,8000.0,43.27207625177832,0.021636038125889163,591.8904625290966,0.008247165999996753,1.7043584870000004,0.32813664599999726,0.0023906389999979183,2.0407422989999944,2.0431329379999923
40,49,101,ESI-ALNS,d99c72e1667d14f8cfd31096e6d65447ba51d0f6c0ef1c9fe9f2fc895c60587a,f6876872df898d48c6ba851d15b6d3102e126fc920bc1bab44512b8fe7eca481,optimal,True,optimal,True,True,0.4276084609999913,1.0,1.0,129275.21020388382,129275.31803129951,0.05166957306220661,181.17298040679268,325.34918463760044,4.7020535021147225e-08,0.025,6702.229658693362,1,-0.6745009371878092,0.10782741568982601,120640.1338564805,8000.0,43.27207625177832,0.021636038125889163,591.8904625290966,0.008247165999996753,2.866177125,0.24942918200000008,0.0024536529999963363,3.123853472999997,3.1263071259999933
40,49,102,B-ALNS,acd5dadea9e4a9e93ca508402248d41d17e3ca78788f171f8d4cc6e38073c995,f3c3b0810d7b6546b3a00651d2dd97096045dce3debb8a1f834a1ccd336ee127,optimal,True,optimal,True,True,0.3418678629999903,1.0,1.0,130768.85286309404,130768.96303070948,0.41952182241454494,204.00366757183025,336.3762185239811,1.0339817890780978e-09,0.1,6756.38131250342,3,-1.1908003695250737,0.11016761543578468,121614.86362506157,8000.0,606.9330405021485,0.30346652025107423,546.8628986255155,0.008247165999996753,2.197329062999998,0.253440243,0.0027541729999995823,2.4590164719999947,2.4617706449999943
40,49,102,ESI-ALNS,acd5dadea9e4a9e93ca508402248d41d17e3ca78788f171f8d4cc6e38073c995,0cc8404e7e486172f22b300459a147984ce46368dfc5be86aebb0f8a6aecafdb,optimal,True,optimal,True,True,0.45083762199999455,1.0,1.0,130768.85286309404,130768.96303070948,0.41952182241454494,204.00366757183025,336.3762185239811,1.0339817890780978e-09,0.1,6756.38131250342,3,-1.1908003695250737,0.11016761543578468,121614.86362506157,8000.0,606.9330405021485,0.30346652025107423,546.8628986255155,0.008247165999996753,3.191167397000001,0.3491130320000053,0.002637528999997585,3.548527595000003,3.5511651240000006
40,49,,FTR-NM,83ad9b60f231364c26f6762018f6f16be2b516a7394dd9bc57fd4ed605be63d0,94c65aafb64c32e6008670bed8e1b95235ad95c9ad995321a163818e7eced795,optimal,True,optimal,True,True,0.3355123169999956,1.0,1.0,201356.0565381422,201356.2265169199,0,181.39943393343705,304.6024189648124,0.039718647925383266,0.0,10723.04025002336,0,0,0.16997877770336345,193014.72450042045,8000.0,0.0,0.0,341.5020164994456,0.0084032090000008,0.0,0.24525258100000258,0.0019172800000006873,0.2536557900000034,0.25557307000000407
40,49,100,RGA-MR,67d63be390b9238327159fc0e2729c9be0d14d35ea705ffc516b78ec506a80e1,ae37bbae0163b6c96283b4a31b15d24ee38a01ca497c70841d3ed8c69cfaf44d,optimal,True,optimal,True,True,0.333249262999999,1.0,1.0,200062.57320162392,200062.74287842266,0,180.00924300874829,296.3733939129793,0.038565984528929675,0.0,10650.747011263009,0,0,0.16967679874505848,191713.44620273417,8000.0,0.0,0.0,349.29667568850317,0.0,3.1355457479999984,0.3262772550000008,0.002150269000004812,3.4618230029999992,3.463973272000004
40,49,,GR-MR,91df7d324408287fb1303f5403c1d224331726a94cc2806f84049fe28d50adb1,591595049fc892735ac33c73dc5548f33286f70b41e311d6dcd82fc06271bb53,optimal,True,optimal,True,True,0.4247037210000002,1.0,1.0,201356.0565381422,201356.2265169199,0,181.39943393343705,304.6024189648124,0.039718647925383266,0.0,10723.04025002336,0,0,0.16997877770336345,193014.72450042045,8000.0,0.0,0.0,341.5020164994456,0.008247165999996753,0.0,0.24638346399999733,0.0019321820000044454,0.2546306299999941,0.25656281199999853
40,49,101,RGA-MR,cf5f4b1989eefbc259049b7180e2014b05ee0eae625b4dd62613d3092c66aa67,6fef9c1d0ad4dc5da61f50d3fd0f09487270925344d837779c2cb78721e043e1,optimal,True,optimal,True,True,0.340337906000002,1.0,1.0,200757.6221225966,200757.79043910617,0,179.15376453454292,296.3802343762837,0.03127193521964955,0.0,10687.604050348438,0,0,0.16831650957465172,192376.8729062719,8000.0,0.0,0.0,380.9175328343042,0.0,3.810684077999994,0.2515929079999992,0.0019892230000024824,4.062276985999993,4.064266208999996
40,50,,GR-MR,02858234a14ff2ca4ce3a41d23273f67da189413af1d052f4c68164b5f68955a,70f2194b8f630af0c561d676d73354f6924e63e19a6dbc6334c491f97693d663,optimal,True,optimal,True,True,0.437167450000004,1.0,1.0,204595.6278390381,204595.7989061357,0.025163032639759962,204.84107558215925,326.9886080485046,5.490505827765446e-10,0.025,10896.82855753543,1,-0.6929993913833408,0.17106709760264494,196142.91403563772,8000.0,55.03327659542396,0.027516638297711983,397.824077264254,0.03443051900000427,0.0,4.448012069000001,0.0038192239999972344,4.482442588000005,4.486261812000002
40,50,100,B-ALNS,445f5acca0747b0614c73b9cb6d299ab98e1317b6b36c72289f263dab111b29f,b7235baeae0dde9246b44f2268cb7e585a20103f7ac225b545aaa57904172a84,optimal,True,optimal,True,False,0.33696766399999944,1.0,1.0,136249.55699268047,136249.6932421852,0.5821961768821233,187.1792492920561,305.731981309842,-6.825734999438282e-08,0.1,7056.2318361852085,2,-0.36361173368086264,0.13624950472149067,127012.17305133375,8000.0,677.867103626103,0.3389335518130515,559.3141536735334,0.03443051900000427,5.229567781999997,5.670811267999994,0.004581562999995015,10.934809568999995,10.93939113199999
40,50,100,ESI-ALNS,445f5acca0747b0614c73b9cb6d299ab98e1317b6b36c72289f263dab111b29f,94d74540ba816f2301c91c8874057ee59726c4237232c002bcd5a246cef1b6fa,optimal,True,optimal,True,False,0.3382200420000032,1.0,1.0,136249.55699268047,136249.6932421852,0.5821961768821233,187.1792492920561,305.731981309842,-6.825734999438282e-08,0.1,7056.2318361852085,2,-0.36361173368086264,0.13624950472149067,127012.17305133375,8000.0,677.867103626103,0.3389335518130515,559.3141536735334,0.03443051900000427,6.8084896689999965,5.700852044000001,0.004231452999995611,12.543772232000002,12.548003684999998
40,50,100,RGA-MR,ccb954e8c961304ccdbc2a8eef60b3fd15e31fb1c8d614480647a9f90f488c5c,949692872c0a2e8c71ff2c895b03b38dd2a00648734995866f658838c02effe9,optimal,True,optimal,True,True,0.4419946090000053,1.0,1.0,204595.6278390381,204595.7989061357,0.025163032639759962,204.84107558215925,326.9886080485046,5.490505827765446e-10,0.025,10896.82855753543,1,-0.6929993913833408,0.17106709760264494,196142.91403563772,8000.0,55.03327659542396,0.027516638297711983,397.824077264254,0.0,12.175918856000003,2.408104206999994,0.003964051000011182,14.584023062999997,14.587987114000008
40,50,101,B-ALNS,82aed92be30128caf2a44173aa0d8ac8e277fe91460d70cfb91834aae36abf94,189ce939f601c40821f4cfe19f8dc7906b996694a4629670468f002cf252a687,optimal,True,optimal,True,True,0.35252674900000613,1.0,1.0,144974.80479687543,144974.94977176102,0.4484566621261231,205.34057628819548,338.98439326223695,-1.0411538937660225e-06,0.05,7566.401657209477,2,-0.46918510813599745,0.14497488559572957,136195.2298297706,8000.0,301.1585925526958,0.1505792962763479,478.41077014145174,0.03443051900000427,4.493871479000006,0.45401166599999954,0.004121686000004843,4.98231366400001,4.986435350000015
40,50,101,ESI-ALNS,82aed92be30128caf2a44173aa0d8ac8e277fe91460d70cfb91834aae36abf94,d76d37c0d8a33e7d62e66594d5d21b6825ed06372e683ede2486359f188a104d,optimal,True,optimal,True,True,0.3549919679999931,1.0,1.0,144974.80479687543,144974.94977176102,0.4484566621261231,205.34057628819548,338.98439326223695,-1.0411538937660225e-06,0.05,7566.401657209477,2,-0.46918510813599745,0.14497488559572957,136195.2298297706,8000.0,301.1585925526958,0.1505792962763479,478.41077014145174,0.03443051900000427,6.379018751999993,0.4778574500000019,0.004061609000004296,6.891306720999999,6.895368330000004
40,50,102,B-ALNS,985d93bcb9ae4a3696b5ec79e42ce9e221f4ece2b3f7cb2ef76ebd44a4247e37,af2bb6778fef413102843bb4a08c533444a097006b87e1b4551f38bd5feadce0,optimal,True,optimal,True,False,0.6893643949999984,1.0,1.0,136989.94302190992,136990.08001171038,0.30663010106963673,197.26023122215534,325.88449652318536,-1.3331771242519608e-08,0.075,7112.676109554396,2,-0.5912529995577732,0.13698980046319775,128028.16997197914,8000.0,415.46171489947847,0.20773085744973924,546.2405939743209,0.03443051900000427,6.356687497999999,3.032061983999995,0.004013811999996619,9.423180000999999,9.427193812999995
40,50,102,ESI-ALNS,5789e38bd027e7fe25e89af95b1ba7430724d0ffa2f082f2adc9e1ffdf4dbbd8,b5a15f8682fa4c0064a0efe0be12f212b6d60c00f3160f9e451b38ece81010c5,optimal,True,optimal,True,False,0.4458626309999971,1.0,1.0,136628.63202036783,136628.7686488912,0.30158277373604303,193.1047484684562,323.5411054236839,-1.8716872318691458e-07,0.075,7092.56461858104,2,-0.5973597650008955,0.13662852335255593,127666.16313445874,8000.0,415.4613561474807,0.20773067807374038,546.9364276068827,0.03443051900000427,9.372166902000004,5.962868059999991,0.0039928380000020525,15.369465480999999,15.373458319000001
40,50,,FTR-NM,833b8a81a653dbaccbfb69440c3632437212dcf7b13294ea1ea926bf8ef1071f,41a98a836dbf30cc3d3f4243710906ae13d099c366c9f16154fb91d57cccdd26,optimal,True,optimal,True,True,0.33966957799999875,1.0,1.0,204703.18510098936,204703.35677637008,0.02102922704273241,204.84454163876646,326.98920156466187,1.8364494280831423e-07,0.025,10899.604363943406,1,-0.6960893902422549,0.17167538072681054,196192.87855098132,8000.0,112.59728515738976,0.05629864257869488,397.8246415887905,0.02293940199999156,0.0,0.5236625449999934,0.003653094999990003,0.546601946999985,0.550255041999975
40,50,101,RGA-MR,95e9eb891f622e8351c38dd3fbfe254464b624a80be179ad8ac14aa522999136,50dc7f04367c8c4dab4eccb954f36d180d56032fd650103424b53ef6f67f94fb,optimal,True,optimal,True,True,0.3509806540000113,1.0,1.0,204595.6278390381,204595.7989061357,0.025163032639759962,204.84107558215925,326.9886080485046,5.490505827765446e-10,0.025,10896.82855753543,1,-0.6929993913833408,0.17106709760264494,196142.91403563772,8000.0,55.03327659542396,0.027516638297711983,397.824077264254,0.0,11.904862623,2.4023192900000083,0.0036315990000019838,14.307181913000008,14.31081351200001
40,50,102,RGA-MR,0a6d8fffaed1bfa83d97a85c474522a987d1d89cfa149f4343c8d91c9fba54d5,045801c5b575c9891f987f8ceecd105a1dff0a515777db44de7ee8c16827abb8,optimal,True,optimal,True,True,0.44573465200001294,1.0,1.0,204595.6278390381,204595.7989061357,0.025163032639759962,204.84107558215925,326.9886080485046,5.490505827765446e-10,0.025,10896.82855753543,1,-0.6929993913833408,0.17106709760264494,196142.91403563772,8000.0,55.03327659542396,0.027516638297711983,397.824077264254,0.0,11.170627183000008,2.448902865000008,0.003777825999975448,13.619530048000016,13.623307873999991
40,51,100,RGA-MR,426b554e91334fc64d622a3d9332f9f042fddd3a4ff9a5cce70a46e97544c1f8,23cc5ec1a43d8695f25a88191dd26e469a38c6164ea3cc00931d22b7d012e09c,optimal,True,optimal,True,True,0.3341132360000074,1.0,1.0,216408.62376592692,216408.80454074632,0,215.958891726788,374.5407269818571,0.03704992347763891,0.0,11557.282355668227,0,0,0.18077481939690188,208031.08240202809,8000.0,0.0,0.0,377.7221387182399,0.0,5.745549494999999,2.6240443430000013,0.0035497499999976867,8.369593838,8.373143587999998
40,51,100,B-ALNS,d5cf667f55b2ed151e440ebe9e5d6dfc514170ca28926b70c97f5cec8c222162,cb4014053990d3b83e4bb30f0013114b134f48bfbe4f9b4815a7bc7dd7712971,optimal,True,optimal,True,False,0.4374552310000013,1.0,1.0,174196.21585344092,174196.36258810147,0.6974166383854798,215.43317552270003,374.6370038618796,1.7543584363011178e-09,0.075,9179.890907658746,2,-0.23699539092244282,0.14673466054955497,165238.03633785743,8000.0,526.2234613231126,0.26311173066155635,431.83967719028277,0.015372606999989102,6.675396630000002,0.9424455110000025,0.004711851999999794,7.633214747999993,7.637926599999993
40,51,100,ESI-ALNS,d5cf667f55b2ed151e440ebe9e5d6dfc514170ca28926b70c97f5cec8c222162,751230476486f5f850aaf66840e533d0651373677e1011f1db0edb6c6942573a,optimal,True,optimal,True,False,0.34004976699999645,1.0,1.0,174196.21585344092,174196.36258810147,0.6974166383854798,215.43317552270003,374.6370038618796,1.7543584363011178e-09,0.075,9179.890907658746,2,-0.23699539092244282,0.14673466054955497,165238.03633785743,8000.0,526.2234613231126,0.26311173066155635,431.83967719028277,0.015372606999989102,8.702674625,1.007527839000005,0.004535924999998997,9.725575070999994,9.730110995999993
40,51,,FTR-NM,dc3809d182f4f45168d8c4e5040f9a7ceb02a3bbe3ca3a4b0fe220261664d4d0,4a8b42eccfa3ecb5a2b0bf0bf3d9a113c92220f8a2aa4217c65d14f4cca02355,optimal,True,optimal,True,True,0.3311602190000116,1.0,1.0,216408.62376592692,216408.80454074632,0,215.958891726788,374.5407269818571,0.03704992347763891,0.0,11557.282355668227,0,0,0.18077481939690188,208031.08240202809,8000.0,0.0,0.0,377.7221387182399,0.015646521999997276,0.0,0.5124589079999993,0.0037155580000032273,0.5281054299999965,0.5318209879999998
40,51,102,B-ALNS,c8c9f7313e6e6f07d445aee5b15155206982db9a987bc4f94d574799df961830,dfe91db1628c0e9c42b058aa4e2dc8a25c5121b9a7b0a156e0e5fef4e102db72,optimal,True,optimal,True,True,0.46545011999999986,1.0,1.0,146675.32918814704,146675.47586364206,0.6007836483446886,231.64525230534616,385.0715886816477,-4.2808937905647326e-07,0.075,7650.475711079619,3,-0.3464700199119234,0.14667549502337351,137708.56279943313,8000.0,445.3748125335766,0.2226874062667883,521.3155642690906,0.015372606999989102,6.724456101999998,0.5206902649999989,0.00501832099999433,7.260518973999986,7.26553729499998
40,51,102,ESI-ALNS,c8c9f7313e6e6f07d445aee5b15155206982db9a987bc4f94d574799df961830,d166cf24de650a839f9e621b0aa9aa176e88e3de7d92464fff8426e5fd669313,optimal,True,optimal,True,True,0.35107442700000036,1.0,1.0,146675.32918814704,146675.47586364206,0.6007836483446886,231.64525230534616,385.0715886816477,-4.2808937905647326e-07,0.075,7650.475711079619,3,-0.3464700199119234,0.14667549502337351,137708.56279943313,8000.0,445.3748125335766,0.2226874062667883,521.3155642690906,0.015372606999989102,9.332617849999998,0.5965572000000066,0.004959050000010734,9.944547656999994,9.949506707000005
40,51,102,RGA-MR,7f0bca79ae9819e247f6c2b801a58b16254447ac6d301730ee5bde3def0af838,846b2c794c6893921f095acb16ad21ac1f69aac336e5ee22e3de7eb85e9aafd4,optimal,True,optimal,True,True,0.43184397699999977,1.0,1.0,215132.74827054422,215132.92762894026,0,213.69695243082901,374.5360069418384,0.036757242968974424,0.0,11487.140863835702,0,0,0.1793583960388787,206768.53554904263,8000.0,0.0,0.0,364.39207989763173,0.0,6.520371374000007,0.5851383800000036,0.0038792270000129747,7.1055097540000105,7.1093889810000235
40,51,,GR-MR,d8321557650089e0803be66ba8aac3b9b578ec8595d721a3d0ae8f37c3ba0313,80e8dbd1a8c48f1166782f37c1a381916a4982d42ad7e3541a0474333ca41881,optimal,True,optimal,True,True,0.3314701679999956,1.0,1.0,216408.62376592692,216408.80454074632,0,215.958891726788,374.5407269818571,0.03704992347763891,0.0,11557.282355668227,0,0,0.18077481939690188,208031.08240202809,8000.0,0.0,0.0,377.7221387182399,0.015372606999989102,0.0,0.5178297199999946,0.003730766999993307,0.5332023269999837,0.536933093999977
40,51,101,B-ALNS,bcef419334f7dce9c5f00d51423d178f8cf0ad9ae7ce2f20c926f93787bde321,2194cd5b23a232d4220fd55b7e9b382a7eef25218ced01c5486111bd12ae9030,optimal,True,optimal,True,False,0.3452273439999942,1.0,1.0,166189.89785965512,166190.0367183007,0.2767280807586882,226.70490920469953,384.225059811526,1.1284555512247607e-09,0.075,8739.018113473998,2,-1.2399191860641996,0.13885864557232708,157302.32604253196,8000.0,385.77407304887515,0.19288703652443756,501.7437156833263,0.015372606999989102,6.446204852999998,2.7137118809999947,0.004602749000000017,9.175289340999981,9.179892089999981
40,51,101,ESI-ALNS,bcef419334f7dce9c5f00d51423d178f8cf0ad9ae7ce2f20c926f93787bde321,2a7169bbe149d5854364e9142af6f167bce03f8e2d3bba1571ce36efa86658cf,optimal,True,optimal,True,False,0.453332771999996,1.0,1.0,166189.89785965512,166190.0367183007,0.2767280807586882,226.70490920469953,384.225059811526,1.1284555512247607e-09,0.075,8739.018113473998,2,-1.2399191860641996,0.13885864557232708,157302.32604253196,8000.0,385.77407304887515,0.19288703652443756,501.7437156833263,0.015372606999989102,8.510264332999995,2.624810881000002,0.00448869699999932,11.150447820999986,11.154936517999985
40,51,101,RGA-MR,7f4221bd23ccafd928fc94acc9d9c9cea7576d7befc0c29593c301377a0d2c25,565e48eb1ad9e52a4f3dad5f3f86d7d868090df8f89741a10007b6b41eb45224,optimal,True,optimal,True,True,0.33194183700000224,1.0,1.0,216408.62376592692,216408.80454074632,0,215.958891726788,374.5407269818571,0.03704992347763891,0.0,11557.282355668227,0,0,0.18077481939690188,208031.08240202809,8000.0,0.0,0.0,377.7221387182399,0.0,6.292048288000004,0.5078804440000084,0.003486315000003515,6.799928732000012,6.803415047000016
40,52,101,RGA-MR,63a5ea72f44dac0d990f5f9071aa4d586835f702572d9d7ae84e550e65d3ec15,071c493b7f74e4b5f1bd516dbb36623c731fe3fec151159bc2d4570226688f6d,optimal,True,optimal,True,True,0.43139382700000795,1.0,1.0,222965.9782072778,222966.16476755793,0,217.03097862317082,375.3995660688568,0.028520018222764065,0.0,11927.071393391356,0,0,0.18656028012628667,214687.28508104442,8000.0,0.0,0.0,278.8796865135335,0.0,8.424181234999992,2.519396768000007,0.003409731999994392,10.943578002999999,10.946987734999993
40,52,100,RGA-MR,abdf95aea8dc91d15e151a58c49c934a43f880b858f16c204efe2a2ebdb5a313,ff33d7f68c968b102285247078919ad01bd031f79ca94fa693061762af633be6,optimal,True,optimal,True,True,0.3297988500000031,1.0,1.0,222965.9782072778,222966.16476755793,0,217.03097862317082,375.3995660688568,0.028520018222764065,0.0,11927.071393391356,0,0,0.18656028012628667,214687.28508104442,8000.0,0.0,0.0,278.8796865135335,0.0,8.07515825599998,0.557308417999991,0.0034260619999884057,8.632466673999971,8.63589273599996
40,52,,FTR-NM,17e63fa193c143eeefd373fd65244038ffa7260a75818e2efd5cf4355df82d6f,3b9c1c818b5f7e234e5a87d264491ad9f14f5c3bfad13bb79f227f5f7725133f,optimal,True,optimal,True,True,0.33276735599999085,1.0,1.0,222965.9782072778,222966.16476755793,0,217.03097862317082,375.3995660688568,0.028520018222764065,0.0,11927.071393391356,0,0,0.18656028012628667,214687.28508104442,8000.0,0.0,0.0,278.8796865135335,0.017566589000011845,0.0,0.47847080600001846,0.0033673929999906704,0.4960373950000303,0.49940478800002097
40,52,100,B-ALNS,9ce9f3253b413e58fdda3a474252e33f9bf0956dc9c4573c6d1693e0bfdc1508,948e0a216120bb9ea1ac9a0e13383953d7d71fa26e9c88f0328247b7126fdcb7,optimal,True,optimal,True,True,0.476145915999993,1.0,1.0,151726.45072978342,151726.57766182866,0.17623425856307753,196.88854055678274,345.6827315676964,6.951381692488212e-10,0.05,7941.017538175764,2,-1.313993428243763,0.12693204524111934,142938.31568716376,8000.0,224.5433605723096,0.1122716802861548,563.606342412321,0.017492239999995718,3.1229239569999834,0.4980267819999824,0.004337114999998448,3.6384429789999615,3.64278009399996
40,52,100,ESI-ALNS,9d048881d30ced13e63dca0d584634d3d837c93f86cc7df843f47a2f9fb79c15,d94620c4f5a99509b4fb77208f845ab800672beb13143f5a6a2440a974daf24e,optimal,True,optimal,True,False,0.37268002399999034,1.0,1.0,146107.80829267646,146107.9297651189,0.1776155631275479,189.5299510656336,345.6926533011832,5.452420737128705e-09,0.05,7627.325649065888,2,-1.3122865948236435,0.1214724424353335,137291.86168318597,8000.0,224.54336660144014,0.1122716833007201,591.4124436481814,0.017492239999995718,7.7774517410000215,0.9929220739999778,0.004250884000015276,8.787866054999995,8.79211693900001
40,52,102,B-ALNS,65048e8ffb4fbba1910121c5990651ddcd19b1b759d671bdb2f7cdb2917b031d,e2aa34fc3e90aeb161214cad9a58f7fabb840eb477f4863280ef8f0277a92f4a,optimal,True,optimal,True,False,0.3539983319999891,1.0,1.0,143294.32178862815,143294.4427948306,0.7713437225264891,194.87651351071958,352.76148243378395,1.836042429204099e-11,0.025,7481.890002013915,1,-0.17605934110044474,0.12100620244746096,134674.02003625047,8000.0,91.7168792747728,0.045858439637386395,528.6600208657045,0.017492239999995718,3.6073697089999825,1.6371403859999987,0.004050801000005322,5.262002334999977,5.266053135999982
40,52,102,ESI-ALNS,65048e8ffb4fbba1910121c5990651ddcd19b1b759d671bdb2f7cdb2917b031d,c486beab46121cc499944ff73fe3b346452a48134ab343229608ba3f1de02188,optimal,True,optimal,True,False,0.3578055280000001,1.0,1.0,143294.32178862815,143294.4427948306,0.7713437225264891,194.87651351071958,352.76148243378395,1.836042429204099e-11,0.025,7481.890002013915,1,-0.17605934110044474,0.12100620244746096,134674.02003625047,8000.0,91.7168792747728,0.045858439637386395,528.6600208657045,0.017492239999995718,5.488844376000003,1.7021059289999982,0.003992469999985815,7.208442544999997,7.212435014999983
40,52,101,B-ALNS,4ec12e360979f5e2d9391a6ac7de900caeff0d70c0863eb57628f7f0b0341cf9,57b2f5903d4ce279adf585afd7573278b9fb7197ea834ab9a00e7d83063c2069,optimal,True,optimal,True,True,0.339342213000009,1.0,1.0,165023.55235629185,165023.68963845746,0,196.6075931450948,356.95003133845677,0.02392207374668942,0.0,8697.405845310805,0,0,0.1372821656113956,156553.30521559448,8000.0,0.0,0.0,470.3844228629771,0.017492239999995718,4.3459007159999885,0.4817518019999909,0.0034259619999943425,4.845144757999975,4.8485707199999695
40,52,101,ESI-ALNS,4ec12e360979f5e2d9391a6ac7de900caeff0d70c0863eb57628f7f0b0341cf9,d026f0da589a76a8f391b14fa51ed43ab1a4a1d6c18085a107d7ee0fc9400898,optimal,True,optimal,True,True,0.45345229100000495,1.0,1.0,165023.55235629185,165023.68963845746,0,196.6075931450948,356.95003133845677,0.02392207374668942,0.0,8697.405845310805,0,0,0.1372821656113956,156553.30521559448,8000.0,0.0,0.0,470.3844228629771,0.017492239999995718,6.442141574000004,0.5473704730000009,0.0034475819999784107,7.007004287000001,7.010451868999979
40,52,102,RGA-MR,630329d4073bb30dd11425abb3e4d43019e9f95ceeab27e2c74882571d80fb7f,a023623a706a1576228dd632e5cdd94e3966aff5fd85c04bd214ac51eff82e22,optimal,True,optimal,True,True,0.33777592300000947,1.0,1.0,222965.9782072778,222966.16476755793,0,217.03097862317082,375.3995660688568,0.028520018222764065,0.0,11927.071393391356,0,0,0.18656028012628667,214687.28508104442,8000.0,0.0,0.0,278.8796865135335,0.0,8.465960948999992,0.4938532470000041,0.00341953999998168,8.959814195999996,8.963233735999978
40,52,,GR-MR,6886ad9887d9e6d63549706fa9852b308bec92b7210e246a62492504308f49ba,f44ccc16f4086fbafdc310e35f3f8097f0455ebe0d6b5764d76a59fc141106b8,optimal,True,optimal,True,True,0.3414591989999991,1.0,1.0,222965.9782072778,222966.16476755793,0,217.03097862317082,375.3995660688568,0.028520018222764065,0.0,11927.071393391356,0,0,0.18656028012628667,214687.28508104442,8000.0,0.0,0.0,278.8796865135335,0.017492239999995718,0.0,0.5481137080000167,0.0035393539999972745,0.5656059480000124,0.5691453020000097
50,45,101,RGA-MR,73e8ab817ff673c3fdaf422ecfb2881abf324dcab10765707cd57e4d7b0fa6a5,fdca9e9e015acb335de4152221366f5f670cf0f7dc3769f148ca19d7de101285,optimal,True,optimal,True,True,0.9787268790000212,1.0,1.0,233506.69122147828,233506.8866174244,0.052161794600254587,212.55786862281536,365.11019494642534,5.989988949295366e-09,0.02,12379.36650709252,1,-0.663310484270891,0.19539594612433575,222828.59712766536,10000.0,76.69751479125938,0.03834875739562969,601.5536262104067,0.0,13.771168890999974,2.6250147000000084,0.0047818240000196965,16.396183590999982,16.400965415
50,45,102,RGA-MR,8dd7d0dec85cfe5d460da92a8486b323a0bf8cfa9d6a0a4df9082e3a8decf1a4,78051188e9b7d7d2f94f695d7694cb2fe3d9a654ca81c573d38b6b9501143df1,optimal,True,optimal,True,True,0.9443420340000159,1.0,1.0,233506.69122147828,233506.8866174244,0.052161794600254587,212.55786862281536,365.11019494642534,5.989988949295366e-09,0.02,12379.36650709252,1,-0.663310484270891,0.19539594612433575,222828.59712766536,10000.0,76.69751479125938,0.03834875739562969,601.5536262104067,0.0,13.198999025000006,0.6183881190000022,0.0051694789999885415,13.817387144000008,13.822556622999997
50,45,100,B-ALNS,e9eeef790d41a5241b560c739558647a48b1e9e739d51b2119350fbc968eb089,04084a1d7f4c2e35c553284c39fcf49b0ce43113413348e76b345a9610b79e00,optimal,True,optimal,True,False,0.4369706159999964,1.0,1.0,186697.24119728152,186697.42789452738,0.5901119411473323,216.29424367576146,373.16940439024114,-9.57948032009881e-09,0.04,9757.959467184079,2,-0.34955356070487464,0.18669724586652592,175643.2704093134,10000.0,438.3181503412562,0.21915907517062816,615.6201757975537,0.05903561199997398,16.675973298999992,6.888245366999996,0.005309010000019043,23.623254277999962,23.62856328799998
50,45,100,ESI-ALNS,85a9a389e7de07bd79250d41d3bd1a77f0390978cbcdc7d2a2b16ed34736d66f,3181ea38ae663f9386ae217fc70cafa398c4b4f9ac5a709e3dbd5258b22c05cc,optimal,True,optimal,True,False,0.43456633299999226,1.0,1.0,183137.35715041455,183137.54028782275,0.7645523600533894,217.07745732086727,372.56142482449906,-7.168517868194613e-08,0.06,9553.207031529693,2,-0.20450168518983114,0.18313740819576196,171957.72656753447,10000.0,617.9201420556292,0.30896007102781464,561.5846181616129,0.05903561199997398,22.887054492000004,6.7200319129999855,0.00504187000001366,29.666122016999964,29.671163886999977
50,45,102,B-ALNS,0e78b70032713d106deba25d7f54eb10abf92135f2990f04939c015373392a18,45e610767fbbe341c106991f1db351fb14dc0711117e3430890c2954c809018a,optimal,True,optimal,True,False,0.41557330599999887,1.0,1.0,179150.21329499577,179150.39244509442,0.6543387510721166,195.55217612283482,329.2272760448402,-6.725696266585146e-08,0.14,9234.992582773213,3,-1.0640703516440047,0.17915009864373133,166229.86648991785,10000.0,2264.2373110356816,1.1321186555178406,655.1565254853836,0.05903561199997398,15.773846089000017,2.0822960719999912,0.005219491999980619,17.915177772999982,17.920397264999963
50,45,102,ESI-ALNS,bb5e87fea55c9cea24d563ad10ec92456d14606ad91446543fd847992e8495dd,bccecb0acdd81d55dece647c479a85aa1daafe3eba0209bd552fe9181f8cad73,optimal,True,optimal,True,False,0.40157510499997784,1.0,1.0,170279.20664622515,170279.34911889167,0.8733631250680234,196.81169630910875,326.4974107089709,-2.6074076231452636e-10,0.14,8810.080585909289,2,-0.8589958980219508,0.14247266651364043,158581.45054636718,10000.0,1041.2770168606728,0.5206385084303363,656.1009171553833,0.05903561199997398,20.565629719000015,2.0576151909999965,0.005320110000013756,22.682280521999985,22.687600632
50,45,,GR-MR,88ee1b4edc95d05b2c1e83b2a6abc5961ba7bc5dcee4c5e83e1660f912c28c83,c65ea5b95b4c5cbdabf18910e1638c4b16f6006ab379848e5ef1a4967a180f58,optimal,True,optimal,True,True,0.9260267340000041,1.0,1.0,233506.69122147828,233506.8866174244,0.052161794600254587,212.55786862281536,365.11019494642534,5.989988949295366e-09,0.02,12379.36650709252,1,-0.663310484270891,0.19539594612433575,222828.59712766536,10000.0,76.69751479125938,0.03834875739562969,601.5536262104067,0.05903561199997398,0.0,0.5907994480000127,0.004648845000019719,0.6498350599999867,0.6544839050000064
50,45,100,RGA-MR,b3c7a69bcece73bb12aca744d03fb22377a277e91e8332ab735bb5fdefbbcb51,bde5e65b8f679f5d7034e733ac45141bbd99f905e567b7b5f57bf43161cd25c8,optimal,True,optimal,True,True,0.9332325080000032,1.0,1.0,233506.69122147828,233506.8866174244,0.052161794600254587,212.55786862281536,365.11019494642534,5.989988949295366e-09,0.02,12379.36650709252,1,-0.663310484270891,0.19539594612433575,222828.59712766536,10000.0,76.69751479125938,0.03834875739562969,601.5536262104067,0.0,12.50094669500001,0.5867818720000173,0.004583330999992086,13.087728567000028,13.09231189800002
50,45,,FTR-NM,e939e5143d438bdddfd7962a2c5b79d2200737dca157f0497049b8eb3f3283a1,55e7639642c88f61de1f8d7d8d863d3ee1c7a908eb38e243980f3805066e1167,optimal,True,optimal,True,False,0.5202805910000166,1.0,1.0,234276.96243383706,234277.1580136671,0.04288424327741215,212.54815849244963,365.10859198450794,3.973809725721367e-09,0.02,12417.700211244362,1,-0.6754427262335831,0.19557983003323898,223518.60380239852,10000.0,156.92194137423564,0.07846097068711783,601.5538089236511,0.042633066999968605,0.0,6.791896997000038,0.004839400999969712,6.834530064000006,6.839369464999976
50,45,101,B-ALNS,689cd4ac9e9b37ee88f05e49773c04104fd153c7e865b90fdbb65bafe23fd0da,828fc97159d6bf91950f970134d0d98f11c9422428ed48af8a4434bb6ca00d11,optimal,True,optimal,True,False,0.4192397779999908,1.0,1.0,165428.94777322575,165429.08561295006,0.7619069987072471,234.48305437593143,369.6440788116903,3.673790160974022e-10,0.1,8568.365207589555,3,-0.9497369683015819,0.13783972430974245,154230.573736612,10000.0,646.4432368998966,0.32322161844994834,551.7454178197415,0.05903561199997398,10.672578687999987,6.556474989000037,0.005438341999990826,17.288089289,17.29352763099999
50,45,101,ESI-ALNS,689cd4ac9e9b37ee88f05e49773c04104fd153c7e865b90fdbb65bafe23fd0da,a211b87ed110e3dcb07f12fa39f2994cad3981522c640775768f01221b82998b,optimal,True,optimal,True,False,0.5081925599999977,1.0,1.0,165428.94777322575,165429.08561295006,0.7619069987072471,234.48305437593143,369.6440788116903,3.673790160974022e-10,0.1,8568.365207589555,3,-0.9497369683015819,0.13783972430974245,154230.573736612,10000.0,646.4432368998966,0.32322161844994834,551.7454178197415,0.05903561199997398,12.573315577000017,6.5274979510000435,0.0054865019999965625,19.159849140000034,19.16533564200003
50,46,102,RGA-MR,1722764bb73308051621885e6c870a87f040adf622cd798fd86ead10beef2990,f624ad89dc1e86c94cb5f9a656e213d4e71c0d4de3ac5fae6385a697610acb15,optimal,True,optimal,True,True,0.4340333620000081,1.0,1.0,227768.5579358904,227768.74887167278,1.0241429696403266,205.48528876211532,356.40254924670745,-1.9412027540965937e-10,0.04,12053.210776091182,2,-0.6874614918048756,0.19093578238971531,216957.7939696413,10000.0,288.0885896472723,0.14404429482363615,522.7222680894046,0.0,17.786002308000008,2.618316270000008,0.004933430000022554,20.404318578000016,20.40925200800004
50,46,101,B-ALNS,6080daa61f49c451d26d012a7412a235b12332b723c107778c929e3d68720077,1ef2c7364ff4e08d6a4a4808590bbe5fdd3c8dba3c923b0a827217fb15b450e5,optimal,True,optimal,True,True,0.42828050600002143,1.0,1.0,146439.33916212764,146439.48560142098,0.6707907320598557,192.99002859116996,353.20824788452234,-3.362407596796402e-08,0.08,7488.380754896083,3,-0.2985809731501655,0.1464392933412455,134790.8535881295,10000.0,855.3905002334182,0.42769525011670906,792.813817807938,0.08031400900000563,12.294849959000004,0.6797041320000119,0.005562537999992401,13.054868100000022,13.060430638000014
50,46,101,ESI-ALNS,6080daa61f49c451d26d012a7412a235b12332b723c107778c929e3d68720077,128c664f21d43e4f8cb31e909d03ac2cb2fdd885e31f4661c075f37efb63e4dc,optimal,True,optimal,True,True,0.4394790629999932,1.0,1.0,146439.33916212764,146439.48560142098,0.6707907320598557,192.99002859116996,353.20824788452234,-3.362407596796402e-08,0.08,7488.380754896083,3,-0.2985809731501655,0.1464392933412455,134790.8535881295,10000.0,855.3905002334182,0.42769525011670906,792.813817807938,0.08031400900000563,14.821630454000001,0.6004062999999746,0.005320375000025024,15.502350762999981,15.507671138000006
50,46,101,RGA-MR,4898131884a2ecd373fd2cc247e80fd7d864a374c2ee26a8b91dbbfa9d2e9927,ad7a4c24993a19a97a7da544518e37e10a654dadab0531e6d2948a64f81f5717,optimal,True,optimal,True,True,0.5452620620000062,1.0,1.0,227768.5579358904,227768.74887167278,1.0241429696403266,205.48528876211532,356.40254924670745,-1.9412027540965937e-10,0.04,12053.210776091182,2,-0.6874614918048756,0.19093578238971531,216957.7939696413,10000.0,288.0885896472723,0.14404429482363615,522.7222680894046,0.0,18.17706323600001,0.6213994580000133,0.004687104999987923,18.798462694000023,18.80314979900001
50,46,100,RGA-MR,db16a727cfcba16d761100d0ff1eb03427db923f560ccdac61a9df018db6ee2b,a56442de212194657d219778942d4aef09fd2f58ebb83da551afdb35cd1abcf4,optimal,True,optimal,True,True,0.44932193700000767,1.0,1.0,227768.5579358904,227768.74887167278,1.0241429696403266,205.48528876211532,356.40254924670745,-1.9412027540965937e-10,0.04,12053.210776091182,2,-0.6874614918048756,0.19093578238971531,216957.7939696413,10000.0,288.0885896472723,0.14404429482363615,522.7222680894046,0.0,18.33016437500001,0.6022744939999995,0.0048213289999807785,18.93243886900001,18.93726019799999
50,46,,FTR-NM,8a159d871ccf27b3429ef18a2dafdd8cabb6327b76ae1474ce804e997d37c9d1,4e02913efb0eb688c870b59462938d554c05246b95d522b35fc8f678c4cd1dfb,optimal,True,optimal,True,True,0.9821600760000138,1.0,1.0,224695.37926161505,224695.5679183578,1.0374445221672244,199.2562340596049,313.6594466541166,-8.339125656675606e-08,0.06,11882.138661763485,3,-0.6918852756298048,0.1886567427427508,213878.49591174274,10000.0,255.0918496329146,0.12754592481645732,561.8526110573425,0.057734522000032484,0.0,0.6586463890000118,0.00508102699998858,0.7163809110000443,0.7214619380000329
50,46,100,B-ALNS,7715807c76961032967bda2143c45933b95256d4d81273c4844b2c427aeef6d5,f3f1a9a543b795f84751be6f09470d9b2fed9643f10f6c1cfd9cb2a0100674cb,optimal,True,optimal,True,True,0.9633612899999946,1.0,1.0,145847.98708242993,145848.1123304714,0.7914580577992123,196.7700370260995,336.4511129219483,-1.1891182793988264e-07,0.1,7466.78861107188,3,-0.9374900770210219,0.12524804146960378,134402.19499929383,10000.0,827.5059912133961,0.41375299560669804,617.9975869685529,0.08031400900000563,11.063849556999998,0.6654174550000107,0.005306804000014154,11.809581021000014,11.814887825000028
50,46,100,ESI-ALNS,7715807c76961032967bda2143c45933b95256d4d81273c4844b2c427aeef6d5,e29bc90089df9300480d0cd3f39b0129354d2437f1a038af037b41dc9e5c2e3f,optimal,True,optimal,True,True,0.9822330029999762,1.0,1.0,145847.98708242993,145848.1123304714,0.7914580577992123,196.7700370260995,336.4511129219483,-1.1891182793988264e-07,0.1,7466.78861107188,3,-0.9374900770210219,0.12524804146960378,134402.19499929383,10000.0,827.5059912133961,0.41375299560669804,617.9975869685529,0.08031400900000563,13.123337383000006,0.5866799219999734,0.005093773999988116,13.790331313999985,13.795425087999973
50,46,102,B-ALNS,d0e4a28308073dda1f442aeee120534787eb4c0a4a6cab6d222131d9394de002,4f7afdc2b70e503e7e4abd7c61a734118a426fd4f1df091ad740db19cb31d37a,optimal,True,optimal,True,False,0.5698505020000084,1.0,1.0,172689.24012893598,172689.41281811407,0.7515458448822355,188.70530128065337,351.3663198016589,-1.5646548945369432e-08,0.08,8972.377878753516,3,-0.9317977511154624,0.17268917808542028,161502.80181756328,10000.0,679.4006559767561,0.33970032798837807,506.8706442460604,0.08031400900000563,14.169843491999984,3.7483648890000154,0.005333856999982345,17.998522390000005,18.003856246999987
50,46,102,ESI-ALNS,d0e4a28308073dda1f442aeee120534787eb4c0a4a6cab6d222131d9394de002,20e8e2a195cf19466d4f593a04b334d18accb1dc3951572dfadc5b637dfec8da,optimal,True,optimal,True,False,0.44774958899998296,1.0,1.0,172689.24012893598,172689.41281811407,0.7515458448822355,188.70530128065337,351.3663198016589,-1.5646548945369432e-08,0.08,8972.377878753516,3,-0.9317977511154624,0.17268917808542028,161502.80181756328,10000.0,679.4006559767561,0.33970032798837807,506.8706442460604,0.08031400900000563,15.983659929999988,3.793736910000007,0.005038084999966941,19.857710849,19.862748933999967
50,46,,GR-MR,cf3be2421d018b2eb786f562141be4adaf2da13081957be6758b4fd381d02a18,4fe293a5dadc757c61408a424bbe9b10af01cead3411db93e9c754b31375472b,optimal,True,optimal,True,True,0.552232441000001,1.0,1.0,227768.5579358904,227768.74887167278,1.0241429696403266,205.48528876211532,356.40254924670745,-1.9412027540965937e-10,0.04,12053.210776091182,2,-0.6874614918048756,0.19093578238971531,216957.7939696413,10000.0,288.0885896472723,0.14404429482363615,522.7222680894046,0.08031400900000563,0.0,0.6009006459999569,0.004830095000045276,0.6812146549999625,0.6860447500000078
50,47,101,RGA-MR,93f97b576e97520c849e94c41552db6f53cf6f0cc77c9012152878196f89fe9d,e0713d1c7239254fcda614924916b33216253f5e1957416218d638fc8a2c02c2,optimal,True,optimal,True,False,0.4639467169999989,1.0,1.0,227178.72554031527,227178.95271908003,0.5224222590340892,196.28402251880516,339.24984838224395,-8.271689466710086e-08,0.04,12008.017791672173,2,-0.40514588387125783,0.22717876476235688,216144.32025009915,10000.0,393.48508922162557,0.1967425446108128,640.9506372146323,0.0,18.048105762999995,9.012448398000004,0.00510111500000221,27.060554161,27.065655276
50,47,102,B-ALNS,a3bf00bdb38b6455c6c28c278f9e109636d1a04ea1d1bfb31c903dfad197858c,f2586a98c08afb3e12eb807e42c19131cc7df539494c36df59c92aac570564a9,optimal,True,optimal,True,False,0.5405373939999834,1.0,1.0,171708.1594577084,171708.331166134,0.6671995520369518,196.67369419413296,337.49024093675627,-3.2146022022061516e-07,0.06,8896.57159231729,3,-0.9965410580725291,0.17170842562336475,160138.2886617112,10000.0,817.6882180986762,0.4088441090493381,751.9454422150858,0.11888871600000073,8.999627973000003,7.103377910000006,0.005193253000001619,16.22189459900001,16.22708785200001
50,47,102,ESI-ALNS,06d19c0d8af7d99b0423a6fbd342bf3d20749d0acbbb3834caec1be3cc566655,bfd72327302eef4171e4373ace5e29fd777c65dbc6d04f99b81f844c133336bf,optimal,True,optimal,True,True,0.4465120430000127,1.0,1.0,171325.2974108465,171325.44029363748,0.32706869521235177,202.8962207737907,371.2306244162592,1.5701857591920998e-09,0.04,8898.847154863135,2,-1.2037758003444585,0.1428827909694519,160179.2487875364,10000.0,428.73328300487526,0.21436664150243762,717.243856454691,0.11888871600000073,14.549907564000009,0.6328399089999976,0.005007333999998309,15.301636189000007,15.306643523000005
50,47,102,RGA-MR,0743e653892542d4cfb900069ec18994894aaeeb74b684b2b84f680f9f61d325,9d5bbda46499b6c3884effde635a582b046ace586a86bb4568272297aed46a6f,optimal,True,optimal,True,True,0.5380846010000084,1.0,1.0,239220.799277723,239221.0002932216,0.29834348752294737,203.56818363050004,346.9943759537521,8.30056023914949e-10,0.02,12697.779497209649,1,-0.5133761751387043,0.20101549857645296,228560.03094977367,10000.0,120.2241271117674,0.0601120635558837,540.6851042725916,0.0,16.536274514,0.6832910680000026,0.004679198999994583,17.219565582,17.224244780999996
50,47,101,B-ALNS,de13499a7f06b07d4579c56fc64a92578dce9cec8918a1cb53b43ec0ea8391b9,791e8138fd02dc1a1c9862affaa3977b24bf4d4c1f9452946bcd4e5f5a9e4fbd,optimal,True,optimal,True,True,0.43069975500000623,1.0,1.0,185532.78054553684,185532.93614932688,1.2183523658344586,211.19153539882396,376.29972513790796,-2.2974973035161383e-09,0.06,9693.488276289385,3,-0.5971554223602551,0.15560379004455172,174482.78897320892,10000.0,462.6334221131861,0.23131671105659302,587.2824372937044,0.11888871600000073,9.758596928000003,0.7482643790000054,0.005365795000003004,10.625750023000009,10.631115818000012
50,47,101,ESI-ALNS,6dc6c0e4f0ce3d314e7539f25d20009bc81ffb1d398facc7057c3747d852ce57,d2e0c58ee4079982cfa99963c7066c8e0480683ec177fdf095ff9cf3e36a275f,optimal,False,skipped_unqualified_stage1,False,False,,0.0,0.0,,,,,,,,,,,,,,,,,0.11888871600000073,15.354028178999997,4.390965567999999,0.003026611999999318,19.863882462999996,19.866909074999995
50,47,100,RGA-MR,fca7946f735fcbb71641607ffcb56e9fa095e58898b75a60dd7a4ef65522dfad,00b7581c4a9b9e42b831fd7b1c3be614210ffd4268692f5c036b555b6548d019,optimal,True,optimal,True,False,0.5260114090000059,1.0,1.0,241893.81477103417,241894.02032618632,0.6326822260527286,197.23158639858073,333.1846957949239,2.532942744437605e-10,0.02,12840.452780998512,1,-0.2736633624117425,0.20555515214800835,231128.15005797322,10000.0,120.22412695118045,0.06011206347559023,645.5860291984404,0.0,18.490987483999987,1.8459921270000166,0.004753497999985257,20.336979611000004,20.34173310899999
50,47,100,B-ALNS,4ebeb1a8a311454e2fe2e6b19a4c87f8affdb90f76deee4dfb758677e4ac0183,694e496920eee78cf8d2bb43896a395102ab5e53b6139d1ea4ffa9439664d033,optimal,True,optimal,True,False,0.9839799979999952,1.0,1.0,179418.36352666342,179418.5429447547,0.8807280578992092,210.17544581258272,371.2720459232503,-1.1416773304517847e-08,0.06,9341.537345902856,3,-0.8879759455112046,0.1794180912838783,168147.67222625142,10000.0,768.7493871393826,0.38437469356969134,501.73695667032365,0.11888871600000073,9.029888518999996,2.7745201529999974,0.005859090000001288,11.923297387999995,11.929156477999996
50,47,100,ESI-ALNS,0d5896aaf1c66861767ed7e2a042ecd5b1f834e1697fa5dedcecb15c1b401fa4,cbaf88ba55cf000ac04de63f2ff6b8d45e30527ff32c99de56c106c94baf2a6b,optimal,True,optimal,True,True,0.4350879480000174,1.0,1.0,179334.4434922504,179334.5936850567,0.6927046601687569,208.13758991166546,371.21814875167667,-3.97966459786403e-09,0.04,9354.97415755326,2,-0.9647851635644785,0.1501928062934894,168389.53483595868,10000.0,379.7867176088181,0.18989335880440902,565.0822381303976,0.11888871600000073,14.391194033000005,0.7013200900000243,0.005067977999999584,15.21140283900003,15.21647081700003
50,47,,GR-MR,2c14d2e2e3bb423e2e19addb3fbc6c61888a9bf442f4554b875aa39910bce2b2,762d59ea80f955eabdbb597cb2d06dbb77a9c53bde329214f0cec5edf5ca1760,infeasible_precheck,False,skipped_unqualified_stage1,False,False,,0.0,0.0,,,,,,,,,,,,,,,,,0.11888871600000073,0.0,0.00038474100000485123,5.321000003277732e-06,0.11927345700000558,0.11927877800000886
50,47,,FTR-NM,2f29b575a78b3af5b5964980a5c3ce4a9181ba3eb76afad0324bbe9125bd74c0,3d98f4594ce2a4d0e71cb50d4111932be6cd4c9f11c5de0aa5f64647f20a78ea,optimal,True,optimal,True,True,0.5149166519999824,1.0,1.0,229866.9628648536,229867.15470911845,0.14140404760979852,197.10515055987426,333.1343394411076,3.367640033502539e-08,0.04,12153.485786665122,2,-1.3225165742855287,0.19184426486026496,218762.7441599722,10000.0,468.65916961723883,0.23432958480861943,635.5170499441889,0.054036062999990975,0.0,0.7259154040000055,0.005071814999979551,0.7799514669999965,0.7850232819999761
50,48,102,RGA-MR,44e7a366516bcde482ea792816cf1369477316366e7173f1aadb2922704978dd,d4d4be3e51466b2b6caa40292ac60cacc8500b5d085b54d57c498b22e58c3a8f,optimal,True,optimal,True,True,0.5302543990000004,1.0,1.0,221790.31420286337,221790.49944265292,0.5432061373149797,213.7331024415716,400.887767570718,6.008349373587407e-11,0.04,11723.213931026015,2,-1.0543263508845793,0.18523978954181075,211017.85075846827,10000.0,316.84016824019596,0.158420084120098,455.65009586033955,0.0,10.125932662000004,2.126055521000005,0.003921431999998504,12.251988183000009,12.255909615000007
50,48,,FTR-NM,9ab9a5275df71d0199588e1af461d2a4c4c2f9be951934e2cb8d683b5e9154ce,0043f98745591d2d9149131f8588f3646cf4e42942965455bb4e24eaca5f1a85,optimal,True,optimal,True,True,0.4272609349999925,1.0,1.0,222331.88421785505,222332.06995796174,0.06832602869737997,216.31549483698072,408.84130555893455,3.8534267332579475e-08,0.04,11753.637979744679,2,-1.3679807309482945,0.18574010668089613,211565.4836354042,10000.0,318.98566867633116,0.15949283433816558,447.44116104686077,0.04325750699999986,0.0,0.5211481840000047,0.0037137530000066477,0.5644056910000046,0.5681194440000112
50,48,101,RGA-MR,2b7d3712a8905eab7c950701a75fcbfc97959a3f3fdb84f93514de790f3bc6e9,377a744574df8b431b6a01334c523740bea20ab97cf52bc9abeaed0d9355ee54,optimal,True,optimal,True,True,0.431620898999995,1.0,1.0,216971.07622921502,216971.29320027464,0.3537226059465448,217.28986481096774,408.95862994506746,-7.145479230530327e-08,0.04,11459.005580230734,2,-0.5477015925811023,0.21697105962084606,206262.1004441532,10000.0,266.2340225619396,0.13311701128096978,442.82561654820097,0.0,10.815704559000004,0.5235080089999968,0.003872455999996305,11.339212568,11.343085023999997
50,48,102,B-ALNS,1c32a5b21b382bafee582f390a15d80e701c054c0d60af5ec00e547eac25dc71,3fad8de7ef94ced22e64e3bc3ceac92f69658f0d2a16b316d3f5dd9226c5e56e,optimal,True,optimal,True,False,0.521333750000025,1.0,1.0,152722.638581091,152722.79130380237,0.3868899132213073,223.94400520328054,399.4573675155597,-1.3067761983620585e-07,0.08,7864.829026035126,4,-0.5339031211931996,0.15272271135472693,141566.92246863226,10000.0,668.5716593847907,0.33428582969239534,486.9628899556302,0.06639671800000002,5.220505593999995,5.664342137999995,0.004096023000002447,10.95124444999999,10.955340472999993
50,48,102,ESI-ALNS,64b353e382f3778abdaf2ac462a94ec26af7055121360011cc1367e2769c4b03,b543974a7409fe0bd2deb57c7f1d486151909c0f1ddb32e8390465aa9450d257,optimal,True,optimal,True,False,0.44526654000000576,1.0,1.0,152590.84221627458,152590.9948071431,0.6324823063440421,223.8820589055342,399.4573675238045,-5.453557605505921e-08,0.08,7863.303582581944,4,-0.32079930262733836,0.15259086852893233,141539.46448647502,10000.0,564.2852879827198,0.2821426439913599,486.96289004138936,0.06639671800000002,8.501771226000002,5.59630252800001,0.003927496000002861,14.164470472000012,14.168397968000015
50,48,101,B-ALNS,08ab4b372c9e8fbc2a18fffbb1d549c6a9bd36afba6927a4cc3b9254b10d0fd6,39d26ece9a55ac34388664150efeb5069f27f0412ebc7333c712447cd3d307c9,optimal,True,optimal,True,True,1.9118597930000192,1.0,1.0,137634.51960220718,137634.65723630897,0.14344616533013166,200.34652060153937,354.63829837655015,-6.274979114095913e-08,0.04,7036.313742756916,2,-0.7183879724885062,0.13763410178944468,126653.6473696245,10000.0,246.13140018377732,0.12306570009188866,734.755400800587,0.06639671800000002,4.21094038999999,0.561342678999992,0.003944902999990063,4.8386797869999825,4.8426246899999725
50,48,101,ESI-ALNS,08ab4b372c9e8fbc2a18fffbb1d549c6a9bd36afba6927a4cc3b9254b10d0fd6,9c3538a00a7995c189cd5f3e9d2893a9b9da9c7f5c2d9953a1db1ddea665425b,optimal,True,optimal,True,True,1.930412576000009,1.0,1.0,137634.51960220718,137634.65723630897,0.14344616533013166,200.34652060153937,354.63829837655015,-6.274979114095913e-08,0.04,7036.313742756916,2,-0.7183879724885062,0.13763410178944468,126653.6473696245,10000.0,246.13140018377732,0.12306570009188866,734.755400800587,0.06639671800000002,10.945566503999999,0.45124176699999907,0.00400026399999831,11.463204988999998,11.467205252999996
50,48,100,RGA-MR,54a6650f2d15a56b08c5cadac447ec29229b7e3a2b85db07213324ca8b159e84,2638da997be3b9d4e71352217b6e27cc9d377baf53fd7308643e653de558317c,optimal,True,optimal,True,True,0.5347417469999982,1.0,1.0,221790.31420286337,221790.49944265292,0.5432061373149797,213.7331024415716,400.887767570718,6.008349373587407e-11,0.04,11723.213931026015,2,-1.0543263508845793,0.18523978954181075,211017.85075846827,10000.0,316.84016824019596,0.158420084120098,455.65009586033955,0.0,11.285206308,0.46103213399999277,0.00403361200000063,11.746238441999992,11.750272053999993
50,48,,GR-MR,91c0980fc77e088a49498ec21b0109a79f61f0c03b042cbbe1d4ca07f8d45aa9,e525709dfa17ba35aa336df6470e613f93d3e5c321bc410f93ee26fa44a71d9d,optimal,True,optimal,True,True,0.4341764469999987,1.0,1.0,221790.31420286337,221790.49944265292,0.5432061373149797,213.7331024415716,400.887767570718,6.008349373587407e-11,0.04,11723.213931026015,2,-1.0543263508845793,0.18523978954181075,211017.85075846827,10000.0,316.84016824019596,0.158420084120098,455.65009586033955,0.06639671800000002,0.0,0.6163003059999994,0.0038336899999933394,0.6826970239999994,0.6865307139999928
50,48,100,B-ALNS,ab3778fa9bde970fb98bbf6a329043b949eadb26e8fe60f42ca56da3470d4daf,3dd1f5d0542eba1649f61f58ba028460017a4e431e968702921c4e1bde881c04,optimal,True,optimal,True,False,0.5456547459999967,1.0,1.0,157206.41277960473,157206.56998471334,0.5435545563182774,220.61390920329563,397.9050761183786,2.511342245270498e-10,0.08,8117.823258538713,3,-1.1888436190365872,0.15720510861137882,146120.81865369686,10000.0,616.0789635557745,0.30803948177788726,469.3643279789393,0.06639671800000002,4.411213860000004,1.4507299369999913,0.0043149360000001025,5.928340514999995,5.932655450999995
50,48,100,ESI-ALNS,06c88fe3e2eebde62b855a037be9887621e0addde630ea1e5b743b5554997df1,ebda84fc31c30e7ff400112e04e325462be74e6528a881f9a0f1dac00756ddd5,optimal,True,optimal,True,False,0.414493761000017,1.0,1.0,154741.39979191383,154741.52908147246,0.5056687400802389,214.46568048507459,397.7456320872717,3.8818370740045793e-10,0.04,8001.721702483022,1,-0.3872633962206036,0.12928955862298608,144030.9906446944,10000.0,210.763675986711,0.1053818379933555,499.6693789533562,0.06639671800000002,8.38607765799999,5.3663369810000034,0.0036220900000074607,13.818811356999994,13.822433447000002
50,49,100,B-ALNS,6ed7619a24e42e634837cedc53fad79380696dae4817a1c1793f5ce0b7a4fb79,d8679f9a14411076da0d6777f49d4c6764b52d8278153fb84a178adead3ba2e5,optimal,True,optimal,True,False,2.4290148549999913,1.0,1.0,146000.83914488173,146000.98514568608,0.7336284229529575,203.76372813233417,362.2165224599528,-2.188772896261071e-08,0.08,7472.942725906193,3,-1.0365450600611328,0.14600080435047857,134512.9690663115,10000.0,678.3048281678715,0.3391524140839357,809.3720987926406,0.028241193999996028,11.071947180999999,6.845420278000006,0.005579402999998706,17.945608653,17.951188056
50,49,100,ESI-ALNS,6ed7619a24e42e634837cedc53fad79380696dae4817a1c1793f5ce0b7a4fb79,49c0bbfd9bde27bd0befb841136e9fdc91811f6e7af6b61e3595ab2726c10824,optimal,True,optimal,True,False,2.3113381809999964,1.0,1.0,146000.83914488173,146000.98514568608,0.7336284229529575,203.76372813233417,362.2165224599528,-2.188772896261071e-08,0.08,7472.942725906193,3,-1.0365450600611328,0.14600080435047857,134512.9690663115,10000.0,678.3048281678715,0.3391524140839357,809.3720987926406,0.028241193999996028,15.305198199000003,6.678484320999992,0.0051534210000028224,22.01192371399999,22.017077134999994
50,49,,GR-MR,eaf761954b464bbbd5cf027768b4bd6fabfcb617fc6ca913313f51442c27167a,49b14090e6f4107fa51616d95bb2267b01f8cca8a20166e14953f2bae400b229,optimal,True,optimal,True,True,0.41245759199998133,1.0,1.0,218629.56104221923,218629.74774270994,0,199.14137996649734,344.3570535862258,0.024474727178585454,0.0,11559.706742434906,0,0,0.1867004907107912,208074.7213638283,10000.0,0.0,0.0,555.0263788816085,0.028241193999996028,0.0,0.5866730939999911,0.004009241000005659,0.6149142879999872,0.6189235289999928
50,49,102,B-ALNS,1623fb9163e1ee716940f9ab62369b5e47b55aa63d927d50ca8aaed5aa195fe3,c673963cf397b0cfc1ffde602e031bfdf2a977331238457be92dd999cccbc9b6,optimal,True,optimal,True,False,0.5293524550000086,1.0,1.0,156689.10229406416,156689.25898296974,0.46131116621605844,213.56979760974494,365.4043378673731,-1.2873709920313559e-07,0.12,8043.761552452516,4,-1.264024798084978,0.15668890558299609,144787.7079441453,10000.0,1263.80246385484,0.63190123192742,637.1166737376977,0.028241193999996028,11.33356310100001,7.296539912,0.005392555000000243,18.658344207000006,18.663736762000006
50,49,102,ESI-ALNS,1623fb9163e1ee716940f9ab62369b5e47b55aa63d927d50ca8aaed5aa195fe3,91da2df796d2d440eeac012394118c0f8b988d3a847b8b24031f23d443bba44f,optimal,True,optimal,True,False,0.4317509009999867,1.0,1.0,156689.10229406416,156689.25898296974,0.46131116621605844,213.56979760974494,365.4043378673731,-1.2873709920313559e-07,0.12,8043.761552452516,4,-1.264024798084978,0.15668890558299609,144787.7079441453,10000.0,1263.80246385484,0.63190123192742,637.1166737376977,0.028241193999996028,13.344918610000008,7.4850777749999935,0.005450398999997219,20.858237578999997,20.863687977999994
50,49,100,RGA-MR,7728b5533ca1edb967671ca186bf300474646b5ebda4e99ebc7842f1a6f41205,ee35c5db579c2505de5462922832c18e3b47e43bc2f29e5ef1f3b8aeac9df00f,optimal,True,optimal,True,True,0.5120920850000061,1.0,1.0,218629.56104221923,218629.74774270994,0,199.14137996649734,344.3570535862258,0.024474727178585454,0.0,11559.706742434906,0,0,0.1867004907107912,208074.7213638283,10000.0,0.0,0.0,555.0263788816085,0.0,17.177935229,0.6479403669999897,0.003927391999994256,17.82587559599999,17.829802987999983
50,49,101,B-ALNS,2d9676203e5e2fcc58f23296a402bd56babebea3976be22f74d52fd672a9ebea,4198db963a762f828ae844f46d6773fdcb2439be03019666eb21dae28a4ad48b,optimal,True,optimal,True,False,0.44374587900000506,1.0,1.0,159700.28693685244,159700.44663731867,1.0918049622628525,207.35694047221375,367.8927139755897,-4.0887834984459914e-07,0.08,8242.874368059172,4,-0.7189217000055346,0.15970046623260714,148371.7386250651,10000.0,696.3048941429236,0.34815244707146176,632.0549656635619,0.028241193999996028,11.410329083999997,7.189292227999999,0.005339708999997583,18.627862505999992,18.63320221499999
50,49,101,ESI-ALNS,ca61bb85e71dbe31202cbad06c8676cac66ad946e7066b825a26698b852ac4d6,59978129358324f39cc0864e2bd5fbab73905f69aecc49a80a8c791fb1fa6f78,optimal,True,optimal,True,False,0.5438017849999994,1.0,1.0,158437.84053443608,158437.99897236872,1.0732328524590673,207.7949259886068,367.89271382669114,-1.0423019602967543e-07,0.08,8172.454397686273,4,-0.7327877050052107,0.15843793263775297,147104.17915835293,10000.0,696.3036304979851,0.3481518152489925,637.1680317025694,0.028241193999996028,16.149763551999996,7.112826063,0.005463060000010955,23.290830808999992,23.296293869000003
50,49,,FTR-NM,4dfbed67f5f884aa324139ac660369f22dc19b52bd9718b778dee7873e6dbc8c,d738b507e1a0e4f69ad7cae052645795a1088c6095932ba5539ea4f75b52194e,optimal,True,optimal,True,True,0.42331411300000354,1.0,1.0,218629.56104221923,218629.74774270994,0,199.14137996649734,344.3570535862258,0.024474727178585454,0.0,11559.706742434906,0,0,0.1867004907107912,208074.7213638283,10000.0,0.0,0.0,555.0263788816085,0.028452897999990512,0.0,0.5784151649999956,0.00400980499998127,0.6068680629999861,0.6108778679999673
50,49,102,RGA-MR,6689829552bc97594356a154a659e6ae896995f87d9717a972807bbb89b8898e,9e422b826ae21293eecfffeee2f3288b4a646fe37f1123876c74239cb9e1d073,optimal,True,optimal,True,True,0.5181891270000278,1.0,1.0,218364.05571396466,218364.23886577276,0.0309223773586636,203.62405376182858,348.1528095847955,7.270216428878484e-08,0.02,11546.621296457899,1,-0.6827224093072581,0.18315180810168386,207839.18333624216,10000.0,44.39618060068258,0.02219809030034129,480.63715083960705,0.0,15.102003367000009,0.6110798770000088,0.00464694499999041,15.713083244000018,15.717730189000008
50,49,101,RGA-MR,8c34a12963f84ebb5055cc23f1e22e9885ee85915fcb42ffb0956162be6c56fa,6dcc496db1fee43969a9cdb26b8e10a45f7b92915ed2d2e4fd92d9188f5bbfc3,optimal,True,optimal,True,True,0.4151184450000187,1.0,1.0,218629.56104221923,218629.74774270994,0,199.14137996649734,344.3570535862258,0.024474727178585454,0.0,11559.706742434906,0,0,0.1867004907107912,208074.7213638283,10000.0,0.0,0.0,555.0263788816085,0.0,16.55618438000002,0.5893637730000023,0.004166822000001957,17.14554815300002,17.149714975000023
50,50,102,B-ALNS,f5a556205bf7b3f5e3cf441878b2e7a32477768c77c0876cb4a28374558c290d,d6887e6e34ee9d3d515966a1aa8129f0c8219ca0ebe86731a0f6dc0237ae0660,optimal,True,optimal,True,False,1.4434348990000103,1.0,1.0,164998.88000062504,164999.04499950906,0.9091381227841844,201.4309771516423,348.6175425108088,-3.700012030094513e-08,0.1,8516.525708972467,3,-0.8923927826246263,0.1649988840217702,153297.4627615044,10000.0,1181.5973503515604,0.5907986751757803,519.3940889779459,0.09189677199999835,11.591132617999996,6.778387619,0.005079315999992673,18.461417008999994,18.466496324999987
50,50,102,ESI-ALNS,553fde5473bdf99b7db8af70c402070f1f14bcb061f9768044c0aee6c727e143,563909855fd764551d42e0bd9e46c2ef1e9b82391b32459583edeeef10c86c6a,optimal,True,optimal,True,False,0.4099965939999777,1.0,1.0,164881.89390394825,164882.03114690655,0.8516727474785069,201.70017543173788,348.25160170447646,-2.1859221988052013e-08,0.1,8515.906725775554,2,-0.885075659273487,0.13724295829888433,153286.32106395997,10000.0,1135.5107923882047,0.5677553961941024,459.6315351621834,0.09189677199999835,15.972028812000005,1.2862318300000055,0.004710037999998917,17.35015741400001,17.354867452000008
50,50,,FTR-NM,3c79ae0015c78908c982c7888d237677bdbdb49975cf17fa989fd5a428b4125a,95d0a7b15abaf409cf3417da8e5eded5e615200107d4d3e74a4f78e8b901d5f6,optimal,True,optimal,True,False,0.5119073070000013,1.0,1.0,218608.16729036556,218608.3489583648,0.12497432818728398,195.9923581620975,322.2671362951835,6.871403002151055e-09,0.04,11527.03979121866,1,-0.6372902181359404,0.18166799924802035,207486.7162419359,10000.0,532.1162430877723,0.26605812154388614,589.2504152195784,0.05946848799999316,0.0,6.654776269999999,0.004450828000003071,6.714244757999992,6.7186955859999955
50,50,100,RGA-MR,a7482f86530026ec55692386140fdc7c59cab50a4fe37f5af81caba9e701ea42,2ebf9711c4652bc764b5342895d8cbbc098b6bd923978f10cfd2b93fe132ac26,optimal,True,optimal,True,True,0.4191530880000016,1.0,1.0,218081.6247514627,218081.8063913603,0.18318380387388378,196.2188829750027,322.2676919679044,1.3504177331924438e-08,0.04,11516.466352129319,1,-0.6082113345409239,0.1816398976079654,207296.39433832772,10000.0,178.22740086859403,0.08911370043429702,607.0955384635653,0.0,22.743361253000003,0.589993554000003,0.004740787000002911,23.333354807000006,23.33809559400001
50,50,100,B-ALNS,3d104d0efb79ecba6d9266167dce9c6b88da3d0f276693875c2014379855646c,1b8a8d846281b41f6b57b72909396c97da8026599c138dcec13ed8aae2570a48,optimal,True,optimal,True,False,0.5201322349999771,1.0,1.0,165688.25588262916,165688.39549189206,0.1296619011273811,193.0416909994273,364.690390691424,3.323930286569521e-08,0.02,8599.853637411125,1,-0.6255882525259445,0.13960926290019415,154797.36547340025,10000.0,123.20527159142105,0.06160263579571053,767.7631442646007,0.09189677199999835,8.030548222999997,6.800906119999993,0.004490379999992911,14.923351114999988,14.927841494999981
50,50,100,ESI-ALNS,3d104d0efb79ecba6d9266167dce9c6b88da3d0f276693875c2014379855646c,fb2b1688f65af416384b553c97805859b7382b5ce4c19ae9c9731a014e38ec61,optimal,True,optimal,True,False,0.4257761540000047,1.0,1.0,165688.25588262916,165688.39549189206,0.1296619011273811,193.0416909994273,364.690390691424,3.323930286569521e-08,0.02,8599.853637411125,1,-0.6255882525259445,0.13960926290019415,154797.36547340025,10000.0,123.20527159142105,0.06160263579571053,767.7631442646007,0.09189677199999835,10.39043595199999,6.817446816,0.0045460030000015195,17.29977953999999,17.30432554299999
50,50,102,RGA-MR,28b058086f0ba7885431da35a02c79425bc38a249bdf9d50640171a32c9b7dc6,f799576b8f373c09be7e2ad751c35375b45a7cb53ed6d9394b2b944a28be8549,optimal,True,optimal,True,True,0.5186025280000024,1.0,1.0,218081.6247514627,218081.8063913603,0.18318380387388378,196.2188829750027,322.2676919679044,1.3504177331924438e-08,0.04,11516.466352129319,1,-0.6082113345409239,0.1816398976079654,207296.39433832772,10000.0,178.22740086859403,0.08911370043429702,607.0955384635653,0.0,19.892572658999995,0.6814225980000117,0.004910214999995333,20.573995257000007,20.578905472000002
50,50,,GR-MR,96daaf997fa9f93716866af4905052c1440edab6247049fd1652bda650ed3fda,64bd64b4b6e828e62a4b9f1eb347f684d587407ce474a2cee85c581050685cac,optimal,True,optimal,True,True,0.4229876459999957,1.0,1.0,218081.6247514627,218081.8063913603,0.18318380387388378,196.2188829750027,322.2676919679044,1.3504177331924438e-08,0.04,11516.466352129319,1,-0.6082113345409239,0.1816398976079654,207296.39433832772,10000.0,178.22740086859403,0.08911370043429702,607.0955384635653,0.09189677199999835,0.0,0.5990516650000188,0.004692698999974709,0.6909484370000172,0.6956411359999919
50,50,101,RGA-MR,eb9a963fcb6b7db50eeee4e7c1db0f476ce0b5943dfe58cc7e20c48d750a4222,0b26690139c81a14266945cf3b5009f5165dfb456a8c5a6ce8a9d3df795b380b,optimal,True,optimal,True,True,0.515597213999996,1.0,1.0,218081.6247514627,218081.8063913603,0.18318380387388378,196.2188829750027,322.2676919679044,1.3504177331924438e-08,0.04,11516.466352129319,1,-0.6082113345409239,0.1816398976079654,207296.39433832772,10000.0,178.22740086859403,0.08911370043429702,607.0955384635653,0.0,22.437641076999995,0.5892021880000016,0.004558045000010225,23.026843264999997,23.031401310000007
50,50,101,B-ALNS,0d988f6e60c8c92994126c966f446c6119c33585a0a14f95646c0a34bd84d8ce,46d1760643f534302d812fe0750eee79d488f72529d325480d96cef0b1ee5447,optimal,True,optimal,True,False,0.4083133180000118,1.0,1.0,181840.41249198694,181840.5637481223,0.492569169043138,208.39671102157217,360.26266217455,7.256915068865055e-09,0.08,9486.498512106431,1,-0.4234301437239452,0.15125613537384197,170756.97321791577,10000.0,455.7124697159081,0.2278562348579541,627.6502042557805,0.09189677199999835,14.633926530999986,2.935507761999986,0.004403077000006306,17.66133106499997,17.665734141999977
50,50,101,ESI-ALNS,23c97d43db8bb993dd85be1500f75eb34110c5a19a43594c1018586732752d19,6764e8fce79670b733cc76a6ae891ec263b909b9cb0b7771a81b67b731036f6e,optimal,True,optimal,True,False,0.5127917959999877,1.0,1.0,172027.75215146135,172027.89562263174,0.5623411159037769,209.99520119079693,350.70500098537616,1.5705836631241255e-09,0.1,8932.561763089125,2,-1.0900484534657928,0.14347117039142177,160786.11173560424,10000.0,654.9691450279781,0.32748457251398905,586.4872574270001,0.09189677199999835,18.818311346,2.292796586999998,0.004952751000018907,21.203004704999998,21.207957456000017
50,51,102,RGA-MR,3177a00cd60f7692cb3fc8bced42a3ac8ea97d7c8b9fbd842ca2267360d2c4d7,ed18ead854a39e0bc0413c2ab179349e67dd2f704afc6a3891367bd0baf830be,optimal,True,optimal,True,True,0.42308559699998227,1.0,1.0,233706.5723995139,233706.77049852553,0.4132632165539906,204.117934392506,349.80326874373907,-1.4269971870817244e-09,0.02,12387.373755661387,1,-0.4368212556610049,0.19809901161352172,222972.72760190498,10000.0,66.23351552735875,0.03311675776367937,667.7762643354181,0.0,12.416787330999995,2.720867122999991,0.004846659999998337,15.137654453999986,15.142501113999984
50,51,,GR-MR,a1ba821e8c53fd332fde823654f7c71547b74ab9eaf8d52c68dfa01b2874d46c,19674e938077bbb8ed4d08af4ad2a79739b4c40a3bc8f5c4b2789476913b50da,optimal,True,optimal,True,True,0.5152351380000084,1.0,1.0,233706.5723995139,233706.77049852553,0.4132632165539906,204.117934392506,349.80326874373907,-1.4269971870817244e-09,0.02,12387.373755661387,1,-0.4368212556610049,0.19809901161352172,222972.72760190498,10000.0,66.23351552735875,0.03311675776367937,667.7762643354181,0.053328465000006986,0.0,0.7031039740000011,0.004549539000009872,0.7564324390000081,0.760981978000018
50,51,102,B-ALNS,e7e719cfe408768d621d4db7d0be133c1eb4b644c7b2ec63b21f3b436447f6ed,cfbf6629507acc9252acc05111a69a5ca76d926c85c06240a4c2dd29ad9698d9,optimal,True,optimal,True,False,1.3463853799999868,1.0,1.0,167883.74724865795,167883.91513240145,1.3782587667123172,223.55445250448528,355.70770656438265,-5.172921646590112e-09,0.16,8641.614926980425,5,-0.5264005212599094,0.16788374350289814,155549.06868564765,10000.0,1645.721844241981,0.8228609221209905,688.301741589708,0.053328465000006986,12.811087490999995,6.746623443000004,0.005804494000017257,19.611039399000006,19.616843893000024
50,51,102,ESI-ALNS,e7e719cfe408768d621d4db7d0be133c1eb4b644c7b2ec63b21f3b436447f6ed,f087d1dff5e7bbb83ea7d6ff29544aa893255ecd7f4a377919cffe14e5e2050c,optimal,True,optimal,True,False,1.356566397999984,1.0,1.0,167883.74724865795,167883.91513240145,1.3782587667123172,223.55445250448528,355.70770656438265,-5.172921646590112e-09,0.16,8641.614926980425,5,-0.5264005212599094,0.16788374350289814,155549.06868564765,10000.0,1645.721844241981,0.8228609221209905,688.301741589708,0.053328465000006986,16.435167375999995,7.067416312999995,0.00585429400001658,23.555912153999998,23.561766448000014
50,51,101,RGA-MR,2776883141e2478e8a9fe971e822d827ea7ac82f660aed24035c4b6487948931,a23347151ec9e3a6a760ac4553bcf6a90c107ef6f6d11ec14cb514c4cbfeec6b,optimal,True,optimal,True,True,0.5125792380000007,1.0,1.0,233706.5723995139,233706.77049852553,0.4132632165539906,204.117934392506,349.80326874373907,-1.4269971870817244e-09,0.02,12387.373755661387,1,-0.4368212556610049,0.19809901161352172,222972.72760190498,10000.0,66.23351552735875,0.03311675776367937,667.7762643354181,0.0,11.71924934400002,0.7256500259999825,0.0052320830000098795,12.444899370000002,12.450131453000012
50,51,101,B-ALNS,64e8f23a66aaa4151ebfcdad63730de12396461b5185eaa574da560eefb281e0,224644028515322aa7e277523efd2cc6aefbbd223de3b0cbf5d15876cf6ddfa3,optimal,True,optimal,True,False,0.4257029230000171,1.0,1.0,178674.6170872788,178674.7673137419,0.6389914368495935,216.8865172848282,359.2363944374482,-4.401158548716921e-09,0.1,9291.88695275758,3,-1.0494095617935908,0.15022646309807897,167253.96514963647,10000.0,863.7735797185869,0.43188678985929346,556.596697596987,0.053328465000006986,12.456367362000009,6.962210794000015,0.005929718000004414,19.47190662100003,19.477836339000035
50,51,101,ESI-ALNS,c2b5e9083cd54c6dbedc89aa5dfc015e85b1d13c1816d23ad663a671204146f1,3b321270ad540b6bc92742c62c0ff06caecd6e21fd8cbfaff2114b82351ce143,optimal,True,optimal,True,True,0.5194239109999899,1.0,1.0,176127.81874580105,176127.96732669775,0.6389914373304335,219.03724461263553,379.7657318141783,-3.5318521440785844e-09,0.1,9152.434430774727,3,-1.0490350931103525,0.14858089669723995,164743.81975394508,10000.0,863.773779389292,0.43188688969464606,519.9419064736765,0.053328465000006986,17.909624866,0.6363211419999857,0.005199319000013247,18.599274472999994,18.604473792000007
50,51,,FTR-NM,87605d1e728677b7bafff450dea56cbce947b5aabd97192a4648876e942b1a4e,233be09829f9b8684da0c4e0d14fc1d463ef094df6890013e7eba188b9124317,optimal,True,optimal,True,True,0.4233774039999787,1.0,1.0,241888.44271059128,241888.64498725237,0.049132173280902365,204.11613209664324,349.7989347059116,2.26242491407902e-09,0.02,12840.254881618408,1,-0.6753547368127982,0.20227666108985431,231124.58786913136,10000.0,96.22855771500129,0.04811427885750064,667.7804461271769,0.03706436600002405,0.0,0.718064327999997,0.00526099600000407,0.755128694000021,0.7603896900000251
50,51,100,B-ALNS,0eba8b3189decf8215a3dfae73e662eaa97ea557b6fe5c87a014cea5681a6d2f,09b49923990640fab37c0c4981550ce36e97f36f69de34e861040b438b3a74a6,optimal,True,optimal,True,True,0.5201935030000016,1.0,1.0,176253.60437053314,176253.78062404483,0.28277585083090023,228.14817874058818,382.214496898781,-3.121722215837508e-06,0.06,9180.156602733434,2,-0.6049188911223122,0.17625351168680936,165242.8188492018,10000.0,424.08701851621385,0.21204350925810694,586.6627128175296,0.053328465000006986,10.759082021000012,0.6965175109999961,0.0054739779999977145,11.508927997000015,11.514401975000013
50,51,100,ESI-ALNS,6323e0a84ee97c4f3a8e8cfb52f2b1527175618ea4541c2dc15ac861fca25008,673b4bb6876f307d8a7ed35775a61815694f852c8a7bc13100485e86aa21f030,optimal,True,optimal,True,False,0.4228304559999856,1.0,1.0,176012.55959830462,176012.70621597918,0.05458824821895617,224.96795063622758,382.04258393919287,1.2327859622018877e-08,0.02,9180.156602733434,1,-0.6729907372299837,0.14661767455982044,165242.8188492018,10000.0,95.44981323371132,0.04772490661685566,674.3898286370259,0.053328465000006986,15.347234707999974,7.198135285000006,0.00481853099998375,22.598698457999987,22.60351698899997
50,51,100,RGA-MR,27d3ac7a50d2cc554b47e4c596732a29ffea725676b976640b84c985f31574ec,038c8bcb610e1bf7e604c3b1375f34041ab2dfe4ade3b8902a9bbcba8bf51538,optimal,True,optimal,True,True,0.512334127999992,1.0,1.0,233706.5723995139,233706.77049852553,0.4132632165539906,204.117934392506,349.80326874373907,-1.4269971870817244e-09,0.02,12387.373755661387,1,-0.4368212556610049,0.19809901161352172,222972.72760190498,10000.0,66.23351552735875,0.03311675776367937,667.7762643354181,0.0,10.539575128999985,0.7237814540000045,0.005719871999986026,11.26335658299999,11.269076454999976
50,52,101,B-ALNS,fa10ba0ea9396ef173a6bb54e4c0aa9f73787f95ba7aa288a57769362b693d00,1e777483bd93092a084fefdfae25c7fb32daa495de10634ec6927a150b298438,optimal,True,optimal,True,False,0.42811553600000707,1.0,1.0,172217.05136158882,172217.22357864561,0.9219029295416394,218.3933730037806,349.001447985655,-1.1106351394118974e-08,0.12,8913.466044351202,4,-0.8604958101583589,0.17221705679548904,160442.38879832163,10000.0,1077.514226517362,0.538757113258681,696.7817966933636,0.08144188299999655,9.482838111,2.136191468000007,0.003934342999997398,11.700471462000003,11.704405805
50,52,101,ESI-ALNS,fa10ba0ea9396ef173a6bb54e4c0aa9f73787f95ba7aa288a57769362b693d00,cb2533b1f431e0c81d887bea1584c531e86d909486daffa20648946885a349ff,optimal,True,optimal,True,False,0.5042076379999969,1.0,1.0,172217.05136158882,172217.22357864561,0.9219029295416394,218.3933730037806,349.001447985655,-1.1106351394118974e-08,0.12,8913.466044351202,4,-0.8604958101583589,0.17221705679548904,160442.38879832163,10000.0,1077.514226517362,0.538757113258681,696.7817966933636,0.08144188299999655,10.913921524000003,2.108024696000001,0.0038498560000022053,13.103388103,13.107237959000003
50,52,,FTR-NM,436d7d93b664c998afbc2f93be493db63d68640098d3642b07f53c32a8b637da,8afc46bc45807cd87f90c84c4f979bc565bd495cf01104d23b05c781577db143,optimal,True,optimal,True,True,0.4249120120000214,1.0,1.0,232304.44174327512,232304.67404722405,0.3394539224911589,230.4663720206175,377.94083593016995,1.4488250599242747e-09,0.06,12283.291814765951,2,-0.5636747721568488,0.2323039489274379,221099.25266578712,10000.0,776.8512828775785,0.38842564143878927,428.18167291790786,0.04854026000000289,0.0,0.4390138679999964,0.003519605000001036,0.4875541279999993,0.49107373300000035
50,52,,GR-MR,7eac28db80132a97dd8da6391bb0c390347698c2555266fca108312f8bde56ab,b1a953ebb278a47210e8df7cbfe24cbedd86a2769f32a3d1536060f932957a69,optimal,True,optimal,True,False,0.5230155719999914,1.0,1.0,231661.62849978995,231661.86016172622,0.9021532141247481,230.57509608972865,377.94083968249055,-7.110547244337795e-07,0.06,12267.925111277686,2,-0.08559030069700402,0.2316619362682104,220822.65200299837,10000.0,410.82107908217483,0.2054105395410874,428.1816691061429,0.08144188299999655,0.0,5.2384420039999995,0.0035218120000024555,5.319883886999996,5.3234056989999985
50,52,102,B-ALNS,9310d346825a8f02e4ab08ea3ee297cf211d4fb374ce7cfe07a0783677e47d6c,e216fa2257b7f562cc4ebf16327ddb550dc6cd667178c8304ca4a1f6c33f9718,optimal,True,optimal,True,False,0.43555751000002374,1.0,1.0,155549.90149298133,155550.0302115798,0.2127723828378827,210.73672483372457,374.0484057824019,7.215248842840083e-09,0.04,8025.011273157524,2,-1.2869978628334515,0.12871859848382883,144450.20291683543,10000.0,240.08450587583422,0.12004225293791712,859.6227466156076,0.08144188299999655,4.838926572999995,5.5744252140000015,0.00373426499999141,10.494793669999993,10.498527934999984
50,52,102,ESI-ALNS,34630232d470c5bb26b381bbafb4477ce0f84720252a2396e5ca77fb3aafb7d7,3f0d5d15ad492b2719e1f7502d58b42b0e76d17df2beff88d42d4a9a00996080,optimal,True,optimal,True,True,0.5306501930000138,1.0,1.0,155398.4535627137,155398.58226876298,0.20795183976251483,211.05232842613526,374.04846836773436,6.0275056057434995e-09,0.04,8016.597499261339,2,-1.2878172493608033,0.12870604929048568,144298.7549867041,10000.0,240.0845038175425,0.12004225190877127,859.6227359894374,0.08144188299999655,8.104935093000002,0.5135201039999941,0.0036580529999952205,8.699897079999992,8.703555132999988
50,52,101,RGA-MR,3de07b738c732b2d33c2d328237a0013602e69edc13a14d76408b7e27175da1f,5077d90112f5998f88ac9b3cc96253514aaf1594124d62620dfa39383e6922f9,optimal,True,optimal,True,False,0.42835112899999217,1.0,1.0,231661.62849978995,231661.86016172622,0.9021532141247481,230.57509608972865,377.94083968249055,-7.110547244337795e-07,0.06,12267.925111277686,2,-0.08559030069700402,0.2316619362682104,220822.65200299837,10000.0,410.82107908217483,0.2054105395410874,428.1816691061429,0.0,12.83127696599999,5.266668398999997,0.0037586440000012544,18.097945364999987,18.101704008999988
50,52,100,B-ALNS,cc2bfc2fa33bb422a132a261a4b9db0d161d8fe6ff5eebde74507dd4d4829ba7,14554240cd0d7be6684a7aad4102e49a75d9f7b161fc49ec3842546e8b39260e,optimal,True,optimal,True,True,0.5120334380000031,1.0,1.0,177234.2693765763,177234.44661083282,0.4628956102634129,233.628787642408,386.3728274150345,-2.7845476324728224e-07,0.14,9182.519253505709,4,-1.2157492317175462,0.17723425652366132,165285.34656310274,10000.0,1325.3824425937444,0.6626912212968723,623.0549139150369,0.08144188299999655,4.883893014999998,0.4599329830000016,0.003945225999999025,5.425267880999996,5.429213106999995
50,52,100,ESI-ALNS,9e19b42cdbfaf02c06c5fcd2e52e7f101555ab70d179f1a788865c7a43eda74f,a844991a946e6ad04df9cdb83ae9b8d75bc251a2820ac5d1ac43a14cd55d75cf,optimal,True,optimal,True,False,0.4238869699999839,1.0,1.0,157086.04283109386,157086.1999170963,0.46476065785266424,229.40130458527477,378.4022531821146,-6.923528417246416e-09,0.14,8061.505086622074,4,-1.210686344422823,0.15708600243669935,145107.09155919735,10000.0,1325.362305906515,0.6626811529532576,653.0833708394816,0.08144188299999655,8.127943192000004,5.2987513229999905,0.004215798999993581,13.50813639799999,13.512352196999984
50,52,102,RGA-MR,45d30ff997be57f1ac5fc2458c32ffe7c59d59cd2781af16881f85e176ebad61,df166575dfc26f5f56400e800ffe1e4da0dfb6e41cd74e888dfb0add83736c90,optimal,True,optimal,True,False,0.5173150910000004,1.0,1.0,230431.21854407294,230431.4489753198,0.9021555087887854,230.66888473187907,377.9408392795592,-5.1940673984063324e-08,0.06,12199.657769237623,2,-0.08483817194280796,0.2304312468622811,219593.83984627726,10000.0,410.81984713044153,0.20540992356522078,426.58387198853984,0.0,11.812608556,1.374963668999996,0.0035423930000035853,13.187572224999997,13.191114618
50,52,100,RGA-MR,300e1356ab40a0f5d0fcb9c82153b40ee0a5675cac47387ec598c46b0536b4fc,82cd62901f0c746380cc787c296a0388acac534ec9926c329a6b84267a9b460d,optimal,True,optimal,True,False,0.4265235329999939,1.0,1.0,231661.62849978995,231661.86016172622,0.9021532141247481,230.57509608972865,377.94083968249055,-7.110547244337795e-07,0.06,12267.925111277686,2,-0.08559030069700402,0.2316619362682104,220822.65200299837,10000.0,410.82107908217483,0.2054105395410874,428.1816691061429,0.0,13.305727032999997,5.21928573400001,0.0036354300000027706,18.525012767000007,18.52864819700001
60,45,,FTR-NM,ec5f26e87b59b8cf43723e2f75a44cd820ffad47e74d8a9266394bdecb62df3f,88a3b3d359bbcd81bb521a314d71025cb9284062414c98f9413c337ca02badf9,infeasible_precheck,False,skipped_unqualified_stage1,False,False,,0.0,0.0,,,,,,,,,,,,,,,,,0.09954982500001108,0.0,2.1409202259999986,5.440000002465695e-06,2.2404700510000097,2.240475491000012
60,45,100,RGA-MR,90591fce36e7f588ea8fef15d27f3f82a7593be68266c7171dd13b29da0681ba,c08b75affee886085501b551e02cb15affa804ebaac88cafd1b11230fede255e,optimal,True,optimal,True,True,1.2179016499999875,1.0,1.0,283750.2087355077,283750.4924856101,1.0777842494692502,216.46566841192913,367.3315774444724,-1.788640702216071e-08,0.06666666666666667,15015.6704450611,4,-0.7160637900532871,0.2837501024478115,270282.06801109976,12000.0,855.042473660771,0.42752123683038545,612.9544796127371,0.0,18.924144899999995,0.9342360639999967,0.006522396000001152,19.85838096399999,19.864903359999992
60,45,102,B-ALNS,ac0f564715e1aee962539ff1367ffe8cb3a1993453fda09d2019988eb683501a,5f443939120b468fec418db0a374c0067d16ca286ac05d7adb4124245e40c17e,optimal,True,optimal,True,False,1.1413614160000236,1.0,1.0,173170.02358799102,173170.19675796176,0.9436058701450691,212.96792527675805,339.21137515590016,-5.067266783953528e-08,0.13333333333333333,8813.527611456222,4,-0.8040378990251815,0.17316997074522078,158643.497006212,12000.0,1740.4520912547086,0.8702260456273545,785.3774344494125,0.18658109100000075,14.665793616000002,7.917214399999992,0.006571656999994957,22.769589106999994,22.77616076399999
60,45,102,ESI-ALNS,ac0f564715e1aee962539ff1367ffe8cb3a1993453fda09d2019988eb683501a,8310beedbb6403039dee883d33aa5da8c97877b5966d4b846064ce0245d5bee7,optimal,True,optimal,True,False,1.1363965779999887,1.0,1.0,173170.02358799102,173170.19675796176,0.9436058701450691,212.96792527675805,339.21137515590016,-5.067266783953528e-08,0.13333333333333333,8813.527611456222,4,-0.8040378990251815,0.17316997074522078,158643.497006212,12000.0,1740.4520912547086,0.8702260456273545,785.3774344494125,0.18658109100000075,17.719976788999993,7.929151829999995,0.006454351000002134,25.83570970999999,25.84216406099999
60,45,102,RGA-MR,2036822cde87f88af41d9a74704b7ce0e98be2d5ce57ddf7d2ae5e73d009cd45,fd3047764983879e35dc0b8951d7003ec28b3571ca17fabcfbeb3597ad236006,optimal,True,optimal,True,True,0.5296486580000135,1.0,1.0,253885.02998908435,253885.28387415933,0.9455837464014093,210.8820599795397,363.9138580334273,-4.0926238398242276e-08,0.05,13380.56841284555,3,-0.8217570900110379,0.25388507498428226,240850.2314312199,12000.0,348.0634660421847,0.17403173302109234,686.8149451642088,0.0,18.800472135000007,0.8824421730000012,0.0063862389999940206,19.682914308000008,19.689300547000002
60,45,101,B-ALNS,a3336df38e56dd60ae3027f373eba78dc5870ed8c2b919322d324470a4544f79,856ce9f48d3ebb6d554b655004cdd9f1c3bbc71f79601dcb3eaebf36b70fe1c5,optimal,True,optimal,True,False,2.799863204000019,1.0,1.0,196018.03489846914,196018.23091648056,0.542480727781174,220.8306198066128,370.2397549879271,-2.607288251965656e-08,0.13333333333333333,10103.829346630788,4,-1.1567615996041822,0.1960180114256218,181868.9282393542,12000.0,1457.9351036526477,0.7289675518263239,690.6386059218992,0.18658109100000075,26.489032502000015,7.940962476999999,0.006505420999985745,34.616576070000015,34.623081491
60,45,101,ESI-ALNS,4111ae7816ce5a974665d8de6c73bef9c8d375d0407f6f47e521b96c641c3a44,fdd96f1ea183ebccdb10e4d445db66a466908ac5e88ca444301e703d8cf9f8ce,optimal,True,optimal,True,False,0.631332934999989,1.0,1.0,192900.24820728978,192900.4176240619,0.784257736726286,231.4476190191346,373.835644444383,-1.0942358130705543e-10,0.15,9940.403610807283,4,-0.95093675442775,0.1694167721143458,178927.26499453108,12000.0,1384.8332853277627,0.6924166426638814,587.62692756039,0.18658109100000075,34.225470536,7.830148871000006,0.006598649000011392,42.24220049800001,42.24879914700002
60,45,101,RGA-MR,59b668d1bdf13570ce7be5422436949b692c844f51e7bb95c306e16074dc2334,02f87b9e22818b008e63864b7e627055e376054b674f9c6871d2b360236cae88,optimal,True,optimal,True,False,0.5364150479999807,1.0,1.0,242167.79189886898,242168.03406688292,0.8161982364631257,214.563061468062,363.91385841931424,-4.418138814799022e-07,0.05,12716.792545459284,3,-0.16435225826819722,0.24216801393777132,228902.26581826713,12000.0,611.1265301826621,0.305563265091331,654.3361551680371,0.0,16.626836988999997,1.8452321949999941,0.0064337580000142225,18.47206918399999,18.478502942000006
60,45,100,B-ALNS,40a930c89de925371105b3ab8cbfb3bf0d0d1829865422e0e08dd45ee75ddc9c,a6a043032b03f304e5c0fd647a0a73a0572710bcec52cb019f68f7a7fe98bed9,optimal,True,optimal,True,False,0.6349285670000029,1.0,1.0,169825.60115059232,169825.7709761534,1.2379919205527115,219.54528318174903,370.13438559242394,-8.157655884133419e-09,0.15,8611.293999869902,5,-0.6250535512842093,0.1698255610826891,155003.29199765823,12000.0,2043.8488901648661,1.0219244450824332,777.6081638852118,0.18658109100000075,35.292304357000006,7.6532713059999935,0.006784497000012379,43.132156754,43.13894125100001
60,45,100,ESI-ALNS,ebac55431093c71623059bd2345ccbab12300aaecacb897578b3f3f4b1b70c3e,ac5ca5016efe2075540ebab05af4d294ff3450cfc7b28b32cb1dd315ee04fd38,optimal,True,optimal,True,False,1.205795118999987,1.0,1.0,158738.01809024444,158738.17682817095,1.2380022339738084,214.10277312153494,363.92025041807864,-2.8536703666759422e-08,0.15,7994.544899045117,5,-0.6261691210209666,0.15873792651109397,143901.80818281212,12000.0,2043.8378068977165,1.0219189034488583,791.508919557684,0.18658109100000075,42.11590194499999,7.826943897000007,0.0069741279999959715,50.129426933,50.136401060999994
60,45,,GR-MR,bd803c4e28c58d8b2c80875eb53745a99fc01bc6403aa9900c3220be22ee086e,818455a61ca236ce2df0693d12ef71e85081e0dffabe66b0e2e5098f7f732888,optimal,True,optimal,True,False,0.7074948469999924,1.0,1.0,242167.79189886898,242168.03406688292,0.8161982364631257,214.563061468062,363.91385841931424,-4.418138814799022e-07,0.05,12716.792545459284,3,-0.16435225826819722,0.24216801393777132,228902.26581826713,12000.0,611.1265301826621,0.305563265091331,654.3361551680371,0.18658109100000075,0.0,1.8031308120000062,0.005946260999991182,1.989711903000007,1.9956581639999982
60,46,,GR-MR,ef7795c30dbd28b419f1ef73c7706c52a6b57a7ea32d7e574a3d4b991a955a61,74cd95352e59312fff7a5b5817a2819b81cdda972763dc1fb4d6f9de7664f3b6,optimal,True,optimal,True,True,0.5424093510000034,1.0,1.0,226817.0363384955,226817.2269751503,0.4676129096462642,194.84440874520996,371.59873387619325,3.6419578464119695e-10,0.016666666666666666,11882.554818163011,1,-0.3938188750450225,0.19063665479188785,213885.98672693418,12000.0,212.41151895244795,0.10620575947622397,718.7225235041885,0.054314021999999795,0.0,2.0661049349999985,0.004093744000002175,2.1204189569999983,2.1245127010000004
60,46,100,B-ALNS,7b6d41e42a8fb69d4ec6ff82bb140515ab63018c8a8bdd0a96fcd0150303ff46,f26fac3bbf83886d4929228b602fa7a6543db362757e5a66f558613a33ff8b7c,optimal,True,optimal,True,False,0.6648061080000218,1.0,1.0,185227.7629144516,185227.94814212766,0.8716272759740812,194.96073011656847,324.2104572861109,-5.365393462852808e-09,0.1,9513.596645817372,4,-0.1134294534130117,0.18522767606191337,171244.7396247127,12000.0,1109.8366807111133,0.5549183403555566,872.81691836351,0.054314021999999795,13.402827172999999,2.1585701119999996,0.004202335999998752,15.615711306999998,15.619913642999997
60,46,100,ESI-ALNS,7b6d41e42a8fb69d4ec6ff82bb140515ab63018c8a8bdd0a96fcd0150303ff46,8e6d3cf989edd15597a1b4ec6688313eef02ba9beecb7c07a08f830c483d7ce6,optimal,True,optimal,True,False,0.5431029019999869,1.0,1.0,185227.7629144516,185227.94814212766,0.8716272759740812,194.96073011656847,324.2104572861109,-5.365393462852808e-09,0.1,9513.596645817372,4,-0.1134294534130117,0.18522767606191337,171244.7396247127,12000.0,1109.8366807111133,0.5549183403555566,872.81691836351,0.054314021999999795,15.474721786000003,2.160685876999999,0.004274933999994346,17.689721685000002,17.693996618999996
60,46,101,B-ALNS,8fc5370f617be78cae7f211333047172eb29a3c8f84e5f505b5cf36872a4d826,f70e80c4592f4d84e8d769101305c23964fdb57f2ede59384d1baf9f0d1d23e4,optimal,True,optimal,True,False,0.6638465819999908,1.0,1.0,183442.66662092565,183442.85006356536,1.0058840495407533,199.41832805734057,366.2595198306518,-7.770495358272456e-11,0.08333333333333333,9421.95741371862,4,-0.7065332869281633,0.1834426397108473,169595.23344693516,12000.0,981.0276316186489,0.4905138158093245,866.0984711957633,0.054314021999999795,14.646912809,6.348499421000014,0.004379150999994863,21.049726252000013,21.05410540300001
60,46,101,ESI-ALNS,87e0a6658f38f5502d6162067322778bde2a34b94ed009266f6bf7272ec8fadb,af512bf8b7579681ae9907750d13b571071fd3a50b29a549357227f1336d8363,optimal,True,optimal,True,True,0.5308958629999836,1.0,1.0,183154.21683137078,183154.3679671215,0.4817308573823232,196.82919063216994,366.22920221884476,1.4904344425303861e-10,0.06666666666666667,9437.173893439141,3,-1.0970769770125428,0.1511357507260982,169869.13008190456,12000.0,349.49849564518894,0.1747492478225945,935.5646403239411,0.054314021999999795,18.478886061000004,0.5362717450000076,0.0040424740000020165,19.06947182800001,19.073514302000014
60,46,102,B-ALNS,bc923bf19f5515b277474d51bde5a06ac455c71350d6af65823a30762751bc87,f1b80e73e69f1ef1c2afa824f6f1eb5b01dbd610b548abdbab75ad5279023c3a,optimal,True,optimal,True,False,1.239312276000021,1.0,1.0,185167.05444147688,185167.2396086532,0.6865873637265167,189.38045004054842,366.4712615413411,-2.9912240506746457e-07,0.05,9542.030999486336,2,-0.27118288027728343,0.18516717632883228,171756.55799075405,12000.0,551.5678964367464,0.27578394821837326,858.8379375141827,0.054314021999999795,14.218463182000008,1.629342281999996,0.00413991900001065,15.902119486000004,15.906259405000014
60,46,102,ESI-ALNS,85e0632050785692b2aa611e5449bcf593e1ed20040ab07518b8136431c6259f,28decc9d9f028156f9c586b6656e4f5a920460d8e795f3af4c84bb241ba019f2,optimal,True,optimal,True,False,0.5511289769999905,1.0,1.0,185129.16841059856,185129.35353965193,0.6868056467873571,191.48234960226353,370.1446426655119,-2.6234488359477837e-08,0.05,9542.259979772842,2,-0.27077236807619876,0.18512905336683616,171760.67963591116,12000.0,551.5678578336874,0.2757839289168437,816.8302619781582,0.054314021999999795,17.60446897700001,3.206529661999994,0.003963733999995611,20.865312661000004,20.869276395
60,46,,FTR-NM,8aefc0d5e97014f6acb82faf826f7ed994525b4392b0a63ad57f8222bfac29fd,0a9c503c7bf4185d7fa0ebfe56a3d04bafd19ae16a92ea28e6eb864cd745b82f,optimal,True,optimal,True,True,0.6596663090000163,1.0,1.0,226881.41771547473,226881.60748028982,0.6373018677106193,194.7191736391304,371.5935108752137,4.742730652651517e-10,0.016666666666666666,11889.140370315321,1,-0.27363471033932507,0.18976481509162113,214004.52666567577,12000.0,140.16900020095184,0.07008450010047593,736.8417299129958,0.04164111400000081,0.0,0.5343998280000051,0.0037803880000097934,0.5760409420000059,0.5798213300000157
60,46,100,RGA-MR,eae16b5a30afde4da81637da3af37714dbdeffa9db4c592aae992b9d7973754e,dcd920ee995fdf02fc70de604cad09ab04672eeb4bcc62ea693e60af9a57a7a9,optimal,True,optimal,True,True,0.5410987489999854,1.0,1.0,226817.0363384955,226817.2269751503,0.4676129096462642,194.84440874520996,371.59873387619325,3.6419578464119695e-10,0.016666666666666666,11882.554818163011,1,-0.3938188750450225,0.19063665479188785,213885.98672693418,12000.0,212.41151895244795,0.10620575947622397,718.7225235041885,0.0,14.117204893999997,0.5267393750000053,0.003733969999998976,14.643944269000002,14.647678239000001
60,46,102,RGA-MR,ab4966f501ab12c2cbeb75c31f86758f0c4d9652157b2d4c24433e6e6202e484,f8e79445c5f74baac2dde0515d53ecbf8d7298ce046a47e9c8c24cf59f793a94,optimal,True,optimal,True,True,0.643929686000007,1.0,1.0,226817.0363384955,226817.2269751503,0.4676129096462642,194.84440874520996,371.59873387619325,3.6419578464119695e-10,0.016666666666666666,11882.554818163011,1,-0.3938188750450225,0.19063665479188785,213885.98672693418,12000.0,212.41151895244795,0.10620575947622397,718.7225235041885,0.0,14.583688855000005,0.47660338599999363,0.0037714039999912075,15.060292240999999,15.06406364499999
60,46,101,RGA-MR,949f7689d8c442036d6ffb5007511a1de6b42a43ebffcc1bc6b69aec0556d59a,9c439a0b02a414a640f9065bb49632eca8cf615e2e48f62be48137c1bcd1019a,optimal,True,optimal,True,True,0.6716711360000147,1.0,1.0,226817.0363384955,226817.2269751503,0.4676129096462642,194.84440874520996,371.59873387619325,3.6419578464119695e-10,0.016666666666666666,11882.554818163011,1,-0.3938188750450225,0.19063665479188785,213885.98672693418,12000.0,212.41151895244795,0.10620575947622397,718.7225235041885,0.0,14.448373489999994,0.553406625000008,0.003785203999996156,15.001780115000003,15.005565318999999
60,47,101,B-ALNS,8a0c52b3644668c2acb32acf4d42044a39be5a934ab192c6501ae4429f8a17bb,1673e52aced4d1ff41f26ce0484aef037df5c0bab13591c51be84a622e3821a0,optimal,True,optimal,True,False,1.2335942370000055,1.0,1.0,188557.22969222668,188557.41824937795,1.2945392771800548,216.4783216740612,349.9435400962483,-4.418313892529113e-08,0.08333333333333333,9690.250205552215,4,-0.5649867786770248,0.18855715126846917,174424.50369993987,12000.0,1321.0899728411498,0.6605449864205749,811.1640316105027,0.26765057799999425,26.162559693999995,3.9443851019999983,0.005962547999999401,30.374595373999988,30.380557921999987
60,47,101,ESI-ALNS,9080ceffa0012cc048756adef89ff5ddd06266f339adddf9addcded36ee8d17a,bab8f34e259af8d02597a376cdc0e600bdf1d3c4ca15c31f790065a2fade620e,optimal,True,optimal,True,False,0.5549958979999872,1.0,1.0,186448.7500054741,186448.93645365234,0.9980861453825989,209.3162735064455,340.2004362904745,-1.3306049595485092e-07,0.08333333333333333,9567.342058595792,4,-0.8157631574480448,0.18644817822496407,172212.15705472426,12000.0,1321.0878635967943,0.6605439317983972,915.0309913994952,0.26765057799999425,33.134768327,3.747118409999999,0.005680436999995209,37.149537314999996,37.15521775199999
60,47,,GR-MR,3c7a3bd90e52a03291e60522976b972d06985e87a212467b8e621ffb7efb00ea,a1bb5e71c7ba41ad85b7b3664531217d27ed2b71bd81b6492c0c1f0e17175833,infeasible_precheck,False,skipped_unqualified_stage1,False,False,,0.0,0.0,,,,,,,,,,,,,,,,,0.26765057799999425,0.0,0.00039819999999224365,5.099999995650251e-06,0.2680487779999865,0.26805387799998215
60,47,,FTR-NM,81817669c8658f2b645a1c5425ffad76d09b102cbce809aa723f00482d2d0085,aac912dff0d5f60c94e504ca7b0a1f8e9c6bb57be0ba7a0a01e29e42581c1b91,infeasible,False,skipped_unqualified_stage1,False,False,,0.0,0.0,,,,,,,,,,,,,,,,,0.1418023880000021,0.0,0.3870583930000038,6.2719999931459824e-06,0.5288607810000059,0.528867052999999
60,47,102,RGA-MR,fdef5a2fa3016351cb52264ce67dc58a13989bca3bf806736d394d6f7178bcfd,8b54694a1a3fa1e54345e62a856d21e9df4f559c05d86903bd614a0e7c8cbbae,infeasible_precheck,False,skipped_unqualified_stage1,False,False,,0.0,0.0,,,,,,,,,,,,,,,,,0.0,23.722730858999995,0.0003394379999974717,4.729000011138851e-06,23.723070296999992,23.723075026000004
60,47,100,B-ALNS,d86e86e86380e02410341fdec3423c3248f6eaaebd0079a25e3a3b2387217d47,b89b58c7e0ad7c6e200ffa7a69a1f81aeb71f5e669beaa544c4f524436706183,optimal,True,optimal,True,False,0.5234013240000195,1.0,1.0,192768.8770138777,192769.03777214943,0.520707430797966,205.41582049021326,359.18994551031614,1.3238832252682187e-10,0.06666666666666667,9972.162487656402,1,-0.36965079273114887,0.16075827172608115,179498.92477781523,12000.0,389.20460882942933,0.19460230441471468,880.7137832003403,0.26765057799999425,15.691488409000002,7.754881864000012,0.005395023000005494,23.714020851000008,23.719415874000013
60,47,100,ESI-ALNS,c0a5acdea1975188ca943192dba2b38e59936f2c486d3ba610c2cbfa8089fc4c,7f4024d2ad02704dc3fe20d6b6c3d4f7f5497ebf64028025646063ae76c6e352,optimal,True,optimal,True,False,0.6571735250000188,1.0,1.0,182142.96070720584,182143.11363033365,0.49351210186885924,206.83794125496675,365.4740763301009,7.100027232809225e-10,0.06666666666666667,9383.205751163974,1,-0.3893897798017209,0.15292312781093642,168897.70352095156,12000.0,389.2046094185442,0.1946023047092721,856.0108976588541,0.26765057799999425,21.152293477,2.6013565269999788,0.005439987000016799,24.021300581999974,24.02674056899999
60,47,102,B-ALNS,cc1a0dcb24d2454bd265dbacbee2b6058013556fa7393601ef814d038821c056,704d981c4546288bdef6d1c7d48306f57ec5998fcead3f955a5f3b1db9a028a8,optimal,True,optimal,True,False,0.542397104999992,1.0,1.0,201171.77201108882,201171.97318287508,1.2349723405407462,208.19309865841925,347.50633083965465,-2.018055056396406e-08,0.1,10381.556682728431,5,-0.5961354112700026,0.20117178626242094,186868.02028911174,12000.0,1595.2988582408875,0.7976494291204439,707.8563860933376,0.26765057799999425,18.268184966999996,8.053144874000026,0.005898470000005318,26.588980419000016,26.59487888900002
60,47,102,ESI-ALNS,b75688a8ddcfe419d8087b5bbdcb54ac288f8868e61201dd5f711ad6067b5158,89d14ffe97756065fbe7c7ad0e0363f2d0ef924d90be94e0dfe9b54c1d22e6f5,optimal,True,optimal,True,True,0.6404889259999891,1.0,1.0,198491.91135054769,198492.0768970482,0.918859469888406,209.4194163673159,370.3567729950443,3.377635948709212e-10,0.06666666666666667,10272.31377964892,3,-0.7785971762437216,0.16554650050238706,184901.6480336806,12000.0,781.6054557434305,0.3908027278717152,808.4326048962917,0.26765057799999425,25.267804264999995,0.7572598989999904,0.005606541999981118,26.29271474199998,26.29832128399996
60,47,100,RGA-MR,f461f75a5dc67a7488deea89d5b34645e927a27af6fad8866eb57128258b7d89,f5641460f97e040af4ca15b0cc58847c03ec72021d02464df7f3274c50da5897,infeasible_precheck,False,skipped_unqualified_stage1,False,False,,0.0,0.0,,,,,,,,,,,,,,,,,0.0,27.358779951000002,0.0003587040000070374,4.899999993313031e-06,27.35913865500001,27.359143555000003
60,47,101,RGA-MR,ec458129d849d410e3e988ea4ff80822c156a1569939f78f2f7e8928817d95b7,93043f938a8f2ba6e602043137486e159a4ab712919e914500762215b9e43bdd,infeasible_precheck,False,skipped_unqualified_stage1,False,False,,0.0,0.0,,,,,,,,,,,,,,,,,0.0,23.45759804299999,0.0003293390000180807,4.4279999826812855e-06,23.45792738200001,23.45793180999999
60,48,,GR-MR,282adf3459a3db08a378bc423347c459a4f60dcf8d2290165092b33463cf0dc1,0d2597026f1cc87c7eb22e2cb78224abea4edd723c14846e437b3c80d132397e,optimal,True,optimal,True,False,0.6470742280000081,1.0,1.0,216699.661243419,216699.84185802884,0.2745615578969138,218.84522113243494,392.59439940634513,2.0165202840871643e-10,0.03333333333333333,11334.301365744755,1,-0.5314172177358885,0.18061460985336453,204017.4245834056,12000.0,105.36883222750548,0.05268441611375274,576.9957579796187,0.11715786300000275,0.0,3.8496767230000017,0.005317714000000251,3.9668345860000045,3.9721523000000047
60,48,102,RGA-MR,9b7e9d69afecafa7136fa4d8d5d31694e4bdc78294e16dc96bfe411cc8eb864e,cf069c3cc2c05463a026efa4a79699ab5abb9343016226c363d1480e586dfe8b,optimal,True,optimal,True,False,0.5301957109999762,1.0,1.0,216438.65014027647,216438.83055108675,0.2745615578950438,218.60054152220047,392.5957926860127,1.178079855890246e-10,0.03333333333333333,11319.823747970486,1,-0.5262025469347258,0.18041081028059125,203756.82746346874,12000.0,105.36883223374414,0.05268441611687207,576.5815709681569,0.0,20.09517581,8.060993021000002,0.0050863490000097045,28.156168831000002,28.161255180000012
60,48,101,B-ALNS,5308a6ebd6b75b3ca3ba253575b617b8fdbce41483c39265e3139ee2b98cfb83,fe3aed10b8bd2528397bc50dcc0f5feadcc1f1b4929c0fba5323e7ee94fb2bb7,optimal,True,optimal,True,False,0.6440939750000041,1.0,1.0,147369.27889203295,147369.42626123104,0.641477916755747,221.93915893510726,383.2058750966545,-2.3112875169317704e-08,0.15,7416.154635421088,4,-1.06471680701573,0.14736919809365645,133490.78343757958,12000.0,1099.2039254612107,0.5496019627306055,778.8892962275295,0.11715786300000275,21.947605244000002,3.396927722000001,0.005851313999997387,25.461690829000005,25.467542143000003
60,48,101,ESI-ALNS,a532f6a40b0df076254d3c65a19031b506f99c973f82a07e6ab9a14506c49c81,021381e8964b6317a0038b86adc49168fc6c0c87e52675e9a40a22c3cf92582e,optimal,True,optimal,True,False,0.4957967690000089,1.0,1.0,147282.60395689477,147282.75123942154,0.3667719577960297,221.2996188908408,383.20587510463423,-1.7441203681300976e-07,0.13333333333333333,7423.025213085426,3,-1.2992649265041556,0.14728252677014098,133614.45383553766,12000.0,858.1885143120727,0.4290942571560364,809.6797953146663,0.11715786300000275,27.278428429,3.2763349920000024,0.0059106789999958664,30.671921284000007,30.677831963000003
60,48,,FTR-NM,634bbb07b38b83d585fadd4fdc403559a1ba091821c5f60dfce24472c3ecccf5,474b4e59d320e9bb814b3fcdf8eb2e7b20d23bf08eecd09a42bb5cc047f4182d,optimal,True,optimal,True,True,0.6676724390000004,1.0,1.0,221912.08107116504,221912.2663643273,0.040982205054223446,219.54292843658283,392.58905731535793,3.939220505344565e-08,0.03333333333333333,11616.32731638494,1,-0.6860705701530602,0.18529316227068193,209093.89169492896,12000.0,241.25361612352845,0.12062680806176423,577.0004264667699,0.08161147199999874,0.0,0.7668376259999974,0.0050116789999918865,0.8484490979999961,0.853460776999988
60,48,100,B-ALNS,f8af7b847d7373388c1209e89fceb95d4c706e8d4f9886d0d3f666f860e5be30,c849ed5e1e7bd78a2af117f7359a7e42e4260861ac9a447dbcb048f918c3c1b1,optimal,True,optimal,True,False,0.537325678000002,1.0,1.0,169771.55567417934,169771.72544567875,0.6307992228684813,210.60738680790305,374.8105289538405,1.713431174721336e-09,0.11666666666666667,8663.450693107246,4,-1.1491559600222139,0.16977149940794334,155942.11247593045,12000.0,1204.1236058114557,0.602061802905728,624.8873021339289,0.11715786300000275,20.794510414,4.197613391000019,0.005603319000016427,25.109281668000023,25.11488498700004
60,48,100,ESI-ALNS,f8af7b847d7373388c1209e89fceb95d4c706e8d4f9886d0d3f666f860e5be30,286bff956670348ed0adb820ac914507866999d75af9f7ace560aef156852d44,optimal,True,optimal,True,False,0.6471846800000094,1.0,1.0,169771.55567417934,169771.72544567875,0.6307992228684813,210.60738680790305,374.8105289538405,1.713431174721336e-09,0.11666666666666667,8663.450693107246,4,-1.1491559600222139,0.16977149940794334,155942.11247593045,12000.0,1204.1236058114557,0.602061802905728,624.8873021339289,0.11715786300000275,23.237480594000004,4.323113897000013,0.005942432000011877,27.67775235400002,27.683694786000032
60,48,101,RGA-MR,0254eb8b4a942d34a7e94375be267396f6a3c439006e738363f1d2638824d74f,df765e1ac6f4ed449dccfdda654ed7d6c068bd92fe2f769c43eb9a101cfda728,optimal,True,optimal,True,False,0.528059417999998,1.0,1.0,216699.661243419,216699.84185802884,0.2745615578969138,218.84522113243494,392.59439940634513,2.0165202840871643e-10,0.03333333333333333,11334.301365744755,1,-0.5314172177358885,0.18061460985336453,204017.4245834056,12000.0,105.36883222750548,0.05268441611375274,576.9957579796187,0.0,21.53101289099999,1.9416479139999865,0.005107150000014826,23.472660804999975,23.47776795499999
60,48,100,RGA-MR,d7d46c900ed8732995a7396fffc40194bdf47b350019cfee5756be3d16693709,b69f664020af60ac3dc1bb5cf0ef90f751ed24ba2063c55fbb2f1fd79241f027,optimal,True,optimal,True,True,0.5408613600000081,1.0,1.0,216500.1330940388,216500.31476982823,0.20532244047299314,218.142245025919,392.59366166897354,5.887272891413886e-10,0.03333333333333333,11324.372450828521,1,-0.5837704471194816,0.18167578941211104,203838.70411491342,12000.0,105.36883237626424,0.052684416188132126,556.1891381223865,0.0,21.497447402999995,3.245530462000005,0.005230025999992449,24.742977865,24.748207890999993
60,48,102,B-ALNS,e9fccc6aeb1adb62148e571893a7881985a695e501762343add44f4a0627979d,c1e94d5c17601aeda9c299c8ec4c93339e5d8eea2b576b379b9de9d602c30b65,optimal,True,optimal,True,False,0.6581046189999995,1.0,1.0,187378.05263840497,187378.24001649665,0.41266522495904956,204.74160026041415,347.58708478790976,-6.763286819477798e-08,0.05,9685.963925151334,2,-0.5002755775409348,0.18737809167942032,174347.350652724,12000.0,429.59214347747263,0.21479607173873635,601.0824242234282,0.11715786300000275,9.57779278999999,7.768069851000007,0.005557716999987861,17.463020504,17.468578220999987
60,48,102,ESI-ALNS,e9fccc6aeb1adb62148e571893a7881985a695e501762343add44f4a0627979d,78829c52048f0d20edb182465dd7ef8f11c03b10e0240a720ab036cd68c5c583,optimal,True,optimal,True,False,0.5339697619999981,1.0,1.0,187378.05263840497,187378.24001649665,0.41266522495904956,204.74160026041415,347.58708478790976,-6.763286819477798e-08,0.05,9685.963925151334,2,-0.5002755775409348,0.18737809167942032,174347.350652724,12000.0,429.59214347747263,0.21479607173873635,601.0824242234282,0.11715786300000275,12.199852655,7.804628237000003,0.005564397000000554,20.121638755000006,20.127203152000007
60,49,100,RGA-MR,bee7d62bb1ec47a1d0fc62c1d7ae1b4585e3f57a32643622a9814a2087d6bb13,ca4ef7086a06f4dd127ea736dd6ba5f873187cca4b6da61c81d52ef7ca227312,optimal,True,optimal,True,False,0.5275444850000213,1.0,1.0,235252.84454502165,235253.07979772973,0.19421506126741228,206.6747058825859,353.370440566145,2.2690755940857343e-09,0.05,12342.30588336351,2,-0.6797314473524818,0.2352527080802247,222161.50590054318,12000.0,333.54762270988635,0.1667738113549432,757.8595006653218,0.0,27.815968226000003,10.064577525999994,0.005718645000001743,37.880545751999996,37.886264397
60,49,100,B-ALNS,887ae143e009d2a4b6f5085566532bd14046bec899837ccb0b6e44837d8baeec,b3094f503ca28513161f68e3a42bf63e0582c50b596e6678ec852cd57f891101,optimal,True,optimal,True,False,0.6820327990000123,1.0,1.0,179708.55420057755,179708.710396377,0.6742430111258028,201.01670583491912,364.62137448011345,-1.1114593689853791e-09,0.1,9203.450446483985,5,-1.0240053906086386,0.1561957994417753,165662.1080367117,12000.0,1255.5867636264804,0.6277933818132403,790.3878026569938,0.1483090830000009,16.642869015000002,1.7601934340000014,0.006614281999986815,18.551371532000005,18.55798581399999
60,49,100,ESI-ALNS,2a5dac29895cceef77d8a48893d7e377e45fa183fe51b8c1b93f4a48b63e9b07,12f39e15c387f9530ce2cbc5e1d2be193955f1a5465ef6b3ffde5eea93d744eb,optimal,True,optimal,True,False,0.5547012030000076,1.0,1.0,179671.62179867883,179671.8014709862,0.7411319103855779,199.90410060749153,362.1704144948095,-6.164752903714543e-07,0.1,9203.450446483985,5,-0.9721405134274085,0.17967230736394413,165662.1080367117,12000.0,1195.7857391590069,0.5978928695795035,813.3098022458923,0.1483090830000009,21.929448318999988,8.137862427000002,0.006167427999997699,30.21561982899999,30.22178725699999
60,49,102,RGA-MR,52987e7ee67d1f9d0c23be1e4bb0dc820a7c0427e75f10119efe319c82d3ae4a,d0f10b92de18ef104207a9dd7cc4c0522cb57ef4ac07bbb64e4edf9dfdddb9ab,optimal,True,optimal,True,False,0.6582315110000252,1.0,1.0,235252.84454502165,235253.07979772973,0.19421506126741228,206.6747058825859,353.370440566145,2.2690755940857343e-09,0.05,12342.30588336351,2,-0.6797314473524818,0.2352527080802247,222161.50590054318,12000.0,333.54762270988635,0.1667738113549432,757.8595006653218,0.0,27.721162303000014,8.009649601999996,0.00584975399999621,35.73081190500001,35.736661659000006
60,49,101,B-ALNS,0c58c8a48ed9611391fa5c9cac07b58f9eb3e2ab7a8c0ca0b1a910e657fd9f2f,7c0e069396df05038584023aad85cd6c26111c21cf289f27d5e21359ae5a251f,optimal,True,optimal,True,False,0.5420702580000238,1.0,1.0,172526.89136118162,172527.06388801464,0.42475032434757987,216.84095620994776,372.46588768907657,-2.270291929562518e-06,0.1,8791.186560115944,4,-0.5252482068656698,0.17252683301921934,158241.358082087,12000.0,1583.433531342604,0.791716765671302,701.4805578193758,0.1483090830000009,17.874152367999983,3.5880595649999805,0.0059881459999928666,21.610521015999964,21.616509161999957
60,49,101,ESI-ALNS,89784dd7272455333ec99cb8f2eb79b468026bd8d1abf55591affd14f81c39cd,2857c35d186188646e9aeb3019907efe4cd8d5ccc816b0754d75f46a0abc0e36,optimal,True,optimal,True,False,1.1755580349999946,1.0,1.0,171628.01953607245,171628.19116404967,0.5146361013238488,211.00410046480684,372.465887831928,-1.1272504707449116e-08,0.06666666666666667,8789.706971238238,3,-0.4339397318561594,0.17162797722266987,158214.72548228828,12000.0,596.0020644713386,0.2980010322356693,817.1656162577971,0.1483090830000009,24.279764943000004,2.7565192809999814,0.005853865000005953,27.184593306999986,27.190447171999992
60,49,101,RGA-MR,b7b3e6b33a978342bac5af8eb1eb5df5d52731bdfe6eb642320b863928fee04c,17e3197ec399840fc01d82d62376a788b17ce91daee23d1289661d4fcd5e2319,optimal,True,optimal,True,False,0.6368636839999908,1.0,1.0,235252.84454502165,235253.07979772973,0.19421506126741228,206.6747058825859,353.370440566145,2.2690755940857343e-09,0.05,12342.30588336351,2,-0.6797314473524818,0.2352527080802247,222161.50590054318,12000.0,333.54762270988635,0.1667738113549432,757.8595006653218,0.0,28.183560836999987,8.011044978000001,0.0054831130000252415,36.19460581499999,36.200088928000014
60,49,,FTR-NM,a501e4944cc69f776daf609fbaa30565163676c3345c6ec29785f4cb5660024b,b6cb72c9d459fd55bdf93f27cdb4262aed0087340797abad30655502a1b134de,optimal,True,optimal,True,False,1.2129009939999946,1.0,1.0,236686.48733800687,236686.7240245159,0.13218657097793945,206.79971865766117,353.37044070123534,-1.0848793863260653e-08,0.05,12410.770861297593,2,-0.7298081343978089,0.23668650901527144,223393.87550335668,12000.0,534.7216602627907,0.26736083013139533,757.8595000662929,0.08666457800000416,0.0,7.976459852000005,0.005585688000024902,8.06312443000001,8.068710118000034
60,49,102,B-ALNS,73eaf7ed8f1a78c895183b1e8c9398c98437045d1b26c1d5de4f76a1ec0da507,f02214b32570e5bfdd2caa65236d6dc000e982fb4d6ea3dd16f9090a77c91b49,optimal,True,optimal,True,False,0.6617448350000075,1.0,1.0,175005.96208621978,175006.1370922035,0.25659588232486985,214.81701880640694,358.5943872428145,-1.5320682678066078e-07,0.08333333333333333,8971.638971688912,3,-0.6612023660292744,0.17500598373590037,161489.5014904004,12000.0,698.3042282631448,0.34915211413157243,817.982221425843,0.1483090830000009,14.075136274000016,7.733272337000017,0.0060653930000000855,21.956717694000034,21.962783087000034
60,49,102,ESI-ALNS,73eaf7ed8f1a78c895183b1e8c9398c98437045d1b26c1d5de4f76a1ec0da507,e14a5b73cd2c6588a3f3990ef6886d17701ea0f4bafb67124c3317ba8156bea7,optimal,True,optimal,True,False,0.5258228700000132,1.0,1.0,175005.96208621978,175006.1370922035,0.25659588232486985,214.81701880640694,358.5943872428145,-1.5320682678066078e-07,0.08333333333333333,8971.638971688912,3,-0.6612023660292744,0.17500598373590037,161489.5014904004,12000.0,698.3042282631448,0.34915211413157243,817.982221425843,0.1483090830000009,16.346423183000013,7.714715944000005,0.005881098999992673,24.20944821000002,24.215329309000012
60,49,,GR-MR,9a9481200d3fa77c17ce05e81563af3005287f76ddc85274d96219fc8ec91387,70efc886254a8a35a0aa1b235dd6eccb2426d59db1eff5046b7eafa7f4d5abbd,optimal,True,optimal,True,False,0.6374891060000039,1.0,1.0,235252.84454502165,235253.07979772973,0.19421506126741228,206.6747058825859,353.370440566145,2.2690755940857343e-09,0.05,12342.30588336351,2,-0.6797314473524818,0.2352527080802247,222161.50590054318,12000.0,333.54762270988635,0.1667738113549432,757.8595006653218,0.1483090830000009,0.0,7.932744944000007,0.005582457000002705,8.081054027000008,8.08663648400001
60,50,102,B-ALNS,48a667a931541979cd104d95833e6ae9a551e3b9fc285439c21cb2199d19b4c6,cba1bd3f0f7a191941dc0df0f7304d1506c890de8b8bc829ec29c77effe0901a,optimal_inaccurate,False,skipped_unqualified_stage1,False,False,,0.0,0.0,,,,,,,,,,,,,,,,,0.30696407900001077,26.564338228999986,11.429163429999988,0.0029969699999981003,38.300465737999986,38.303462707999984
60,50,102,ESI-ALNS,48a667a931541979cd104d95833e6ae9a551e3b9fc285439c21cb2199d19b4c6,a346d6ddd8ce5101d6ef02658ebeaeccbb117bf5e97e439d28ebdfb2190c7cec,optimal_inaccurate,False,skipped_unqualified_stage1,False,False,,0.0,0.0,,,,,,,,,,,,,,,,,0.30696407900001077,33.77247099300001,11.734543583000004,0.0033055140000044503,45.81397865500003,45.81728416900003
60,50,,FTR-NM,1299f1a19116e0f1614c55895c336b2b0b166f181e04125a055d185135c24f85,268058234cd6f6fcd08ded26f145868fd2ed7fdbfb91c0997f78b99cf24e5b9a,optimal,True,optimal,True,True,0.651878068000002,1.0,1.0,231568.46224553543,231568.656420988,0.2927294735968336,212.19711359436326,356.4611493730454,4.347384674474597e-10,0.1,12100.020630482573,3,-1.2626671733111838,0.19417545257601887,217800.37134868634,12000.0,904.8872249171385,0.45244361245856923,862.9454037720716,0.19072980699996833,0.0,0.7206928610000034,0.0057982870000046205,0.9114226679999717,0.9172209549999764
60,50,102,RGA-MR,3015d8f1b8e4725c290e32b6d3001307de0a3dd4f50c2ee8a3742fd3ac4fd415,53a49118049b0317c1e3e3979b797ffb2e958137bbf75241b913251d4b2dfc4e,optimal,True,optimal,True,False,0.4953029839999772,1.0,1.0,224322.32715164108,224322.51352416657,0.2142544363393629,213.8019201257569,356.4607775445204,3.397303771635052e-09,0.1,11721.368647758678,1,-0.6159943725582337,0.1863725254952442,210984.6356596562,12000.0,474.6983139443162,0.2373491569721581,862.9422014090711,0.0,34.008272876999996,2.592455733999998,0.005439769999981081,36.600728610999994,36.606168380999975
60,50,100,B-ALNS,f39e2029ec9c82ee8cc735d0f58f4f758e012991602e208658c41bb34c31b9b5,42768300efeb8e95e15043dceeb1a72da3960d556c0bdd542ebfc4fe05c618da,optimal,True,optimal,True,False,0.6665621690000023,1.0,1.0,181431.23098854293,181431.41241959418,0.9187093024284518,220.239381785137,360.66980273455914,-1.721105036267545e-09,0.11666666666666667,9297.055608700588,5,-0.8627188593764024,0.18143105125636794,167347.00095661057,12000.0,1313.1360325127912,0.6565680162563956,770.618862454553,0.30696407900001077,26.154336314999995,1.575077747000023,0.005936515999962921,28.03637814100003,28.04231465699999
60,50,100,ESI-ALNS,4b6ac2e02e807dd568f52a27d397d5399cd8b20b97e4701c6eccd3b485ee8bcf,493552a6c35785482b1a8d96224f4878c10642afb5819459e3efff28c32c6a40,optimal,True,optimal,True,False,0.5294455960000164,1.0,1.0,181186.93938888243,181187.12057587004,1.2282494617755586,220.1951639529561,360.6698032195454,-6.528716767206788e-08,0.11666666666666667,9289.590622684502,4,-0.5827178103656632,0.1811869876109995,167212.63120832105,12000.0,1203.2688717971482,0.6016344358985741,770.6188613159239,0.30696407900001077,31.574375963999984,8.019919923000032,0.005472290999989582,39.901259966000026,39.906732257000016
60,50,101,B-ALNS,d98ff3ba8acf37db9c9f644281ab2d0be12ce9ddca1a7cbaa25dcd21c372f368,cb1cefe446147d7622ca85ead6e5d1d4ad24c3f98a1a5e7fd826f34a939ef79e,optimal,True,optimal,True,False,0.5964240849999953,1.0,1.0,162162.99069697,162163.15285995658,1.6075732866949888,228.96247489244533,360.0911792767121,-1.7618617675907444e-09,0.26666666666666666,8086.249052840745,7,-0.3557790517265478,0.16216298658400774,145552.4829511334,12000.0,3799.0840275401065,1.8995420137700534,809.6863392692819,0.30696407900001077,32.547214000999986,7.713229962000014,0.006385832000034952,40.56740804200001,40.573793874000046
60,50,101,ESI-ALNS,d98ff3ba8acf37db9c9f644281ab2d0be12ce9ddca1a7cbaa25dcd21c372f368,69b7ac158e66022f2b58a375f21508c5e63d1b762b04fdd8f4aa977c791e2a02,optimal,True,optimal,True,False,0.49477917900000534,1.0,1.0,162162.99069697,162163.15285995658,1.6075732866949888,228.96247489244533,360.0911792767121,-1.7618617675907444e-09,0.26666666666666666,8086.249052840745,7,-0.3557790517265478,0.16216298658400774,145552.4829511334,12000.0,3799.0840275401065,1.8995420137700534,809.6863392692819,0.30696407900001077,42.504924029999984,7.91451457200003,0.006036510999990696,50.726402681000025,50.732439192000015
60,50,101,RGA-MR,10e9f16de44810b9ae1ea9eb50697fd18d2746f2d29cc560acb3d2fd26c7bc19,9ea8efbf25c67407b64e64a94be610b3bba0b640503b1308a1ffd3435fb9f00f,optimal,True,optimal,True,False,0.5035953839999934,1.0,1.0,224322.32715164108,224322.51352416657,0.2142544363393629,213.8019201257569,356.4607775445204,3.397303771635052e-09,0.1,11721.368647758678,1,-0.6159943725582337,0.1863725254952442,210984.6356596562,12000.0,474.6983139443162,0.2373491569721581,862.9422014090711,0.0,36.45976748200002,2.607262714000001,0.0048359490000393635,39.06703019600002,39.07186614500006
60,50,100,RGA-MR,f48eec5e68a00c93ea82f00c2dd85a35af39f873f03138465d67384dd3c8903d,c987a2ca981d8e385a563c96e968ee2e97a8f8ac4f773834b38a0749c95ef894,optimal,True,optimal,True,False,0.6276770790000228,1.0,1.0,224322.32715164108,224322.51352416657,0.2142544363393629,213.8019201257569,356.4607775445204,3.397303771635052e-09,0.1,11721.368647758678,1,-0.6159943725582337,0.1863725254952442,210984.6356596562,12000.0,474.6983139443162,0.2373491569721581,862.9422014090711,0.0,39.85785285899999,2.5838890950000177,0.004827764000026491,42.44174195400001,42.446569718000035
60,50,,GR-MR,0c5753df3fa54ba301d72fbd2fb195d8efc9f80916dae0a410bd561d424e4228,cffaa4c0000d2905eeba47ab7d522bd0c571b538b9940546d7de37e2ddbd7e2f,optimal,True,optimal,True,False,0.49207868499999563,1.0,1.0,224322.32715164108,224322.51352416657,0.2142544363393629,213.8019201257569,356.4607775445204,3.397303771635052e-09,0.1,11721.368647758678,1,-0.6159943725582337,0.1863725254952442,210984.6356596562,12000.0,474.6983139443162,0.2373491569721581,862.9422014090711,0.30696407900001077,0.0,2.5471336790000123,0.005393405999996048,2.854097758000023,2.859491164000019
60,51,,GR-MR,c5e80846a445356547c8f72e8b4b974f2f2062659828cbf99618cb229dafaea9,844bf065003d19395cf7a510c5974776ae36519a0f639933fc829c0f0e54e6a3,infeasible_precheck,False,skipped_unqualified_stage1,False,False,,0.0,0.0,,,,,,,,,,,,,,,,,0.18651877100000291,0.0,1.911299021000005,5.149999999787269e-06,2.097817792000008,2.0978229420000076
60,51,101,RGA-MR,d56fee341e2b2e4368a0c7df165589d542aa50c6943e2eb20dff3f5e8375b14c,72b1984d7c2a1083162c387e52be33ea6bb977eb3e40ecd6be7a15f95a221615,infeasible_precheck,False,skipped_unqualified_stage1,False,False,,0.0,0.0,,,,,,,,,,,,,,,,,0.0,23.672524775,0.0003007130000014513,4.888999995955601e-06,23.672825488,23.672830376999997
60,51,101,B-ALNS,a6cefe18b9d6a390986c33679f85ca85df7dc8df4bac75d676cf4435dd883093,fbbccb241162611e915d4eea7c1141f7c5e908587d04ab94f56921eb50e8832c,optimal,True,optimal,True,True,0.623682868000003,1.0,1.0,177172.09988444796,177172.27705652494,0.7132596446696357,209.40362769229841,370.20869715947543,-2.1724287080360227e-07,0.06666666666666667,9081.156070876807,3,-0.9683911581379999,0.17717207697569393,163460.80927578252,12000.0,880.1049828213401,0.44005249141067004,830.9227454296807,0.18651877100000291,24.24700414600001,0.7638830959999865,0.005836060000007137,25.197406013,25.203242073000006
60,51,101,ESI-ALNS,a6cefe18b9d6a390986c33679f85ca85df7dc8df4bac75d676cf4435dd883093,eef3cc07d94c562bf29198cf3f13a4bd91d70247f9efbac03f63d960b81d5ac5,optimal,True,optimal,True,True,0.5368167160000041,1.0,1.0,177172.09988444796,177172.27705652494,0.7132596446696357,209.40362769229841,370.20869715947543,-2.1724287080360227e-07,0.06666666666666667,9081.156070876807,3,-0.9683911581379999,0.17717207697569393,163460.80927578252,12000.0,880.1049828213401,0.44005249141067004,830.9227454296807,0.18651877100000291,26.753275896000005,0.776606251000004,0.0057579340000017964,27.716400918000012,27.722158852000014
60,51,102,B-ALNS,57a0e14e55c54cc9b26f75a36f3ebc57545c2ebaa058d77566a971a004517651,8de76122e87c07b776dbe39c84ddc8acc2df0485975a5a9242226041955c4edf,optimal,True,optimal,True,True,0.6063363650000042,1.0,1.0,165069.0149009909,165069.17997000748,0.9381534783621267,223.25008596780572,345.16048778953507,-1.924831849464681e-08,0.16666666666666666,8279.80049574548,5,-0.9339149189166728,0.1650690165697597,149036.40892341864,12000.0,3161.8593513853884,1.5809296756926943,869.3307655277504,0.18651877100000291,19.536817229999997,0.7837274500000007,0.006293186999997147,20.507063451,20.513356637999998
60,51,102,ESI-ALNS,5cc785543a8cf1efaa9cb4372e57424a541a7d108bcbfe293337e57d3ffcc33d,2ae41897a9868810b93d5edd1a946c015f750158ed8b1d8894d0bfcb88598ac2,optimal,True,optimal,True,False,1.1652715989999933,1.0,1.0,164919.04714274872,164919.21206169017,1.2837881650827783,223.1549871670827,345.16048782249266,-8.22818719825591e-08,0.16666666666666666,8278.384620077268,5,-0.6311214802946599,0.16491894144564867,149010.92316139082,12000.0,3037.439415233838,1.5187197076169192,869.3307653578902,0.18651877100000291,25.249292128000008,8.036763401000002,0.006899153999995633,33.47257430000001,33.47947345400001
60,51,,FTR-NM,b0cb9aa43bc36b9f6ce8559339ba64d4b05b609aeb0c696f1b6261005dd5f3fc,ae86bc5ec27f432698daab07a38f6b646fae532ebb3e15974ef11dccc63b7967,infeasible_precheck,False,skipped_unqualified_stage1,False,False,,0.0,0.0,,,,,,,,,,,,,,,,,0.11723403499999563,0.0,0.00022319800000047962,4.5689999979003915e-06,0.11745723299999611,0.11746180199999401
60,51,100,RGA-MR,f8aa196a9b9ab118766442e15f2c348fc1a3d4d2eb10bcb6e082d9367338b848,bda6af0e7eddb823a9667d8699268d5522c6c3d93ef87c275e597892c30def10,infeasible_precheck,False,skipped_unqualified_stage1,False,False,,0.0,0.0,,,,,,,,,,,,,,,,,0.0,28.188562645999994,0.0003331039999920904,4.2579999899317045e-06,28.188895749999986,28.188900007999976
60,51,102,RGA-MR,e21e483fed6d882a253fcc087a9f4b75b8d8e16797aabcfe7e94c2de69ad9979,62f8b1d21b7e9bc6238435720b1fc158ef38cb18f8032f49b04131714066302f,infeasible_precheck,False,skipped_unqualified_stage1,False,False,,0.0,0.0,,,,,,,,,,,,,,,,,0.0,26.311720713,0.0003700429999753396,4.447999998546948e-06,26.312090755999975,26.312095203999974
60,51,100,B-ALNS,728b4d4c91e0f64d9863f4984c3c98de649aa5dc8e14005b50178303f3e906c4,76ca7462b12599a91d35c4e81861f211ae51c1f6b19dca050ff5c08430ba8682,optimal,True,optimal,True,False,0.6361050900000009,1.0,1.0,187000.9106989395,187001.0666732028,0.3568916683554514,202.16191136973163,338.2319587318094,1.555349626869429e-09,0.08333333333333333,9632.9849896626,2,-1.2140688257471766,0.15597426329622976,173393.72981392682,12000.0,761.0595452044337,0.3805297726022169,845.8967842989471,0.18651877100000291,19.787608447999986,1.7386380519999989,0.005417201000000205,21.712765270999988,21.718182471999988
60,51,100,ESI-ALNS,728b4d4c91e0f64d9863f4984c3c98de649aa5dc8e14005b50178303f3e906c4,4c0b58c7fcea1e06b7a98cdb31afa70545280c222c520b6714276aee24a52661,optimal,True,optimal,True,False,0.5058231699999851,1.0,1.0,187000.9106989395,187001.0666732028,0.3568916683554514,202.16191136973163,338.2319587318094,1.555349626869429e-09,0.08333333333333333,9632.9849896626,2,-1.2140688257471766,0.15597426329622976,173393.72981392682,12000.0,761.0595452044337,0.3805297726022169,845.8967842989471,0.18651877100000291,22.50078755300001,1.721492302999991,0.005260638000009976,24.408798627000003,24.414059265000013
60,52,100,RGA-MR,33000745b7d87d781b695b92664865f41384dc9865f2f19c8c69217b98cf6eac,03d6b0ffedda72a1f52c1fde6b6b9eda7c5bb000942b82b20d42318ddd5f2ba0,optimal,True,optimal,True,True,0.6407724390000169,1.0,1.0,235845.36696474502,235845.6028097101,0.8850957157285428,214.5634744507608,368.91823916568245,-8.47437149786856e-07,0.08333333333333333,12326.320893438968,4,-0.8409644531999754,0.2358449650928378,221873.77608190142,12000.0,1343.3656672405587,0.6716828336202794,627.7893777345008,0.0,31.917331057000006,2.8319827100000055,0.0059765299999980925,34.74931376700001,34.75529029700001
60,52,101,B-ALNS,378eff78df18f9ea0e7ec6f4db67e3086497152e134766c436e33a98a8f61e11,60f1128c15ad992bdda5831d2e7b2e179565695a030c18d27601278510346036,optimal,True,optimal,True,False,0.656005026999992,1.0,1.0,162859.47303445678,162859.6358939589,0.8581937449262369,231.71057919084757,380.64519250115626,-3.7235736272123177e-08,0.16666666666666666,8225.671732115168,4,-0.9131251568703147,0.1628595021320507,148062.09117807302,12000.0,1984.652471170582,0.9923262355852911,811.8999184797217,0.2277370600000026,14.492935157000005,3.0168288289999907,0.005928799000002982,17.737501046,17.743429845
60,52,101,ESI-ALNS,399a05a7eea3f4ab4bc6afa1399ba510ab4e488e105dd8e3f70cb86d8b0dfa77,2297822ecd9c7fc806078f39a69fa3ffa425af856dd7000a20340016d74a81d4,optimal,True,optimal,True,False,0.5242227229999799,1.0,1.0,161415.69897576363,161415.86039140797,0.7327348223244438,230.28480952147402,383.24800583878846,-5.133699687576154e-08,0.16666666666666666,8149.418784205429,4,-1.0217392923032929,0.1614156443392858,146689.53811569774,12000.0,1869.5642789081849,0.9347821394540924,855.823214662601,0.2277370600000026,20.046657066999998,4.222116458000002,0.006008148000006486,24.496510585000003,24.50251873300001
60,52,102,B-ALNS,74f34b824bb378d8bb1569bb66604604cc200552f71ba6ae6121eb9de2e09085,3e438fc42b4abe379bd7ed30b14a5eb5e3778425a76810d1fa4e19b41665b9cc,optimal,True,optimal,True,False,1.2055305580000208,1.0,1.0,185711.18461576995,185711.37032663976,0.9247368061250801,225.9260475265079,381.9463044354819,-1.8024820747086778e-08,0.1,9551.595451577241,3,-0.9083602702229677,0.18571086981683038,171928.71812839035,12000.0,1128.1117106889735,0.5640558553444868,653.9764317051109,0.2277370600000026,12.75616029199999,3.4193742210000124,0.005934366000005298,16.403271573000005,16.40920593900001
60,52,102,ESI-ALNS,74f34b824bb378d8bb1569bb66604604cc200552f71ba6ae6121eb9de2e09085,d62f1edd3ab9996451aa3b216c0dafeb6edab9a328fc894dab3cbdc256e3c1bf,optimal,True,optimal,True,False,1.1771133099999815,1.0,1.0,185711.18461576995,185711.37032663976,0.9247368061250801,225.9260475265079,381.9463044354819,-1.8024820747086778e-08,0.1,9551.595451577241,3,-0.9083602702229677,0.18571086981683038,171928.71812839035,12000.0,1128.1117106889735,0.5640558553444868,653.9764317051109,0.2277370600000026,15.928761733999991,3.4930342649999915,0.005918846000000144,19.649533058999985,19.655451904999985
60,52,101,RGA-MR,6afe917a49eea3da2677648ec068e7e1eba7fea7d3dfee2c7ab4fb62be5899ce,d0c5a0cdb87e06b2caac940c28d0992b1682529b1990488560922009b6337aaf,optimal,True,optimal,True,True,0.6766800169999954,1.0,1.0,235845.36696474502,235845.6028097101,0.8850957157285428,214.5634744507608,368.91823916568245,-8.47437149786856e-07,0.08333333333333333,12326.320893438968,4,-0.8409644531999754,0.2358449650928378,221873.77608190142,12000.0,1343.3656672405587,0.6716828336202794,627.7893777345008,0.0,28.538727087000012,0.8245673039999986,0.005908101999978044,29.36329439100001,29.36920249299999
60,52,,FTR-NM,000d1c170640644cd2093a34682f545fcc88b328dcde1ff1fb3b443736680b4a,c7df9fef18bd24da3219df7cc82f247e7d419b6e9c7e54c1ffa84e34be912074,optimal,True,optimal,True,True,0.5446805589999997,1.0,1.0,238679.87942614628,238680.11810599826,0.6662233435813685,213.41193367154668,368.91823942096937,-2.7581791073316708e-08,0.08333333333333333,12454.386853810607,4,-1.029049043624518,0.23867985198739916,224178.96336859092,12000.0,1879.0659048822451,0.9395329524411227,621.1492995726647,0.11698746799999782,0.0,0.835088686000006,0.0062173910000069554,0.9520761540000038,0.9582935450000107
60,52,102,RGA-MR,aa4e232c5ec2d23c1a03c90c45513c954c5080f15b4034fa6e883c487f0219be,24e70da3139402a992d365a880eacf6ccc10581c38a5f974815006e171b85876,optimal,True,optimal,True,True,0.6472101660000078,1.0,1.0,235845.36696474502,235845.6028097101,0.8850957157285428,214.5634744507608,368.91823916568245,-8.47437149786856e-07,0.08333333333333333,12326.320893438968,4,-0.8409644531999754,0.2358449650928378,221873.77608190142,12000.0,1343.3656672405587,0.6716828336202794,627.7893777345008,0.0,28.757457708000004,0.8204498430000058,0.005998699000002716,29.57790755100001,29.583906250000013
60,52,100,B-ALNS,0a0bd5ffb23c02c80cefe0bb68c6c5f6e3b2ec727212ddbf294f2edf490890e2,baac5498187d9015b1636e116268c3e0f3e74a9057fa7c66a19d5213222cf26e,optimal,True,optimal,True,True,0.6400658950000206,1.0,1.0,184295.67493127397,184295.85922670198,1.3923993994251935,229.76734348048137,381.2706661790648,-5.005063030694146e-09,0.11666666666666667,9475.822436762051,4,-0.5234104172434546,0.1842954280145932,170564.80386171694,12000.0,1060.844102591665,0.5304220512958325,669.6808403420779,0.2277370600000026,16.055137468999988,2.157625896999974,0.005846982999997863,18.440500425999964,18.446347408999962
60,52,100,ESI-ALNS,35e30dbcba6b43080476f8db378d86c234468ec10a4cba33e083066676581416,b8718f7eedd941dcdfbaecac34036f3af1b5ffc41eda4085cdcd0964d72f7100,optimal,True,optimal,True,False,1.1612212560000046,1.0,1.0,184119.5786216124,184119.73217450752,1.2624098877296772,225.8330261172092,381.2286194175124,-1.875662292150082e-08,0.1,9476.3050489856,3,-0.5617029148501287,0.15355289512081072,170573.4908817408,12000.0,874.6650106393541,0.4373325053196771,671.1389496220368,0.2277370600000026,21.489107837999995,7.813815915000021,0.005581885999987435,29.53066081300002,29.536242699000006
60,52,,GR-MR,6f07ef7333b9e853265b249136e3f45d93316bf28619aff572dd03fe7945d1ca,1f02a12345cd3fe156c027c9814e35ed8c2b67f5be3c21bd71ae5190ce263fee,optimal,True,optimal,True,True,0.5350569390000146,1.0,1.0,235845.36696474502,235845.6028097101,0.8850957157285428,214.5634744507608,368.91823916568245,-8.47437149786856e-07,0.08333333333333333,12326.320893438968,4,-0.8409644531999754,0.2358449650928378,221873.77608190142,12000.0,1343.3656672405587,0.6716828336202794,627.7893777345008,0.2277370600000026,0.0,0.8283895879999932,0.0059517100000050505,1.0561266479999958,1.0620783580000008
70,45,,FTR-NM,c9f4c99c0b551af881a5bc49750f451ab1c2cbc0f792a6fc95a73414efa7f317,09a68a9a000edc257c8f149764a90ac1f939280093d8f72a4cfd0117e75e8ddd,infeasible_precheck,False,skipped_unqualified_stage1,False,False,,0.0,0.0,,,,,,,,,,,,,,,,,0.14420495699999236,0.0,2.0083290930000004,5.1410000025953195e-06,2.1525340499999928,2.1525391909999954
70,45,101,RGA-MR,64c2a324d2d9f5eb4caddd3413f62148375723f3823580a3d51fa30d643262c4,7c9d1ede5ae8de74ff18cb03b3579a5013721801fd1a86f25f1b31be6459bf57,infeasible_precheck,False,skipped_unqualified_stage1,False,False,,0.0,0.0,,,,,,,,,,,,,,,,,0.0,24.885445013000002,0.00031884000000559354,5.261000012524164e-06,24.885763853000007,24.88576911400002
70,45,102,B-ALNS,4627c470387ab3d1b915e241bb083887e39ea653c272a914f5b8ccef276a5b4f,9c65d4fc2e643ef76074a98c635ede63e32d0f0b24e29613b47d2c17861167f3,optimal,True,optimal,True,False,0.6495581149999978,1.0,1.0,202076.41372271313,202076.61579911958,1.685482227572562,220.4420437252694,361.07149752581535,-2.594839543235139e-08,0.11428571428571428,10283.475754614487,6,-0.2778606357470599,0.20207640645094216,185102.56358306075,14000.0,1972.7253689809718,0.9863626844904858,1000.3404843933686,0.20932573199999638,28.425658725999995,10.248114842999996,0.006903655000002118,38.88309930099999,38.89000295599999
70,45,102,ESI-ALNS,4627c470387ab3d1b915e241bb083887e39ea653c272a914f5b8ccef276a5b4f,78030927ca85a10e48ee0b5c99799356b795a9f0507d77c0deaa5f1bd62d8594,optimal,True,optimal,True,False,0.695972587,1.0,1.0,202076.41372271313,202076.61579911958,1.685482227572562,220.4420437252694,361.07149752581535,-2.594839543235139e-08,0.11428571428571428,10283.475754614487,6,-0.2778606357470599,0.20207640645094216,185102.56358306075,14000.0,1972.7253689809718,0.9863626844904858,1000.3404843933686,0.20932573199999638,32.151061625,10.45249977600001,0.0064204560000007405,42.812887133000004,42.819307589000005
70,45,101,B-ALNS,234137d0decd3fad333cbb5652546e551a4bfcc2737a6a7f8ab513564db9a88b,c832d49746678dc651c52c9a9e24f79d96444656dcb67fe04e39f46e32ce53e7,optimal,True,optimal,True,False,1.2709993699999984,1.0,1.0,190699.13657076552,190699.3272697148,1.3209749467533916,221.78836503383098,365.0355210270741,-1.001075133899576e-07,0.15714285714285714,9579.119958552776,6,-0.5144129643613844,0.1906989492708817,172424.15925394997,14000.0,3401.815510320882,1.700907755160441,871.6515976887779,0.20932573199999638,36.142143358,9.570016336000009,0.006329612000001816,45.921485426000004,45.927815038000006
70,45,101,ESI-ALNS,69b0ff7512b6b6cd343dbffa64097ba9335938b545ddecaf71fb5ea7485ce34c,82c78e7360782378feab1d20c0c39caba562a728c1882ed813f736d348025339,optimal,True,optimal,True,False,1.246903349,1.0,1.0,190173.38010184802,190173.57027505845,1.413143654611326,224.00443808725552,365.0355209803252,-1.0878090961341513e-07,0.17142857142857143,9543.265599117072,7,-0.4798564362198672,0.1901732104306575,171778.78078410728,14000.0,3529.4255768947396,1.7647127884473701,863.5992012679674,0.20932573199999638,43.10603351899999,4.473486438000009,0.006628645000006372,47.788845689,47.795474334000005
70,45,100,RGA-MR,5ccfcdac12021f1316bc88d69397c661a7d9e134278261a803d946c340190cd4,6661dff24a7e93b6da58f15c80ec5f1db5615860c7108800845037fd200b554d,infeasible_precheck,False,skipped_unqualified_stage1,False,False,,0.0,0.0,,,,,,,,,,,,,,,,,0.0,21.916747376000018,0.0003203809999945406,4.43400000449401e-06,21.917067757000012,21.917072191000017
70,45,100,B-ALNS,56081a9a90095f535cece59a236e883e376197d1cc82f5ac134416a9314250e3,e7f5d37db99403c354a5191c219e48e8398f16c299eb50992397d87449983c07,optimal,True,optimal,True,False,0.5385849910000005,1.0,1.0,208652.86290322544,208653.03694891828,0.946888213691882,227.23935846193075,365.8811985558851,-2.3021584638627246e-12,0.14285714285714285,10692.910881603153,2,-0.041703818835798545,0.17404569283826277,192472.39586885675,14000.0,1468.6435973370583,0.7343217986685291,711.2631609257983,0.20932573199999638,20.987509310000007,2.335467178999977,0.005597427999987303,23.53230222099998,23.537899648999968
70,45,100,ESI-ALNS,56081a9a90095f535cece59a236e883e376197d1cc82f5ac134416a9314250e3,8edd50fe58c75d1cf28a1292eba249ebb401376661487e4becd343762caea92d,optimal,True,optimal,True,False,0.638384305999999,1.0,1.0,208652.86290322544,208653.03694891828,0.946888213691882,227.23935846193075,365.8811985558851,-2.3021584638627246e-12,0.14285714285714285,10692.910881603153,2,-0.041703818835798545,0.17404569283826277,192472.39586885675,14000.0,1468.6435973370583,0.7343217986685291,711.2631609257983,0.20932573199999638,23.636188392000008,2.350571145999993,0.005589138999994248,26.196085269999998,26.201674408999992
70,45,,GR-MR,43c523bed8a8d72685f851701b24cd0f20c273bfab7969c2c8e89a9cb26c2faf,8b59fbd634e9de463d0419684976b1a48684541d0b082863b3a2db8df6862178,infeasible_precheck,False,skipped_unqualified_stage1,False,False,,0.0,0.0,,,,,,,,,,,,,,,,,0.20932573199999638,0.0,0.00046858299998575603,4.907000004550355e-06,0.20979431499998213,0.20979922199998668
70,45,102,RGA-MR,5e27301da3ba4f77db4d449d7240f49179b3d8e9faef6284640e3ba7389e815a,e9d58db348eda6122fc7f42334466a124ca0e8b515cf9640bc7ec5db855390fa,infeasible_precheck,False,skipped_unqualified_stage1,False,False,,0.0,0.0,,,,,,,,,,,,,,,,,0.0,23.615961753000022,0.0003387960000225121,4.58200000252873e-06,23.616300549000044,23.616305131000047
70,46,100,B-ALNS,6a751867c36feea9cd92a04d0edad005693f50070020112a90d16e8ff683257a,e2b87386cfd2f3454a5d5102077196ff82c8d25f4826ae538ce66fc264b17d08,optimal,True,optimal,True,False,0.688160332999999,1.0,1.0,201790.9472343219,201791.1490254033,0.945750679254571,215.68788881791681,376.4539708987551,-1.3674599586011027e-07,0.11428571428571428,10311.40168991929,4,-0.8583912920420286,0.20179108140291646,185605.2304185472,14000.0,1192.7050025590165,0.5963525012795083,992.617251795788,0.12631851199998323,14.295518523999988,2.0310043639999833,0.0040044499999964955,16.452841399999954,16.45684584999995
70,46,100,ESI-ALNS,53312582b3d9ad2c5f208d0a1e61119296a1c1dd51b7760985a66c713b6d53d9,e568e346b3534fd40db241db9de705e8966ae0a8676846e59ef9076d3d6300a6,optimal,True,optimal,True,False,1.2432650760000001,1.0,1.0,190734.7902930067,190734.98102857277,0.9909176484637042,213.80981460826516,366.37457600408504,-1.646840280500328e-05,0.11428571428571428,9690.988629965865,4,-0.7692588279134148,0.19073556608054787,174437.79533938557,14000.0,1316.0301427545219,0.658015071377261,980.4975313612881,0.12631851199998323,17.645828977999997,2.5818790630000024,0.004109247999991794,20.354026552999983,20.358135800999975
70,46,100,RGA-MR,741a34839348830880f32ec8afe06f23219e019d729c39ad7705d9855f29c4ed,4170df0716e691e59570ce1339f90e88bcd8d37ccce4957b168d3fe7ed4a2c5c,optimal,True,optimal,True,False,1.3133987329999997,1.0,1.0,243824.0777917188,243824.321615663,0.7817221660002193,214.59378013197667,361.9791630101488,-2.6908963945970754e-07,0.07142857142857142,12652.08998759729,3,-0.9662209641135732,0.24382394421263598,227737.61977675123,14000.0,1294.694850381678,0.647347425190839,791.3596411049083,0.0,15.386840628999977,1.3735911979999855,0.003457265000008647,16.760431826999962,16.76388909199997
70,46,101,B-ALNS,12d6c94b54d4fc7e2aa66aabb741792b4b0ff8f19ed93b15e88fb719b38ca1ec,41ba03b103dfc85bdab6211fe69c43e77f87d9eb00172075ac1d0a75430b9439,optimal,True,optimal,True,False,0.7030849379999964,1.0,1.0,215917.44743914736,215917.6633566965,0.5654385828154123,195.2034246359565,353.67434618947635,-1.1302427083137445e-07,0.02857142857142857,11136.190636522717,2,-0.37207068247436326,0.2159175491251517,200451.4314574089,14000.0,494.199610585071,0.24709980529253553,971.7851888972118,0.12631851199998323,8.799211701000019,5.037231424999959,0.003521891999980653,13.96276163799996,13.966283529999941
70,46,101,ESI-ALNS,12d6c94b54d4fc7e2aa66aabb741792b4b0ff8f19ed93b15e88fb719b38ca1ec,fc22fe85d6de18f54fb1b4b6aa9ee1bb398e2a6d385de11bf0872141a78b325b,optimal,True,optimal,True,False,0.6044774769999961,1.0,1.0,215917.44743914736,215917.6633566965,0.5654385828154123,195.2034246359565,353.67434618947635,-1.1302427083137445e-07,0.02857142857142857,11136.190636522717,2,-0.37207068247436326,0.2159175491251517,200451.4314574089,14000.0,494.199610585071,0.24709980529253553,971.7851888972118,0.12631851199998323,10.421194229000008,5.021078692999993,0.003574452000009387,15.568591433999984,15.572165885999993
70,46,102,B-ALNS,aa34e2d2a1ef7f6e59e1fecdb92d5e0f2a18b4d28d8610142713fc033b9acb05,029afea0140f6c2d1f3ee2abfa7a0ec21b3156923d1ca2f39531b44a63f7fa64,optimal,True,optimal,True,False,1.2952556330000036,1.0,1.0,214945.57734072313,214945.792286236,0.18559147953569757,192.66484930795207,355.1714691470443,5.966683147562435e-09,0.05714285714285714,11082.558045557409,2,-0.6827967292764509,0.21494551288196817,199486.04482003336,14000.0,463.2145513007504,0.23160727565037525,996.3013076262732,0.12631851199998323,7.897881139999981,5.167488349999985,0.0035648269999910553,13.19168800199995,13.19525282899994
70,46,102,ESI-ALNS,aa34e2d2a1ef7f6e59e1fecdb92d5e0f2a18b4d28d8610142713fc033b9acb05,6a828b4d2de469d052da9181993740e106c8a8f84445ea43427dfb1403d21621,optimal,True,optimal,True,False,1.327479928999999,1.0,1.0,214945.57734072313,214945.792286236,0.18559147953569757,192.66484930795207,355.1714691470443,5.966683147562435e-09,0.05714285714285714,11082.558045557409,2,-0.6827967292764509,0.21494551288196817,199486.04482003336,14000.0,463.2145513007504,0.23160727565037525,996.3013076262732,0.12631851199998323,9.412131944999999,4.998919918000013,0.003764187999991009,14.537370374999995,14.541134562999986
70,46,,FTR-NM,5cc939ab2786cd9802f8472b37094565c3219992f724847f31b2ac0eab681fcc,9d64c4c87874427667da67ff1f87685154402490178506c375b802a3bdbc762f,optimal,True,optimal,True,False,0.7298176040000044,1.0,1.0,250009.03386443612,250009.2838733996,0.6680426376825719,214.58425012858115,361.9791628298582,-1.3931696685176576e-08,0.07142857142857142,12946.02599529677,4,-1.1208025140260676,0.25000896348501556,233028.46791534187,14000.0,2188.362135111772,1.0941810675558863,791.3596418783975,0.07715009799997574,0.0,1.990544964000037,0.0036212130000308207,2.0676950620000127,2.0713162750000436
70,46,,GR-MR,e939a36be2b2efd2cde3eb22ba6d2ee01af3e9e569b90550577c71e5cff39fa7,ed25b76ec10efe467708001dbe66f7c9935feb60e4318125e1e750088fcb36a0,optimal,True,optimal,True,False,1.3006063749999939,1.0,1.0,243824.0777917188,243824.321615663,0.7817221660002193,214.59378013197667,361.9791630101488,-2.6908963945970754e-07,0.07142857142857142,12652.08998759729,3,-0.9662209641135732,0.24382394421263598,227737.61977675123,14000.0,1294.694850381678,0.647347425190839,791.3596411049083,0.12631851199998323,0.0,1.2997885020000126,0.0034073100000000522,1.4261070139999958,1.429514323999996
70,46,101,RGA-MR,eca9d30df3d02ec5c98f1f043a700cfc24961fc5f8cbc04290ff6534d19faea6,d13c7dc5cccca074728299ca914e00d9744b1a759d902c2d163755f9ec7501f0,optimal,True,optimal,True,False,1.2758719449999916,1.0,1.0,243824.0777917188,243824.321615663,0.7817221660002193,214.59378013197667,361.9791630101488,-2.6908963945970754e-07,0.07142857142857142,12652.08998759729,3,-0.9662209641135732,0.24382394421263598,227737.61977675123,14000.0,1294.694850381678,0.647347425190839,791.3596411049083,0.0,14.799917278999999,1.3925718120000283,0.003999853999971492,16.192489091000027,16.196488945
70,46,102,RGA-MR,94534b116bd750f5f8227103106dd09487feaeef4145ca3dca8c0b738854c3de,46047411a1f2e3bca51ad5e8e840704a7fb2fddbe482666b4501c290f93793c4,optimal,True,optimal,True,False,1.3601749280000064,1.0,1.0,243824.0777917188,243824.321615663,0.7817221660002193,214.59378013197667,361.9791630101488,-2.6908963945970754e-07,0.07142857142857142,12652.08998759729,3,-0.9662209641135732,0.24382394421263598,227737.61977675123,14000.0,1294.694850381678,0.647347425190839,791.3596411049083,0.0,14.60551202399995,1.3152128059999768,0.0034080809999750272,15.920724829999926,15.924132910999901
70,47,102,RGA-MR,03e5cdb003893b27eee2bf474d1a72cb0b12ecfded9947a6e52cf9923a9d0c7b,59b3297f4e85e971e1a02ad14ec97e523f2d31c01e2a2890b9da94c27544cda4,infeasible_precheck,False,skipped_unqualified_stage1,False,False,,0.0,0.0,,,,,,,,,,,,,,,,,0.0,31.94537559500003,1.9400442460000136,6.070000040381274e-06,33.885419841000044,33.885425911000084
70,47,,GR-MR,03f9b540b3a5a66dd38d9c44a6a08a6abcb18a37c51d5f66f78f26a3dcaa06cc,d61cc5a9836275c8606f38369b6d54a6ed32e32b39d5940d58f640ab1fd291b1,infeasible_precheck,False,skipped_unqualified_stage1,False,False,,0.0,0.0,,,,,,,,,,,,,,,,,0.378949116000058,0.0,0.00047818999996707134,6.395000013981189e-06,0.37942730600002506,0.37943370100003904
70,47,102,B-ALNS,d3ccda635817574ae7514a22415df07d85e6ffed5c3772db781027afe986d04d,f7fc99e688879e9f8196dc195399dc775aeab042fd15e2ead65c56d7cae9bbef,optimal,True,optimal,True,False,0.686398288999996,1.0,1.0,200505.96871499447,200506.13611899322,0.34952639802064345,217.42791278787607,371.26749697431103,-8.988365607365267e-09,0.07142857142857142,10262.778127521542,2,-1.199528503688264,0.16740399875561707,184730.00629538778,14000.0,809.0006146900911,0.40450030734504555,966.7247086080197,0.378949116000058,17.641307101999985,2.844791090000001,0.005363988999988578,20.865047308000044,20.870411297000032
70,47,102,ESI-ALNS,360c60a6342383ef255e4b07625f7d0987489cfe6a5bbd7e6bad3faa0d892fc4,77a574c7297ea9b91219088fbe45d30e488a2b0e840103448964b165111d1301,optimal,True,optimal,True,False,0.5673937890000076,1.0,1.0,190144.24087728807,190144.39997023722,0.5455286726746924,216.41531616855332,371.2685462897157,4.783942131325603e-10,0.08571428571428572,9679.145254420078,2,-1.095207905152604,0.15909294915036298,174224.61457956143,14000.0,947.1032199561821,0.47355160997809115,972.2086191096499,0.378949116000058,22.884930673999975,1.7163932259999797,0.005281158999991931,24.980273016000012,24.985554175000004
70,47,,FTR-NM,141f9419aac7d875b7a53a52db003abe558fdc0b0e5a3ab0759fdb5508be7c86,8a5ffc34563eed565036a4df7977f7efc945d8a23f0d445d5d8650bc43067823,infeasible_precheck,False,skipped_unqualified_stage1,False,False,,0.0,0.0,,,,,,,,,,,,,,,,,0.23506370400002652,0.0,0.00023974200001930512,5.2139999979772256e-06,0.23530344600004582,0.2353086600000438
70,47,101,B-ALNS,9838ceaee39f8546eb174c69a1f7931bb76c43aaac13f78e75511a5cc34e4927,fe5a2ae19ce4dcfe5a23299eb03a7ce8a1b56f7945242f6a98e7d0d546cd9d99,optimal,True,optimal,True,False,0.7014582549999915,1.0,1.0,210168.38647483292,210168.59664328297,0.5512914476003163,203.7010275772246,357.32277491652275,-1.1320088333377498e-07,0.08571428571428572,10787.735045055317,3,-1.1314674624791927,0.21016845005215146,194179.2308109957,14000.0,1062.7966042261437,0.5313983021130718,926.0378297590071,0.378949116000058,31.787168183000006,1.9519609019999962,0.005526280000026418,34.11807820100006,34.123604481000086
70,47,101,ESI-ALNS,7be79b8ee1a0dbb3b0a2445d7fb69c018f7b81e0831b23c8d00b721e7d190de5,a6c5b45aa32f92502ad7c08a2c185dacd38da35ec89c20e8547030c8bfd12499,optimal,True,optimal,True,False,1.294489091999992,1.0,1.0,210008.4749046491,210008.6849131118,0.6746899494519393,203.56745226977395,357.3227749058375,-5.097007260701503e-08,0.08571428571428572,10778.851068930748,3,-1.0509813794805698,0.21000846268725581,194019.31924075348,14000.0,1062.796444172238,0.531398222086119,926.0378299640174,0.378949116000058,36.76500887499998,7.76191336200003,0.0054482360000065455,44.905871353000066,44.91131958900007
70,47,101,RGA-MR,86db2f939ee9723a8d67496e4cc31e9de1aab5785c29d3f5afc70120d85da5ca,e8aabe547a1eb58671932d817cf99f2338458da9eeff5a790e3f7aeb20276a0e,infeasible_precheck,False,skipped_unqualified_stage1,False,False,,0.0,0.0,,,,,,,,,,,,,,,,,0.0,33.74115221699998,0.0003721879999147859,5.0929999133586534e-06,33.74152440499989,33.74152949799981
70,47,100,B-ALNS,4eaa64510b623c9a02351021ee8236024a7a48d800455d0e920b9883ff4268ea,067baf81a046573ef4945759c270d0d3156b678f25beb3c67ec25b807b4d1e5b,optimal,True,optimal,True,False,3.262984946000003,1.0,1.0,200416.82108316032,200417.02149995312,0.6324153479535799,208.76468359112783,362.62096361484726,-9.015479918161873e-09,0.08571428571428572,10235.402077778584,3,-0.31682635203926246,0.2004167927952949,184237.2374000145,14000.0,1205.326933877177,0.6026634669385884,973.8545025945077,0.378949116000058,19.38218696900003,4.207528406000051,0.005514787000038268,23.96866449100014,23.97417927800018
70,47,100,ESI-ALNS,f35a46d2bef76ad8310d93d0c4624df1c46daf330989e6152b818c0d50b9de93,ffc2ae4bc9d2ea8ba86ad1df7f6f8131f0f5008b5f18e2b1f5cca5d231a79a59,optimal,True,optimal,True,False,1.2322369609999981,1.0,1.0,199529.84968150643,199530.04921142152,0.6324162195812804,212.86988389097735,374.77876294143226,-8.568133580411086e-08,0.08571428571428572,10186.185535753486,3,-0.31648871900658515,0.19952991508762352,183351.33964356274,14000.0,1205.326052597743,0.6026630262988715,972.7808522347494,0.378949116000058,25.558759548000012,7.624716691999993,0.005212655000036648,33.56242535600006,33.5676380110001
70,47,100,RGA-MR,f347098c8dc56d22561175fb91a138ef4c205322ddd858e6ea2782272a2b78cb,50fa101a83d2ba2a19d12f138a6aec7d8973e988173592b50b2b01db3fae6f86,infeasible_precheck,False,skipped_unqualified_stage1,False,False,,0.0,0.0,,,,,,,,,,,,,,,,,0.0,33.316632690999995,0.0003336730000000898,4.653000019061437e-06,33.316966363999995,33.316971017000014
70,48,101,B-ALNS,f7e23931053b3b5a3f2f4346e8e8772cc87a3b3448ba4a848acf088a7c700efa,e21ee78ea8ab93d2643c2e1057d294a49552436ebc2b17758fa1c0a1b45e60c7,optimal,True,optimal,True,True,0.5809710830000085,1.0,1.0,206450.14727207657,206450.35372222133,0.584500689116708,216.54591449750677,395.07045121424215,-1.0453106824570568e-08,0.1,10535.998084906252,4,-0.384335371330896,0.20645014476031065,189647.96552831255,14000.0,1932.0825829352368,0.9660412914676184,869.3395696820849,0.21000433300002896,14.846389747999979,0.6342583889999673,0.004747989000009056,15.690652469999975,15.695400458999984
70,48,101,ESI-ALNS,dc69feb7f255d7d9430b61fba7569614199c8ee8b433c39f2f766c33a5fff1f9,230cf6200f7b96705e72735035c427d2e25be0152c21fecdf57cffecd2c3f28d,optimal,True,optimal,True,False,0.6872935949999999,1.0,1.0,204964.0411019184,204964.2460659551,1.013078249175589,215.94761344571793,393.5425453564001,-5.089384558232268e-07,0.11428571428571428,10443.859149802447,5,-0.7005069066465597,0.20496403670404106,187989.46469644405,14000.0,2083.6793878202507,1.0418396939101253,890.0601419968948,0.21000433300002896,20.358681595000007,6.566599829999973,0.0051823150000132046,27.13528575800001,27.140468073000022
70,48,100,B-ALNS,d4aab7ef811e9b0c31b1eaf44b585ec640c261d9890cd72efdb8237dcb275791,26416f59458cffcd016bcfaa57169e4dc800fde032af99bf0c0c5ad8f5f03e7b,optimal,True,optimal,True,False,0.6998710259999967,1.0,1.0,207070.8004996682,207070.97473156132,0.31436197106425096,209.58777010658557,384.48536898524446,3.012985416717129e-09,0.05714285714285714,10655.894511818924,2,-1.2342925300286887,0.17423189312103204,191806.10121274064,14000.0,412.23369392894665,0.20611684696447335,852.433708044754,0.21000433300002896,17.299499190999995,6.441508623000004,0.004907548999995015,23.95101214700003,23.955919696000024
70,48,100,ESI-ALNS,d4aab7ef811e9b0c31b1eaf44b585ec640c261d9890cd72efdb8237dcb275791,596e40681f72b3db8f03026306eaf673f218e3634865f03af6c696afc6148f0d,optimal,True,optimal,True,False,0.5856421269999998,1.0,1.0,207070.8004996682,207070.97473156132,0.31436197106425096,209.58777010658557,384.48536898524446,3.012985416717129e-09,0.05714285714285714,10655.894511818924,2,-1.2342925300286887,0.17423189312103204,191806.10121274064,14000.0,412.23369392894665,0.20611684696447335,852.433708044754,0.21000433300002896,19.550297420999982,6.571500371000013,0.00469169099994815,26.331802125000024,26.336493815999972
70,48,100,RGA-MR,a1d60ad0323ea1a53bc21345cbabdb65bcb6237f4b651811a0a69de77b21c909,75f7e70d0222e278cf7780d4fbebcbca1cc69561643f211812aef4371205931f,optimal,True,optimal,True,False,0.6836896009999975,1.0,1.0,249452.94617854632,249453.1956313547,0.40279057752455305,217.23411536412397,369.80093120540704,-1.197618075821083e-07,0.08571428571428572,12972.534757249188,3,-1.2647788304387289,0.24945280837710015,233505.62563048536,14000.0,1133.9909800317503,0.5669954900158751,813.0120253475525,0.0,27.06255799400003,6.363858021999988,0.004767628999957196,33.42641601600002,33.431183644999976
70,48,,FTR-NM,c191af9669c5c61bf5a8f5ed7fb58dc750ad958612449ac4167e55a847c9f5ca,156408c5d0fb41f6df4af813547c51842cf36478b9c0e451025415dd15b0e4c3,optimal,True,optimal,True,False,0.7083203969999943,1.0,1.0,260833.07556708844,260833.33640014858,0.5721502957425703,217.36750438940294,369.8009312732643,-5.713900463888422e-09,0.08571428571428572,13557.312379786115,4,-1.1656291689442022,0.2608330601360649,244031.62283615005,14000.0,1987.7076854125644,0.9938538427062822,813.0120247432294,0.12291718299997001,0.0,6.7417789269999275,0.004948967000018456,6.8646961099998975,6.869645076999916
70,48,102,RGA-MR,61cb70dfa9f6989f26b3f85edf350fdc5522336852e39b1859a4b277ecf1b83d,8eb1acdfb173edf940e6666c77d9c2ea15260aa342585a8308cc1e6ff7595c6f,optimal,True,optimal,True,False,0.5895282270000024,1.0,1.0,249452.94617854632,249453.1956313547,0.40279057752455305,217.23411536412397,369.80093120540704,-1.197618075821083e-07,0.08571428571428572,12972.534757249188,3,-1.2647788304387289,0.24945280837710015,233505.62563048536,14000.0,1133.9909800317503,0.5669954900158751,813.0120253475525,0.0,24.100975409999933,6.356024527000045,0.0046771390000230895,30.456999936999978,30.461677076
70,48,,GR-MR,038bb0d0d03d156e341102f5388616e162204f1ef9ad46dffbb77703b2c0aac0,5ee58cdf50b8f567506d2feec1136d923ce16affd5f19e4844735c0cb1da4725,optimal,True,optimal,True,False,0.689227719999991,1.0,1.0,249452.94617854632,249453.1956313547,0.40279057752455305,217.23411536412397,369.80093120540704,-1.197618075821083e-07,0.08571428571428572,12972.534757249188,3,-1.2647788304387289,0.24945280837710015,233505.62563048536,14000.0,1133.9909800317503,0.5669954900158751,813.0120253475525,0.21000433300002896,0.0,6.433486818000006,0.004686681999942266,6.643491151000035,6.648177832999977
70,48,102,B-ALNS,af92cbdf0c87bb917118af6ff31c340b1d90c4a0d780639e5237cdce01fdb37e,8b09f1d56fb42a7e50f728c5774afac986fffb3fae653d3c565f6be7fc533ca4,optimal,True,optimal,True,False,0.6940538970000034,1.0,1.0,196503.08329862155,196503.2798017217,0.8985386668049269,216.90451266406808,393.67392079851186,-1.8751791230897652e-08,0.12857142857142856,9990.799042407085,5,-0.9207696456004522,0.1965031001600437,179834.3827633275,14000.0,1828.2737014891622,0.9141368507445813,839.7092000542763,0.21000433300002896,11.59036946599997,6.165010972999994,0.004430821999903856,17.965384771999993,17.969815593999897
70,48,102,ESI-ALNS,ea0cdd005acd3a5b388c536a2ce5911a2d0c179f6e71e59f687a59f6d2351348,1b2fca317f36d95847d1448b3f9b3c6695e5daf31721cd009156d3d50f6985eb,optimal,True,optimal,True,False,0.5850847709999982,1.0,1.0,192561.0524869217,192561.24504795473,0.9560257617510642,214.4690466428638,387.61696773063807,1.4174190710036783e-09,0.14285714285714285,9743.955751075475,6,-0.8674337498513004,0.192561033036327,175391.20351935856,14000.0,2330.934240684313,1.1654671203421567,837.9418207915105,0.21000433300002896,15.90268322999998,1.8163003810000191,0.004944505000025856,17.928987944000028,17.933932449000054
70,48,101,RGA-MR,659600e393cd2518939a4ddc60decd2736cb2cf9b6df7f9d4d8881ebae296185,d5c4fc2ab308bf2c899236201c82bdf39dd95cb0563c4e98355d7f135f2425ac,optimal,True,optimal,True,False,0.6836757359999979,1.0,1.0,245366.80186965808,245367.04723655377,0.5179957115022784,215.5676644873968,369.8009313466125,-1.4488819033431355e-07,0.08571428571428572,12745.219522942454,4,-1.151833701943159,0.24536689568776637,229413.95141296415,14000.0,1163.21310268863,0.581606551344315,789.301114349626,0.0,24.513278835999927,3.26949438500003,0.0043386319999854095,27.782773220999957,27.787111852999942
70,49,100,B-ALNS,ffd3246852bb9a3a023939989ded82dd1c6a695ac606a6aa04a4b726704e5b4b,dce1f0be56790e745cf29def2776c127235bab21f2ca521896616fa3d24740e2,optimal,True,optimal,True,True,0.6621229290000059,1.0,1.0,196901.34882734725,196901.5141664222,0.8995944985137173,212.26010890807,356.22802202365864,-5.088622856419533e-10,0.12857142857142856,10014.622673370412,4,-0.8831561772362712,0.16533907494158484,180263.2081206674,14000.0,1666.8284276716101,0.833414213835805,970.6442038693647,0.4537447849999978,17.530621954999994,0.8779864720000035,0.0061799820000061345,18.862353211999995,18.868533194
70,49,100,ESI-ALNS,a5bfd029e4fff2516e16d819980e35b414353ef03421567e0a06be5dbfd7d043,5dd3938b32228c04d43df56b37b963e6b711e4321410748c778760c78d9c7d9c,optimal,True,optimal,True,False,0.5681709449999914,1.0,1.0,184768.40841518372,184768.56317863663,0.696735184932493,206.01270195222142,356.2279851687928,-1.7564616427989677e-10,0.11428571428571428,9347.807843060953,4,-1.0207585767760288,0.15476345291244797,168260.54117509717,14000.0,1511.1287600793119,0.755564380039656,996.1376790800941,0.4537447849999978,24.465752205,2.8710066259999962,0.006503318000000036,27.790503615999995,27.797006933999995
70,49,102,B-ALNS,d935f3f544f26a06276b1a0d8fbd2b7b3aecdf8dfda2586033121a346daafc28,2418d94dd66f95e155b30b04958ea1b9060d81aa91f1b5a48ea90317cc5014b7,optimal,True,optimal,True,False,0.6119925469999998,1.0,1.0,213320.50816082826,213320.7214818491,0.5567727498621509,197.9312899572114,362.9116203885681,-6.638275067416544e-07,0.07142857142857142,10981.148058329782,4,-1.099574146992177,0.21332102082669735,197660.66504993604,14000.0,707.9890910743704,0.35399454553718523,951.7133462931486,0.4537447849999978,21.747134554,3.738834299000004,0.006243003999998109,25.939713638,25.945956642
70,49,102,ESI-ALNS,5cc486b8ac7f1717726a60f95c20f75fdf9229f3c1e1c55d1443c3e8771dafb8,a0983785ffa20603be852bb4c7624b85edd39b9778135ec99896d44f104c48ea,optimal,True,optimal,True,False,0.6931682119999891,1.0,1.0,212243.65514233953,212243.86738596836,0.5575964966477523,198.0178048445367,362.91161989689067,-3.426514467719244e-07,0.07142857142857142,10921.249445120096,4,-1.0947618350227497,0.21224362883367576,196582.49001216172,14000.0,707.9880156318659,0.35399400781593304,953.035364166939,0.4537447849999978,29.777752338,3.4031254190000055,0.00659182600000463,33.634622542,33.64121436800001
70,49,101,RGA-MR,b040e9788977c6833ca2c8cf92bd939424626f7cac8ad2c753cf38bc7f25ae7c,a5e2852e63a83d878c7400443c90c638a04ec36128033218ea2bf300e6b808b4,infeasible,False,skipped_unqualified_stage1,False,False,,0.0,0.0,,,,,,,,,,,,,,,,,0.0,43.273763663,0.4491033049999942,6.532000014658479e-06,43.72286696799999,43.722873500000006
70,49,,FTR-NM,9192c6529857fc5c6c46b04a5d8c805ee784a39dfe3e58ad0f769c0d3ae6f809,47e0056c25294743cbebe42fd45e043c747b934804664be0bd6df5587d097c4d,infeasible_precheck,False,skipped_unqualified_stage1,False,False,,0.0,0.0,,,,,,,,,,,,,,,,,0.2286196059999881,0.0,0.00026683999999477237,4.288000013730198e-06,0.22888644599998287,0.2288907339999966
70,49,100,RGA-MR,4fb73e380b90eabc8aae61e4b1d23921d3e338ecf23303fc8501918c941b95d6,1445af24fd40a7929638c68ccbc5dfdec6c4e1d1e24a6c86354c7216e2f8e3f9,infeasible,False,skipped_unqualified_stage1,False,False,,0.0,0.0,,,,,,,,,,,,,,,,,0.0,42.66110609699999,0.5118850949999967,6.533000004083078e-06,43.172991191999984,43.17299772499999
70,49,101,B-ALNS,63e24e68ae1a7c054c45142b20178ede8f2b71454c6c8f2accbdd49d4d2d13a2,c462b8b2dea7ec7731b493ac2728614203c0a9016004307cbf00a055fb30ae09,optimal,True,optimal,True,False,0.7100184990000002,1.0,1.0,217092.8659731514,217093.04631331682,0.45738089525177955,196.5087314522788,332.5264178561202,-8.466201961709885e-09,0.05714285714285714,11195.569890711255,3,-1.1611417353585523,0.18034016541787423,201520.25803280258,14000.0,567.9390816203962,0.28396954081019815,1004.5652293530145,0.4537447849999978,24.14689405499999,9.10759463300002,0.006316480000009506,33.70823347300001,33.71454995300002
70,49,101,ESI-ALNS,63e24e68ae1a7c054c45142b20178ede8f2b71454c6c8f2accbdd49d4d2d13a2,085d38298dba3d72ed7cd5d647d1055869904c7b7137412adf31ea28f3fc6354,optimal,True,optimal,True,False,0.587005743000006,1.0,1.0,217092.8659731514,217093.04631331682,0.45738089525177955,196.5087314522788,332.5264178561202,-8.466201961709885e-09,0.05714285714285714,11195.569890711255,3,-1.1611417353585523,0.18034016541787423,201520.25803280258,14000.0,567.9390816203962,0.28396954081019815,1004.5652293530145,0.4537447849999978,27.077479178000004,9.157204992000004,0.006381511999990153,36.688428955000006,36.694810466999996
70,49,,GR-MR,17b26a2618f30bd5e357cdc3ae9825b0d7440e8fa91e8f396548f42b9237df8e,3cdadfa24a8ce39aba2b3531b16689af44db0368a6482425727eb550a54e54a7,infeasible,False,skipped_unqualified_stage1,False,False,,0.0,0.0,,,,,,,,,,,,,,,,,0.4537447849999978,0.0,0.43151231600000983,5.6300000039755105e-06,0.8852571010000077,0.8852627310000116
70,49,102,RGA-MR,01c9f44cdbed2b5daa7b2c315e8b131d4a650d1ed3d4aea64886c66c9cec1086,774f059d3c5998a5207770a75f6616198916fb6b7e5436bba39ba23bdf2380be,infeasible,False,skipped_unqualified_stage1,False,False,,0.0,0.0,,,,,,,,,,,,,,,,,0.0,38.889619192000026,0.48218084399996997,5.399999963628943e-06,39.371800035999996,39.37180543599996
70,50,100,B-ALNS,adad0c1526dc732b3e81d146b84943363bbaf943e6556df6590fb550082efb1e,f52f9ada5be323d6cc22b76bb9892764a1dad2c65f85897e9a73912d5536f18d,optimal,True,optimal,True,False,0.5960893060000103,1.0,1.0,205337.9829815384,205338.1883191416,0.7577464186393504,209.30311375637424,351.4450938500703,-6.735547231073724e-09,0.11428571428571428,10507.334969008436,4,-1.032698333507795,0.20533760319813155,189132.02944215186,14000.0,1312.2510756552529,0.6561255378276266,893.2516757966501,0.3277363769999937,29.644794989000005,2.1133044970000014,0.005080051000021513,32.085835863,32.09091591400002
70,50,100,ESI-ALNS,95662e8792f94c1ff0cc94e64978d5da63c4c9f11f72b894e3e6429fa4e67ae6,79e7fc03e0d0532546b337befc90b43ebf16147c30010588b6ac6f253b2fb69c,optimal,True,optimal,True,True,1.9396857290000042,1.0,1.0,200577.66487377984,200577.8654515965,0.9171969501842817,208.7872185832819,353.3202882889655,-1.2669266880038776e-07,0.11428571428571428,10242.234829826419,4,-0.8993056413906574,0.20057781666400842,184360.22693687555,14000.0,1312.2463212664939,0.6561231606332469,904.7360702938139,0.3277363769999937,34.649909166,1.3937683360000221,0.004877160000006597,36.371413879000016,36.37629103900002
70,50,102,RGA-MR,2af4668cf068813da75900cada711100af80885ae28f2887a789bb35d8d81131,5c8afcad24029f4981f2461ade0102c8bcbf60f26eecf129f521d536338271dd,optimal,True,optimal,True,False,0.7049820920000087,1.0,1.0,247337.98962449265,247338.23696203323,1.1819238988664402,215.9865731554246,363.7909610466417,-2.4692781153135e-10,0.1,12819.403029875422,4,-0.6844071781899199,0.2473375405825209,230749.2545377576,14000.0,1842.685318550663,0.9213426592753315,745.3757630656829,0.0,34.795562378,3.2028662360000055,0.005092853000007835,37.998428614000005,38.00352146700001
70,50,102,B-ALNS,217509de128be9bb806c65e666e692c06a526503f1fe4b13aa8eaf6c9f323992,0bdf0cee962643e6ca8c7d45e02fb1eb0101f7d5e7b45f0c97d97f7651e80fcc,optimal_inaccurate,False,skipped_unqualified_stage1,False,False,,0.0,0.0,,,,,,,,,,,,,,,,,0.3277363769999937,84.27837955799998,9.40642477099999,0.0024087269999881755,94.01254070599997,94.01494943299996
70,50,102,ESI-ALNS,217509de128be9bb806c65e666e692c06a526503f1fe4b13aa8eaf6c9f323992,d87f894bde0bcf6934b5ec9c09ffc48886215f75dbfc2464590bebc776c21e3e,optimal_inaccurate,False,skipped_unqualified_stage1,False,False,,0.0,0.0,,,,,,,,,,,,,,,,,0.3277363769999937,90.29424994300001,9.320595439999977,0.002352157000018451,99.94258175999998,99.944933917
70,50,,FTR-NM,fd19d2a42f042b380e08795a79ecc37cb1045d8ec17fe29b1f34f49cbb85bb48,f0293df4cf73da5daec04df81b6969a494d74f430f15afd22035a49763e70940,optimal,True,optimal,True,False,1.248999739999988,1.0,1.0,250743.96532540832,250744.21606921108,1.1785961031509218,216.00405511459272,363.79096147193644,-4.728912017526454e-08,0.1,12978.101086779123,3,-0.6820359997591905,0.2507438027532771,233605.81956202423,14000.0,2391.824833599402,1.195912416799701,745.3757611706397,0.19250829899996802,0.0,6.564076265999972,0.0044224519999715994,6.75658456499994,6.761007016999912
70,50,101,B-ALNS,dd24fd20bc82d34cae64a708c4459dd958a162399033f1c1b1e6d565fd50c650,029760820afd74f2f6c41aa7567881035eb398d0d10160a91e7a55630733c3e7,optimal_inaccurate,False,skipped_unqualified_stage1,False,False,,0.0,0.0,,,,,,,,,,,,,,,,,0.3277363769999937,48.398647632999996,9.514838138000016,0.0025589040000113528,58.241222148000006,58.24378105200002
70,50,101,ESI-ALNS,dd24fd20bc82d34cae64a708c4459dd958a162399033f1c1b1e6d565fd50c650,a0f7ae3720947e2e9054cba0735799cce9ad8f0f45e4f733ac7f73f905ddaa4c,optimal_inaccurate,False,skipped_unqualified_stage1,False,False,,0.0,0.0,,,,,,,,,,,,,,,,,0.3277363769999937,54.42916501600001,9.386861146000001,0.0025063269999918703,64.14376253900001,64.146268866
70,50,,GR-MR,996916a45609ba9c4e7bd8420464d0d3b6e440813b0aca1943b6998a7d4cf9da,900b2af1dd497fd528d9b4d6775038d13f49d357b8aa444f62eac3f548b869be,optimal,True,optimal,True,False,0.6942178499999869,1.0,1.0,247337.98962449265,247338.23696203323,1.1819238988664402,215.9865731554246,363.7909610466417,-2.4692781153135e-10,0.1,12819.403029875422,4,-0.6844071781899199,0.2473375405825209,230749.2545377576,14000.0,1842.685318550663,0.9213426592753315,745.3757630656829,0.3277363769999937,0.0,3.1147488499999554,0.004806233000010707,3.442485226999949,3.44729145999996
70,50,101,RGA-MR,c2e954581078b4a81f1de871e951c9b743b02b27ffe6b9f795ea1ba9b22abaca,96983fb901fefc5701f2686edd9df71228466332ac6c65f71bff29e6b601ba3f,optimal,True,optimal,True,False,0.5866159420000088,1.0,1.0,247337.98962449265,247338.23696203323,1.1819238988664402,215.9865731554246,363.7909610466417,-2.4692781153135e-10,0.1,12819.403029875422,4,-0.6844071781899199,0.2473375405825209,230749.2545377576,14000.0,1842.685318550663,0.9213426592753315,745.3757630656829,0.0,37.506261935,3.3173192600000334,0.004562946000021384,40.82358119500003,40.82814414100005
70,50,100,RGA-MR,491de5264b00f3a3ba69abf1f3f2bd2fd22bcc968eacb4ae4c59520e80bd180e,cde1f80a4cd8db821880b3720a4832c6d1aace7cb76eed66e5eea17423d5dd16,optimal,True,optimal,True,False,0.5881258609999946,1.0,1.0,247337.98962449265,247338.23696203323,1.1819238988664402,215.9865731554246,363.7909610466417,-2.4692781153135e-10,0.1,12819.403029875422,4,-0.6844071781899199,0.2473375405825209,230749.2545377576,14000.0,1842.685318550663,0.9213426592753315,745.3757630656829,0.0,34.215549519000035,3.322111050999979,0.004717090999974971,37.537660570000014,37.54237766099999
70,51,101,RGA-MR,a280b74e934b82662840787faa76fe0eb3c66c98217e0cec75f293cd52b77bc3,9bb65e5e399bc8e28facca2fa2ef17624283ba82321c9f648cd5aba6013df951,infeasible,False,skipped_unqualified_stage1,False,False,,0.0,0.0,,,,,,,,,,,,,,,,,0.0,36.64169242499999,2.4734787400000187,7.953999983101312e-06,39.11517116500001,39.11517911899999
70,51,102,B-ALNS,69a399a774b66ded4874a4fb2c7443d42537471702c1debcbb7f2a3e76b364a3,3aa573ae0de6d9b2dbaeee2c9f77a77494c767f7cbcb609fc8b4acb0a9fd2085,optimal,True,optimal,True,True,1.3999290179999946,1.0,1.0,231780.62430916214,231780.85608977207,0.8281104006166624,218.91113774420518,367.3529665209823,-3.091771532126586e-07,0.07142857142857142,11985.922480555972,4,-0.8747786167989535,0.23178060993086547,215746.60465000747,14000.0,1131.6024398677664,0.5658012199338833,902.0831986768881,0.39567796599999383,28.585823895999994,0.9001653239999996,0.007056978999997909,29.881667185999987,29.888724164999985
70,51,102,ESI-ALNS,205550dd5e2b079a5c0f78afc49722eacfe0ee2b7c00457ece755eb824e6247d,40ec614813fe49157bdb036ce14c3b82fd236c4ed5127eea5b7f4402b88aba13,optimal,True,optimal,True,False,0.605815082999996,1.0,1.0,230880.12516229946,230880.3560425408,0.8032414673996728,218.44308790212864,367.35296605628946,-1.1136950206491747e-07,0.07142857142857142,11935.89475023763,4,-0.8961955134997883,0.2308802413463127,214846.10550427734,14000.0,1131.601537934717,0.5658007689673585,902.0831995597678,0.39567796599999383,36.65568092800001,9.451455200999987,0.006374883999995973,46.50281409499999,46.50918897899999
70,51,,GR-MR,dc675b50a3224ac3977b484b0ac26486820224e91c7a3bd29bf12c3bd24bcb61,5de58c5f1d0bf90fa0fdbaf493381f8591af954ef1b4eb1621c2951be44c8ea8,infeasible_precheck,False,skipped_unqualified_stage1,False,False,,0.0,0.0,,,,,,,,,,,,,,,,,0.39567796599999383,0.0,0.0004461639999817635,5.691000012575387e-06,0.3961241299999756,0.39612982099998817
70,51,102,RGA-MR,f81b7cb188561e897a9faa3a9a404c7a89e5b0ba142d972b875f2a7c34e14466,411c9bb3b6fc9980ddbb6a74c49a2ade74cb48e5f6f641900a57f05e4bd78c71,infeasible_precheck,False,skipped_unqualified_stage1,False,False,,0.0,0.0,,,,,,,,,,,,,,,,,0.0,34.35713006500001,0.00032777300000930154,4.377999999860549e-06,34.357457838000016,34.357462216000016
70,51,100,B-ALNS,6885e94ffeb6977db44146b16bc93f7668236308956ac93f173b2e1d887796cc,2fde94c7e6f3ac047fc923dee06ad9850b07dda0dbb0f09ee71566c1892cc526,optimal,True,optimal,True,False,1.3837864699999898,1.0,1.0,230786.82285284772,230787.05363965928,0.8824047012290263,211.11611624154133,370.94775615153935,-1.3057797332294285e-07,0.05714285714285714,11939.106039265076,3,-0.10275491722295427,0.23078681156039238,214903.90870677136,14000.0,917.8272590292635,0.45891362951463177,964.858760229146,0.39567796599999383,40.39481945899999,5.010348635000014,0.0060800390000395055,45.80084606,45.80692609900004
70,51,100,ESI-ALNS,643e816e02bbdf8e0bbc1ab097a24a7dd0abdcac28608743d5dd182a929f5603,bd6a9e7d8dbd5543c4e5a6c6776b0f526d93022d26f7fdfd007f9915bcf75440,optimal,True,optimal,True,False,0.5846900789999978,1.0,1.0,226965.89503789623,226966.12200369415,0.8493448718256236,210.71949961119188,370.94775660227225,-4.025832822662778e-08,0.05714285714285714,11727.408242230671,3,-0.13116749044246412,0.22696579791954719,211093.34836015204,14000.0,917.8234435933643,0.4589117217966821,954.4912882269389,0.39567796599999383,47.332527459000005,5.152960398999994,0.006057454999961465,52.88116582399999,52.887223278999954
70,51,101,B-ALNS,c13869457544fbdad1fbef1ce09361f45ccbf8fb25d374ebee66816d9d82422e,98d0778c039dba0af8370c61e778f8510c2727e3a4f75900d2122e46d5b84dbc,optimal,True,optimal,True,False,0.6813984159999933,1.0,1.0,229160.3623999202,229160.59156021377,0.5856018493899768,219.3950406159773,370.3073700932144,-9.182571147903218e-08,0.07142857142857142,11848.646083570198,3,-1.0765436711902676,0.22916029355837964,213275.62950426358,14000.0,907.3602450985959,0.45368012254929796,977.1481307290578,0.39567796599999383,23.23591664999998,9.259169139999983,0.042998779999948056,32.890763755999956,32.933762535999904
70,51,101,ESI-ALNS,ea44261df0389a4ce39dd59fddfcb79d33cce1664267f7a4fa991b5912db708b,fa6fb1fbb615811c74ad964b7dd537131a8ecb699b61911d4a771ec6a3e95b86,optimal,True,optimal,True,False,0.6924341130000045,1.0,1.0,226441.11490691258,226441.34134803968,0.9146063656338264,219.1470956693625,370.3073701529607,-3.0038222575967666e-08,0.07142857142857142,11683.909823750617,3,-0.07781987890968767,0.22644112710258923,210310.3768275111,14000.0,1153.2397703971778,0.5766198851985889,977.1481302462191,0.39567796599999383,30.012535336999974,3.8512801900000113,0.006197127000007185,34.25949349299998,34.26569061999999
70,51,100,RGA-MR,94b188bef78bfb919bd8806740d04a4b95265b009ec323e125db55ccd97a674d,0b22c2858252516cd5cd33d75e6267653135866d34b26b29acf1c6c6580198b0,infeasible_precheck,False,skipped_unqualified_stage1,False,False,,0.0,0.0,,,,,,,,,,,,,,,,,0.0,36.97013528299999,0.0002758150000090609,4.138000008424569e-06,36.970411098,36.97041523600001
70,51,,FTR-NM,54b94f0ca1ff23948aeb0e089550a2e862fddb3ce06c0def90ff727d88e16274,b49ec966cec0bf46ddb169f5f9c04d6a4c29b9dfdda319718627e419d981afd4,infeasible_precheck,False,skipped_unqualified_stage1,False,False,,0.0,0.0,,,,,,,,,,,,,,,,,0.19844063600000084,0.0,0.00023742399997672692,4.2579999899317045e-06,0.19867805999997756,0.1986823179999675
70,52,100,B-ALNS,fdd8338536b43248d46c630e061435bc77c705be864ec9f97b714caeca45ee5d,565b614440ff69f01fce0214172973b62c7a1303f7b1d237ded98daf346463d8,optimal,True,optimal,True,False,1.9572196789999907,1.0,1.0,195196.90207376602,195197.09727074066,0.6663162357848058,216.9180946334389,359.9540110376037,-7.63937464398623e-08,0.11428571428571428,9939.995052287375,4,-1.0668560285042357,0.1951969746442046,178919.91094117274,14000.0,1333.916676696966,0.6669583383484831,942.6026945325852,0.290829892000005,16.708802321999997,7.131792335,0.004890497000005212,24.131424549000002,24.136315046000007
70,52,100,ESI-ALNS,7ee4f0efcc3aebe3f2e6411633ba6710563148a281068535cf622a400717975c,5c54963332da63fd6416f23aab5d2b8f48aca8b69b89e279a805b9a30721e732,optimal,True,optimal,True,False,0.5993802640000041,1.0,1.0,195052.52589145393,195052.7209440327,0.9056136253101464,216.69497131175666,367.996788069892,-6.37068069408997e-08,0.11428571428571428,9935.598519124409,4,-0.8940927503857884,0.19505257878336124,178840.77334423937,14000.0,1333.9165343777302,0.6669582671888652,877.3641071484394,0.290829892000005,21.092497440000002,1.465570034999999,0.004699607999981481,22.848897367000006,22.853596974999988
70,52,102,RGA-MR,3ab0b0886c8c299274621628045647ccc4af29205720c3c9f67b07efd41bfe54,e311465bd49b16a869c6bb942bc99b8d5f30df7f8ec765459fe2821e514b760f,infeasible_precheck,False,skipped_unqualified_stage1,False,False,,0.0,0.0,,,,,,,,,,,,,,,,,0.0,26.470749246999986,0.00025558699999805867,4.496999991943085e-06,26.471004833999984,26.471009330999976
70,52,100,RGA-MR,f3ab4b0447acd5225d4eac060aa1562b8bc0e1c1df4529974fd11de5467d1e44,a1a9b455dddacc43b1ae8b7e8a5f0562ed6a4ddf71e4a56e32ea012d9c680726,infeasible_precheck,False,skipped_unqualified_stage1,False,False,,0.0,0.0,,,,,,,,,,,,,,,,,0.0,27.050910144,0.00025364399999716625,4.337000007126335e-06,27.051163787999997,27.051168125000004
70,52,,GR-MR,1f146b4019c07a4bf5e681dcdd64824c3ca357e0811c576cb49df6a1a450fed5,072cb862d2936d4ebb029d3d0f3fa120677649d16c1a62990fc6c49654ca315e,infeasible_precheck,False,skipped_unqualified_stage1,False,False,,0.0,0.0,,,,,,,,,,,,,,,,,0.290829892000005,0.0,0.00031378400001358386,3.3050000070034002e-06,0.29114367600001856,0.29114698100002556
70,52,101,RGA-MR,0537614079005a896ea5b0b8019150fb93afe36898765f2b3756906af5e42acb,676bc02c9d18ac446e657fc837f091e5c7afa40b7d6299ec94a98b2d7c70bf13,infeasible_precheck,False,skipped_unqualified_stage1,False,False,,0.0,0.0,,,,,,,,,,,,,,,,,0.0,28.818055694999998,0.00023960199999351062,4.46700002498801e-06,28.81829529699999,28.818299764000017
70,52,,FTR-NM,598b5bd51aa3f633f75587f32d467b73b4729789a587b277f4ecbc8d10a788a6,bd3d4212597553cb7005c0fb2719ffcd0601d388e88c0b93a116868ee0bc7f61,optimal_inaccurate,False,skipped_unqualified_stage1,False,False,,0.0,0.0,,,,,,,,,,,,,,,,,0.149108047999988,0.0,10.757915603999976,0.002506221000004416,10.907023651999964,10.909529872999968
70,52,101,B-ALNS,d1e7cb6bad8e55a7ff00e92d641ac976ff54b04bcb9fe4a44f179ea2c9172c53,aae3df89e3044c65e67a03f4d6c19e3c7d59640ab89b1de6a7ef37baed09ed6f,optimal,True,optimal,True,False,0.58924949499999,1.0,1.0,207544.4494601397,207544.6570046754,1.1885285280645805,228.92084014436813,386.30835833742,-1.373825284645136e-07,0.12857142857142856,10612.595448552394,5,-0.6825521502745939,0.20754453568952158,191026.7180739431,14000.0,1769.418566609143,0.8847092833045715,747.635654839848,0.290829892000005,19.689908490999983,7.285707730999974,0.004823916000020745,27.26644611399996,27.271270029999982
70,52,101,ESI-ALNS,b98ea356a7685c07552bbeef8a2781001716444f7b0a5acca4751e6abc535bfa,fa69feeb0d764bd529b22aa11259fd0f32ed1b68ba2dd0c60998573131ac850a,optimal,True,optimal,True,False,1.285626832999995,1.0,1.0,207492.0343438525,207492.24183581432,1.1885286499136098,231.0392484674513,382.557928871994,-2.644152345965267e-07,0.12857142857142856,10611.865236771113,5,-0.6798483310590206,0.2074919618316926,191013.57426188004,14000.0,1769.418513528265,0.8847092567641326,708.3643511492465,0.290829892000005,25.314680675000005,7.323021510999979,0.0047295429999962835,32.92853207799999,32.933261620999986
70,52,102,B-ALNS,86e9867a988265728a271ad3663fe2a54029e0d41ae19f0fb6dcb54ee9a5ce73,ce11cf68f1d5548153ee3a2337cf9cc177eddd93007d66ba24761860eec25c14,optimal,True,optimal,True,False,1.367773243000002,1.0,1.0,200751.95889210593,200752.1596438579,1.1537104081993756,217.95203644253596,347.49035712777584,-2.5310725959570846e-07,0.15714285714285714,10177.684756906994,6,-0.7500402661138048,0.2007517519814428,183198.3256243259,14000.0,2540.9991613363622,1.2704995806681814,1011.5643586149827,0.290829892000005,19.431767654999987,7.364430734999985,0.004965329000015117,27.087028281999977,27.091993610999992
70,52,102,ESI-ALNS,86e9867a988265728a271ad3663fe2a54029e0d41ae19f0fb6dcb54ee9a5ce73,1f26aa81cef2fb8973b138ece3700690d0082c4b89782a24f5bf20d2306d6f58,optimal,True,optimal,True,False,1.2478061989999958,1.0,1.0,200751.95889210593,200752.1596438579,1.1537104081993756,217.95203644253596,347.49035712777584,-2.5310725959570846e-07,0.15714285714285714,10177.684756906994,6,-0.7500402661138048,0.2007517519814428,183198.3256243259,14000.0,2540.9991613363622,1.2704995806681814,1011.5643586149827,0.290829892000005,21.917727561999982,7.2712629069999934,0.0048419429999739805,29.47982036099998,29.484662303999954
80,45,100,B-ALNS,d7df826e1013979e9469ed0a56f1c8755dd462f918a57603105529a1f76e1596,e439cfb6f89f3ca030ab797573cc046c0a1b45298f37cc690bc44fa3c7a33b16,optimal,True,optimal,True,False,0.5478526479999957,1.0,1.0,250499.767788325,250500.0182881345,0.7552473705963569,211.36583945697575,363.65428749928225,-1.2175319170637522e-06,0.075,12863.152418914768,5,-0.9679300432841855,0.25049980951007456,231536.74354046583,16000.0,1712.2082767656148,0.8561041383828074,1250.2103667646845,0.5060194780000131,46.25877081799999,2.840132067999974,0.007509895999987748,49.604922363999975,49.61243225999996
80,45,100,ESI-ALNS,9fc34ada2737c4491a4a2e84cd0a5bd8addf782fa4dc8ec548f33ebc42f3d240,ce65f059b0596da005e6d72a3e96290d684e099a665151e0f7bb8018e0e1e32e,optimal,True,optimal,True,True,1.088687077000003,1.0,1.0,247609.01057647547,247609.25818542688,0.7254823415849436,209.0591409048589,365.06600336182044,-1.4685520000057295e-07,0.0625,12734.35614759266,4,-0.9873716611691046,0.24760895140934736,229218.41065666787,16000.0,1131.7385061207149,0.5658692530603574,1258.5431533852473,0.5060194780000131,55.170413587,1.0106274339999857,0.00712163300002544,56.687060499,56.69418213200002
80,45,100,RGA-MR,c290bbb9c78b7677d0d3a68f04680617abbf9b8e37859f04ff1f2e18331663ce,6d434ac06721309ec3b92ce67e5ea08329b0fbcddf35371bbb48e23f7ed5d543,infeasible_precheck,False,skipped_unqualified_stage1,False,False,,0.0,0.0,,,,,,,,,,,,,,,,,0.0,35.62468551699999,0.00038076900000305614,3.7270000063927e-06,35.62506628599999,35.625070013
80,45,101,B-ALNS,95c5c3bf21281f9b964eddec7b71278ac1eb708d3031e1f1d590f62a6dc4404d,7eba4e19d5fe4534fd736b58838231277fffb298a9c81595a7369bb81ef3cfa5,optimal,True,optimal,True,False,1.036781175999998,1.0,1.0,231476.9952820774,231477.2267590626,1.154230246400099,223.53828133131688,365.08109466815927,-2.1094035673741018e-07,0.1625,11730.2053195501,6,-0.7679471460511353,0.23147698520915583,211143.69575190177,16000.0,3356.9219937389953,1.6784609968694975,974.9305524249664,0.5060194780000131,48.52801206699999,10.279860240000005,0.008334715999978926,59.31389178500001,59.32222650099999
80,45,101,ESI-ALNS,91edd969a7a205f39fbebdd69c8e696df38d3a4f5c0257c377085931aa6ef444,8e383deb118770816d56ceed12d2be88a07740ce40bfc4290cf24de8431a6f97,optimal,True,optimal,True,False,0.543104538999998,1.0,1.0,230813.47795676193,230813.70877006178,0.7238100278841616,221.69684696041406,365.08109434933783,2.1465211830218323e-09,0.15,11726.784965596024,5,-1.1325147191722333,0.2308132998587098,211082.1293807284,16000.0,2707.2993411075204,1.3536496705537602,1022.9263985552915,0.5060194780000131,75.06910325300001,2.2515941369999837,0.007482558999981848,77.826716868,77.83419942699999
80,45,101,RGA-MR,7964c50f808e2b22763f5c9c8107ee589890643a6d3d471b9e80a1f54bc1dc3e,068422ba4e920b509f1054704cef39637f1d2694dd6d74d4e725d3f6c7ad666f,infeasible_precheck,False,skipped_unqualified_stage1,False,False,,0.0,0.0,,,,,,,,,,,,,,,,,0.0,33.01724655700002,0.00038809299996955815,4.3779999714388396e-06,33.01763464999999,33.01763902799996
80,45,,GR-MR,e7d47b6875fecd880dcda948b44ffcd91d89dd89c36897e35e0b26f3e37f67c4,b58b281eeb1e90ffe861ebbce44760088a494089989681a29759aad001a0c44f,infeasible_precheck,False,skipped_unqualified_stage1,False,False,,0.0,0.0,,,,,,,,,,,,,,,,,0.5060194780000131,0.0,0.0005533600000262595,4.508000017722225e-06,0.5065728380000394,0.5065773460000571
80,45,102,B-ALNS,3015f05bcb3565f69ab3103f35c87cea148a0de5aaf0a0d6fab8141bf1631c26,58a2ee88de86ffa3c3649c0a31f94fcbadb4814ba58abddcb73ed0a59dd70dd7,optimal,True,optimal,True,False,1.1742819909999938,1.0,1.0,258565.15734470062,258565.4159097871,0.8405527319079091,228.75109544117345,378.7887988976359,-4.565406754863943e-06,0.1125,13198.28808288067,8,-1.0537107793870981,0.25856508646393195,237569.18549185208,16000.0,3977.7076123520674,1.988853806176034,1016.5339517767437,0.5060194780000131,37.799725701,11.240382968999995,0.00839932100001306,49.54612814800001,49.55452746900002
80,45,102,ESI-ALNS,9e146dfa2545be7814627378824cdcbc90e5af44ea6abbacf3d3e0732040add3,ad0edbe0bdb6d9e97e4f173a9a47c1e45578ced6724821ecc2317f9601dfff60,optimal,True,optimal,True,False,0.5839004560000021,1.0,1.0,246438.12462142034,246438.37105951158,0.8133380294161808,230.17257898105854,377.0415590875511,-5.365563424675202e-07,0.1125,12566.229852043525,7,-1.0599172227260971,0.24643809124245308,226192.13733678346,16000.0,3252.802948437018,1.6264014742185093,991.804372816883,0.5060194780000131,48.17982434100003,3.2647071299999766,0.008192716999985805,51.95055094900002,51.958743666000004
80,45,102,RGA-MR,02940be0437f76055530365c0ba632d580bf74074f63de7ed575c82df3abeb85,15a66850a9ac7ee9fb69a1f17b8ad9ff24d715f156398e356cd0c94cf8fe92cd,infeasible_precheck,False,skipped_unqualified_stage1,False,False,,0.0,0.0,,,,,,,,,,,,,,,,,0.0,36.49525112700002,0.00037244399999281086,4.327999988618103e-06,36.49562357100001,36.495627899
80,45,,FTR-NM,8c401039efa5abbe36e8b8016e4f0cc60731efee439eec40891103b150a22afc,193f4a6838a95ff3bb0e0887fbb36ad4a2f7c210f84e01086f5952c38ed72350,infeasible_precheck,False,skipped_unqualified_stage1,False,False,,0.0,0.0,,,,,,,,,,,,,,,,,0.2301013980000306,0.0,0.00029010999998035913,5.029999954331288e-06,0.23039150800001096,0.2303965379999653
80,46,101,RGA-MR,72aa30590fb57a811ff44a37ea40c87efebba2c75b26102d9abe0c883eda0b32,1a5f1580067a74b91d436f02894f5e77b9a8228e8d17aeeded6b2963ced887f6,infeasible_precheck,False,skipped_unqualified_stage1,False,False,,0.0,0.0,,,,,,,,,,,,,,,,,0.0,38.172958265999995,1.9102156729999962,5.3189999960068235e-06,40.08317393899999,40.08317925799999
80,46,,FTR-NM,e122cabab3786eff8c672c62b1deb700743e65b3dc167e65e1653b8bc6b04bc4,53719e7f8b183ceff06549837f568ddc25a2d27dbc4c4e6ba65594625d4d649e,infeasible_precheck,False,skipped_unqualified_stage1,False,False,,0.0,0.0,,,,,,,,,,,,,,,,,0.36965895500001267,0.0,0.00031466699999782577,4.618999994931983e-06,0.3699736220000105,0.3699782410000054
80,46,102,RGA-MR,30be933282e138f673a9922eea62f06fbd3f690b551a75231d341793742cc7df,f966ee3a68202022aaca829fd91ca722cae14331cd431940b67e4391bca327d8,infeasible_precheck,False,skipped_unqualified_stage1,False,False,,0.0,0.0,,,,,,,,,,,,,,,,,0.0,40.934635109,0.0003391039999911527,4.59900000748803e-06,40.93497421299999,40.934978812
80,46,100,B-ALNS,831ffdc6d9df4e05804705f9c6b0137857aa021f484cb4b3215ba2e7de22fbae,1a4fa623f4caaa9dcf7a9cf63e1887640eea3ef621be8e1f52686c18f0d84652,optimal,True,optimal,True,False,1.0588517720000041,1.0,1.0,227529.69830211884,227529.92583178752,0.7367521684712441,216.12892033238256,372.61407237596256,-1.2593659448612016e-08,0.1125,11546.386996675263,5,-1.0866484752997145,0.2275296686857473,207834.9659401547,16000.0,2539.7410672841943,1.2698705336420972,1153.9489538149537,0.4578004960000044,49.368369529000006,3.7062176969999996,0.007720225000014125,53.53238772200001,53.540107947000024
80,46,100,ESI-ALNS,ebb30c0600563aa8e624f2b9b40747970e40dd57fd027915852318aedee7ff65,c91ae9ae2984bed6d8f0f5dc159df40f98a4d2228e9fd3d11281a5961d26a3c2,optimal,True,optimal,True,False,1.573420274,1.0,1.0,226052.4102875467,226052.63633995803,0.7821358131441368,220.00936436011582,376.15234380225894,-4.681339760281844e-09,0.125,11454.097872904222,5,-1.043598098810984,0.22605241133715026,206173.76171227597,16000.0,2802.6592909284595,1.40132964546423,1074.8140071081461,0.4578004960000044,56.19676008699999,10.353895711999996,0.008561034000024392,67.00845629499999,67.01701732900001
80,46,102,B-ALNS,48c0b47c0f6e01da533ab10667c920551dbc44f31a40b297a7e5b08449aec9f3,9eb6c9f852f55c43696e6dd86c73cedae86233e4aeee7c63c2846ed12cc8c100,optimal,True,optimal,True,False,0.5539159859999998,1.0,1.0,204906.49977423993,204906.70468073146,1.3216654871353064,221.56683523324307,368.7423655360895,-1.588205122970976e-09,0.15,10180.732593127295,7,-0.6165973852251225,0.20490649153362028,183253.1866762913,16000.0,4566.069877226133,2.283034938613067,1085.1650922754127,0.4578004960000044,69.10482554900003,10.87831317399997,0.008468523000033201,80.440939219,80.44940774200003
80,46,102,ESI-ALNS,bde42907d6692b82208e14e90b36212e4bf13c3d93d09f9c1b806e7174079a1b,92d54deb16c8d5b60a89cabe5f80541bb4536abecbd734aff3b6f94b116c1863,optimal,True,optimal,True,False,1.087427906000002,1.0,1.0,201326.924530405,201327.1258571713,1.5137333800517137,221.58138421402595,368.74236570070883,-1.924373691508663e-07,0.15,10022.830579235268,5,-0.4405156680283999,0.2013267663132865,180410.9504262348,16000.0,3829.095791876154,1.9145478959380773,1085.1650911643983,0.4578004960000044,78.045143064,10.251716355000042,0.007344918000001144,88.75465991500005,88.76200483300005
80,46,101,B-ALNS,3e8c3f7160a2240e2d32e2bdc30c866e956a3e1d1eba2c937d1298be19e8920b,2cdeb7443dc504f34563ee950124b1a6d2060c775021fdfea9435b736611db3d,optimal,True,optimal,True,False,0.49332935000000333,1.0,1.0,221783.841792187,221784.06357590528,0.7425018729938715,202.8708294567065,360.26162004787847,-1.971377514564665e-07,0.1125,11230.146838121213,6,-1.0435746087458,0.22178371826885268,202142.64308618184,16000.0,2575.9576725875636,1.2879788362937818,1064.174838299593,0.4578004960000044,48.54379991799999,2.1487243810000223,0.007652951000011399,51.15032479500002,51.15797774600003
80,46,101,ESI-ALNS,0a69efa8e3153f18dd1eb9148c813b270f3b41a688f645d5bbdf37164a0e0324,fd62b15ddc360195f1a8a7c833cec3a4dfaabfad9357fe2fcd4ddafbb8bea0e1,optimal,True,optimal,True,False,0.4863150669999996,1.0,1.0,220894.58937404928,220894.81026890158,0.6541780102407869,199.19337695122033,360.2616203314231,-2.4777983753665467e-07,0.1,11227.529956419265,4,-1.1121711916736716,0.22089485230389982,202095.53921554674,16000.0,1653.961473279837,0.8269807366399187,1144.4825993383279,0.4578004960000044,55.49301177199999,5.02702203299998,0.007240694000017811,60.97783430099997,60.98507499499999
80,46,,GR-MR,35452ac8c4734b9cf4ab31d86cb01baf2f27cfb0fc3e4b8885edb826ba8e9c84,e6aa39bb05dbae508c2d36ce9b2d09fc019c2d5d4a6aec9cf36f22d644881ec6,infeasible_precheck,False,skipped_unqualified_stage1,False,False,,0.0,0.0,,,,,,,,,,,,,,,,,0.4578004960000044,0.0,0.0005697750000308588,4.609000029631716e-06,0.45837027100003525,0.4583748800000649
80,46,100,RGA-MR,c4585768fcecf7b0a730b1af4f09dc574a031091f0010e4f8c227ad0fe53bfd5,f5a88247263471ce9753870a78270d7b966675270de4e64bb3fcd8d7c983c539,infeasible_precheck,False,skipped_unqualified_stage1,False,False,,0.0,0.0,,,,,,,,,,,,,,,,,0.0,35.94724004,0.0003744500000379958,4.138000008424569e-06,35.947614490000035,35.94761862800004
80,47,100,RGA-MR,8dc20e5e9f8b4053ffc73f664b7e95c7753e34194c8c2800e43fee3689cd7bb6,14ced6a2ad5838f99acd51b49ee6d511017c7f676f87df4ec1150dad1f011784,infeasible,False,skipped_unqualified_stage1,False,False,,0.0,0.0,,,,,,,,,,,,,,,,,0.0,35.382374152,2.529087481000005,8.264999991069999e-06,37.911461633,37.91146989799999
80,47,,FTR-NM,f54d24c3d455dac51dd537f81424f21e4232dc8b743f5ceabc0d8b5c95695749,f85bbb83f7c6c0d8aac8e5233733aac1121fbc985d0c9cf1fbc12c97fbbb6136,infeasible_precheck,False,skipped_unqualified_stage1,False,False,,0.0,0.0,,,,,,,,,,,,,,,,,0.24077585899999576,0.0,0.0002821480000250176,5.030000011174707e-06,0.24105800700002078,0.24106303700003195
80,47,102,RGA-MR,db67b97da99a715422c7163ede963a836b890aeead087d932564998d185429eb,e4def6b71f67a17a33a36bed85782bd8b91d685f6ab50102ee742a8cefc305a9,infeasible,False,skipped_unqualified_stage1,False,False,,0.0,0.0,,,,,,,,,,,,,,,,,0.0,42.816988450999986,0.4999907739999969,6.9030000133807334e-06,43.31697922499998,43.316986127999996
80,47,102,B-ALNS,736a15cba5184ae8d92ba798e5d18d9e05b68103274b43695cced8e0969e3cb9,ce0e414ad3c463deb6ecb0148ea097cb8ceba90e7699d4be9797ff12952dadde,optimal,True,optimal,True,False,1.0298591730000055,1.0,1.0,224560.13955658078,224560.36411674757,0.942214290467007,218.46672941418936,368.49467000242896,-1.2738161103698076e-07,0.1125,11421.223206459894,4,-0.896922148169542,0.22456016679643653,205582.0177162781,16000.0,1835.2207654450701,0.9176103827225353,1142.208024641707,0.43411090200000046,43.12703136600001,10.360415844999977,0.007104483000006212,53.92155811299999,53.928662595999995
80,47,102,ESI-ALNS,736a15cba5184ae8d92ba798e5d18d9e05b68103274b43695cced8e0969e3cb9,7835fde32d4eb5b3209fd246a770df44f0977e300a4b6ab69e39b0f9beb4a0f2,optimal,True,optimal,True,False,1.0631185770000044,1.0,1.0,224560.13955658078,224560.36411674757,0.942214290467007,218.46672941418936,368.49467000242896,-1.2738161103698076e-07,0.1125,11421.223206459894,4,-0.896922148169542,0.22456016679643653,205582.0177162781,16000.0,1835.2207654450701,0.9176103827225353,1142.208024641707,0.43411090200000046,46.351335296,10.333543883999994,0.007066336999997702,57.118990081999996,57.126056418999994
80,47,101,B-ALNS,fed8e253902e3a91f8db9edeb341f8aa1c05a3c325d0342c74dafe9305b9dcb0,8b631dc463f42a4729e6215cfc4386e74adb7afaeff71531f65a8763c48520bf,optimal,True,optimal,True,False,2.711359875999996,1.0,1.0,222591.3275078048,222591.55009897827,1.1918207647642896,219.97791333151895,369.9084848282354,-1.583937887517095e-07,0.1875,11105.260625276827,8,-0.6818775932076433,0.22259117348585278,199894.6912549829,16000.0,5545.488305779863,2.772744152889932,1148.5977940626437,0.43411090200000046,46.132261285,10.351400910999985,0.007565105999958632,56.917773097999984,56.92533820399994
80,47,101,ESI-ALNS,5bda40fc5c9f47fcdd5998efaa1c6ac4a01024f8b3a6156e7081f103dc38c3cd,54e1093a383a9f08d1c4afb3d0f399e9956b73e4c5124283fbb065c1eeeb4d2e,optimal,True,optimal,True,False,0.5660816279999992,1.0,1.0,217739.30422018477,217739.5219594693,1.6837783562603548,220.159668101877,369.9084846945768,-4.942634745930263e-08,0.1875,10832.401767030236,8,-0.28554613006319096,0.21773928453330882,194983.23180654424,16000.0,5604.889913007473,2.802444956503737,1148.597794961073,0.43411090200000046,65.01182296100004,10.505578713999967,0.007629271999974208,75.951512577,75.95914184899998
80,47,101,RGA-MR,3a45805f04a7adfa637c5a66bb91ae83d81e91692a938f235efcc3c357b4501f,bcfba945c6a35bfca7498bb1b4f93ba121a22016fd10314be52ee2e70ebf27c6,infeasible,False,skipped_unqualified_stage1,False,False,,0.0,0.0,,,,,,,,,,,,,,,,,0.0,38.78994229599999,0.511804632999997,7.964000019455852e-06,39.30174692899999,39.30175489300001
80,47,,GR-MR,cc1df67c7d6c923c5d654cfdae636074fd645f78a8cde0b04607c3180b5b1d7e,f85399cce7a76762a41a6cebebb32c6c543f221c96136787ce2c945c3a27429d,infeasible,False,skipped_unqualified_stage1,False,False,,0.0,0.0,,,,,,,,,,,,,,,,,0.43411090200000046,0.0,0.5851542089999953,7.694000032643089e-06,1.0192651109999957,1.0192728050000284
80,47,100,B-ALNS,3f15a29d0ea945102ce43015d76ba1dc793424c45b8f3f443247159e98cd8fbc,a84bd5f8ab072b84ab172fc96a1d10df799368f50400ff6f9bfec95b87a12bca,optimal,True,optimal,True,False,0.49624284400000107,1.0,1.0,228431.47831152997,228431.7067429082,0.9326254348847391,206.95300783454132,368.99895109641267,-3.752518296096241e-09,0.1,11644.543025915198,5,-0.8326794644713935,0.22843137822928838,209601.77446647355,16000.0,1610.119444258111,0.8050597221290554,1219.007772454378,0.43411090200000046,38.83371499500004,2.713260880000007,0.007677221999983885,41.981086777000044,41.98876399900003
80,47,100,ESI-ALNS,7f4f3a5b4beb3f031e803e92f537ac779e797c5ae9dd9c2d71974c8510ca355a,b2400e32910c0351159284492e35d045e391a45df5ccfca6a70d5ec6ca3421c2,optimal,True,optimal,True,False,1.0510745269999973,1.0,1.0,225479.7793675941,225480.00484734692,1.0315811007927629,208.51958467786142,368.9989512560222,-1.0316972520740819e-07,0.1,11462.88347123132,5,-0.7076327847840247,0.22547975281486288,206331.90248216377,16000.0,1988.7546887486078,0.994377344374304,1158.353299090185,0.43411090200000046,46.48036372600001,10.742870322000044,0.007013229000051524,57.65734495000005,57.664358179000104
80,48,102,B-ALNS,840bcf78baa11579b31ebb71df9ab99383b9ba3214d84dac130034f3757bbd66,75e131e04578ca8e1ddbc6c691f025790e714110461bbcf99e48bee47cff44a7,optimal,True,optimal,True,False,0.5518073999999942,1.0,1.0,221920.57886810432,221920.8007884394,0.8768997079361428,228.67479413066135,395.72530129688994,-2.714841684792191e-10,0.1375,11278.105247982323,5,-0.9496790836039134,0.22192033508326858,203005.89446368185,16000.0,1998.3669640986623,0.9991834820493313,915.5401771768576,0.5999624389999951,36.353824273000015,3.628012113000011,0.007931950999989112,40.58179882500002,40.58973077600001
80,48,102,ESI-ALNS,a6da23d37936d788bb1750198e0b5b75100cca2b4deb92d9e7fdcc7b103bd600,9dbc149cff5b2e3c035a46cb80b6043113cf907690609ea7d5e1e9b7b4e2ca86,optimal,True,optimal,True,False,0.5472636829999971,1.0,1.0,221736.2455610908,221736.4672972829,0.8739784856578695,227.49892873737224,404.1036541814041,-1.1733050087059382e-09,0.1375,11267.765687432202,5,-0.9548054577661303,0.22173619212117046,202819.78237377966,16000.0,1998.3667784641543,0.9991833892320773,917.3189616498712,0.5999624389999951,43.07022650000002,10.221906363000016,0.007459550999982412,53.89209530200003,53.89955485300001
80,48,100,B-ALNS,e00c4fead41656d111c15e5cf8af81be763cdf1a5c8eb274b08d3c7694b7a091,615609d7ee25b9e079189f449aae272e5871b62cd8ecd7356fc19f9911a0a79e,optimal,True,optimal,True,True,0.4866130860000055,1.0,1.0,229905.2488995394,229905.47880476277,0.7918333426117486,218.29437029900146,392.4995174449505,-9.60557144935592e-09,0.1125,11722.85847798507,5,-1.0553871525216292,0.2299052233574912,211011.45260373125,16000.0,1984.0378524621146,0.9920189262310573,908.9963296431604,0.5999624389999951,41.83977413600002,1.0913587570000232,0.008031307999999626,43.531095332000035,43.539126640000035
80,48,100,ESI-ALNS,d93a25159145b5f94e3e7dc1a5ce9818655456ebc07bde6db2c789faee03c196,59d065176e8e18ec8e4c6aa70c2c4781870af27182b664837da77bcff6c7b9de,optimal,True,optimal,True,False,0.5579705020000034,1.0,1.0,229505.08650996402,229505.3160150416,0.5943708920814691,217.51553337377564,392.49951743000383,5.856747975485632e-09,0.1,11725.23678306582,4,-1.1928589505399936,0.2295050775865093,211054.26209518476,16000.0,1519.1503059172069,0.7595751529586035,931.1440387866553,0.5999624389999951,49.54939601699999,10.798580681000004,0.008366091999988612,60.94793913699999,60.95630522899998
80,48,102,RGA-MR,52dda1a8269f723f30e2f94f18d9aa471294e6c306c8068cc89440ed98445251,f15ec4d96819e81a6baf92f1705ddc379243828fbd38f0527f500a31d7818b72,infeasible_precheck,False,skipped_unqualified_stage1,False,False,,0.0,0.0,,,,,,,,,,,,,,,,,0.0,59.36093309399999,0.00036051199998610173,4.648000015095022e-06,59.361293605999975,59.36129825399999
80,48,101,B-ALNS,cbd052eadee876b1363cd7a0914aac70b3a76229a215322842cf63944e9fc106,5292ee6128420741e0e60d0d59b38eba2fc8d8457bbb52e03f7cfcb1f639972a,optimal,True,optimal,True,True,1.569921733000001,1.0,1.0,225566.3347909089,225566.5603570551,0.5419187370327405,217.77432172619294,384.095620936481,2.2754420569981448e-10,0.0875,11517.410597197251,3,-1.1551786305329546,0.2255661461967975,207313.3907495505,16000.0,1209.509081552446,0.6047545407762229,1043.0557714113854,0.5999624389999951,33.19723820399997,2.447348672999965,0.006923799999981384,36.24454931599993,36.251473115999914
80,48,101,ESI-ALNS,cbd052eadee876b1363cd7a0914aac70b3a76229a215322842cf63944e9fc106,6a6ec8c5fbbd03bb4deb46f2058e1c903d7d551988bd2d8043e6d54a406b87c2,optimal,True,optimal,True,True,1.6007877699999966,1.0,1.0,225566.3347909089,225566.5603570551,0.5419187370327405,217.77432172619294,384.095620936481,2.2754420569981448e-10,0.0875,11517.410597197251,3,-1.1551786305329546,0.2255661461967975,207313.3907495505,16000.0,1209.509081552446,0.6047545407762229,1043.0557714113854,0.5999624389999951,36.984047327999974,2.522678208000002,0.007056227000020954,40.10668797499997,40.11374420199999
80,48,100,RGA-MR,f89968d058cd9dab4523dcbe62aff8e889de918f6f33cacca28e8048f0b9d852,588d520e268f5861e3e26a66287d6ff85503b4735cd76f11a4f822ad0c059f63,infeasible_precheck,False,skipped_unqualified_stage1,False,False,,0.0,0.0,,,,,,,,,,,,,,,,,0.0,51.605411247000006,0.00039147000001094057,4.567999951632373e-06,51.60580271700002,51.60580728499997
80,48,101,RGA-MR,b1efe9eb65224300ff456fa37208f1ef01784eb7c85d997be72ccb26c3f191ea,c676b6e82a94d1c0dbb63383a3289ccde302d033c9d514a9b7a56ba355eface9,infeasible_precheck,False,skipped_unqualified_stage1,False,False,,0.0,0.0,,,,,,,,,,,,,,,,,0.0,54.13198643999999,0.0003870919999826583,4.337000007126335e-06,54.132373531999974,54.13237786899998
80,48,,FTR-NM,33b78e0801e49aff37fb1311c8989a3dec0d369419759cc83456ca64f1b875f4,f915be3fc8abd424ec9c944bdb3c738bf1191fdc19028f7844ae0efc2ecaacec,infeasible_precheck,False,skipped_unqualified_stage1,False,False,,0.0,0.0,,,,,,,,,,,,,,,,,0.33142377899996234,0.0,0.0002972739999904661,4.4689999754155e-06,0.3317210529999528,0.3317255219999282
80,48,,GR-MR,8e4caa63e08598946741fca247c80ba5ae24f7e43226880186f64770927a0119,6203618f7cc8101aa83a923c8def9ce63b95b520db528ed2c72d72508c81631c,infeasible_precheck,False,skipped_unqualified_stage1,False,False,,0.0,0.0,,,,,,,,,,,,,,,,,0.5999624389999951,0.0,0.0005325440000092385,4.729000011138851e-06,0.6004949830000044,0.6004997120000155
80,49,101,RGA-MR,339316eb316c9ef60b648ef0718f6ba9b3396ec95b996e5fad7372a53703f134,de6005dfb67ad744c6b398333134cf00c214c1ebaf5d2953087c528adf89ccf5,optimal,True,optimal,True,True,0.5829889019999968,1.0,1.0,262762.348539238,262762.61130145733,0.7932011674455864,214.03509982604191,356.51771140698,6.224354365258478e-11,0.0875,13538.917180083896,5,-1.0302463739886334,0.26276221935404465,243700.5092415101,16000.0,1936.0270564866855,0.968013528243343,1125.1069899323109,0.0,28.085024675000028,3.6682418719999816,0.00567646600001126,31.75326654700001,31.75894301300002
80,49,100,RGA-MR,c36adceb686a64b083ca859f0b45e66ef78d5d1816ca5c44a48a183aa69430ad,e784a70c64cbc1f56edf0605940c645059f636bae9db322ce0f77fd7b8fe63e6,optimal,True,optimal,True,True,0.4978802600000023,1.0,1.0,262762.348539238,262762.61130145733,0.7932011674455864,214.03509982604191,356.51771140698,6.224354365258478e-11,0.0875,13538.917180083896,5,-1.0302463739886334,0.26276221935404465,243700.5092415101,16000.0,1936.0270564866855,0.968013528243343,1125.1069899323109,0.0,25.806352696000005,1.9818240609999975,0.005653346999991982,27.788176757000002,27.793830103999994
80,49,101,B-ALNS,c61f192c09c62743c48955df5b7e6a4016a45f03c2f4f32a746e5a27596c5f89,6e0a8035c150fa52c47487a9f923aa5a7ce7e9684ed9cc8b109d554115937b50,optimal,True,optimal,True,False,1.056596810000002,1.0,1.0,203805.63456293973,203805.83836850437,1.1507274789995727,219.65874451699932,358.7693920311463,-7.454110573235084e-08,0.175,10220.622561930133,5,-0.6984209992228505,0.20380556464078836,183971.20611474238,16000.0,2776.650740150307,1.3883253700751534,1056.593188241613,0.2824544219999723,47.362370870999996,7.8652727360000085,0.005838474000029237,55.51009802899998,55.515936503000006
80,49,101,ESI-ALNS,8927a707952248a50868001cba72fbc0648d3febcf696811fa8f9e823150fae8,75eeda6d6313716c753792999adf39ece987dc543c0289dd1568eb750c2ec80e,optimal,True,optimal,True,False,0.9866951439999951,1.0,1.0,203541.55941880104,203541.76296011044,1.1680245973032473,220.3216493833742,363.1850952438924,-2.6989255275111645e-08,0.175,10216.086466711493,4,-0.6800123658541319,0.2035413093981333,183889.55640080688,16000.0,2594.3162123697325,1.2971581061848663,1056.5931888276596,0.2824544219999723,51.61094731899999,2.513242945000002,0.005439996000006886,54.406644685999964,54.41208468199997
80,49,102,RGA-MR,66184d990968dae4b105c7a7870df517d207a011616dc0d44b630d188c853e4b,d484b344f755bb694e1ca65117f549f2f126a543a0239bcd4134d78d01c7ce1f,optimal,True,optimal,True,True,0.5623286319999892,1.0,1.0,262762.348539238,262762.61130145733,0.7932011674455864,214.03509982604191,356.51771140698,6.224354365258478e-11,0.0875,13538.917180083896,5,-1.0302463739886334,0.26276221935404465,243700.5092415101,16000.0,1936.0270564866855,0.968013528243343,1125.1069899323109,0.0,28.82345830600002,2.0552262250000126,0.005691987999966841,30.878684531000033,30.884376519
80,49,102,B-ALNS,b2fabefdb4a056f8c84bbbae28e95d9577068967cdcb8e00c834db66ad55f8e4,06db69b479562a1f896f30d812a415433acc4db66587342252dad596d38f1484,optimal,True,optimal,True,False,1.5369290860000007,1.0,1.0,216544.77079908416,216544.98734385136,0.9559939749144466,216.4146299915095,372.48974929479033,5.9606009017443284e-09,0.15,10938.885207567237,5,-0.8877476138956657,0.21654476720141247,196899.93373621028,16000.0,2537.7585242399555,1.2688792621199778,1106.0262041389926,0.2824544219999723,40.79530691299999,8.039233902999968,0.005560301999992134,49.11699523799993,49.12255553999992
80,49,102,ESI-ALNS,921b9a4a9296aa3ad2fc020ee3893fe159b20c18d684853a35b518710cf07844,1dc39849ae024ab3cf8e3022e07ebd5f9b288dbb1c3f074a0ffaef022dd15370,optimal,True,optimal,True,False,1.5115794759999943,1.0,1.0,216306.4081505198,216306.62445699668,0.9584602449787338,215.2328510434761,351.2943337542231,-5.091419552627485e-08,0.15,10938.885207567237,4,-0.8804423102610819,0.21630647688289173,196899.93373621028,16000.0,2299.514759521208,1.149757379760604,1106.0262038854462,0.2824544219999723,46.04759873299997,7.704396759000019,0.005361037000000124,54.034449913999964,54.039810950999964
80,49,100,B-ALNS,68a77786fcbef657271d951308b23f374015fd622db8d39032acb809aa600175,f5e9d8182e0360af174379906c08c6de517a42aaabd90f075b6bd3bc56455170,optimal_inaccurate,False,skipped_unqualified_stage1,False,False,,0.0,0.0,,,,,,,,,,,,,,,,,0.2824544219999723,57.81610655399999,11.622635808999974,0.0034329829999819594,69.72119678499993,69.72462976799991
80,49,100,ESI-ALNS,68a77786fcbef657271d951308b23f374015fd622db8d39032acb809aa600175,a41ad3f1e94b1c2ec462b8a9122ffcf71ed98ec2ad6b2185b3eef917f9a00123,optimal_inaccurate,False,skipped_unqualified_stage1,False,False,,0.0,0.0,,,,,,,,,,,,,,,,,0.2824544219999723,65.36675279399998,11.724636062000002,0.0029442200000175944,77.37384327799995,77.37678749799997
80,49,,FTR-NM,ad71e05bbecd82ee5c0b865a71ce1b03d0b418abd0a4010680fe8381c995853a,58d41f41f8f69f1e458ba6b2c2596c6d254ec2311df0d48e14bac14df7242c34,optimal,True,optimal,True,False,0.5941541119999982,1.0,1.0,258429.8089860081,258430.06741576712,0.4522941476787895,214.1881950395473,356.5177114511378,4.726842917079921e-09,0.0875,13284.65969988547,6,-1.3560504110270863,0.25842975900741294,239123.87459793844,16000.0,2189.4217353039903,1.0947108676519952,1115.6763716570256,0.15034949399998254,0.0,8.641763228000002,0.005829592999987199,8.792112721999985,8.797942314999972
80,49,,GR-MR,117f3dbed2e3917b20a923b544464a353c9a2f69a0a163813bca0e880c7557b1,e216bc5e9b1517411ff85c134442f9184098caf19018f083a35b0f8fde695d46,optimal,True,optimal,True,True,0.5824256310000067,1.0,1.0,262762.348539238,262762.61130145733,0.7932011674455864,214.03509982604191,356.51771140698,6.224354365258478e-11,0.0875,13538.917180083896,5,-1.0302463739886334,0.26276221935404465,243700.5092415101,16000.0,1936.0270564866855,0.968013528243343,1125.1069899323109,0.2824544219999723,0.0,1.960345779000022,0.0054131859999984044,2.2428002009999943,2.2482133869999927
80,50,102,B-ALNS,55c4a11ecfae05a438a2d9582bb0c549851794b52507bb181542565e383989f4,2f8283587c75451460c5b376c10a343747dcde65881a758fde33b54880d946ff,optimal,True,optimal,True,False,0.5487170879999894,1.0,1.0,208930.1478093208,208930.35673946323,1.0989261516220192,230.29044904477243,372.60415546406523,-5.677293302142061e-09,0.2,10440.210772606753,7,-0.7936009235251358,0.2089301424275618,187923.79390692155,16000.0,3869.5221711098175,1.9347610855549087,1135.1059003463129,0.4823238529999969,25.271072516999993,5.434578062,0.004059298000015588,31.18797443199999,31.192033730000006
80,50,102,ESI-ALNS,55c4a11ecfae05a438a2d9582bb0c549851794b52507bb181542565e383989f4,2b0b8ad931d9ae25159134d47390dcede4622a070c3318660066d25cc8111071,optimal,True,optimal,True,False,0.5404038350000064,1.0,1.0,208930.1478093208,208930.35673946323,1.0989261516220192,230.29044904477243,372.60415546406523,-5.677293302142061e-09,0.2,10440.210772606753,7,-0.7936009235251358,0.2089301424275618,187923.79390692155,16000.0,3869.5221711098175,1.9347610855549087,1135.1059003463129,0.4823238529999969,27.595800936000003,5.536913091999992,0.0041090540000254805,33.61503788099999,33.61914693500002
80,50,100,B-ALNS,2d52151d79458093cf54a418d36d80d433c0bbc7370df2a7326e3a98179a4d1a,cc374b35328765b22cd7dc47051ad30155c8378dad7b8a1b201b294da7336c92,optimal,True,optimal,True,False,1.0420155380000011,1.0,1.0,225231.8234041195,225232.0486359036,0.9627067573381807,207.7021137297216,354.9875347263412,-1.2426312423485797e-08,0.075,11485.181736537616,4,-0.7920780063520767,0.22523178410483524,206733.27125767706,16000.0,1246.0581786094147,0.6230290893047074,1252.0961705278332,0.4823238529999969,19.699848591999995,5.5795273260000045,0.003925424999977167,25.761699770999996,25.765625195999974
80,50,100,ESI-ALNS,2d52151d79458093cf54a418d36d80d433c0bbc7370df2a7326e3a98179a4d1a,a2837051242e53b07f2f5f2faecbb96cb7dbddf2c83acb665366c242de3e8eea,optimal,True,optimal,True,False,1.1186633519999987,1.0,1.0,225231.8234041195,225232.0486359036,0.9627067573381807,207.7021137297216,354.9875347263412,-1.2426312423485797e-08,0.075,11485.181736537616,4,-0.7920780063520767,0.22523178410483524,206733.27125767706,16000.0,1246.0581786094147,0.6230290893047074,1252.0961705278332,0.4823238529999969,21.709883853999997,5.753309497000004,0.004028011000002607,27.945517203999998,27.949545215
80,50,,FTR-NM,b9d0246635f80c62a22751a4677ef25bd510d8f7ee07940adfed8f6cf325f9f7,468f5564eed178669b8ec5feeae374f49bb4cfee6adb0ef71f44c89d7ef054e2,infeasible_precheck,False,skipped_unqualified_stage1,False,False,,0.0,0.0,,,,,,,,,,,,,,,,,0.2804263759999941,0.0,0.00017962300000817777,3.605000017614657e-06,0.28060599900000227,0.2806096040000199
80,50,101,RGA-MR,603ca8fb4561db6c4505e6a3de6a8337de2d4e14ac3502c31526700e436d69f1,d54d55719b9ca22c202dca52bd5c2394c8e5ac272e4c5d698b03f9c6e1290228,infeasible_precheck,False,skipped_unqualified_stage1,False,False,,0.0,0.0,,,,,,,,,,,,,,,,,0.0,27.186352717000005,0.0002561179999815977,3.7949999978081905e-06,27.186608834999987,27.186612629999985
80,50,102,RGA-MR,1797182724234247ac4e8272d5e8eeff76c194011042f7ca44d999fc9fe007ed,6ef7efa12a7854d53d75badb207652c96da19bb3e203364eaad36dc1a5cbf2d6,infeasible_precheck,False,skipped_unqualified_stage1,False,False,,0.0,0.0,,,,,,,,,,,,,,,,,0.0,25.830157224000004,0.0002571399999737878,3.395000021555461e-06,25.830414363999978,25.830417759
80,50,100,RGA-MR,3daffdd73c498df200706cad996fce5765c249b376a42f3feb5f19967d4c93b7,0b6fa512cded5febc5f34b9adb6f254b16292b7a4077ac1c52261debf9e93b5f,infeasible_precheck,False,skipped_unqualified_stage1,False,False,,0.0,0.0,,,,,,,,,,,,,,,,,0.0,23.801595049000014,0.00026158700001133184,3.915999997161634e-06,23.801856636000025,23.801860552000022
80,50,,GR-MR,8dcdd009ba039e48e91a7dd898d1111a0e250e8d9c22db55595efc642d641c2f,8c42ab9497e87d030d8d4cc1d715bb124a3e0ebe08f19af3f298a74804f9f449,infeasible_precheck,False,skipped_unqualified_stage1,False,False,,0.0,0.0,,,,,,,,,,,,,,,,,0.4823238529999969,0.0,0.0003098599999873386,3.9260000050944655e-06,0.48263371299998425,0.48263763899998935
80,50,101,B-ALNS,339ae7914d5e787ad57a0db5009cd86cb5134be0e6129ea57f74488396496f33,a0ffa2b2c77d5990fb9159b949e296cb15a17c1ce972d3966c128dd81fc2e23c,optimal,True,optimal,True,False,2.6622084299999926,1.0,1.0,226569.21954401795,226569.4461132117,0.9998037289864535,221.06357651448704,385.3740154781551,-2.136300736310659e-08,0.0875,11539.829028481328,4,-0.782474392998849,0.22656919376458973,207716.9225126639,16000.0,1716.8679845298216,0.8584339922649108,1134.7971820257114,0.4823238529999969,19.10866175700002,5.616779544999986,0.00436061499999596,25.207765155000004,25.21212577
80,50,101,ESI-ALNS,a6313cd8b63d8a83f272c8322541e4ba5018f83ef6e81a1b045887aa148676c9,18de4b7634fbac41651ad793559ec2f0dc0b45efe7dc5bceb4a692cb8eb06885,optimal,True,optimal,True,False,1.1058383820000017,1.0,1.0,226123.18251803974,226123.4086411638,0.9608452014904127,221.55220952490015,385.3740583310645,-1.6318995221809018e-07,0.0875,11517.01976682556,4,-0.8173326216015513,0.2261231240699999,207306.35580286008,16000.0,1716.8675393427861,0.8584337696713931,1099.3268651912622,0.4823238529999969,23.271375501000023,5.699272968999992,0.004225009999970553,29.45297232300001,29.457197332999982
80,51,102,B-ALNS,2e1932772d494cae6a03f58c3f37692d299b05720c94a5f890d019f8815e6fd5,e9dedbd6f89dc0589b6b444b8be0a22c9d2e814ea3e57d4b336bcb0bd7875ec3,optimal,True,optimal,True,False,1.0569375099999974,1.0,1.0,224802.57222682115,224802.797029279,0.9816358494464978,211.5557116571278,374.261709519749,-3.653901217148814e-07,0.1,11410.887984947087,6,-0.017243810808990956,0.22480245784390718,205395.98372904756,16000.0,2324.7203199406695,1.1623601599703346,1080.930620130785,0.45184785600000055,36.833552368999996,2.893465011999993,0.006121819000000528,40.17886523699999,40.18498705599999
80,51,102,ESI-ALNS,1c49d2481cf33376fc743948555c8b147d2d394d64b3c968c7bdc7c73995670e,19555c71f2d7ee104288bcc94dfc39b9da88ab2e5f2f9edfc4de12994bf5cac2,optimal,True,optimal,True,True,0.5606955110000058,1.0,1.0,224369.88475584023,224370.10912573623,0.981636372555683,211.67742909785798,374.26170964079887,-1.9446986243565334e-08,0.1,11386.849792196876,6,-0.017233416026468218,0.22436989599373192,204963.29625954374,16000.0,2324.719886783057,1.1623599433915286,1080.9306194660605,0.45184785600000055,44.111000139000005,0.7045709550000083,0.0053186329999874715,45.267418950000014,45.272737583
80,51,100,B-ALNS,72a2e7e37e31d3bec2a42da4b55fe9671090c7fdd879bb31858591668b68b21f,843776322ed93b58454a58fc7c84ed743a7bd04bbdb351f83fda6b76feb1e0e4,optimal,True,optimal,True,False,1.5759220340000013,1.0,1.0,237400.7936803437,237401.03108107502,1.3477827415050134,218.37895147676562,367.25493980564454,-2.1097378066770034e-08,0.1625,12011.08757405118,7,-0.5866790867381335,0.23740073133376427,216199.57633292125,16000.0,4243.755800707024,2.1218779003535118,955.5770695464093,0.45184785600000055,34.314640735,8.464033979999996,0.006295703999995794,43.230522570999995,43.23681827499999
80,51,100,ESI-ALNS,b4425939bec2f1d4f5dca56f186b8164472323e9e954bdc65ed7b9b4a15da934,2dd164c71a2bb34ad13245c95d282893857b57d3f8ad47953c5a510305147b7d,optimal,True,optimal,True,False,0.5643540579999922,1.0,1.0,236042.91752904054,236043.15357195027,1.3210177051457708,214.60983881688702,352.84918025875305,-2.114842345690704e-08,0.15,11982.967931704396,6,-0.5836705597845893,0.23604290973162279,215693.4227706791,16000.0,3324.7479102425814,1.6623739551212904,1023.3205170734576,0.45184785600000055,41.05501757500001,4.530055745999988,0.006038284999988264,46.036921176999996,46.042959461999985
80,51,,FTR-NM,e13ee03967bd2d8cefc455586ea82e8dfbaf8aa4b85252f049ad9ae0bdb3a5ad,fe135d3b81e11a799e365ab4331de04343def34dc9d19af7df5f6ae90e059b05,infeasible_precheck,False,skipped_unqualified_stage1,False,False,,0.0,0.0,,,,,,,,,,,,,,,,,0.25593333699997345,0.0,0.00023626800000897674,4.055999994534432e-06,0.2561696049999824,0.25617366099997696
80,51,100,RGA-MR,c905a2a9f85a1e5bd8afb94c7b3148e8ec24535f3d4545c2f129f37b439251ae,04e0f3783fa882c2fea785fa388bf04e3d6f05b22b12e5ad2779de57384bb31c,infeasible,False,skipped_unqualified_stage1,False,False,,0.0,0.0,,,,,,,,,,,,,,,,,0.0,27.41708104,0.3363509289999911,5.969000000050073e-06,27.75343196899999,27.75343793799999
80,51,,GR-MR,23b49b824aeadbd814a770d33f1b2d96eda19a991d3050d8e9c3151c9422d401,8e44505e5398f821dc5541d8d74b02c7e1d0092974c9d6a3abd192f7d367bb6b,infeasible,False,skipped_unqualified_stage1,False,False,,0.0,0.0,,,,,,,,,,,,,,,,,0.45184785600000055,0.0,0.4109897459999843,6.469999988212294e-06,0.8628376019999848,0.862844071999973
80,51,102,RGA-MR,7ea88f9f209f40d18d0991050de8518e79b094261b5b5cb28e5a8e7438c1e61c,2c64794daea7bb14c3444abbf7c1337e823641c7e3015684ead611d3b676bb5d,infeasible_precheck,False,skipped_unqualified_stage1,False,False,,0.0,0.0,,,,,,,,,,,,,,,,,0.0,34.89514402099999,0.00031730099999549566,4.1060000057768775e-06,34.89546132199999,34.895465427999994
80,51,101,RGA-MR,1e9cb77c37913ab65b056c23dc95fe6be2a288c991fabfb72dc2aff1c53372b5,c063bb1342d056cb3791cf4593f43e9e847780d60bd10a3d616a4452a6b4a6bb,infeasible_precheck,False,skipped_unqualified_stage1,False,False,,0.0,0.0,,,,,,,,,,,,,,,,,0.0,31.954379434000003,0.0002640799999937826,4.256000011082506e-06,31.954643513999997,31.954647770000008
80,51,101,B-ALNS,bbc9ddc9e4343fa2ecafdaa6dc8afe951767768053eddec4d72c87e7044ac894,b7083b4813111d1b990db444338285e13a000340638666491d94a8ad300ee63d,optimal,True,optimal,True,False,1.1427727049999987,1.0,1.0,228344.1615701459,228344.38991426496,0.7279026055816324,214.57512737812567,374.75138123871614,-2.112801666953601e-08,0.1125,11597.20551857834,5,-1.0479799083534438,0.22834411906660534,208749.69933441008,16000.0,2497.7549088758046,1.2488774544379024,1095.6867935246423,0.45184785600000055,24.57410179300001,3.177787529999989,0.006640634999996564,28.203737179,28.210377813999997
80,51,101,ESI-ALNS,8665c0b9f2a27fcee2bd00417a3be09fb3503558383bc0b74752e6141954316b,b0cb3dce4036e35ea1d496b0ad137ad0aeeb48dc60a7da7c3f88d9c24faa6ea6,optimal,True,optimal,True,False,1.0460768629999961,1.0,1.0,227884.711209997,227884.93909465423,0.7465905573731016,214.91088847129893,374.75138126358786,-1.1067148761867429e-05,0.1125,11595.993746733793,4,-1.0566176568025254,0.22788465721532702,208727.8874412083,16000.0,2060.3346927001903,1.0301673463500953,1095.6867933993885,0.45184785600000055,30.55927570199998,3.4924417240000025,0.005898340999976881,34.50356528199998,34.50946362299996
80,52,102,RGA-MR,7a50334680ce2b80d93613627a924c856c196cbff1ade2cd74bb534f7f1d7ea8,f2acecc99a7db84d263a2dee6c49d97a5da53d0c0b8c1d5313281d08f9ad0d64,infeasible_precheck,False,skipped_unqualified_stage1,False,False,,0.0,0.0,,,,,,,,,,,,,,,,,0.0,45.897711519000005,1.945376459000002,5.059999992340636e-06,47.84308797800001,47.843093038
80,52,101,RGA-MR,03d5a56e6b6ceb723de797d2c96debc5193a384cb51bde1412fb375cbf9df2ad,8840e261e9df44362ba23039c5c4dd1b7c643fbb1da4f6f37b2ba205f92b258a,infeasible_precheck,False,skipped_unqualified_stage1,False,False,,0.0,0.0,,,,,,,,,,,,,,,,,0.0,48.545085865000004,0.0004216659999940475,5.279000021118918e-06,48.545507531,48.54551281000002
80,52,100,RGA-MR,f30d40b408bf9d5cd4fe1d734fdd2d8c9018d7c9dca8b0e3232816c4b21f799a,284baeecda62f3f81024b5fa13bf772b7491c306366599ce55450f65028ed0bb,infeasible_precheck,False,skipped_unqualified_stage1,False,False,,0.0,0.0,,,,,,,,,,,,,,,,,0.0,42.954417293000006,0.00041398099997991267,4.458000006479779e-06,42.954831273999986,42.95483573199999
80,52,,FTR-NM,d86066f9b22f38889bb580b8749ed7d7386aa245d929666b64167cbd2aacdec8,f69465e7be716770fdb48c35deb503daba4558fa28390ca29ca0ee20a1285cae,infeasible_precheck,False,skipped_unqualified_stage1,False,False,,0.0,0.0,,,,,,,,,,,,,,,,,0.3584702429999993,0.0,0.00032826300000010633,5.018999985395567e-06,0.3587985059999994,0.3588035249999848
80,52,102,B-ALNS,4b6534f58007be9040971ab7119261de1a22289c70be24d507972d60828975e2,51e4ed9471b4b43de4ff1565d52fb0cbf994c0e93a13490d32d995c28116e954,infeasible_precheck,False,skipped_unqualified_stage1,False,False,,0.0,0.0,,,,,,,,,,,,,,,,,0.7645176729999932,42.640684929,0.0003200269999865668,3.988000003118941e-06,43.40552262899998,43.405526616999985
80,52,102,ESI-ALNS,4b6534f58007be9040971ab7119261de1a22289c70be24d507972d60828975e2,7658511531f3de6b504ae0eedacaddb3c0235bb0c1b3f5afc77f9d31e53476ce,infeasible_precheck,False,skipped_unqualified_stage1,False,False,,0.0,0.0,,,,,,,,,,,,,,,,,0.7645176729999932,42.64325038300001,0.0004019600000049195,3.97799999518611e-06,43.40817001600001,43.408173994
80,52,101,B-ALNS,410200c3f3b866aac00451fbb937747d0cb238a87b41975f618d0bec1647d576,c6acbda9b62f80525e6aacdd065ada94b41e451426320efc58a3bf8b53433b0a,optimal,True,optimal,True,True,1.1338573949999926,1.0,1.0,226761.356393221,226761.58315445032,1.0169218681602925,213.06711309766146,365.4715569694518,-1.4674571957584703e-07,0.1375,11538.88641006534,6,-0.8260962173400155,0.22676122930715792,207699.95538117614,16000.0,2010.2609662154744,1.0051304831077372,1050.3616765756158,0.7645176729999932,49.75085782099998,0.997933224999997,0.00779395500001101,51.51330871899997,51.521102673999984
80,52,101,ESI-ALNS,abed360369e97abd0441d83c4426eb3fee252b5f40af11ab825850bc5eca6250,6b5b910042ad744c62acbacab78a4ee3dd591160e75f898874b6ebdeb66165e2,optimal,True,optimal,True,False,1.0394243369999998,1.0,1.0,226602.53584775305,226602.7624502367,0.5354925665856963,213.3878219359475,365.47155693509245,-5.05573325426667e-08,0.125,11535.720975350141,6,-1.2573909980990319,0.2266024836571887,207642.97755630253,16000.0,1879.2000357563238,0.9396000178781618,1079.6452581599733,0.7645176729999932,67.58644020700004,10.405710410999973,0.007960302000014963,78.75666829100001,78.76462859300003
80,52,100,B-ALNS,627461225bbb580ced773b37bc7a8c43a35e6ecfdf936dfd20424d85e410994f,85bcb583d359f11597ff8cbba3bac99f5d4334981c3b15b695df6b56cffaef73,infeasible_precheck,False,skipped_unqualified_stage1,False,False,,0.0,0.0,,,,,,,,,,,,,,,,,0.7645176729999932,37.375750686,0.00032876200003784106,4.016999980649416e-06,38.140597121000035,38.140601138000015
80,52,100,ESI-ALNS,627461225bbb580ced773b37bc7a8c43a35e6ecfdf936dfd20424d85e410994f,fce39a5956e066ec2d175e4c4820ca84f6ba9437e57c1d17a5c54575a7579f58,infeasible_precheck,False,skipped_unqualified_stage1,False,False,,0.0,0.0,,,,,,,,,,,,,,,,,0.7645176729999932,37.37907923199998,0.00046474700002363534,3.907000007075112e-06,38.144061652,38.144065559000005
80,52,,GR-MR,74a95d657030b0bc8250d89701586bc80b4c8a8c6bb717596784183f944ce889,5f1bbbfa8e2820c670a6746d2aa9136fc0d0f31a84d488966bc1370ef2b13ce8,infeasible_precheck,False,skipped_unqualified_stage1,False,False,,0.0,0.0,,,,,,,,,,,,,,,,,0.7645176729999932,0.0,0.0005706540000005589,3.787000025567977e-06,0.7650883269999937,0.7650921140000193
