scope,tasks,method,metric,expected_observations,valid_observations,independent_scenarios,scenario_equal_mean,run_equal_mean,ci_low,ci_high
conditional,30,GR-MR,both_stages_qualified_rate,8,8,8,1.0,1.0,1.0,1.0
common,30,GR-MR,both_stages_qualified_rate,24,24,8,1.0,1.0,1.0,1.0
conditional,30,FTR-NM,both_stages_qualified_rate,8,8,8,1.0,1.0,1.0,1.0
common,30,FTR-NM,both_stages_qualified_rate,24,24,8,1.0,1.0,1.0,1.0
conditional,30,RGA-MR,both_stages_qualified_rate,24,24,8,1.0,1.0,1.0,1.0
common,30,RGA-MR,both_stages_qualified_rate,24,24,8,1.0,1.0,1.0,1.0
conditional,30,B-ALNS,both_stages_qualified_rate,24,24,8,0.9583333333333333,0.9583333333333334,0.875,1.0
common,30,B-ALNS,both_stages_qualified_rate,24,24,8,0.9583333333333333,0.9583333333333334,0.875,1.0
conditional,30,ESI-ALNS,both_stages_qualified_rate,24,24,8,0.9583333333333333,0.9583333333333334,0.875,1.0
common,30,ESI-ALNS,both_stages_qualified_rate,24,24,8,0.9583333333333333,0.9583333333333334,0.875,1.0
paired,30,GR-MR,both_stages_qualified_rate,24,24,8,-0.041666666666666664,-0.041666666666666664,-0.125,0.0
paired,30,FTR-NM,both_stages_qualified_rate,24,24,8,-0.041666666666666664,-0.041666666666666664,-0.125,0.0
paired,30,RGA-MR,both_stages_qualified_rate,24,24,8,-0.041666666666666664,-0.041666666666666664,-0.125,0.0
paired,30,B-ALNS,both_stages_qualified_rate,24,24,8,0.0,0.0,0.0,0.0
conditional,30,GR-MR,contacts,8,8,8,0.0,0.0,0.0,0.0
common,30,GR-MR,contacts,24,23,8,0.0,0.0,0.0,0.0
conditional,30,FTR-NM,contacts,8,8,8,0.0,0.0,0.0,0.0
common,30,FTR-NM,contacts,24,23,8,0.0,0.0,0.0,0.0
conditional,30,RGA-MR,contacts,24,24,8,0.0,0.0,0.0,0.0
common,30,RGA-MR,contacts,24,23,8,0.0,0.0,0.0,0.0
conditional,30,B-ALNS,contacts,24,23,8,1.3333333333333335,1.391304347826087,0.6666666666666667,1.9583333333333335
common,30,B-ALNS,contacts,24,23,8,1.3333333333333335,1.391304347826087,0.6666666666666667,1.9583333333333335
conditional,30,ESI-ALNS,contacts,24,23,8,1.4375,1.4782608695652173,0.9583333333333333,1.9166666666666667
common,30,ESI-ALNS,contacts,24,23,8,1.4375,1.4782608695652173,0.9583333333333333,1.9166666666666667
paired,30,GR-MR,contacts,24,23,8,1.4375,1.4782608695652173,0.9583333333333333,1.9166666666666667
paired,30,FTR-NM,contacts,24,23,8,1.4375,1.4782608695652173,0.9583333333333333,1.9166666666666667
paired,30,RGA-MR,contacts,24,23,8,1.4375,1.4782608695652173,0.9583333333333333,1.9166666666666667
paired,30,B-ALNS,contacts,24,23,8,0.10416666666666666,0.08695652173913043,-0.08333333333333333,0.2708333333333333
conditional,30,GR-MR,cpu_stage2_minus_stage1,8,8,8,0.0,0.0,0.0,0.0
common,30,GR-MR,cpu_stage2_minus_stage1,24,23,8,0.0,0.0,0.0,0.0
conditional,30,FTR-NM,cpu_stage2_minus_stage1,8,8,8,0.0,0.0,0.0,0.0
common,30,FTR-NM,cpu_stage2_minus_stage1,24,23,8,0.0,0.0,0.0,0.0
conditional,30,RGA-MR,cpu_stage2_minus_stage1,24,24,8,0.0,0.0,0.0,0.0
common,30,RGA-MR,cpu_stage2_minus_stage1,24,23,8,0.0,0.0,0.0,0.0
conditional,30,B-ALNS,cpu_stage2_minus_stage1,24,23,8,-0.3970010122379612,-0.4142619258135247,-0.606377359893903,-0.1928177711990413
common,30,B-ALNS,cpu_stage2_minus_stage1,24,23,8,-0.3970010122379612,-0.4142619258135247,-0.606377359893903,-0.1928177711990413
conditional,30,ESI-ALNS,cpu_stage2_minus_stage1,24,23,8,-0.4835540008044181,-0.49325854251920137,-0.6653584680709955,-0.32828655649751104
common,30,ESI-ALNS,cpu_stage2_minus_stage1,24,23,8,-0.4835540008044181,-0.49325854251920137,-0.6653584680709955,-0.32828655649751104
paired,30,GR-MR,cpu_stage2_minus_stage1,24,23,8,-0.4835540008044181,-0.49325854251920137,-0.6653584680709955,-0.32828655649751104
paired,30,FTR-NM,cpu_stage2_minus_stage1,24,23,8,-0.4835540008044181,-0.49325854251920137,-0.6653584680709955,-0.32828655649751104
paired,30,RGA-MR,cpu_stage2_minus_stage1,24,23,8,-0.4835540008044181,-0.49325854251920137,-0.6653584680709955,-0.32828655649751104
paired,30,B-ALNS,cpu_stage2_minus_stage1,24,23,8,-0.08655298856645693,-0.07899661670567662,-0.15550801473496467,-0.02532510541866159
conditional,30,GR-MR,energy_stage2_minus_stage1_j,8,8,8,0.16418148915909114,0.16418148915909114,0.15684837640583282,0.17138214808437624
common,30,GR-MR,energy_stage2_minus_stage1_j,24,23,8,0.16418148915909114,0.16463692515010378,0.15684837640583282,0.17138214808437624
conditional,30,FTR-NM,energy_stage2_minus_stage1_j,8,8,8,0.16418148915909114,0.16418148915909114,0.15684837640583282,0.17138214808437624
common,30,FTR-NM,energy_stage2_minus_stage1_j,24,23,8,0.16418148915909114,0.16463692515010378,0.15684837640583282,0.17138214808437624
conditional,30,RGA-MR,energy_stage2_minus_stage1_j,24,24,8,0.1620537482473689,0.16205374824736887,0.15498789520643186,0.1691204199133002
common,30,RGA-MR,energy_stage2_minus_stage1_j,24,23,8,0.16218335686668678,0.16255191754063833,0.1552047349284597,0.16927353041319293
conditional,30,B-ALNS,energy_stage2_minus_stage1_j,24,23,8,0.09990211384319991,0.09962560176285004,0.09426168639098856,0.10449102197465739
common,30,B-ALNS,energy_stage2_minus_stage1_j,24,23,8,0.09990211384319991,0.09962560176285004,0.09426168639098856,0.10449102197465739
conditional,30,ESI-ALNS,energy_stage2_minus_stage1_j,24,23,8,0.09934898051869823,0.09905864964568299,0.0931911921112866,0.10422680118391932
common,30,ESI-ALNS,energy_stage2_minus_stage1_j,24,23,8,0.09934898051869823,0.09905864964568299,0.0931911921112866,0.10422680118391932
paired,30,GR-MR,energy_stage2_minus_stage1_j,24,23,8,-0.06483250864039292,-0.06557827550442079,-0.07190644508530872,-0.05707624080241658
paired,30,FTR-NM,energy_stage2_minus_stage1_j,24,23,8,-0.06483250864039292,-0.06557827550442079,-0.07190644508530872,-0.05707624080241658
paired,30,RGA-MR,energy_stage2_minus_stage1_j,24,23,8,-0.06283437634798852,-0.06349326789495535,-0.06997808781792023,-0.054953821082426656
paired,30,B-ALNS,energy_stage2_minus_stage1_j,24,23,8,-0.0005531333245016867,-0.0005669521171670488,-0.0011967841135022655,-0.00010072564873553347
conditional,30,GR-MR,independent_audit_s,8,0,0,,,,
common,30,GR-MR,independent_audit_s,24,0,0,,,,
conditional,30,FTR-NM,independent_audit_s,8,0,0,,,,
common,30,FTR-NM,independent_audit_s,24,0,0,,,,
conditional,30,RGA-MR,independent_audit_s,24,0,0,,,,
common,30,RGA-MR,independent_audit_s,24,0,0,,,,
conditional,30,B-ALNS,independent_audit_s,24,0,0,,,,
common,30,B-ALNS,independent_audit_s,24,0,0,,,,
conditional,30,ESI-ALNS,independent_audit_s,24,0,0,,,,
common,30,ESI-ALNS,independent_audit_s,24,0,0,,,,
paired,30,GR-MR,independent_audit_s,24,0,0,,,,
paired,30,FTR-NM,independent_audit_s,24,0,0,,,,
paired,30,RGA-MR,independent_audit_s,24,0,0,,,,
paired,30,B-ALNS,independent_audit_s,24,0,0,,,,
conditional,30,GR-MR,initialization_s,8,0,0,,,,
common,30,GR-MR,initialization_s,24,0,0,,,,
conditional,30,FTR-NM,initialization_s,8,0,0,,,,
common,30,FTR-NM,initialization_s,24,0,0,,,,
conditional,30,RGA-MR,initialization_s,24,0,0,,,,
common,30,RGA-MR,initialization_s,24,0,0,,,,
conditional,30,B-ALNS,initialization_s,24,0,0,,,,
common,30,B-ALNS,initialization_s,24,0,0,,,,
conditional,30,ESI-ALNS,initialization_s,24,0,0,,,,
common,30,ESI-ALNS,initialization_s,24,0,0,,,,
paired,30,GR-MR,initialization_s,24,0,0,,,,
paired,30,FTR-NM,initialization_s,24,0,0,,,,
paired,30,RGA-MR,initialization_s,24,0,0,,,,
paired,30,B-ALNS,initialization_s,24,0,0,,,,
conditional,30,GR-MR,mean_delay_s,8,8,8,196.78415990736522,196.78415990736525,188.31265884154018,205.64923184194635
common,30,GR-MR,mean_delay_s,24,23,8,196.78415990736522,197.36363082371963,188.31265884154018,205.64923184194635
conditional,30,FTR-NM,mean_delay_s,8,8,8,196.78415990736522,196.78415990736525,188.31265884154018,205.64923184194635
common,30,FTR-NM,mean_delay_s,24,23,8,196.78415990736522,197.36363082371963,188.31265884154018,205.64923184194635
conditional,30,RGA-MR,mean_delay_s,24,24,8,198.62711123367984,198.62711123367984,190.09709162233602,207.3589853250191
common,30,RGA-MR,mean_delay_s,24,23,8,198.61891428142457,199.2781571270859,190.08353951467524,207.3589853250191
conditional,30,B-ALNS,mean_delay_s,24,23,8,202.78337412104491,203.85687614353364,192.5921898964645,213.21558043997027
common,30,B-ALNS,mean_delay_s,24,23,8,202.78337412104491,203.85687614353364,192.5921898964645,213.21558043997027
conditional,30,ESI-ALNS,mean_delay_s,24,23,8,204.16415252950483,205.03479934454046,194.77120808803966,214.06039964489307
common,30,ESI-ALNS,mean_delay_s,24,23,8,204.16415252950483,205.03479934454046,194.77120808803966,214.06039964489307
paired,30,GR-MR,mean_delay_s,24,23,8,7.379992622139592,7.671168520820833,-4.520483475812249,17.679608792411265
paired,30,FTR-NM,mean_delay_s,24,23,8,7.379992622139592,7.671168520820833,-4.520483475812249,17.679608792411265
paired,30,RGA-MR,mean_delay_s,24,23,8,5.545238248080259,5.756642217454572,-5.716520858698693,15.815805019564689
paired,30,B-ALNS,mean_delay_s,24,23,8,1.3807784084598929,1.1779232010068421,-0.1296622512497064,3.488849911335115
conditional,30,GR-MR,min_deadline_slack_s,8,8,8,0.08688981926261619,0.08688981926261619,0.04367781518857328,0.15861294774287416
common,30,GR-MR,min_deadline_slack_s,24,23,8,0.08688981926261619,0.08922968362933804,0.04367781518857328,0.15861294774287416
conditional,30,FTR-NM,min_deadline_slack_s,8,8,8,0.08688981926261619,0.08688981926261619,0.04367781518857328,0.15861294774287416
common,30,FTR-NM,min_deadline_slack_s,24,23,8,0.08688981926261619,0.08922968362933804,0.04367781518857328,0.15861294774287416
conditional,30,RGA-MR,min_deadline_slack_s,24,24,8,0.08423844419934903,0.08423844419934905,0.042496095457812806,0.1558446907942893
common,30,RGA-MR,min_deadline_slack_s,24,23,8,0.08423759452662458,0.08646214477439028,0.042494417354181975,0.1558446907942893
conditional,30,B-ALNS,min_deadline_slack_s,24,23,8,0.007320710228457965,0.006854612776032315,0.001783250639955251,0.013940274759056414
common,30,B-ALNS,min_deadline_slack_s,24,23,8,0.007320710228457965,0.006854612776032315,0.001783250639955251,0.013940274759056414
conditional,30,ESI-ALNS,min_deadline_slack_s,24,23,8,0.00396909615230238,0.003790582928512203,0.0008916254459309177,0.008107018637866408
common,30,ESI-ALNS,min_deadline_slack_s,24,23,8,0.00396909615230238,0.003790582928512203,0.0008916254459309177,0.008107018637866408
paired,30,GR-MR,min_deadline_slack_s,24,23,8,-0.0829207231103138,-0.08543910070082585,-0.15156457191418032,-0.04005011898890132
paired,30,FTR-NM,min_deadline_slack_s,24,23,8,-0.0829207231103138,-0.08543910070082585,-0.15156457191418032,-0.04005011898890132
paired,30,RGA-MR,min_deadline_slack_s,24,23,8,-0.08026849837432219,-0.08267156184587807,-0.14887794915827018,-0.038787600526635664
paired,30,B-ALNS,min_deadline_slack_s,24,23,8,-0.0033516140761555846,-0.0030640298475201116,-0.006658608919048939,-0.0010306192279093314
conditional,30,GR-MR,normalized_mec_cpu,8,8,8,0.0,0.0,0.0,0.0
common,30,GR-MR,normalized_mec_cpu,24,23,8,0.0,0.0,0.0,0.0
conditional,30,FTR-NM,normalized_mec_cpu,8,8,8,0.0,0.0,0.0,0.0
common,30,FTR-NM,normalized_mec_cpu,24,23,8,0.0,0.0,0.0,0.0
conditional,30,RGA-MR,normalized_mec_cpu,24,24,8,0.0,0.0,0.0,0.0
common,30,RGA-MR,normalized_mec_cpu,24,23,8,0.0,0.0,0.0,0.0
conditional,30,B-ALNS,normalized_mec_cpu,24,23,8,0.4273563129781237,0.44593702223804216,0.20912860523791937,0.6531921977254102
common,30,B-ALNS,normalized_mec_cpu,24,23,8,0.4273563129781237,0.44593702223804216,0.20912860523791937,0.6531921977254102
conditional,30,ESI-ALNS,normalized_mec_cpu,24,23,8,0.4549957607446267,0.46838356345791543,0.26771988097784066,0.6582892474879929
common,30,ESI-ALNS,normalized_mec_cpu,24,23,8,0.4549957607446267,0.46838356345791543,0.26771988097784066,0.6582892474879929
paired,30,GR-MR,normalized_mec_cpu,24,23,8,0.4549957607446267,0.46838356345791543,0.26771988097784066,0.6582892474879929
paired,30,FTR-NM,normalized_mec_cpu,24,23,8,0.4549957607446267,0.46838356345791543,0.26771988097784066,0.6582892474879929
paired,30,RGA-MR,normalized_mec_cpu,24,23,8,0.4549957607446267,0.46838356345791543,0.26771988097784066,0.6582892474879929
paired,30,B-ALNS,normalized_mec_cpu,24,23,8,0.027639447766503,0.022446541219873304,-0.04074301974661872,0.09553832950751956
conditional,30,GR-MR,offload_ratio,8,8,8,0.0,0.0,0.0,0.0
common,30,GR-MR,offload_ratio,24,23,8,0.0,0.0,0.0,0.0
conditional,30,FTR-NM,offload_ratio,8,8,8,0.0,0.0,0.0,0.0
common,30,FTR-NM,offload_ratio,24,23,8,0.0,0.0,0.0,0.0
conditional,30,RGA-MR,offload_ratio,24,24,8,0.0,0.0,0.0,0.0
common,30,RGA-MR,offload_ratio,24,23,8,0.0,0.0,0.0,0.0
conditional,30,B-ALNS,offload_ratio,24,23,8,0.0625,0.06521739130434782,0.029166666666666667,0.1
common,30,B-ALNS,offload_ratio,24,23,8,0.0625,0.06521739130434782,0.029166666666666667,0.1
conditional,30,ESI-ALNS,offload_ratio,24,23,8,0.06458333333333334,0.06666666666666667,0.0375,0.09583333333333334
common,30,ESI-ALNS,offload_ratio,24,23,8,0.06458333333333334,0.06666666666666667,0.0375,0.09583333333333334
paired,30,GR-MR,offload_ratio,24,23,8,0.06458333333333334,0.06666666666666667,0.0375,0.09583333333333334
paired,30,FTR-NM,offload_ratio,24,23,8,0.06458333333333334,0.06666666666666667,0.0375,0.09583333333333334
paired,30,RGA-MR,offload_ratio,24,23,8,0.06458333333333334,0.06666666666666667,0.0375,0.09583333333333334
paired,30,B-ALNS,offload_ratio,24,23,8,0.0020833333333333337,0.0014492753623188412,-0.004166666666666666,0.009027777777777777
conditional,30,GR-MR,original_construction_search_s,8,8,8,0.007820177249993066,0.007820177249993066,0.006670895640622088,0.008700237403118004
common,30,GR-MR,original_construction_search_s,24,24,8,0.007820177249993066,0.007820177249993066,0.006670895640622088,0.008700237403118004
conditional,30,FTR-NM,original_construction_search_s,8,8,8,0.007984287374999788,0.007984287374999788,0.006832815375001466,0.00885382102187675
common,30,FTR-NM,original_construction_search_s,24,24,8,0.007984287374999788,0.007984287374999788,0.006832815375001466,0.00885382102187675
conditional,30,RGA-MR,original_construction_search_s,24,24,8,2.7721345078333326,2.7721345078333326,1.9647737462541657,3.4987305142041683
common,30,RGA-MR,original_construction_search_s,24,24,8,2.7721345078333326,2.7721345078333326,1.9647737462541657,3.4987305142041683
conditional,30,B-ALNS,original_construction_search_s,24,24,8,2.098680495624993,2.098680495624993,1.5132737325416594,2.6803938444937465
common,30,B-ALNS,original_construction_search_s,24,24,8,2.098680495624993,2.098680495624993,1.5132737325416594,2.6803938444937465
conditional,30,ESI-ALNS,original_construction_search_s,24,24,8,3.798891168208327,3.798891168208327,3.261171205083327,4.332191715644788
common,30,ESI-ALNS,original_construction_search_s,24,24,8,3.798891168208327,3.798891168208327,3.261171205083327,4.332191715644788
paired,30,GR-MR,original_construction_search_s,24,24,8,3.791070990958334,3.791070990958334,3.2542912312083345,4.323640403151041
paired,30,FTR-NM,original_construction_search_s,24,24,8,3.7909068808333273,3.7909068808333273,3.2541470635833267,4.3235417992197895
paired,30,RGA-MR,original_construction_search_s,24,24,8,1.0267566603749942,1.0267566603749942,0.4419123722531178,1.6500967153333275
paired,30,B-ALNS,original_construction_search_s,24,24,8,1.7002106725833341,1.700210672583334,1.391195457916666,2.081975018701044
conditional,30,GR-MR,original_independent_audit_s,8,8,8,0.002476434750001033,0.002476434750001033,0.0021361499999965616,0.0027427501781298155
common,30,GR-MR,original_independent_audit_s,24,24,8,0.002476434750001033,0.002476434750001033,0.0021361499999965616,0.0027427501781298155
conditional,30,FTR-NM,original_independent_audit_s,8,8,8,0.0024997154999981674,0.0024997154999981674,0.002151537528119918,0.002770547749994634
common,30,FTR-NM,original_independent_audit_s,24,24,8,0.0024997154999981674,0.0024997154999981674,0.002151537528119918,0.002770547749994634
conditional,30,RGA-MR,original_independent_audit_s,24,24,8,0.002485484333332029,0.0024854843333320296,0.0021618837083323683,0.002736970166665446
common,30,RGA-MR,original_independent_audit_s,24,24,8,0.002485484333332029,0.0024854843333320296,0.0021618837083323683,0.002736970166665446
conditional,30,B-ALNS,original_independent_audit_s,24,24,8,0.0030093361249979482,0.0030093361249979487,0.002478683076039156,0.003524384796875964
common,30,B-ALNS,original_independent_audit_s,24,24,8,0.0030093361249979482,0.0030093361249979487,0.002478683076039156,0.003524384796875964
conditional,30,ESI-ALNS,original_independent_audit_s,24,24,8,0.0029941229583343443,0.0029941229583343443,0.0025393992916680945,0.0034061511718753113
common,30,ESI-ALNS,original_independent_audit_s,24,24,8,0.0029941229583343443,0.0029941229583343443,0.0025393992916680945,0.0034061511718753113
paired,30,GR-MR,original_independent_audit_s,24,24,8,0.0005176882083333112,0.0005176882083333112,0.0002901602020833079,0.0007408579999991598
paired,30,FTR-NM,original_independent_audit_s,24,24,8,0.0004944074583361768,0.0004944074583361768,0.0002957394583376072,0.0006930205833336107
paired,30,RGA-MR,original_independent_audit_s,24,24,8,0.0005086386250023148,0.0005086386250023148,0.00027299920417128324,0.0007475523947924203
paired,30,B-ALNS,original_independent_audit_s,24,24,8,-1.5213166663604238e-05,-1.5213166663604246e-05,-0.00019792938333390204,0.00012460254167005286
conditional,30,GR-MR,original_initialization_s,8,8,8,0.007820177249993066,0.007820177249993066,0.006670895640622088,0.008700237403118004
common,30,GR-MR,original_initialization_s,24,24,8,0.007820177249993066,0.007820177249993066,0.006670895640622088,0.008700237403118004
conditional,30,FTR-NM,original_initialization_s,8,8,8,0.007984287374999788,0.007984287374999788,0.006832815375001466,0.00885382102187675
common,30,FTR-NM,original_initialization_s,24,24,8,0.007984287374999788,0.007984287374999788,0.006832815375001466,0.00885382102187675
conditional,30,RGA-MR,original_initialization_s,24,24,8,0.0,0.0,0.0,0.0
common,30,RGA-MR,original_initialization_s,24,24,8,0.0,0.0,0.0,0.0
conditional,30,B-ALNS,original_initialization_s,24,24,8,0.007820177249993066,0.007820177249993066,0.006670895640622088,0.008700237403118004
common,30,B-ALNS,original_initialization_s,24,24,8,0.007820177249993066,0.007820177249993066,0.006670895640622088,0.008700237403118004
conditional,30,ESI-ALNS,original_initialization_s,24,24,8,0.007820177249993066,0.007820177249993066,0.006670895640622088,0.008700237403118004
common,30,ESI-ALNS,original_initialization_s,24,24,8,0.007820177249993066,0.007820177249993066,0.006670895640622088,0.008700237403118004
paired,30,GR-MR,original_initialization_s,24,24,8,0.0,0.0,0.0,0.0
paired,30,FTR-NM,original_initialization_s,24,24,8,-0.00016411012500672228,-0.00016411012500672228,-0.000249061625002156,-9.56568750094533e-05
paired,30,RGA-MR,original_initialization_s,24,24,8,0.007820177249993066,0.007820177249993066,0.006670895640622088,0.008700237403118004
paired,30,B-ALNS,original_initialization_s,24,24,8,0.0,0.0,0.0,0.0
conditional,30,GR-MR,original_resource_recompute_s,8,8,8,0.3536186033750006,0.3536186033750006,0.2888668206249996,0.40768082612500134
common,30,GR-MR,original_resource_recompute_s,24,24,8,0.3536186033750006,0.3536186033750006,0.2888668206249996,0.40768082612500134
conditional,30,FTR-NM,original_resource_recompute_s,8,8,8,0.836640690250003,0.836640690250003,0.2997035468750031,1.5913765546250005
common,30,FTR-NM,original_resource_recompute_s,24,24,8,0.836640690250003,0.836640690250003,0.2997035468750031,1.5913765546250005
conditional,30,RGA-MR,original_resource_recompute_s,24,24,8,0.49902631224999927,0.4990263122499992,0.3008000329166647,0.7158857862500019
common,30,RGA-MR,original_resource_recompute_s,24,24,8,0.49902631224999927,0.4990263122499992,0.3008000329166647,0.7158857862500019
conditional,30,B-ALNS,original_resource_recompute_s,24,24,8,1.0764020298749983,1.0764020298749983,0.5239786070416648,1.7354311022906217
common,30,B-ALNS,original_resource_recompute_s,24,24,8,1.0764020298749983,1.0764020298749983,0.5239786070416648,1.7354311022906217
conditional,30,ESI-ALNS,original_resource_recompute_s,24,24,8,1.3171904294999999,1.3171904294999999,0.8659911874583326,1.8635033654583357
common,30,ESI-ALNS,original_resource_recompute_s,24,24,8,1.3171904294999999,1.3171904294999999,0.8659911874583326,1.8635033654583357
paired,30,GR-MR,original_resource_recompute_s,24,24,8,0.9635718261249991,0.9635718261249991,0.5360908795927058,1.472684377666668
paired,30,FTR-NM,original_resource_recompute_s,24,24,8,0.4805497392499968,0.48054973924999683,-0.35683395795833606,1.2903449126562445
paired,30,RGA-MR,original_resource_recompute_s,24,24,8,0.8181641172500005,0.8181641172500006,0.2969968499968703,1.4118153024208395
paired,30,B-ALNS,original_resource_recompute_s,24,24,8,0.24078839962500148,0.24078839962500145,-0.05827509907083198,0.6061511526510426
conditional,30,GR-MR,original_search_s,8,8,8,0.0,0.0,0.0,0.0
common,30,GR-MR,original_search_s,24,24,8,0.0,0.0,0.0,0.0
conditional,30,FTR-NM,original_search_s,8,8,8,0.0,0.0,0.0,0.0
common,30,FTR-NM,original_search_s,24,24,8,0.0,0.0,0.0,0.0
conditional,30,RGA-MR,original_search_s,24,24,8,2.7721345078333326,2.7721345078333326,1.9647737462541657,3.4987305142041683
common,30,RGA-MR,original_search_s,24,24,8,2.7721345078333326,2.7721345078333326,1.9647737462541657,3.4987305142041683
conditional,30,B-ALNS,original_search_s,24,24,8,2.090860318375,2.090860318375,1.5058427843333329,2.672166736084376
common,30,B-ALNS,original_search_s,24,24,8,2.090860318375,2.090860318375,1.5058427843333329,2.672166736084376
conditional,30,ESI-ALNS,original_search_s,24,24,8,3.791070990958334,3.791070990958334,3.2542912312083345,4.323640403151041
common,30,ESI-ALNS,original_search_s,24,24,8,3.791070990958334,3.791070990958334,3.2542912312083345,4.323640403151041
paired,30,GR-MR,original_search_s,24,24,8,3.791070990958334,3.791070990958334,3.2542912312083345,4.323640403151041
paired,30,FTR-NM,original_search_s,24,24,8,3.791070990958334,3.791070990958334,3.2542912312083345,4.323640403151041
paired,30,RGA-MR,original_search_s,24,24,8,1.0189364831250012,1.0189364831250012,0.43438497201563153,1.6418805860833336
paired,30,B-ALNS,original_search_s,24,24,8,1.7002106725833341,1.700210672583334,1.391195457916666,2.081975018701044
conditional,30,GR-MR,original_total_to_resources_s,8,8,8,0.3614387806249937,0.3614387806249937,0.29575042624999437,0.41631850874999543
common,30,GR-MR,original_total_to_resources_s,24,24,8,0.3614387806249937,0.3614387806249937,0.29575042624999437,0.41631850874999543
conditional,30,FTR-NM,original_total_to_resources_s,8,8,8,0.8446249776250028,0.8446249776250028,0.30683148512500225,1.5991649354999966
common,30,FTR-NM,original_total_to_resources_s,24,24,8,0.8446249776250028,0.8446249776250028,0.30683148512500225,1.5991649354999966
conditional,30,RGA-MR,original_total_to_resources_s,24,24,8,3.271160820083332,3.271160820083332,2.4757225563749996,3.9653516249583314
common,30,RGA-MR,original_total_to_resources_s,24,24,8,3.271160820083332,3.271160820083332,2.4757225563749996,3.9653516249583314
conditional,30,B-ALNS,original_total_to_resources_s,24,24,8,3.1750825254999913,3.1750825254999913,2.163553618626037,4.287062869851034
common,30,B-ALNS,original_total_to_resources_s,24,24,8,3.1750825254999913,3.1750825254999913,2.163553618626037,4.287062869851034
conditional,30,ESI-ALNS,original_total_to_resources_s,24,24,8,5.116081597708327,5.116081597708327,4.328181411498952,5.961890095709368
common,30,ESI-ALNS,original_total_to_resources_s,24,24,8,5.116081597708327,5.116081597708327,4.328181411498952,5.961890095709368
paired,30,GR-MR,original_total_to_resources_s,24,24,8,4.754642817083333,4.754642817083333,4.012208724497915,5.568992109874999
paired,30,FTR-NM,original_total_to_resources_s,24,24,8,4.271456620083324,4.271456620083324,3.47343683666666,5.167485114143732
paired,30,RGA-MR,original_total_to_resources_s,24,24,8,1.8449207776249947,1.8449207776249947,1.0722232658645723,2.6323967415552056
paired,30,B-ALNS,original_total_to_resources_s,24,24,8,1.9409990722083355,1.9409990722083355,1.4672241677499995,2.4490141922635456
conditional,30,GR-MR,original_total_with_audit_s,8,8,8,0.3639152153749947,0.3639152153749947,0.2978663319999928,0.4190612492500003
common,30,GR-MR,original_total_with_audit_s,24,24,8,0.3639152153749947,0.3639152153749947,0.2978663319999928,0.4190612492500003
conditional,30,FTR-NM,original_total_with_audit_s,8,8,8,0.8471246931250009,0.8471246931250009,0.30904996674999907,1.601682741875
common,30,FTR-NM,original_total_with_audit_s,24,24,8,0.8471246931250009,0.8471246931250009,0.30904996674999907,1.601682741875
conditional,30,RGA-MR,original_total_with_audit_s,24,24,8,3.2736463044166637,3.273646304416664,2.477992773416666,3.9678907623333295
common,30,RGA-MR,original_total_with_audit_s,24,24,8,3.2736463044166637,3.273646304416664,2.477992773416666,3.9678907623333295
conditional,30,B-ALNS,original_total_with_audit_s,24,24,8,3.1780918616249894,3.1780918616249894,2.165944222826038,4.290527831023949
common,30,B-ALNS,original_total_with_audit_s,24,24,8,3.1780918616249894,3.1780918616249894,2.165944222826038,4.290527831023949
conditional,30,ESI-ALNS,original_total_with_audit_s,24,24,8,5.119075720666661,5.119075720666661,4.330638460970827,5.965271665070826
common,30,ESI-ALNS,original_total_with_audit_s,24,24,8,5.119075720666661,5.119075720666661,4.330638460970827,5.965271665070826
paired,30,GR-MR,original_total_with_audit_s,24,24,8,4.755160505291666,4.755160505291666,4.012612495790626,5.569661220166658
paired,30,FTR-NM,original_total_with_audit_s,24,24,8,4.27195102754166,4.27195102754166,3.473889320124992,5.167968602638535
paired,30,RGA-MR,original_total_with_audit_s,24,24,8,1.8454294162499971,1.8454294162499971,1.072717410799994,2.6331443330208306
paired,30,B-ALNS,original_total_with_audit_s,24,24,8,1.940983859041672,1.940983859041672,1.467111332333333,2.4491479326135526
conditional,30,GR-MR,p95_delay_s,8,8,8,326.8085085095412,326.8085085095412,304.35837888121887,350.516339138066
common,30,GR-MR,p95_delay_s,24,23,8,326.8085085095412,328.1299274295033,304.35837888121887,350.516339138066
conditional,30,FTR-NM,p95_delay_s,8,8,8,326.8085085095412,326.8085085095412,304.35837888121887,350.516339138066
common,30,FTR-NM,p95_delay_s,24,23,8,326.8085085095412,328.1299274295033,304.35837888121887,350.516339138066
conditional,30,RGA-MR,p95_delay_s,24,24,8,331.54155509441404,331.54155509441404,311.9737032180024,352.19648620081944
common,30,RGA-MR,p95_delay_s,24,23,8,331.5415896259159,333.06879468137254,311.97387414893643,352.196487064107
conditional,30,B-ALNS,p95_delay_s,24,23,8,340.14925574229267,340.6700759990445,328.86749701079714,352.97332740912856
common,30,B-ALNS,p95_delay_s,24,23,8,340.14925574229267,340.6700759990445,328.86749701079714,352.97332740912856
conditional,30,ESI-ALNS,p95_delay_s,24,23,8,341.27749698208885,341.8455018321936,329.1950008865861,354.49530527264955
common,30,ESI-ALNS,p95_delay_s,24,23,8,341.27749698208885,341.8455018321936,329.1950008865861,354.49530527264955
paired,30,GR-MR,p95_delay_s,24,23,8,14.468988472547682,13.715574402690308,-15.618449507792645,41.61949309949159
paired,30,FTR-NM,p95_delay_s,24,23,8,14.468988472547682,13.715574402690308,-15.618449507792645,41.61949309949159
paired,30,RGA-MR,p95_delay_s,24,23,8,9.73590735617298,8.776707150821057,-18.385511108650984,35.103038115176425
paired,30,B-ALNS,p95_delay_s,24,23,8,1.1282412397961903,1.1754258331490781,-0.06845501817947883,3.447581757719309
conditional,30,GR-MR,resource_recompute_s,8,0,0,,,,
common,30,GR-MR,resource_recompute_s,24,0,0,,,,
conditional,30,FTR-NM,resource_recompute_s,8,0,0,,,,
common,30,FTR-NM,resource_recompute_s,24,0,0,,,,
conditional,30,RGA-MR,resource_recompute_s,24,0,0,,,,
common,30,RGA-MR,resource_recompute_s,24,0,0,,,,
conditional,30,B-ALNS,resource_recompute_s,24,0,0,,,,
common,30,B-ALNS,resource_recompute_s,24,0,0,,,,
conditional,30,ESI-ALNS,resource_recompute_s,24,0,0,,,,
common,30,ESI-ALNS,resource_recompute_s,24,0,0,,,,
paired,30,GR-MR,resource_recompute_s,24,0,0,,,,
paired,30,FTR-NM,resource_recompute_s,24,0,0,,,,
paired,30,RGA-MR,resource_recompute_s,24,0,0,,,,
paired,30,B-ALNS,resource_recompute_s,24,0,0,,,,
conditional,30,GR-MR,search_s,8,0,0,,,,
common,30,GR-MR,search_s,24,0,0,,,,
conditional,30,FTR-NM,search_s,8,0,0,,,,
common,30,FTR-NM,search_s,24,0,0,,,,
conditional,30,RGA-MR,search_s,24,0,0,,,,
common,30,RGA-MR,search_s,24,0,0,,,,
conditional,30,B-ALNS,search_s,24,0,0,,,,
common,30,B-ALNS,search_s,24,0,0,,,,
conditional,30,ESI-ALNS,search_s,24,0,0,,,,
common,30,ESI-ALNS,search_s,24,0,0,,,,
paired,30,GR-MR,search_s,24,0,0,,,,
paired,30,FTR-NM,search_s,24,0,0,,,,
paired,30,RGA-MR,search_s,24,0,0,,,,
paired,30,B-ALNS,search_s,24,0,0,,,,
conditional,30,GR-MR,stage1_energy_j,8,8,8,195041.31796547578,195041.31796547578,186216.14431234327,203866.4916186083
common,30,GR-MR,stage1_energy_j,24,23,8,195041.31796547578,195568.31930694712,186216.14431234327,203866.4916186083
conditional,30,FTR-NM,stage1_energy_j,8,8,8,195041.31796547578,195041.31796547578,186216.14431234327,203866.4916186083
common,30,FTR-NM,stage1_energy_j,24,23,8,195041.31796547578,195568.31930694712,186216.14431234327,203866.4916186083
conditional,30,RGA-MR,stage1_energy_j,24,24,8,192611.3136055937,192611.31360559372,184117.9239518443,201173.32066901692
common,30,RGA-MR,stage1_energy_j,24,23,8,192714.04939694697,193139.86514848226,184259.70351785587,201240.6275042218
conditional,30,B-ALNS,stage1_energy_j,24,23,8,119271.3761051734,118985.89968833607,112714.2903520501,124681.94517828699
common,30,B-ALNS,stage1_energy_j,24,23,8,119271.3761051734,118985.89968833607,112714.2903520501,124681.94517828699
conditional,30,ESI-ALNS,stage1_energy_j,24,23,8,118854.6945894731,118551.75223111115,111563.13849466211,124664.53215616354
common,30,ESI-ALNS,stage1_energy_j,24,23,8,118854.6945894731,118551.75223111115,111563.13849466211,124664.53215616354
paired,30,GR-MR,stage1_energy_j,24,23,8,-76186.62337600268,-77016.56707583596,-84590.47780064895,-67181.45034399688
paired,30,FTR-NM,stage1_energy_j,24,23,8,-76186.62337600268,-77016.56707583596,-84590.47780064895,-67181.45034399688
paired,30,RGA-MR,stage1_energy_j,24,23,8,-73859.35480747386,-74588.11291737111,-82213.84667138246,-64715.69369121312
paired,30,B-ALNS,stage1_energy_j,24,23,8,-416.68151570031057,-434.1474572249129,-1185.4771600905588,-13.67180696483471
conditional,30,GR-MR,stage1_qualified_rate,8,8,8,1.0,1.0,1.0,1.0
common,30,GR-MR,stage1_qualified_rate,24,24,8,1.0,1.0,1.0,1.0
conditional,30,FTR-NM,stage1_qualified_rate,8,8,8,1.0,1.0,1.0,1.0
common,30,FTR-NM,stage1_qualified_rate,24,24,8,1.0,1.0,1.0,1.0
conditional,30,RGA-MR,stage1_qualified_rate,24,24,8,1.0,1.0,1.0,1.0
common,30,RGA-MR,stage1_qualified_rate,24,24,8,1.0,1.0,1.0,1.0
conditional,30,B-ALNS,stage1_qualified_rate,24,24,8,0.9583333333333333,0.9583333333333334,0.875,1.0
common,30,B-ALNS,stage1_qualified_rate,24,24,8,0.9583333333333333,0.9583333333333334,0.875,1.0
conditional,30,ESI-ALNS,stage1_qualified_rate,24,24,8,0.9583333333333333,0.9583333333333334,0.875,1.0
common,30,ESI-ALNS,stage1_qualified_rate,24,24,8,0.9583333333333333,0.9583333333333334,0.875,1.0
paired,30,GR-MR,stage1_qualified_rate,24,24,8,-0.041666666666666664,-0.041666666666666664,-0.125,0.0
paired,30,FTR-NM,stage1_qualified_rate,24,24,8,-0.041666666666666664,-0.041666666666666664,-0.125,0.0
paired,30,RGA-MR,stage1_qualified_rate,24,24,8,-0.041666666666666664,-0.041666666666666664,-0.125,0.0
paired,30,B-ALNS,stage1_qualified_rate,24,24,8,0.0,0.0,0.0,0.0
conditional,30,GR-MR,stage2_component_collection_j_j,8,8,8,6000.0,6000.0,6000.0,6000.0
common,30,GR-MR,stage2_component_collection_j_j,24,23,8,6000.0,6000.0,6000.0,6000.0
conditional,30,FTR-NM,stage2_component_collection_j_j,8,8,8,6000.0,6000.0,6000.0,6000.0
common,30,FTR-NM,stage2_component_collection_j_j,24,23,8,6000.0,6000.0,6000.0,6000.0
conditional,30,RGA-MR,stage2_component_collection_j_j,24,24,8,6000.0,6000.0,6000.0,6000.0
common,30,RGA-MR,stage2_component_collection_j_j,24,23,8,6000.0,6000.0,6000.0,6000.0
conditional,30,B-ALNS,stage2_component_collection_j_j,24,23,8,6000.0,6000.0,6000.0,6000.0
common,30,B-ALNS,stage2_component_collection_j_j,24,23,8,6000.0,6000.0,6000.0,6000.0
conditional,30,ESI-ALNS,stage2_component_collection_j_j,24,23,8,6000.0,6000.0,6000.0,6000.0
common,30,ESI-ALNS,stage2_component_collection_j_j,24,23,8,6000.0,6000.0,6000.0,6000.0
paired,30,GR-MR,stage2_component_collection_j_j,24,23,8,0.0,0.0,0.0,0.0
paired,30,FTR-NM,stage2_component_collection_j_j,24,23,8,0.0,0.0,0.0,0.0
paired,30,RGA-MR,stage2_component_collection_j_j,24,23,8,0.0,0.0,0.0,0.0
paired,30,B-ALNS,stage2_component_collection_j_j,24,23,8,0.0,0.0,0.0,0.0
conditional,30,GR-MR,stage2_component_flight_j_j,8,8,8,188846.65633294516,188846.65633294516,180052.1892235163,197632.51634791328
common,30,GR-MR,stage2_component_flight_j_j,24,23,8,188846.65633294516,189374.0476557831,180052.1892235163,197632.51634791328
conditional,30,FTR-NM,stage2_component_flight_j_j,8,8,8,188846.65633294516,188846.65633294516,180052.1892235163,197632.51634791328
common,30,FTR-NM,stage2_component_flight_j_j,24,23,8,188846.65633294516,189374.0476557831,180052.1892235163,197632.51634791328
conditional,30,RGA-MR,stage2_component_flight_j_j,24,24,8,186417.7944487275,186417.7944487275,177954.70857992012,194929.41630740836
common,30,RGA-MR,stage2_component_flight_j_j,24,23,8,186520.88187948568,186947.15257391232,178121.499418076,195022.20502531485
conditional,30,B-ALNS,stage2_component_flight_j_j,24,23,8,112655.44068376388,112357.36616501423,106081.91976538584,118120.71682489765
common,30,B-ALNS,stage2_component_flight_j_j,24,23,8,112655.44068376388,112357.36616501423,106081.91976538584,118120.71682489765
conditional,30,ESI-ALNS,stage2_component_flight_j_j,24,23,8,112252.06002599845,111936.44721778073,104966.63902954814,118114.50397058977
common,30,ESI-ALNS,stage2_component_flight_j_j,24,23,8,112252.06002599845,111936.44721778073,104966.63902954814,118114.50397058977
paired,30,GR-MR,stage2_component_flight_j_j,24,23,8,-76594.59630694673,-77437.60043800238,-85034.69548083612,-67457.61023680278
paired,30,FTR-NM,stage2_component_flight_j_j,24,23,8,-76594.59630694673,-77437.60043800238,-85034.69548083612,-67457.61023680278
paired,30,RGA-MR,stage2_component_flight_j_j,24,23,8,-74268.8218534872,-75010.70535613157,-82623.94831386599,-65064.089688382985
paired,30,B-ALNS,stage2_component_flight_j_j,24,23,8,-403.38065776543226,-420.9189472334945,-1181.873831096554,0.0
conditional,30,GR-MR,stage2_component_local_compute_j_j,8,8,8,194.82581401977507,194.82581401977507,147.88051156770814,236.0728621859467
common,30,GR-MR,stage2_component_local_compute_j_j,24,23,8,194.82581401977507,194.43628808915727,147.88051156770814,236.0728621859467
conditional,30,FTR-NM,stage2_component_local_compute_j_j,8,8,8,194.82581401977507,194.82581401977507,147.88051156770814,236.0728621859467
common,30,FTR-NM,stage2_component_local_compute_j_j,24,23,8,194.82581401977507,194.43628808915727,147.88051156770814,236.0728621859467
conditional,30,RGA-MR,stage2_component_local_compute_j_j,24,24,8,193.68121061445254,193.68121061445254,146.60465609986798,235.90638703339812
common,30,RGA-MR,stage2_component_local_compute_j_j,24,23,8,193.32970081819138,192.87512648750476,146.25314630360685,235.5266256831118
conditional,30,B-ALNS,stage2_component_local_compute_j_j,24,23,8,374.53556990643216,376.63340601896965,349.6961468818962,397.6464684010622
common,30,B-ALNS,stage2_component_local_compute_j_j,24,23,8,374.53556990643216,376.63340601896965,349.6961468818962,397.6464684010622
conditional,30,ESI-ALNS,stage2_component_local_compute_j_j,24,23,8,365.4175986252485,369.2597350441037,331.2698671065994,398.154742522788
common,30,ESI-ALNS,stage2_component_local_compute_j_j,24,23,8,365.4175986252485,369.2597350441037,331.2698671065994,398.154742522788
paired,30,GR-MR,stage2_component_local_compute_j_j,24,23,8,170.59178460547344,174.82344695494643,111.45449698946368,233.33128858433963
paired,30,FTR-NM,stage2_component_local_compute_j_j,24,23,8,170.59178460547344,174.82344695494643,111.45449698946368,233.33128858433963
paired,30,RGA-MR,stage2_component_local_compute_j_j,24,23,8,172.08789780705712,176.38460855659895,111.58800721359997,234.8249584761196
paired,30,B-ALNS,stage2_component_local_compute_j_j,24,23,8,-9.11797128118367,-7.373670974865933,-27.583474223222325,5.936160192432956
conditional,30,GR-MR,stage2_component_transmit_j_j,8,8,8,0.0,0.0,0.0,0.0
common,30,GR-MR,stage2_component_transmit_j_j,24,23,8,0.0,0.0,0.0,0.0
conditional,30,FTR-NM,stage2_component_transmit_j_j,8,8,8,0.0,0.0,0.0,0.0
common,30,FTR-NM,stage2_component_transmit_j_j,24,23,8,0.0,0.0,0.0,0.0
conditional,30,RGA-MR,stage2_component_transmit_j_j,24,24,8,0.0,0.0,0.0,0.0
common,30,RGA-MR,stage2_component_transmit_j_j,24,23,8,0.0,0.0,0.0,0.0
conditional,30,B-ALNS,stage2_component_transmit_j_j,24,23,8,0.12068953204244857,0.1259369030008159,0.052187229489018286,0.19232627430407173
common,30,B-ALNS,stage2_component_transmit_j_j,24,23,8,0.12068953204244857,0.1259369030008159,0.052187229489018286,0.19232627430407173
conditional,30,ESI-ALNS,stage2_component_transmit_j_j,24,23,8,0.11859885748621711,0.12301066313641323,0.0603280747401943,0.1843231295035351
common,30,ESI-ALNS,stage2_component_transmit_j_j,24,23,8,0.11859885748621711,0.12301066313641323,0.0603280747401943,0.1843231295035351
paired,30,GR-MR,stage2_component_transmit_j_j,24,23,8,0.11859885748621711,0.12301066313641323,0.0603280747401943,0.1843231295035351
paired,30,FTR-NM,stage2_component_transmit_j_j,24,23,8,0.11859885748621711,0.12301066313641323,0.0603280747401943,0.1843231295035351
paired,30,RGA-MR,stage2_component_transmit_j_j,24,23,8,0.11859885748621711,0.12301066313641323,0.0603280747401943,0.1843231295035351
paired,30,B-ALNS,stage2_component_transmit_j_j,24,23,8,-0.0020906745562314574,-0.002926239864402673,-0.013213827102091466,0.007956639367566189
conditional,30,GR-MR,stage2_component_upload_hover_j_j,8,8,8,0.0,0.0,0.0,0.0
common,30,GR-MR,stage2_component_upload_hover_j_j,24,23,8,0.0,0.0,0.0,0.0
conditional,30,FTR-NM,stage2_component_upload_hover_j_j,8,8,8,0.0,0.0,0.0,0.0
common,30,FTR-NM,stage2_component_upload_hover_j_j,24,23,8,0.0,0.0,0.0,0.0
conditional,30,RGA-MR,stage2_component_upload_hover_j_j,24,24,8,0.0,0.0,0.0,0.0
common,30,RGA-MR,stage2_component_upload_hover_j_j,24,23,8,0.0,0.0,0.0,0.0
conditional,30,B-ALNS,stage2_component_upload_hover_j_j,24,23,8,241.37906408489715,251.87380600163178,104.37445897803656,384.65254860814343
common,30,B-ALNS,stage2_component_upload_hover_j_j,24,23,8,241.37906408489715,251.87380600163178,104.37445897803656,384.65254860814343
conditional,30,ESI-ALNS,stage2_component_upload_hover_j_j,24,23,8,237.1977149724342,246.02132627282643,120.65614948038859,368.64625900707017
common,30,ESI-ALNS,stage2_component_upload_hover_j_j,24,23,8,237.1977149724342,246.02132627282643,120.65614948038859,368.64625900707017
paired,30,GR-MR,stage2_component_upload_hover_j_j,24,23,8,237.1977149724342,246.02132627282643,120.65614948038859,368.64625900707017
paired,30,FTR-NM,stage2_component_upload_hover_j_j,24,23,8,237.1977149724342,246.02132627282643,120.65614948038859,368.64625900707017
paired,30,RGA-MR,stage2_component_upload_hover_j_j,24,23,8,237.1977149724342,246.02132627282643,120.65614948038859,368.64625900707017
paired,30,B-ALNS,stage2_component_upload_hover_j_j,24,23,8,-4.181349112462918,-5.852479728805352,-26.42765420418294,15.91327873513238
conditional,30,GR-MR,stage2_energy_j,8,8,8,195041.48214696493,195041.48214696493,186216.3010341738,203866.66325975605
common,30,GR-MR,stage2_energy_j,24,23,8,195041.48214696493,195568.48394387227,186216.3010341738,203866.66325975605
conditional,30,FTR-NM,stage2_energy_j,8,8,8,195041.48214696493,195041.48214696493,186216.3010341738,203866.66325975605
common,30,FTR-NM,stage2_energy_j,24,23,8,195041.48214696493,195568.48394387227,186216.3010341738,203866.66325975605
conditional,30,RGA-MR,stage2_energy_j,24,24,8,192611.47565934196,192611.47565934196,184118.0787618086,201173.48949844955
common,30,RGA-MR,stage2_energy_j,24,23,8,192714.21158030385,193140.0277003998,184259.85904354733,201240.79680671167
conditional,30,B-ALNS,stage2_energy_j,24,23,8,119271.47600728725,118985.99931393783,112714.38436996099,124682.04970970112
common,30,B-ALNS,stage2_energy_j,24,23,8,119271.47600728725,118985.99931393783,112714.38436996099,124682.04970970112
conditional,30,ESI-ALNS,stage2_energy_j,24,23,8,118854.79393845363,118551.8512897608,111563.2318885444,124664.63645338292
common,30,ESI-ALNS,stage2_energy_j,24,23,8,118854.79393845363,118551.8512897608,111563.2318885444,124664.63645338292
paired,30,GR-MR,stage2_energy_j,24,23,8,-76186.68820851132,-77016.63265411145,-84590.5502778519,-67181.50781360645
paired,30,FTR-NM,stage2_energy_j,24,23,8,-76186.68820851132,-77016.63265411145,-84590.5502778519,-67181.50781360645
paired,30,RGA-MR,stage2_energy_j,24,23,8,-73859.41764185022,-74588.176410639,-82213.91658347729,-64715.74891285885
paired,30,B-ALNS,stage2_energy_j,24,23,8,-416.682068833635,-434.14802417703004,-1185.478323080626,-13.671982334313725
conditional,30,GR-MR,stage2_replay_s,8,8,8,0.18050533050000173,0.18050533050000173,0.1668288936250013,0.20308380775000145
common,30,GR-MR,stage2_replay_s,24,23,8,0.18050533050000173,0.1772455794347845,0.1668288936250013,0.20308380775000145
conditional,30,FTR-NM,stage2_replay_s,8,8,8,0.20613555175000098,0.20613555175000098,0.1771347743750029,0.24271449662499656
common,30,FTR-NM,stage2_replay_s,24,23,8,0.20613555175000098,0.20794829513043567,0.1771347743750029,0.24271449662499656
conditional,30,RGA-MR,stage2_replay_s,24,24,8,0.18490957358333304,0.18490957358333304,0.169127538395835,0.2011479171250003
common,30,RGA-MR,stage2_replay_s,24,23,8,0.1848323281666661,0.18573243382608642,0.16900115937499974,0.20111717250937516
conditional,30,B-ALNS,stage2_replay_s,24,23,8,0.18288309429166785,0.1837127773478274,0.1734302733718759,0.19273613487500244
common,30,B-ALNS,stage2_replay_s,24,23,8,0.18288309429166785,0.1837127773478274,0.1734302733718759,0.19273613487500244
conditional,30,ESI-ALNS,stage2_replay_s,24,23,8,0.2118092985625008,0.20981120039130513,0.1944743613963547,0.23007648027083372
common,30,ESI-ALNS,stage2_replay_s,24,23,8,0.2118092985625008,0.20981120039130513,0.1944743613963547,0.23007648027083372
paired,30,GR-MR,stage2_replay_s,24,23,8,0.031303968062499056,0.03256562095652063,0.015396591124999581,0.04760535083333176
paired,30,FTR-NM,stage2_replay_s,24,23,8,0.0056737468124998065,0.0018629052608694653,-0.03706762099374821,0.04766109341666258
paired,30,RGA-MR,stage2_replay_s,24,23,8,0.026976970395834684,0.024078766565218717,-0.001965511833332082,0.05697155081250141
paired,30,B-ALNS,stage2_replay_s,24,23,8,0.028926204270832926,0.02609842304347772,0.0029274283614584822,0.05603406200000155
conditional,30,GR-MR,total_distance_m,8,8,8,10491.480907385841,10491.480907385843,10002.899401306462,10979.584241550736
common,30,GR-MR,total_distance_m,24,23,8,10491.480907385841,10520.780425321283,10002.899401306462,10979.584241550736
conditional,30,FTR-NM,total_distance_m,8,8,8,10491.480907385841,10491.480907385843,10002.899401306462,10979.584241550736
common,30,FTR-NM,total_distance_m,24,23,8,10491.480907385841,10520.780425321283,10002.899401306462,10979.584241550736
conditional,30,RGA-MR,total_distance_m,24,24,8,10356.544136040418,10356.544136040418,9886.372698884452,10829.412017078244
common,30,RGA-MR,total_distance_m,24,23,8,10362.27121552698,10385.952920772907,9895.638856559779,10834.566945850824
conditional,30,B-ALNS,total_distance_m,24,23,8,6258.635593542438,6242.075898056346,5893.43998696588,6562.262045827649
common,30,B-ALNS,total_distance_m,24,23,8,6258.635593542438,6242.075898056346,5893.43998696588,6562.262045827649
conditional,30,ESI-ALNS,total_distance_m,24,23,8,6236.225556999914,6218.69151209893,5831.479946086008,6561.916887254986
common,30,ESI-ALNS,total_distance_m,24,23,8,6236.225556999914,6218.69151209893,5831.479946086008,6561.916887254986
paired,30,GR-MR,total_distance_m,24,23,8,-4255.255350385929,-4302.088913222355,-4724.14974893534,-3747.64501315571
paired,30,FTR-NM,total_distance_m,24,23,8,-4255.255350385929,-4302.088913222355,-4724.14974893534,-3747.64501315571
paired,30,RGA-MR,total_distance_m,24,23,8,-4126.045658527067,-4167.261408673977,-4590.219350770332,-3614.6716493546105
paired,30,B-ALNS,total_distance_m,24,23,8,-22.41003654252408,-23.38438595741643,-65.65965728314188,0.0
conditional,30,GR-MR,total_to_resources_s,8,0,0,,,,
common,30,GR-MR,total_to_resources_s,24,0,0,,,,
conditional,30,FTR-NM,total_to_resources_s,8,0,0,,,,
common,30,FTR-NM,total_to_resources_s,24,0,0,,,,
conditional,30,RGA-MR,total_to_resources_s,24,0,0,,,,
common,30,RGA-MR,total_to_resources_s,24,0,0,,,,
conditional,30,B-ALNS,total_to_resources_s,24,0,0,,,,
common,30,B-ALNS,total_to_resources_s,24,0,0,,,,
conditional,30,ESI-ALNS,total_to_resources_s,24,0,0,,,,
common,30,ESI-ALNS,total_to_resources_s,24,0,0,,,,
paired,30,GR-MR,total_to_resources_s,24,0,0,,,,
paired,30,FTR-NM,total_to_resources_s,24,0,0,,,,
paired,30,RGA-MR,total_to_resources_s,24,0,0,,,,
paired,30,B-ALNS,total_to_resources_s,24,0,0,,,,
conditional,30,GR-MR,total_with_audit_s,8,0,0,,,,
common,30,GR-MR,total_with_audit_s,24,0,0,,,,
conditional,30,FTR-NM,total_with_audit_s,8,0,0,,,,
common,30,FTR-NM,total_with_audit_s,24,0,0,,,,
conditional,30,RGA-MR,total_with_audit_s,24,0,0,,,,
common,30,RGA-MR,total_with_audit_s,24,0,0,,,,
conditional,30,B-ALNS,total_with_audit_s,24,0,0,,,,
common,30,B-ALNS,total_with_audit_s,24,0,0,,,,
conditional,30,ESI-ALNS,total_with_audit_s,24,0,0,,,,
common,30,ESI-ALNS,total_with_audit_s,24,0,0,,,,
paired,30,GR-MR,total_with_audit_s,24,0,0,,,,
paired,30,FTR-NM,total_with_audit_s,24,0,0,,,,
paired,30,RGA-MR,total_with_audit_s,24,0,0,,,,
paired,30,B-ALNS,total_with_audit_s,24,0,0,,,,
conditional,40,GR-MR,both_stages_qualified_rate,8,8,8,1.0,1.0,1.0,1.0
common,40,GR-MR,both_stages_qualified_rate,24,24,8,1.0,1.0,1.0,1.0
conditional,40,FTR-NM,both_stages_qualified_rate,8,8,8,1.0,1.0,1.0,1.0
common,40,FTR-NM,both_stages_qualified_rate,24,24,8,1.0,1.0,1.0,1.0
conditional,40,RGA-MR,both_stages_qualified_rate,24,24,8,1.0,1.0,1.0,1.0
common,40,RGA-MR,both_stages_qualified_rate,24,24,8,1.0,1.0,1.0,1.0
conditional,40,B-ALNS,both_stages_qualified_rate,24,24,8,1.0,1.0,1.0,1.0
common,40,B-ALNS,both_stages_qualified_rate,24,24,8,1.0,1.0,1.0,1.0
conditional,40,ESI-ALNS,both_stages_qualified_rate,24,24,8,1.0,1.0,1.0,1.0
common,40,ESI-ALNS,both_stages_qualified_rate,24,24,8,1.0,1.0,1.0,1.0
paired,40,GR-MR,both_stages_qualified_rate,24,24,8,0.0,0.0,0.0,0.0
paired,40,FTR-NM,both_stages_qualified_rate,24,24,8,0.0,0.0,0.0,0.0
paired,40,RGA-MR,both_stages_qualified_rate,24,24,8,0.0,0.0,0.0,0.0
paired,40,B-ALNS,both_stages_qualified_rate,24,24,8,0.0,0.0,0.0,0.0
conditional,40,GR-MR,contacts,8,8,8,0.125,0.125,0.0,0.375
common,40,GR-MR,contacts,24,24,8,0.125,0.125,0.0,0.375
conditional,40,FTR-NM,contacts,8,8,8,0.125,0.125,0.0,0.375
common,40,FTR-NM,contacts,24,24,8,0.125,0.125,0.0,0.375
conditional,40,RGA-MR,contacts,24,24,8,0.125,0.125,0.0,0.375
common,40,RGA-MR,contacts,24,24,8,0.125,0.125,0.0,0.375
conditional,40,B-ALNS,contacts,24,24,8,1.875,1.875,1.5,2.291666666666667
common,40,B-ALNS,contacts,24,24,8,1.875,1.875,1.5,2.291666666666667
conditional,40,ESI-ALNS,contacts,24,24,8,1.8333333333333335,1.8333333333333333,1.5,2.125
common,40,ESI-ALNS,contacts,24,24,8,1.8333333333333335,1.8333333333333333,1.5,2.125
paired,40,GR-MR,contacts,24,24,8,1.7083333333333335,1.7083333333333333,1.3333333333333335,2.041666666666667
paired,40,FTR-NM,contacts,24,24,8,1.7083333333333335,1.7083333333333333,1.3333333333333335,2.041666666666667
paired,40,RGA-MR,contacts,24,24,8,1.7083333333333335,1.7083333333333333,1.3333333333333335,2.041666666666667
paired,40,B-ALNS,contacts,24,24,8,-0.041666666666666664,-0.041666666666666664,-0.25,0.125
conditional,40,GR-MR,cpu_stage2_minus_stage1,8,8,8,-0.0866249239229176,-0.0866249239229176,-0.2598747717687528,0.0
common,40,GR-MR,cpu_stage2_minus_stage1,24,24,8,-0.0866249239229176,-0.0866249239229176,-0.2598747717687528,0.0
conditional,40,FTR-NM,cpu_stage2_minus_stage1,8,8,8,-0.08701117378028186,-0.08701117378028186,-0.26103352134084556,0.0
common,40,FTR-NM,cpu_stage2_minus_stage1,24,24,8,-0.08701117378028186,-0.08701117378028186,-0.26103352134084556,0.0
conditional,40,RGA-MR,cpu_stage2_minus_stage1,24,24,8,-0.0866249239229176,-0.0866249239229176,-0.2598747717687528,0.0
common,40,RGA-MR,cpu_stage2_minus_stage1,24,24,8,-0.0866249239229176,-0.0866249239229176,-0.2598747717687528,0.0
conditional,40,B-ALNS,cpu_stage2_minus_stage1,24,24,8,-0.599569869999508,-0.599569869999508,-0.7799204909056294,-0.4583101587070074
common,40,B-ALNS,cpu_stage2_minus_stage1,24,24,8,-0.599569869999508,-0.599569869999508,-0.7799204909056294,-0.4583101587070074
conditional,40,ESI-ALNS,cpu_stage2_minus_stage1,24,24,8,-0.6012690446986588,-0.6012690446986588,-0.7850020530196344,-0.44794214416168865
common,40,ESI-ALNS,cpu_stage2_minus_stage1,24,24,8,-0.6012690446986588,-0.6012690446986588,-0.7850020530196344,-0.44794214416168865
paired,40,GR-MR,cpu_stage2_minus_stage1,24,24,8,-0.5146441207757412,-0.5146441207757412,-0.7577205633680443,-0.25259824087826616
paired,40,FTR-NM,cpu_stage2_minus_stage1,24,24,8,-0.5142578709183769,-0.5142578709183769,-0.7577205633680443,-0.25163780793163293
paired,40,RGA-MR,cpu_stage2_minus_stage1,24,24,8,-0.5146441207757412,-0.5146441207757412,-0.7577205633680443,-0.25259824087826616
paired,40,B-ALNS,cpu_stage2_minus_stage1,24,24,8,-0.0016991746991507253,-0.0016991746991507257,-0.03250419505176509,0.02770221389705816
conditional,40,GR-MR,energy_stage2_minus_stage1_j,8,8,8,0.17567691043950617,0.17567691043950617,0.16915831013102434,0.18325403926673972
common,40,GR-MR,energy_stage2_minus_stage1_j,24,24,8,0.17567691043950617,0.17567691043950617,0.16915831013102434,0.18325403926673972
conditional,40,FTR-NM,energy_stage2_minus_stage1_j,8,8,8,0.17575294583002687,0.17575294583002687,0.1692807586365234,0.18330301884361688
common,40,FTR-NM,energy_stage2_minus_stage1_j,24,24,8,0.17575294583002687,0.17575294583002687,0.1692807586365234,0.18330301884361688
conditional,40,RGA-MR,energy_stage2_minus_stage1_j,24,24,8,0.17539221627763862,0.1753922162776386,0.16881217408202548,0.18305319947173
common,40,RGA-MR,energy_stage2_minus_stage1_j,24,24,8,0.17539221627763862,0.1753922162776386,0.16881217408202548,0.18305319947173
conditional,40,B-ALNS,energy_stage2_minus_stage1_j,24,24,8,0.12335874023665384,0.12335874023665383,0.11335572480995022,0.13344395190506475
common,40,B-ALNS,energy_stage2_minus_stage1_j,24,24,8,0.12335874023665384,0.12335874023665383,0.11335572480995022,0.13344395190506475
conditional,40,ESI-ALNS,energy_stage2_minus_stage1_j,24,24,8,0.12221312291270199,0.12221312291270199,0.1129730808855129,0.13186003732941268
common,40,ESI-ALNS,energy_stage2_minus_stage1_j,24,24,8,0.12221312291270199,0.12221312291270199,0.1129730808855129,0.13186003732941268
paired,40,GR-MR,energy_stage2_minus_stage1_j,24,24,8,-0.053463787526804175,-0.053463787526804175,-0.06498222943876802,-0.04310964459843189
paired,40,FTR-NM,energy_stage2_minus_stage1_j,24,24,8,-0.05353982291732488,-0.05353982291732488,-0.06500625568636072,-0.04325000828612247
paired,40,RGA-MR,energy_stage2_minus_stage1_j,24,24,8,-0.053179093364936605,-0.05317909336493661,-0.06477618307356654,-0.04281081171963403
paired,40,B-ALNS,energy_stage2_minus_stage1_j,24,24,8,-0.0011456173239518346,-0.0011456173239518346,-0.003135886442275175,0.00011772079354462525
conditional,40,GR-MR,independent_audit_s,8,0,0,,,,
common,40,GR-MR,independent_audit_s,24,0,0,,,,
conditional,40,FTR-NM,independent_audit_s,8,0,0,,,,
common,40,FTR-NM,independent_audit_s,24,0,0,,,,
conditional,40,RGA-MR,independent_audit_s,24,0,0,,,,
common,40,RGA-MR,independent_audit_s,24,0,0,,,,
conditional,40,B-ALNS,independent_audit_s,24,0,0,,,,
common,40,B-ALNS,independent_audit_s,24,0,0,,,,
conditional,40,ESI-ALNS,independent_audit_s,24,0,0,,,,
common,40,ESI-ALNS,independent_audit_s,24,0,0,,,,
paired,40,GR-MR,independent_audit_s,24,0,0,,,,
paired,40,FTR-NM,independent_audit_s,24,0,0,,,,
paired,40,RGA-MR,independent_audit_s,24,0,0,,,,
paired,40,B-ALNS,independent_audit_s,24,0,0,,,,
conditional,40,GR-MR,initialization_s,8,0,0,,,,
common,40,GR-MR,initialization_s,24,0,0,,,,
conditional,40,FTR-NM,initialization_s,8,0,0,,,,
common,40,FTR-NM,initialization_s,24,0,0,,,,
conditional,40,RGA-MR,initialization_s,24,0,0,,,,
common,40,RGA-MR,initialization_s,24,0,0,,,,
conditional,40,B-ALNS,initialization_s,24,0,0,,,,
common,40,B-ALNS,initialization_s,24,0,0,,,,
conditional,40,ESI-ALNS,initialization_s,24,0,0,,,,
common,40,ESI-ALNS,initialization_s,24,0,0,,,,
paired,40,GR-MR,initialization_s,24,0,0,,,,
paired,40,FTR-NM,initialization_s,24,0,0,,,,
paired,40,RGA-MR,initialization_s,24,0,0,,,,
paired,40,B-ALNS,initialization_s,24,0,0,,,,
conditional,40,GR-MR,mean_delay_s,8,8,8,199.8241503800337,199.8241503800337,190.37223613698023,208.58349911993764
common,40,GR-MR,mean_delay_s,24,24,8,199.8241503800337,199.8241503800337,190.37223613698023,208.58349911993764
conditional,40,FTR-NM,mean_delay_s,8,8,8,199.82458363710958,199.82458363710958,190.37223613698023,208.58393237701353
common,40,FTR-NM,mean_delay_s,24,24,8,199.82458363710958,199.82458363710958,190.37223613698023,208.58393237701353
conditional,40,RGA-MR,mean_delay_s,24,24,8,199.3387996475125,199.3387996475125,189.5611466652007,208.2732083281801
common,40,RGA-MR,mean_delay_s,24,24,8,199.3387996475125,199.3387996475125,189.5611466652007,208.2732083281801
conditional,40,B-ALNS,mean_delay_s,24,24,8,202.67218038986564,202.67218038986564,194.18554206762332,213.15393412865893
common,40,B-ALNS,mean_delay_s,24,24,8,202.67218038986564,202.67218038986564,194.18554206762332,213.15393412865893
conditional,40,ESI-ALNS,mean_delay_s,24,24,8,202.6673523096506,202.6673523096506,194.1165062296451,212.855971364837
common,40,ESI-ALNS,mean_delay_s,24,24,8,202.6673523096506,202.6673523096506,194.1165062296451,212.855971364837
paired,40,GR-MR,mean_delay_s,24,24,8,2.8432019296169146,2.8432019296169138,-7.907163374987043,13.614637605429449
paired,40,FTR-NM,mean_delay_s,24,24,8,2.8427686725410135,2.8427686725410126,-7.908463146214746,13.614637605429449
paired,40,RGA-MR,mean_delay_s,24,24,8,3.328552662138093,3.3285526621380925,-7.613927712632628,14.20328176179006
paired,40,B-ALNS,mean_delay_s,24,24,8,-0.004828080215034447,-0.004828080215034447,-1.294318172970409,1.7222150100142932
conditional,40,GR-MR,min_deadline_slack_s,8,8,8,0.025874468540866502,0.025874468540866502,0.014866841907846151,0.0351013078120026
common,40,GR-MR,min_deadline_slack_s,24,24,8,0.025874468540866502,0.025874468540866502,0.014866841907846151,0.0351013078120026
conditional,40,FTR-NM,min_deadline_slack_s,8,8,8,0.02587449142785303,0.02587449142785303,0.014866887681819208,0.0351013078120026
common,40,FTR-NM,min_deadline_slack_s,24,24,8,0.02587449142785303,0.02587449142785303,0.014866887681819208,0.0351013078120026
conditional,40,RGA-MR,min_deadline_slack_s,24,24,8,0.02547963236129291,0.025479632361292914,0.014576383582977127,0.034526198671477694
common,40,RGA-MR,min_deadline_slack_s,24,24,8,0.02547963236129291,0.025479632361292914,0.014576383582977127,0.034526198671477694
conditional,40,B-ALNS,min_deadline_slack_s,24,24,8,0.0009966531684852955,0.0009966531684852953,-1.8816828154892087e-07,0.002990215607292216
common,40,B-ALNS,min_deadline_slack_s,24,24,8,0.0009966531684852955,0.0009966531684852953,-1.8816828154892087e-07,0.002990215607292216
conditional,40,ESI-ALNS,min_deadline_slack_s,24,24,8,0.0009966673672773634,0.0009966673672773634,-1.8338612051138625e-07,0.0029902317520272468
common,40,ESI-ALNS,min_deadline_slack_s,24,24,8,0.0009966673672773634,0.0009966673672773634,-1.8338612051138625e-07,0.0029902317520272468
paired,40,GR-MR,min_deadline_slack_s,24,24,8,-0.024877801173589138,-0.024877801173589138,-0.03435000612162871,-0.014108293905145904
paired,40,FTR-NM,min_deadline_slack_s,24,24,8,-0.024877824060575666,-0.024877824060575666,-0.03435000612162871,-0.014108339106944296
paired,40,RGA-MR,min_deadline_slack_s,24,24,8,-0.02448296499401555,-0.02448296499401555,-0.033794425096569825,-0.013902474840795582
paired,40,B-ALNS,min_deadline_slack_s,24,24,8,1.4198792068024584e-08,1.4198792068024583e-08,-2.1531398886054376e-08,6.43538532093165e-08
conditional,40,GR-MR,normalized_mec_cpu,8,8,8,0.0031453790799699953,0.0031453790799699953,0.0,0.009436137239909985
common,40,GR-MR,normalized_mec_cpu,24,24,8,0.0031453790799699953,0.0031453790799699953,0.0,0.009436137239909985
conditional,40,FTR-NM,normalized_mec_cpu,8,8,8,0.002628653380341551,0.002628653380341551,0.0,0.007885960141024653
common,40,FTR-NM,normalized_mec_cpu,24,24,8,0.002628653380341551,0.002628653380341551,0.0,0.007885960141024653
conditional,40,RGA-MR,normalized_mec_cpu,24,24,8,0.0031453790799699953,0.0031453790799699953,0.0,0.009436137239909985
common,40,RGA-MR,normalized_mec_cpu,24,24,8,0.0031453790799699953,0.0031453790799699953,0.0,0.009436137239909985
conditional,40,B-ALNS,normalized_mec_cpu,24,24,8,0.45664968508213577,0.45664968508213577,0.36580283485829646,0.5440933773083894
common,40,B-ALNS,normalized_mec_cpu,24,24,8,0.45664968508213577,0.45664968508213577,0.36580283485829646,0.5440933773083894
conditional,40,ESI-ALNS,normalized_mec_cpu,24,24,8,0.45204933076647347,0.4520493307664734,0.36514380711803157,0.5384251850472781
common,40,ESI-ALNS,normalized_mec_cpu,24,24,8,0.45204933076647347,0.4520493307664734,0.36514380711803157,0.5384251850472781
paired,40,GR-MR,normalized_mec_cpu,24,24,8,0.44890395168650343,0.44890395168650343,0.361337582664698,0.5351492859080481
paired,40,FTR-NM,normalized_mec_cpu,24,24,8,0.4494206773861319,0.44942067738613184,0.3616469762057024,0.535614749214556
paired,40,RGA-MR,normalized_mec_cpu,24,24,8,0.44890395168650343,0.44890395168650343,0.361337582664698,0.5351492859080481
paired,40,B-ALNS,normalized_mec_cpu,24,24,8,-0.00460035431566235,-0.004600354315662351,-0.05343032871157627,0.03987721330516324
conditional,40,GR-MR,offload_ratio,8,8,8,0.003125,0.003125,0.0,0.009375000000000001
common,40,GR-MR,offload_ratio,24,24,8,0.003125,0.003125,0.0,0.009375000000000001
conditional,40,FTR-NM,offload_ratio,8,8,8,0.003125,0.003125,0.0,0.009375000000000001
common,40,FTR-NM,offload_ratio,24,24,8,0.003125,0.003125,0.0,0.009375000000000001
conditional,40,RGA-MR,offload_ratio,24,24,8,0.003125,0.003125,0.0,0.009375000000000001
common,40,RGA-MR,offload_ratio,24,24,8,0.003125,0.003125,0.0,0.009375000000000001
conditional,40,B-ALNS,offload_ratio,24,24,8,0.06874999999999999,0.06875,0.04791666666666667,0.09166666666666667
common,40,B-ALNS,offload_ratio,24,24,8,0.06874999999999999,0.06875,0.04791666666666667,0.09166666666666667
conditional,40,ESI-ALNS,offload_ratio,24,24,8,0.06979166666666667,0.06979166666666667,0.05,0.090625
common,40,ESI-ALNS,offload_ratio,24,24,8,0.06979166666666667,0.06979166666666667,0.05,0.090625
paired,40,GR-MR,offload_ratio,24,24,8,0.06666666666666668,0.06666666666666667,0.046875,0.08854166666666666
paired,40,FTR-NM,offload_ratio,24,24,8,0.06666666666666668,0.06666666666666667,0.046875,0.08854166666666666
paired,40,RGA-MR,offload_ratio,24,24,8,0.06666666666666668,0.06666666666666667,0.046875,0.08854166666666666
paired,40,B-ALNS,offload_ratio,24,24,8,0.0010416666666666667,0.0010416666666666664,-0.003125,0.00625
conditional,40,GR-MR,original_construction_search_s,8,8,8,0.018267325124999623,0.018267325124999623,0.013990442943749893,0.023639842781249636
common,40,GR-MR,original_construction_search_s,24,24,8,0.018267325124999623,0.018267325124999623,0.013990442943749893,0.023639842781249636
conditional,40,FTR-NM,original_construction_search_s,8,8,8,0.017019010125006062,0.017019010125006062,0.01408809387499943,0.019698195125005924
common,40,FTR-NM,original_construction_search_s,24,24,8,0.017019010125006062,0.017019010125006062,0.01408809387499943,0.019698195125005924
conditional,40,RGA-MR,original_construction_search_s,24,24,8,7.216065686250001,7.21606568625,5.741550399181248,8.833334167291667
common,40,RGA-MR,original_construction_search_s,24,24,8,7.216065686250001,7.21606568625,5.741550399181248,8.833334167291667
conditional,40,B-ALNS,original_construction_search_s,24,24,8,4.880371411416664,4.880371411416664,3.7679329929166596,5.9717267617083385
common,40,B-ALNS,original_construction_search_s,24,24,8,4.880371411416664,4.880371411416664,3.7679329929166596,5.9717267617083385
conditional,40,ESI-ALNS,original_construction_search_s,24,24,8,7.344894018916667,7.344894018916668,6.0312422869999995,8.58642687845834
common,40,ESI-ALNS,original_construction_search_s,24,24,8,7.344894018916667,7.344894018916668,6.0312422869999995,8.58642687845834
paired,40,GR-MR,original_construction_search_s,24,24,8,7.326626693791669,7.326626693791669,6.017954097375004,8.568707562458336
paired,40,FTR-NM,original_construction_search_s,24,24,8,7.327875008791661,7.327875008791662,6.017771764124994,8.568476477208327
paired,40,RGA-MR,original_construction_search_s,24,24,8,0.1288283326666677,0.12882833266666763,-1.5918914309166636,1.815212363517709
paired,40,B-ALNS,original_construction_search_s,24,24,8,2.4645226075000046,2.464522607500004,2.106704881333337,2.8422007021062514
conditional,40,GR-MR,original_independent_audit_s,8,8,8,0.003441333125001833,0.003441333125001833,0.0029946112500027766,0.003706270371876963
common,40,GR-MR,original_independent_audit_s,24,24,8,0.003441333125001833,0.003441333125001833,0.0029946112500027766,0.003706270371876963
conditional,40,FTR-NM,original_independent_audit_s,8,8,8,0.0033538754999975495,0.0033538754999975495,0.0029271005718755293,0.0036175603062515993
common,40,FTR-NM,original_independent_audit_s,24,24,8,0.0033538754999975495,0.0033538754999975495,0.0029271005718755293,0.0036175603062515993
conditional,40,RGA-MR,original_independent_audit_s,24,24,8,0.0034051055416650655,0.0034051055416650655,0.0029954667083309516,0.0036602846531237497
common,40,RGA-MR,original_independent_audit_s,24,24,8,0.0034051055416650655,0.0034051055416650655,0.0029954667083309516,0.0036602846531237497
conditional,40,B-ALNS,original_independent_audit_s,24,24,8,0.004139359916665697,0.004139359916665697,0.003644054193751171,0.004496900416668245
common,40,B-ALNS,original_independent_audit_s,24,24,8,0.004139359916665697,0.004139359916665697,0.003644054193751171,0.004496900416668245
conditional,40,ESI-ALNS,original_independent_audit_s,24,24,8,0.004045373833333403,0.004045373833333403,0.003569659666666188,0.004384290618752289
common,40,ESI-ALNS,original_independent_audit_s,24,24,8,0.004045373833333403,0.004045373833333403,0.003569659666666188,0.004384290618752289
paired,40,GR-MR,original_independent_audit_s,24,24,8,0.0006040407083315695,0.0006040407083315694,0.00045608091666515804,0.0007468539999999635
paired,40,FTR-NM,original_independent_audit_s,24,24,8,0.0006914983333358531,0.000691498333335853,0.0005680225416716903,0.0008238653833347356
paired,40,RGA-MR,original_independent_audit_s,24,24,8,0.000640268291668337,0.000640268291668337,0.0004850963333344893,0.0008073905416715969
paired,40,B-ALNS,original_independent_audit_s,24,24,8,-9.398608333229436e-05,-9.398608333229437e-05,-0.00013216108854100146,-5.006466666331496e-05
conditional,40,GR-MR,original_initialization_s,8,8,8,0.018267325124999623,0.018267325124999623,0.013990442943749893,0.023639842781249636
common,40,GR-MR,original_initialization_s,24,24,8,0.018267325124999623,0.018267325124999623,0.013990442943749893,0.023639842781249636
conditional,40,FTR-NM,original_initialization_s,8,8,8,0.017019010125006062,0.017019010125006062,0.01408809387499943,0.019698195125005924
common,40,FTR-NM,original_initialization_s,24,24,8,0.017019010125006062,0.017019010125006062,0.01408809387499943,0.019698195125005924
conditional,40,RGA-MR,original_initialization_s,24,24,8,0.0,0.0,0.0,0.0
common,40,RGA-MR,original_initialization_s,24,24,8,0.0,0.0,0.0,0.0
conditional,40,B-ALNS,original_initialization_s,24,24,8,0.018267325124999623,0.018267325124999623,0.013990442943749893,0.023639842781249636
common,40,B-ALNS,original_initialization_s,24,24,8,0.018267325124999623,0.018267325124999623,0.013990442943749893,0.023639842781249636
conditional,40,ESI-ALNS,original_initialization_s,24,24,8,0.018267325124999623,0.018267325124999623,0.013990442943749893,0.023639842781249636
common,40,ESI-ALNS,original_initialization_s,24,24,8,0.018267325124999623,0.018267325124999623,0.013990442943749893,0.023639842781249636
paired,40,GR-MR,original_initialization_s,24,24,8,0.0,0.0,0.0,0.0
paired,40,FTR-NM,original_initialization_s,24,24,8,0.0012483149999935605,0.0012483149999935605,-0.0002584928750088977,0.004192537774998328
paired,40,RGA-MR,original_initialization_s,24,24,8,0.018267325124999623,0.018267325124999623,0.013990442943749893,0.023639842781249636
paired,40,B-ALNS,original_initialization_s,24,24,8,0.0,0.0,0.0,0.0
conditional,40,GR-MR,original_resource_recompute_s,8,8,8,1.4866664973749986,1.4866664973749986,0.6356463172874977,2.505359715500001
common,40,GR-MR,original_resource_recompute_s,24,24,8,1.4866664973749986,1.4866664973749986,0.6356463172874977,2.505359715500001
conditional,40,FTR-NM,original_resource_recompute_s,8,8,8,0.47388344500000024,0.47388344500000024,0.40442269475000536,0.5183796064999981
common,40,FTR-NM,original_resource_recompute_s,24,24,8,0.47388344500000024,0.47388344500000024,0.40442269475000536,0.5183796064999981
conditional,40,RGA-MR,original_resource_recompute_s,24,24,8,0.9807867065833342,0.9807867065833342,0.5797441426989601,1.4720315927781258
common,40,RGA-MR,original_resource_recompute_s,24,24,8,0.9807867065833342,0.9807867065833342,0.5797441426989601,1.4720315927781258
conditional,40,B-ALNS,original_resource_recompute_s,24,24,8,1.4442631097083323,1.4442631097083323,0.8157870030072915,2.160544698499998
common,40,B-ALNS,original_resource_recompute_s,24,24,8,1.4442631097083323,1.4442631097083323,0.8157870030072915,2.160544698499998
conditional,40,ESI-ALNS,original_resource_recompute_s,24,24,8,1.458559836791667,1.458559836791667,0.8508471475416666,2.294445266374998
common,40,ESI-ALNS,original_resource_recompute_s,24,24,8,1.458559836791667,1.458559836791667,0.8508471475416666,2.294445266374998
paired,40,GR-MR,original_resource_recompute_s,24,24,8,-0.02810666058333164,-0.028106660583331628,-0.4774627629031169,0.4066471070000007
paired,40,FTR-NM,original_resource_recompute_s,24,24,8,0.9846763917916667,0.9846763917916667,0.42267585156978754,1.790228758820837
paired,40,RGA-MR,original_resource_recompute_s,24,24,8,0.4777731302083327,0.47777313020833273,0.06658867745833508,0.9427345654583309
paired,40,B-ALNS,original_resource_recompute_s,24,24,8,0.014296727083334737,0.014296727083334737,-0.44779161987499716,0.4061351195250004
conditional,40,GR-MR,original_search_s,8,8,8,0.0,0.0,0.0,0.0
common,40,GR-MR,original_search_s,24,24,8,0.0,0.0,0.0,0.0
conditional,40,FTR-NM,original_search_s,8,8,8,0.0,0.0,0.0,0.0
common,40,FTR-NM,original_search_s,24,24,8,0.0,0.0,0.0,0.0
conditional,40,RGA-MR,original_search_s,24,24,8,7.216065686250001,7.21606568625,5.741550399181248,8.833334167291667
common,40,RGA-MR,original_search_s,24,24,8,7.216065686250001,7.21606568625,5.741550399181248,8.833334167291667
conditional,40,B-ALNS,original_search_s,24,24,8,4.862104086291664,4.862104086291664,3.753729306742702,5.952764394195833
common,40,B-ALNS,original_search_s,24,24,8,4.862104086291664,4.862104086291664,3.753729306742702,5.952764394195833
conditional,40,ESI-ALNS,original_search_s,24,24,8,7.326626693791669,7.326626693791669,6.017954097375004,8.568707562458336
common,40,ESI-ALNS,original_search_s,24,24,8,7.326626693791669,7.326626693791669,6.017954097375004,8.568707562458336
paired,40,GR-MR,original_search_s,24,24,8,7.326626693791669,7.326626693791669,6.017954097375004,8.568707562458336
paired,40,FTR-NM,original_search_s,24,24,8,7.326626693791669,7.326626693791669,6.017954097375004,8.568707562458336
paired,40,RGA-MR,original_search_s,24,24,8,0.11056100754166803,0.11056100754166802,-1.615795854666664,1.7981061975833377
paired,40,B-ALNS,original_search_s,24,24,8,2.4645226075000046,2.464522607500004,2.106704881333337,2.8422007021062514
conditional,40,GR-MR,original_total_to_resources_s,8,8,8,1.5049338224999982,1.5049338224999982,0.6476678680468694,2.528262495984377
common,40,GR-MR,original_total_to_resources_s,24,24,8,1.5049338224999982,1.5049338224999982,0.6476678680468694,2.528262495984377
conditional,40,FTR-NM,original_total_to_resources_s,8,8,8,0.4909024551250063,0.4909024551250063,0.41908400775000754,0.5367038554374971
common,40,FTR-NM,original_total_to_resources_s,24,24,8,0.4909024551250063,0.4909024551250063,0.41908400775000754,0.5367038554374971
conditional,40,RGA-MR,original_total_to_resources_s,24,24,8,8.196852392833335,8.196852392833335,6.375156984458335,10.249846555937506
common,40,RGA-MR,original_total_to_resources_s,24,24,8,8.196852392833335,8.196852392833335,6.375156984458335,10.249846555937506
conditional,40,B-ALNS,original_total_to_resources_s,24,24,8,6.324634521124995,6.324634521124996,4.639236886083326,8.013298616737499
common,40,B-ALNS,original_total_to_resources_s,24,24,8,6.324634521124995,6.324634521124996,4.639236886083326,8.013298616737499
conditional,40,ESI-ALNS,original_total_to_resources_s,24,24,8,8.803453855708334,8.803453855708335,7.055924830861461,10.45552209140729
common,40,ESI-ALNS,original_total_to_resources_s,24,24,8,8.803453855708334,8.803453855708335,7.055924830861461,10.45552209140729
paired,40,GR-MR,original_total_to_resources_s,24,24,8,7.298520033208337,7.298520033208336,6.080017747083337,8.451251260208345
paired,40,FTR-NM,original_total_to_resources_s,24,24,8,8.312551400583327,8.31255140058333,6.625574888749988,9.93110335916666
paired,40,RGA-MR,original_total_to_resources_s,24,24,8,0.6066014628750005,0.6066014628750004,-1.0108992914385395,2.349624782176043
paired,40,B-ALNS,original_total_to_resources_s,24,24,8,2.478819334583339,2.478819334583339,2.0702066552260443,2.9324627384166737
conditional,40,GR-MR,original_total_with_audit_s,8,8,8,1.508375155625,1.508375155625,0.6504632957218709,2.531925793721879
common,40,GR-MR,original_total_with_audit_s,24,24,8,1.508375155625,1.508375155625,0.6504632957218709,2.531925793721879
conditional,40,FTR-NM,original_total_with_audit_s,8,8,8,0.49425633062500385,0.49425633062500385,0.42199956800000304,0.5402533899249956
common,40,FTR-NM,original_total_with_audit_s,24,24,8,0.49425633062500385,0.49425633062500385,0.42199956800000304,0.5402533899249956
conditional,40,RGA-MR,original_total_with_audit_s,24,24,8,8.200257498374999,8.200257498374999,6.378193730625004,10.25354720820209
common,40,RGA-MR,original_total_with_audit_s,24,24,8,8.200257498374999,8.200257498374999,6.378193730625004,10.25354720820209
conditional,40,B-ALNS,original_total_with_audit_s,24,24,8,6.328773881041662,6.328773881041662,4.643026262708323,8.017695910114584
common,40,B-ALNS,original_total_with_audit_s,24,24,8,6.328773881041662,6.328773881041662,4.643026262708323,8.017695910114584
conditional,40,ESI-ALNS,original_total_with_audit_s,24,24,8,8.80749922954167,8.80749922954167,7.05929055578021,10.459641191334377
common,40,ESI-ALNS,original_total_with_audit_s,24,24,8,8.80749922954167,8.80749922954167,7.05929055578021,10.459641191334377
paired,40,GR-MR,original_total_with_audit_s,24,24,8,7.299124073916667,7.299124073916668,6.080499273416667,8.451961898625008
paired,40,FTR-NM,original_total_with_audit_s,24,24,8,8.313242898916663,8.313242898916664,6.62619908520832,9.931927750249994
paired,40,RGA-MR,original_total_with_audit_s,24,24,8,0.6072417311666687,0.6072417311666687,-1.0103464457583307,2.350389372914586
paired,40,B-ALNS,original_total_with_audit_s,24,24,8,2.4787253485000065,2.478725348500007,2.0700978977520856,2.9323469083750062
conditional,40,GR-MR,p95_delay_s,8,8,8,342.78423412637846,342.7842341263784,326.8512773594817,359.2922757979763
common,40,GR-MR,p95_delay_s,24,24,8,342.78423412637846,342.7842341263784,326.8512773594817,359.2922757979763
conditional,40,FTR-NM,p95_delay_s,8,8,8,342.7843083158981,342.7843083158981,326.8512773594817,359.292349987496
common,40,FTR-NM,p95_delay_s,24,24,8,342.7843083158981,342.7843083158981,326.8512773594817,359.292349987496
conditional,40,RGA-MR,p95_delay_s,24,24,8,340.82455377243735,340.82455377243735,323.52118451451304,358.5924510743067
common,40,RGA-MR,p95_delay_s,24,24,8,340.82455377243735,340.82455377243735,323.52118451451304,358.5924510743067
conditional,40,B-ALNS,p95_delay_s,24,24,8,348.8364959104607,348.83649591046066,333.9422164747472,363.40487863832317
common,40,B-ALNS,p95_delay_s,24,24,8,348.8364959104607,348.83649591046066,333.9422164747472,363.40487863832317
conditional,40,ESI-ALNS,p95_delay_s,24,24,8,349.3418987546495,349.3418987546495,334.06305250279763,363.8252304519313
common,40,ESI-ALNS,p95_delay_s,24,24,8,349.3418987546495,349.3418987546495,334.06305250279763,363.8252304519313
paired,40,GR-MR,p95_delay_s,24,24,8,6.557664628271058,6.557664628271058,-6.964173637831354,20.12943238524776
paired,40,FTR-NM,p95_delay_s,24,24,8,6.5575904387514,6.5575904387514,-6.964247827351012,20.12943238524776
paired,40,RGA-MR,p95_delay_s,24,24,8,8.51734498221212,8.517344982212121,-6.849843243486518,25.42878523002844
paired,40,B-ALNS,p95_delay_s,24,24,8,0.5054028441888245,0.5054028441888244,-2.9394850596836477,4.650562778313291
conditional,40,GR-MR,resource_recompute_s,8,0,0,,,,
common,40,GR-MR,resource_recompute_s,24,0,0,,,,
conditional,40,FTR-NM,resource_recompute_s,8,0,0,,,,
common,40,FTR-NM,resource_recompute_s,24,0,0,,,,
conditional,40,RGA-MR,resource_recompute_s,24,0,0,,,,
common,40,RGA-MR,resource_recompute_s,24,0,0,,,,
conditional,40,B-ALNS,resource_recompute_s,24,0,0,,,,
common,40,B-ALNS,resource_recompute_s,24,0,0,,,,
conditional,40,ESI-ALNS,resource_recompute_s,24,0,0,,,,
common,40,ESI-ALNS,resource_recompute_s,24,0,0,,,,
paired,40,GR-MR,resource_recompute_s,24,0,0,,,,
paired,40,FTR-NM,resource_recompute_s,24,0,0,,,,
paired,40,RGA-MR,resource_recompute_s,24,0,0,,,,
paired,40,B-ALNS,resource_recompute_s,24,0,0,,,,
conditional,40,GR-MR,search_s,8,0,0,,,,
common,40,GR-MR,search_s,24,0,0,,,,
conditional,40,FTR-NM,search_s,8,0,0,,,,
common,40,FTR-NM,search_s,24,0,0,,,,
conditional,40,RGA-MR,search_s,24,0,0,,,,
common,40,RGA-MR,search_s,24,0,0,,,,
conditional,40,B-ALNS,search_s,24,0,0,,,,
common,40,B-ALNS,search_s,24,0,0,,,,
conditional,40,ESI-ALNS,search_s,24,0,0,,,,
common,40,ESI-ALNS,search_s,24,0,0,,,,
paired,40,GR-MR,search_s,24,0,0,,,,
paired,40,FTR-NM,search_s,24,0,0,,,,
paired,40,RGA-MR,search_s,24,0,0,,,,
paired,40,B-ALNS,search_s,24,0,0,,,,
conditional,40,GR-MR,stage1_energy_j,8,8,8,210501.45020226628,210501.45020226625,202617.09539059678,219276.15500165735
common,40,GR-MR,stage1_energy_j,24,24,8,210501.45020226628,210501.45020226625,202617.09539059678,219276.15500165735
conditional,40,FTR-NM,stage1_energy_j,8,8,8,210514.8948600102,210514.89486001016,202629.6960320925,219298.30877045647
common,40,FTR-NM,stage1_energy_j,24,24,8,210514.8948600102,210514.89486001016,202629.6960320925,219298.30877045647
conditional,40,RGA-MR,stage1_energy_j,24,24,8,210249.20253648536,210249.20253648536,202303.87800147588,219096.66908377496
common,40,RGA-MR,stage1_energy_j,24,24,8,210249.20253648536,210249.20253648536,202303.87800147588,219096.66908377496
conditional,40,B-ALNS,stage1_energy_j,24,24,8,139445.73215553263,139445.73215553263,131674.86214321002,148283.93892182558
common,40,B-ALNS,stage1_energy_j,24,24,8,139445.73215553263,139445.73215553263,131674.86214321002,148283.93892182558
conditional,40,ESI-ALNS,stage1_energy_j,24,24,8,139154.9619377822,139154.9619377822,131557.08953901642,147875.90484904495
common,40,ESI-ALNS,stage1_energy_j,24,24,8,139154.9619377822,139154.9619377822,131557.08953901642,147875.90484904495
paired,40,GR-MR,stage1_energy_j,24,24,8,-71346.48826448405,-71346.48826448405,-80456.69258917465,-63596.21566226174
paired,40,FTR-NM,stage1_energy_j,24,24,8,-71359.93292222796,-71359.93292222796,-80470.06478559478,-63609.66032000565
paired,40,RGA-MR,stage1_energy_j,24,24,8,-71094.24059870317,-71094.24059870317,-80217.35416197442,-63360.19537271209
paired,40,B-ALNS,stage1_energy_j,24,24,8,-290.77021775043124,-290.7702177504313,-766.1674171256113,-15.7552575626396
conditional,40,GR-MR,stage1_qualified_rate,8,8,8,1.0,1.0,1.0,1.0
common,40,GR-MR,stage1_qualified_rate,24,24,8,1.0,1.0,1.0,1.0
conditional,40,FTR-NM,stage1_qualified_rate,8,8,8,1.0,1.0,1.0,1.0
common,40,FTR-NM,stage1_qualified_rate,24,24,8,1.0,1.0,1.0,1.0
conditional,40,RGA-MR,stage1_qualified_rate,24,24,8,1.0,1.0,1.0,1.0
common,40,RGA-MR,stage1_qualified_rate,24,24,8,1.0,1.0,1.0,1.0
conditional,40,B-ALNS,stage1_qualified_rate,24,24,8,1.0,1.0,1.0,1.0
common,40,B-ALNS,stage1_qualified_rate,24,24,8,1.0,1.0,1.0,1.0
conditional,40,ESI-ALNS,stage1_qualified_rate,24,24,8,1.0,1.0,1.0,1.0
common,40,ESI-ALNS,stage1_qualified_rate,24,24,8,1.0,1.0,1.0,1.0
paired,40,GR-MR,stage1_qualified_rate,24,24,8,0.0,0.0,0.0,0.0
paired,40,FTR-NM,stage1_qualified_rate,24,24,8,0.0,0.0,0.0,0.0
paired,40,RGA-MR,stage1_qualified_rate,24,24,8,0.0,0.0,0.0,0.0
paired,40,B-ALNS,stage1_qualified_rate,24,24,8,0.0,0.0,0.0,0.0
conditional,40,GR-MR,stage2_component_collection_j_j,8,8,8,8000.0,8000.0,8000.0,8000.0
common,40,GR-MR,stage2_component_collection_j_j,24,24,8,8000.0,8000.0,8000.0,8000.0
conditional,40,FTR-NM,stage2_component_collection_j_j,8,8,8,8000.0,8000.0,8000.0,8000.0
common,40,FTR-NM,stage2_component_collection_j_j,24,24,8,8000.0,8000.0,8000.0,8000.0
conditional,40,RGA-MR,stage2_component_collection_j_j,24,24,8,8000.0,8000.0,8000.0,8000.0
common,40,RGA-MR,stage2_component_collection_j_j,24,24,8,8000.0,8000.0,8000.0,8000.0
conditional,40,B-ALNS,stage2_component_collection_j_j,24,24,8,8000.0,8000.0,8000.0,8000.0
common,40,B-ALNS,stage2_component_collection_j_j,24,24,8,8000.0,8000.0,8000.0,8000.0
conditional,40,ESI-ALNS,stage2_component_collection_j_j,24,24,8,8000.0,8000.0,8000.0,8000.0
common,40,ESI-ALNS,stage2_component_collection_j_j,24,24,8,8000.0,8000.0,8000.0,8000.0
paired,40,GR-MR,stage2_component_collection_j_j,24,24,8,0.0,0.0,0.0,0.0
paired,40,FTR-NM,stage2_component_collection_j_j,24,24,8,0.0,0.0,0.0,0.0
paired,40,RGA-MR,stage2_component_collection_j_j,24,24,8,0.0,0.0,0.0,0.0
paired,40,B-ALNS,stage2_component_collection_j_j,24,24,8,0.0,0.0,0.0,0.0
conditional,40,GR-MR,stage2_component_flight_j_j,8,8,8,202151.49764150052,202151.49764150052,194277.96058221694,210954.16214990857
common,40,GR-MR,stage2_component_flight_j_j,24,24,8,202151.49764150052,202151.49764150052,194277.96058221694,210954.16214990857
conditional,40,FTR-NM,stage2_component_flight_j_j,8,8,8,202157.7432059185,202157.74320591846,194286.10399863785,210954.16214990857
common,40,FTR-NM,stage2_component_flight_j_j,24,24,8,202157.7432059185,202157.74320591846,194286.10399863785,210954.16214990857
conditional,40,RGA-MR,stage2_component_flight_j_j,24,24,8,201899.12918010267,201899.12918010267,193973.1629652941,210767.9921906066
common,40,RGA-MR,stage2_component_flight_j_j,24,24,8,201899.12918010267,201899.12918010267,193973.1629652941,210767.9921906066
conditional,40,B-ALNS,stage2_component_flight_j_j,24,24,8,130503.3232547117,130503.32325471168,122804.64105046929,139370.22154888662
common,40,B-ALNS,stage2_component_flight_j_j,24,24,8,130503.3232547117,130503.32325471168,122804.64105046929,139370.22154888662
conditional,40,ESI-ALNS,stage2_component_flight_j_j,24,24,8,130246.43016314445,130246.43016314447,122684.01804814728,138997.9131897791
common,40,ESI-ALNS,stage2_component_flight_j_j,24,24,8,130246.43016314445,130246.43016314447,122684.01804814728,138997.9131897791
paired,40,GR-MR,stage2_component_flight_j_j,24,24,8,-71905.06747835607,-71905.06747835607,-81046.7144428767,-64136.68002177706
paired,40,FTR-NM,stage2_component_flight_j_j,24,24,8,-71911.31304277401,-71911.31304277401,-81046.87058198715,-64142.925586195
paired,40,RGA-MR,stage2_component_flight_j_j,24,24,8,-71652.69901695821,-71652.69901695821,-80837.7180416402,-63888.9610927268
paired,40,B-ALNS,stage2_component_flight_j_j,24,24,8,-256.89309156722265,-256.89309156722265,-727.8232912091784,-5.75582455051881
conditional,40,GR-MR,stage2_component_local_compute_j_j,8,8,8,343.2456385219516,343.24563852195155,301.86742473333055,387.74129888338035
common,40,GR-MR,stage2_component_local_compute_j_j,24,24,8,343.2456385219516,343.24563852195155,301.86742473333055,387.74129888338035
conditional,40,FTR-NM,stage2_component_local_compute_j_j,8,8,8,343.24570906251864,343.24570906251864,301.86742473333055,387.7414382010003
common,40,FTR-NM,stage2_component_local_compute_j_j,24,24,8,343.24570906251864,343.24570906251864,301.86742473333055,387.7414382010003
conditional,40,RGA-MR,stage2_component_local_compute_j_j,24,24,8,343.3661494447605,343.3661494447605,302.30541921593084,386.22728573701335
common,40,RGA-MR,stage2_component_local_compute_j_j,24,24,8,343.3661494447605,343.3661494447605,302.30541921593084,386.22728573701335
conditional,40,B-ALNS,stage2_component_local_compute_j_j,24,24,8,512.0232728992914,512.0232728992916,482.13630247393183,545.9191716600212
common,40,B-ALNS,stage2_component_local_compute_j_j,24,24,8,512.0232728992914,512.0232728992916,482.13630247393183,545.9191716600212
conditional,40,ESI-ALNS,stage2_component_local_compute_j_j,24,24,8,508.066468767912,508.06646876791206,469.35057433863005,545.9629414296559
common,40,ESI-ALNS,stage2_component_local_compute_j_j,24,24,8,508.066468767912,508.06646876791206,469.35057433863005,545.9629414296559
paired,40,GR-MR,stage2_component_local_compute_j_j,24,24,8,164.8208302459605,164.82083024596048,121.13735620584245,212.13565820939306
paired,40,FTR-NM,stage2_component_local_compute_j_j,24,24,8,164.8207597053934,164.82075970539344,121.13735444232827,212.1355894323402
paired,40,RGA-MR,stage2_component_local_compute_j_j,24,24,8,164.7003193231516,164.7003193231516,122.82900484859245,210.48511204820392
paired,40,B-ALNS,stage2_component_local_compute_j_j,24,24,8,-3.9568041313794495,-3.9568041313794495,-14.80922968276301,3.267787797839835
conditional,40,GR-MR,stage2_component_transmit_j_j,8,8,8,0.003439579787213998,0.003439579787213998,0.0,0.010318739361641995
common,40,GR-MR,stage2_component_transmit_j_j,24,24,8,0.003439579787213998,0.003439579787213998,0.0,0.010318739361641995
conditional,40,FTR-NM,stage2_component_transmit_j_j,8,8,8,0.00703733032233686,0.00703733032233686,0.0,0.02111199096701058
common,40,FTR-NM,stage2_component_transmit_j_j,24,24,8,0.00703733032233686,0.00703733032233686,0.0,0.02111199096701058
conditional,40,RGA-MR,stage2_component_transmit_j_j,24,24,8,0.003439579787213998,0.003439579787213998,0.0,0.010318739361641995
common,40,RGA-MR,stage2_component_transmit_j_j,24,24,8,0.003439579787213998,0.003439579787213998,0.0,0.010318739361641995
conditional,40,B-ALNS,stage2_component_transmit_j_j,24,24,8,0.21514691987100884,0.21514691987100887,0.12161658908545972,0.3307746704431818
common,40,B-ALNS,stage2_component_transmit_j_j,24,24,8,0.21514691987100884,0.21514691987100887,0.12161658908545972,0.3307746704431818
conditional,40,ESI-ALNS,stage2_component_transmit_j_j,24,24,8,0.20019366266503402,0.20019366266503402,0.12451009840282208,0.28441842760643476
common,40,ESI-ALNS,stage2_component_transmit_j_j,24,24,8,0.20019366266503402,0.20019366266503402,0.12451009840282208,0.28441842760643476
paired,40,GR-MR,stage2_component_transmit_j_j,24,24,8,0.19675408287782004,0.19675408287782,0.12309122839898881,0.28104175830720246
paired,40,FTR-NM,stage2_component_transmit_j_j,24,24,8,0.19315633234269716,0.19315633234269716,0.12104410720720693,0.27744908770797266
paired,40,RGA-MR,stage2_component_transmit_j_j,24,24,8,0.19675408287782004,0.19675408287782,0.12309122839898881,0.28104175830720246
paired,40,B-ALNS,stage2_component_transmit_j_j,24,24,8,-0.014953257205974839,-0.014953257205974839,-0.05084441943702389,0.0059846551674924454
conditional,40,GR-MR,stage2_component_upload_hover_j_j,8,8,8,6.879159574427995,6.879159574427995,0.0,20.637478723283987
common,40,GR-MR,stage2_component_upload_hover_j_j,24,24,8,6.879159574427995,6.879159574427995,0.0,20.637478723283987
conditional,40,FTR-NM,stage2_component_upload_hover_j_j,8,8,8,14.07466064467372,14.07466064467372,0.0,42.22398193402116
common,40,FTR-NM,stage2_component_upload_hover_j_j,24,24,8,14.07466064467372,14.07466064467372,0.0,42.22398193402116
conditional,40,RGA-MR,stage2_component_upload_hover_j_j,24,24,8,6.879159574427995,6.879159574427995,0.0,20.637478723283987
common,40,RGA-MR,stage2_component_upload_hover_j_j,24,24,8,6.879159574427995,6.879159574427995,0.0,20.637478723283987
conditional,40,B-ALNS,stage2_component_upload_hover_j_j,24,24,8,430.2938397420178,430.2938397420177,243.23317817091942,661.5493408863637
common,40,B-ALNS,stage2_component_upload_hover_j_j,24,24,8,430.2938397420178,430.2938397420177,243.23317817091942,661.5493408863637
conditional,40,ESI-ALNS,stage2_component_upload_hover_j_j,24,24,8,400.38732533006805,400.387325330068,249.02019680564413,568.8368552128695
common,40,ESI-ALNS,stage2_component_upload_hover_j_j,24,24,8,400.38732533006805,400.387325330068,249.02019680564413,568.8368552128695
paired,40,GR-MR,stage2_component_upload_hover_j_j,24,24,8,393.50816575564005,393.50816575564,246.1824567979776,562.083516614405
paired,40,FTR-NM,stage2_component_upload_hover_j_j,24,24,8,386.3126646853943,386.3126646853943,242.08821441441387,554.8981754159452
paired,40,RGA-MR,stage2_component_upload_hover_j_j,24,24,8,393.50816575564005,393.50816575564,246.1824567979776,562.083516614405
paired,40,B-ALNS,stage2_component_upload_hover_j_j,24,24,8,-29.906514411949697,-29.906514411949697,-101.68883887404783,11.96931033498489
conditional,40,GR-MR,stage2_energy_j,8,8,8,210501.6258791767,210501.6258791767,202617.26550396392,219276.3380009899
common,40,GR-MR,stage2_energy_j,24,24,8,210501.6258791767,210501.6258791767,202617.26550396392,219276.3380009899
conditional,40,FTR-NM,stage2_energy_j,8,8,8,210515.07061295598,210515.07061295598,202629.86446627128,219298.4930431434
common,40,FTR-NM,stage2_energy_j,24,24,8,210515.07061295598,210515.07061295598,202629.86446627128,219298.4930431434
conditional,40,RGA-MR,stage2_energy_j,24,24,8,210249.37792870164,210249.37792870164,202304.04684179532,219096.85074914354
common,40,RGA-MR,stage2_energy_j,24,24,8,210249.37792870164,210249.37792870164,202304.04684179532,219096.85074914354
conditional,40,B-ALNS,stage2_energy_j,24,24,8,139445.85551427287,139445.85551427287,131674.9750960622,148284.069003959
common,40,B-ALNS,stage2_energy_j,24,24,8,139445.85551427287,139445.85551427287,131674.9750960622,148284.069003959
conditional,40,ESI-ALNS,stage2_energy_j,24,24,8,139155.0841509051,139155.0841509051,131557.20450520006,147876.0324151364
common,40,ESI-ALNS,stage2_energy_j,24,24,8,139155.0841509051,139155.0841509051,131557.20450520006,147876.0324151364
paired,40,GR-MR,stage2_energy_j,24,24,8,-71346.54172827158,-71346.54172827158,-80456.75682586293,-63596.260129798124
paired,40,FTR-NM,stage2_energy_j,24,24,8,-71359.98646205087,-71359.98646205087,-80470.12924483136,-63609.704863577426
paired,40,RGA-MR,stage2_energy_j,24,24,8,-71094.29377779653,-71094.29377779653,-80217.41931141197,-63360.2409321359
paired,40,B-ALNS,stage2_energy_j,24,24,8,-290.77136336775527,-290.7713633677552,-766.1690991500521,-15.755124788633111
conditional,40,GR-MR,stage2_replay_s,8,8,8,0.39000446200000116,0.39000446200000116,0.3606508865062509,0.41972294941562804
common,40,GR-MR,stage2_replay_s,24,24,8,0.39000446200000116,0.39000446200000116,0.3606508865062509,0.41972294941562804
conditional,40,FTR-NM,stage2_replay_s,8,8,8,0.34708285624999924,0.34708285624999924,0.3347170918750022,0.36895329462500115
common,40,FTR-NM,stage2_replay_s,24,24,8,0.34708285624999924,0.34708285624999924,0.3347170918750022,0.36895329462500115
conditional,40,RGA-MR,stage2_replay_s,24,24,8,0.37525895104166934,0.37525895104166934,0.3601365257697928,0.39095623991667117
common,40,RGA-MR,stage2_replay_s,24,24,8,0.37525895104166934,0.37525895104166934,0.3601365257697928,0.39095623991667117
conditional,40,B-ALNS,stage2_replay_s,24,24,8,0.46879631879166617,0.46879631879166617,0.3752862691708318,0.6076797067916655
common,40,B-ALNS,stage2_replay_s,24,24,8,0.46879631879166617,0.46879631879166617,0.3752862691708318,0.6076797067916655
conditional,40,ESI-ALNS,stage2_replay_s,24,24,8,0.4033838854999985,0.4033838854999985,0.3706716906770807,0.44932186441666566
common,40,ESI-ALNS,stage2_replay_s,24,24,8,0.4033838854999985,0.4033838854999985,0.3706716906770807,0.44932186441666566
paired,40,GR-MR,stage2_replay_s,24,24,8,0.013379423499997323,0.013379423499997323,-0.03384097729167094,0.07083117972083235
paired,40,FTR-NM,stage2_replay_s,24,24,8,0.056301029249999246,0.056301029249999246,0.013108277208333519,0.10933196779270993
paired,40,RGA-MR,stage2_replay_s,24,24,8,0.028124934458329122,0.028124934458329125,-0.01708261704167254,0.08230106424999839
paired,40,B-ALNS,stage2_replay_s,24,24,8,-0.06541243329166767,-0.06541243329166768,-0.21998902095833522,0.03364159846041605
conditional,40,GR-MR,total_distance_m,8,8,8,11230.638757861141,11230.638757861141,10793.220032345387,11719.67567499492
common,40,GR-MR,total_distance_m,24,24,8,11230.638757861141,11230.638757861141,10793.220032345387,11719.67567499492
conditional,40,FTR-NM,total_distance_m,8,8,8,11230.985733662139,11230.985733662137,10793.672444368769,11719.67567499492
common,40,FTR-NM,total_distance_m,24,24,8,11230.985733662139,11230.985733662137,10793.672444368769,11719.67567499492
conditional,40,RGA-MR,total_distance_m,24,24,8,11216.618287783482,11216.618287783482,10776.286831405228,11709.332899478146
common,40,RGA-MR,total_distance_m,24,24,8,11216.618287783482,11216.618287783482,10776.286831405228,11709.332899478146
conditional,40,B-ALNS,total_distance_m,24,24,8,7250.18462526176,7250.184625261761,6822.480058359406,7742.7900860492555
common,40,B-ALNS,total_distance_m,24,24,8,7250.18462526176,7250.184625261761,6822.480058359406,7742.7900860492555
conditional,40,ESI-ALNS,total_distance_m,24,24,8,7235.91278684136,7235.912786841359,6815.778780452627,7722.106288321062
common,40,ESI-ALNS,total_distance_m,24,24,8,7235.91278684136,7235.912786841359,6815.778780452627,7722.106288321062
paired,40,GR-MR,total_distance_m,24,24,8,-3994.7259710197814,-3994.7259710197814,-4502.595246826484,-3563.148890098725
paired,40,FTR-NM,total_distance_m,24,24,8,-3995.0729468207787,-3995.0729468207787,-4502.603921221509,-3563.495865899722
paired,40,RGA-MR,total_distance_m,24,24,8,-3980.705500942123,-3980.705500942123,-4490.984335646677,-3549.386727373711
paired,40,B-ALNS,total_distance_m,24,24,8,-14.27183842040127,-14.271838420401272,-40.43462728939865,-0.3197680305844794
conditional,40,GR-MR,total_to_resources_s,8,0,0,,,,
common,40,GR-MR,total_to_resources_s,24,0,0,,,,
conditional,40,FTR-NM,total_to_resources_s,8,0,0,,,,
common,40,FTR-NM,total_to_resources_s,24,0,0,,,,
conditional,40,RGA-MR,total_to_resources_s,24,0,0,,,,
common,40,RGA-MR,total_to_resources_s,24,0,0,,,,
conditional,40,B-ALNS,total_to_resources_s,24,0,0,,,,
common,40,B-ALNS,total_to_resources_s,24,0,0,,,,
conditional,40,ESI-ALNS,total_to_resources_s,24,0,0,,,,
common,40,ESI-ALNS,total_to_resources_s,24,0,0,,,,
paired,40,GR-MR,total_to_resources_s,24,0,0,,,,
paired,40,FTR-NM,total_to_resources_s,24,0,0,,,,
paired,40,RGA-MR,total_to_resources_s,24,0,0,,,,
paired,40,B-ALNS,total_to_resources_s,24,0,0,,,,
conditional,40,GR-MR,total_with_audit_s,8,0,0,,,,
common,40,GR-MR,total_with_audit_s,24,0,0,,,,
conditional,40,FTR-NM,total_with_audit_s,8,0,0,,,,
common,40,FTR-NM,total_with_audit_s,24,0,0,,,,
conditional,40,RGA-MR,total_with_audit_s,24,0,0,,,,
common,40,RGA-MR,total_with_audit_s,24,0,0,,,,
conditional,40,B-ALNS,total_with_audit_s,24,0,0,,,,
common,40,B-ALNS,total_with_audit_s,24,0,0,,,,
conditional,40,ESI-ALNS,total_with_audit_s,24,0,0,,,,
common,40,ESI-ALNS,total_with_audit_s,24,0,0,,,,
paired,40,GR-MR,total_with_audit_s,24,0,0,,,,
paired,40,FTR-NM,total_with_audit_s,24,0,0,,,,
paired,40,RGA-MR,total_with_audit_s,24,0,0,,,,
paired,40,B-ALNS,total_with_audit_s,24,0,0,,,,
conditional,50,GR-MR,both_stages_qualified_rate,8,8,8,0.875,0.875,0.625,1.0
common,50,GR-MR,both_stages_qualified_rate,24,24,8,0.875,0.875,0.625,1.0
conditional,50,FTR-NM,both_stages_qualified_rate,8,8,8,1.0,1.0,1.0,1.0
common,50,FTR-NM,both_stages_qualified_rate,24,24,8,1.0,1.0,1.0,1.0
conditional,50,RGA-MR,both_stages_qualified_rate,24,24,8,1.0,1.0,1.0,1.0
common,50,RGA-MR,both_stages_qualified_rate,24,24,8,1.0,1.0,1.0,1.0
conditional,50,B-ALNS,both_stages_qualified_rate,24,24,8,1.0,1.0,1.0,1.0
common,50,B-ALNS,both_stages_qualified_rate,24,24,8,1.0,1.0,1.0,1.0
conditional,50,ESI-ALNS,both_stages_qualified_rate,24,24,8,0.9583333333333333,0.9583333333333334,0.875,1.0
common,50,ESI-ALNS,both_stages_qualified_rate,24,24,8,0.9583333333333333,0.9583333333333334,0.875,1.0
paired,50,GR-MR,both_stages_qualified_rate,24,24,8,0.08333333333333333,0.08333333333333333,0.0,0.25
paired,50,FTR-NM,both_stages_qualified_rate,24,24,8,-0.041666666666666664,-0.041666666666666664,-0.125,0.0
paired,50,RGA-MR,both_stages_qualified_rate,24,24,8,-0.041666666666666664,-0.041666666666666664,-0.125,0.0
paired,50,B-ALNS,both_stages_qualified_rate,24,24,8,-0.041666666666666664,-0.041666666666666664,-0.125,0.0
conditional,50,GR-MR,contacts,8,7,7,1.2857142857142858,1.2857142857142858,0.7142857142857143,1.7142857142857142
common,50,GR-MR,contacts,24,21,7,1.2857142857142858,1.2857142857142858,0.7142857142857143,1.7142857142857142
conditional,50,FTR-NM,contacts,8,8,8,1.5,1.5,0.875,2.125
common,50,FTR-NM,contacts,24,21,7,1.4285714285714286,1.4285714285714286,0.7142857142857143,2.142857142857143
conditional,50,RGA-MR,contacts,24,24,8,1.3333333333333333,1.3333333333333333,0.9166666666666666,1.75
common,50,RGA-MR,contacts,24,21,7,1.3333333333333333,1.3333333333333333,0.8571428571428571,1.7619047619047616
conditional,50,B-ALNS,contacts,24,24,8,2.958333333333333,2.9583333333333335,2.5416666666666665,3.291666666666667
common,50,B-ALNS,contacts,24,21,7,2.952380952380952,2.9523809523809526,2.476190476190476,3.3333333333333335
conditional,50,ESI-ALNS,contacts,24,23,8,2.666666666666667,2.6956521739130435,2.2083333333333335,3.125
common,50,ESI-ALNS,contacts,24,21,7,2.761904761904762,2.761904761904762,2.2857142857142856,3.1904761904761907
paired,50,GR-MR,contacts,24,21,7,1.4761904761904763,1.4761904761904763,0.8095238095238095,2.2857142857142856
paired,50,FTR-NM,contacts,24,23,8,1.1666666666666665,1.2173913043478262,0.45833333333333326,2.0416666666666665
paired,50,RGA-MR,contacts,24,23,8,1.375,1.391304347826087,0.8333333333333333,2.041666666666667
paired,50,B-ALNS,contacts,24,23,8,-0.29166666666666663,-0.2608695652173913,-0.5416666666666666,-0.08333333333333333
conditional,50,GR-MR,cpu_stage2_minus_stage1,8,7,7,-0.505103031122754,-0.5051030311227541,-0.7483876762498389,-0.2553387839903393
common,50,GR-MR,cpu_stage2_minus_stage1,24,21,7,-0.505103031122754,-0.5051030311227541,-0.7483876762498389,-0.2553387839903393
conditional,50,FTR-NM,cpu_stage2_minus_stage1,8,8,8,-0.7417681292753497,-0.7417681292753499,-1.008534901980612,-0.4780632211284672
common,50,FTR-NM,cpu_stage2_minus_stage1,24,21,7,-0.6588040657024671,-0.6588040657024672,-0.9532351783908523,-0.37970570339951304
conditional,50,RGA-MR,cpu_stage2_minus_stage1,24,24,8,-0.4989456082187136,-0.4989456082187136,-0.6646377292134874,-0.3286431523279869
common,50,RGA-MR,cpu_stage2_minus_stage1,24,21,7,-0.513452817896544,-0.5134528178965438,-0.6969028469309614,-0.31497568745704746
conditional,50,B-ALNS,cpu_stage2_minus_stage1,24,24,8,-0.8316213098546136,-0.8316213098546135,-0.9392721592970538,-0.7382779099999492
common,50,B-ALNS,cpu_stage2_minus_stage1,24,21,7,-0.8322494766936541,-0.832249476693654,-0.9566140262316633,-0.7252145177926297
conditional,50,ESI-ALNS,cpu_stage2_minus_stage1,24,23,8,-0.8375787980816102,-0.826852637913225,-0.9775317620544333,-0.6919973093361552
common,50,ESI-ALNS,cpu_stage2_minus_stage1,24,21,7,-0.8023357003854875,-0.8023357003854875,-0.9523418956804887,-0.6561563690606498
paired,50,GR-MR,cpu_stage2_minus_stage1,24,21,7,-0.29723266926273345,-0.29723266926273345,-0.6863309815324155,0.08422902457506044
paired,50,FTR-NM,cpu_stage2_minus_stage1,24,23,8,-0.0958106688062603,-0.11033444102962209,-0.44457310398821,0.25858117131671454
paired,50,RGA-MR,cpu_stage2_minus_stage1,24,23,8,-0.3391176113252314,-0.32382878080983946,-0.6401935417956717,-0.032133794396681147
paired,50,B-ALNS,cpu_stage2_minus_stage1,24,23,8,0.008421806749320464,0.01496284096288229,-0.09424667251722668,0.12309360449146461
conditional,50,GR-MR,energy_stage2_minus_stage1_j,8,7,7,0.19566755060805008,0.19566755060805008,0.1865937419684737,0.20872234950573848
common,50,GR-MR,energy_stage2_minus_stage1_j,24,21,7,0.19566755060805008,0.19566755060805008,0.1865937419684737,0.20872234950573848
conditional,50,FTR-NM,energy_stage2_minus_stage1_j,8,8,8,0.19559625553665683,0.19559625553665683,0.18712113568835775,0.2073816500196699
common,50,FTR-NM,energy_stage2_minus_stage1_j,24,21,7,0.1961322542047128,0.1961322542047128,0.18649289751514778,0.20934071319061331
conditional,50,RGA-MR,energy_stage2_minus_stage1_j,24,24,8,0.19873832817999454,0.1987383281799945,0.18964519663253063,0.2095896464566067
common,50,RGA-MR,energy_stage2_minus_stage1_j,24,21,7,0.1969509743253834,0.19695097432538336,0.1880060946956898,0.209488368060972
conditional,50,B-ALNS,energy_stage2_minus_stage1_j,24,24,8,0.1580476624573445,0.1580476624573445,0.1527187590848674,0.16358425568978419
common,50,B-ALNS,energy_stage2_minus_stage1_j,24,21,7,0.15649588533449874,0.15649588533449874,0.15144291616992892,0.16205784986128233
conditional,50,ESI-ALNS,energy_stage2_minus_stage1_j,24,23,8,0.14872902892481457,0.14882429980713388,0.144586841377865,0.1524429936665304
common,50,ESI-ALNS,energy_stage2_minus_stage1_j,24,21,7,0.1490420618238637,0.1490420618238637,0.14422607841801696,0.1533013591113212
paired,50,GR-MR,energy_stage2_minus_stage1_j,24,21,7,-0.04662548878418637,-0.04662548878418636,-0.05823333882809882,-0.038833805813088214
paired,50,FTR-NM,energy_stage2_minus_stage1_j,24,23,8,-0.04686722661184224,-0.04693508575893129,-0.05718865099058045,-0.03971066065787454
paired,50,RGA-MR,energy_stage2_minus_stage1_j,24,23,8,-0.049013739280174676,-0.04867748765188836,-0.05922982404648185,-0.04054271849781799
paired,50,B-ALNS,energy_stage2_minus_stage1_j,24,23,8,-0.010150278049574506,-0.009329617972505966,-0.01643185908869782,-0.00484542920500341
conditional,50,GR-MR,independent_audit_s,8,0,0,,,,
common,50,GR-MR,independent_audit_s,24,0,0,,,,
conditional,50,FTR-NM,independent_audit_s,8,0,0,,,,
common,50,FTR-NM,independent_audit_s,24,0,0,,,,
conditional,50,RGA-MR,independent_audit_s,24,0,0,,,,
common,50,RGA-MR,independent_audit_s,24,0,0,,,,
conditional,50,B-ALNS,independent_audit_s,24,0,0,,,,
common,50,B-ALNS,independent_audit_s,24,0,0,,,,
conditional,50,ESI-ALNS,independent_audit_s,24,0,0,,,,
common,50,ESI-ALNS,independent_audit_s,24,0,0,,,,
paired,50,GR-MR,independent_audit_s,24,0,0,,,,
paired,50,FTR-NM,independent_audit_s,24,0,0,,,,
paired,50,RGA-MR,independent_audit_s,24,0,0,,,,
paired,50,B-ALNS,independent_audit_s,24,0,0,,,,
conditional,50,GR-MR,initialization_s,8,0,0,,,,
common,50,GR-MR,initialization_s,24,0,0,,,,
conditional,50,FTR-NM,initialization_s,8,0,0,,,,
common,50,FTR-NM,initialization_s,24,0,0,,,,
conditional,50,RGA-MR,initialization_s,24,0,0,,,,
common,50,RGA-MR,initialization_s,24,0,0,,,,
conditional,50,B-ALNS,initialization_s,24,0,0,,,,
common,50,B-ALNS,initialization_s,24,0,0,,,,
conditional,50,ESI-ALNS,initialization_s,24,0,0,,,,
common,50,ESI-ALNS,initialization_s,24,0,0,,,,
paired,50,GR-MR,initialization_s,24,0,0,,,,
paired,50,FTR-NM,initialization_s,24,0,0,,,,
paired,50,RGA-MR,initialization_s,24,0,0,,,,
paired,50,B-ALNS,initialization_s,24,0,0,,,,
conditional,50,GR-MR,mean_delay_s,8,7,7,208.83279332146245,208.83279332146242,201.73578594043735,217.17538135949815
common,50,GR-MR,mean_delay_s,24,21,7,208.83279332146245,208.83279332146242,201.73578594043735,217.17538135949815
conditional,50,FTR-NM,mean_delay_s,8,8,8,206.86766002434564,206.86766002434564,199.7491307702039,215.25405210704298
common,50,FTR-NM,mean_delay_s,24,21,7,208.26230423355582,208.26230423355582,200.71151216003895,217.10797378031714
conditional,50,RGA-MR,mean_delay_s,24,24,8,207.94606987939477,207.94606987939477,201.35018263362764,215.75651666552326
common,50,RGA-MR,mean_delay_s,24,21,7,209.22008974083755,209.22008974083755,202.18988343493115,217.5216667899996
conditional,50,B-ALNS,mean_delay_s,24,24,8,210.2769929534523,210.2769929534523,203.39400953853024,216.57489911271563
common,50,B-ALNS,mean_delay_s,24,21,7,210.88605502272927,210.88605502272932,203.36282221755866,218.09792606027716
conditional,50,ESI-ALNS,mean_delay_s,24,23,8,209.9314468352229,210.1233834218531,203.31628811617628,216.02755846717918
common,50,ESI-ALNS,mean_delay_s,24,21,7,210.562095619865,210.56209561986503,203.13780458599686,217.5285351199047
paired,50,GR-MR,mean_delay_s,24,21,7,1.7293022984025987,1.729302298402599,-5.836943186543619,9.383612343389427
paired,50,FTR-NM,mean_delay_s,24,23,8,3.063786810877265,2.831266464269588,-3.127507417918997,9.249369513432947
paired,50,RGA-MR,mean_delay_s,24,23,8,1.8138826851724927,1.6702680050413974,-4.829178879160242,8.336019028304602
paired,50,B-ALNS,mean_delay_s,24,23,8,-0.021922560084973952,-0.1138468165830266,-0.8307493317124255,0.7987629349587035
conditional,50,GR-MR,min_deadline_slack_s,8,7,7,0.0034962905795704762,0.0034962905795704762,-3.0197200625739893e-07,0.010489170519414464
common,50,GR-MR,min_deadline_slack_s,24,21,7,0.0034962905795704762,0.0034962905795704762,-3.0197200625739893e-07,0.010489170519414464
conditional,50,FTR-NM,min_deadline_slack_s,8,8,8,0.003059341319307407,0.003059341319307407,-2.039300994738369e-08,0.009178029430010781
common,50,FTR-NM,min_deadline_slack_s,24,21,7,0.0034963852682941316,0.0034963852682941316,-2.8477923511413143e-08,0.01048917343057596
conditional,50,RGA-MR,min_deadline_slack_s,24,24,8,0.0020394980691745466,0.0020394980691745466,-1.854235319361427e-07,0.006118687229849465
common,50,RGA-MR,min_deadline_slack_s,24,21,7,0.002330858823511118,0.002330858823511118,-2.0890908761625075e-07,0.0069927889401675365
conditional,50,B-ALNS,min_deadline_slack_s,24,24,8,-1.976104802755193e-07,-1.9761048027551928e-07,-4.498941937806459e-07,-4.697370078095749e-08
common,50,B-ALNS,min_deadline_slack_s,24,21,7,-2.0987985884684825e-07,-2.0987985884684825e-07,-5.002563463157068e-07,-3.891372151494059e-08
conditional,50,ESI-ALNS,min_deadline_slack_s,24,23,8,-2.5439835127372138e-08,-2.649353494076501e-08,-4.743738320674614e-08,-6.248685420947225e-09
common,50,ESI-ALNS,min_deadline_slack_s,24,21,7,-2.8901991657091593e-08,-2.8901991657091586e-08,-5.3145740929765105e-08,-7.57331907239166e-09
paired,50,GR-MR,min_deadline_slack_s,24,21,7,-0.003496319481562134,-0.003496319481562133,-0.010489220236744739,2.8466360291190535e-07
paired,50,FTR-NM,min_deadline_slack_s,24,23,8,-0.003059366759142535,-0.003192381188620916,-0.009178071320584754,-2.2708969519650655e-09
paired,50,RGA-MR,min_deadline_slack_s,24,23,8,-0.0020395269781167493,-0.0021282019881907572,-0.006118733409935858,1.6897544733810802e-07
paired,50,B-ALNS,min_deadline_slack_s,24,23,8,1.790098534589409e-07,1.7960881415962396e-07,2.4947181032075606e-08,4.383004288399661e-07
conditional,50,GR-MR,normalized_mec_cpu,8,7,7,0.44544444801545474,0.4454444480154548,0.17770710996150674,0.7304508846108488
common,50,GR-MR,normalized_mec_cpu,24,21,7,0.44544444801545474,0.4454444480154548,0.17770710996150674,0.7304508846108488
conditional,50,FTR-NM,normalized_mec_cpu,8,8,8,0.22545240821389503,0.22545240821389503,0.05820890061433188,0.47867201709558826
common,50,FTR-NM,normalized_mec_cpu,24,21,7,0.23745931687162308,0.2374593168716231,0.045993298102414336,0.5250037376774171
conditional,50,RGA-MR,normalized_mec_cpu,24,24,8,0.4437176050661909,0.4437176050661909,0.2131333008728007,0.6937841362665134
common,50,RGA-MR,normalized_mec_cpu,24,21,7,0.43789402614184836,0.4378940261418484,0.1716329268656658,0.7223327944807021
conditional,50,B-ALNS,normalized_mec_cpu,24,24,8,0.6573347357387772,0.6573347357387772,0.5385929323779649,0.7693652024276
common,50,B-ALNS,normalized_mec_cpu,24,21,7,0.6195120800933349,0.6195120800933349,0.5074759888345854,0.7171214170188621
conditional,50,ESI-ALNS,normalized_mec_cpu,24,23,8,0.620965685373013,0.6257952074461633,0.5314684830126714,0.7119970291433784
common,50,ESI-ALNS,normalized_mec_cpu,24,21,7,0.6368341150419357,0.6368341150419357,0.5366055197110825,0.7289168992812266
paired,50,GR-MR,normalized_mec_cpu,24,21,7,0.19138966702648094,0.19138966702648091,-0.12052857670126889,0.5057354826517915
paired,50,FTR-NM,normalized_mec_cpu,24,23,8,0.395513277159118,0.3966885226842642,0.1485804709981898,0.6072785913038681
paired,50,RGA-MR,normalized_mec_cpu,24,23,8,0.17961930540041593,0.18549954385683765,-0.0956749509272271,0.45893627158033407
paired,50,B-ALNS,normalized_mec_cpu,24,23,8,-0.01785286032966512,-0.0071474574188885465,-0.0996161855768054,0.050241671895379356
conditional,50,GR-MR,offload_ratio,8,7,7,0.03142857142857143,0.03142857142857143,0.017142857142857144,0.04571428571428571
common,50,GR-MR,offload_ratio,24,21,7,0.03142857142857143,0.03142857142857143,0.017142857142857144,0.04571428571428571
conditional,50,FTR-NM,offload_ratio,8,8,8,0.035,0.035,0.02,0.0475
common,50,FTR-NM,offload_ratio,24,21,7,0.03428571428571429,0.03428571428571429,0.019999999999999997,0.04857142857142858
conditional,50,RGA-MR,offload_ratio,24,24,8,0.03166666666666666,0.03166666666666667,0.020833333333333336,0.042499999999999996
common,50,RGA-MR,offload_ratio,24,21,7,0.03238095238095238,0.03238095238095238,0.019999999999999997,0.04571428571428571
conditional,50,B-ALNS,offload_ratio,24,24,8,0.08416666666666667,0.08416666666666667,0.07250000000000001,0.095
common,50,B-ALNS,offload_ratio,24,21,7,0.08761904761904761,0.08761904761904762,0.07714285714285714,0.0980952380952381
conditional,50,ESI-ALNS,offload_ratio,24,23,8,0.08000000000000002,0.0817391304347826,0.065,0.09333333333333335
common,50,ESI-ALNS,offload_ratio,24,21,7,0.08571428571428573,0.08571428571428572,0.07333333333333333,0.09619047619047619
paired,50,GR-MR,offload_ratio,24,21,7,0.054285714285714284,0.05428571428571429,0.03523809523809524,0.07428571428571429
paired,50,FTR-NM,offload_ratio,24,23,8,0.045000000000000005,0.04695652173913044,0.02416666666666667,0.0675
paired,50,RGA-MR,offload_ratio,24,23,8,0.049166666666666664,0.050434782608695654,0.03166666666666667,0.0675
paired,50,B-ALNS,offload_ratio,24,23,8,-0.004166666666666667,-0.0034782608695652167,-0.010833333333333332,0.0024999999999999996
conditional,50,GR-MR,original_construction_search_s,8,8,8,0.07244292112499728,0.07244292112499728,0.05479839512499751,0.09008882249999939
common,50,GR-MR,original_construction_search_s,24,24,8,0.07244292112499728,0.07244292112499728,0.05479839512499751,0.09008882249999939
conditional,50,FTR-NM,original_construction_search_s,8,8,8,0.04639839637500032,0.04639839637500032,0.03925070275000042,0.0531129661250036
common,50,FTR-NM,original_construction_search_s,24,24,8,0.04639839637500032,0.04639839637500032,0.03925070275000042,0.0531129661250036
conditional,50,RGA-MR,original_construction_search_s,24,24,8,15.233394922666669,15.233394922666667,12.882968722166666,17.805194613875
common,50,RGA-MR,original_construction_search_s,24,24,8,15.233394922666669,15.233394922666667,12.882968722166666,17.805194613875
conditional,50,B-ALNS,original_construction_search_s,24,24,8,10.30516607358333,10.30516607358333,8.097445658958332,12.313828212791659
common,50,B-ALNS,original_construction_search_s,24,24,8,10.30516607358333,10.30516607358333,8.097445658958332,12.313828212791659
conditional,50,ESI-ALNS,original_construction_search_s,24,24,8,14.193386918999998,14.193386918999998,12.030125060625,16.269500146791664
common,50,ESI-ALNS,original_construction_search_s,24,24,8,14.193386918999998,14.193386918999998,12.030125060625,16.269500146791664
paired,50,GR-MR,original_construction_search_s,24,24,8,14.120943997875003,14.120943997875,11.954584534921876,16.198132541645837
paired,50,FTR-NM,original_construction_search_s,24,24,8,14.146988522624998,14.146988522624998,11.981807235002071,16.22470404741041
paired,50,RGA-MR,original_construction_search_s,24,24,8,-1.0400080036666695,-1.0400080036666692,-3.628610379379167,1.848637113147911
paired,50,B-ALNS,original_construction_search_s,24,24,8,3.8882208454166687,3.8882208454166687,3.16409528716042,4.570266987124999
conditional,50,GR-MR,original_independent_audit_s,8,8,8,0.0037614052500067885,0.0037614052500067885,0.0026237795187553205,0.0045394234468854044
common,50,GR-MR,original_independent_audit_s,24,24,8,0.0037614052500067885,0.0037614052500067885,0.0026237795187553205,0.0045394234468854044
conditional,50,FTR-NM,original_independent_audit_s,8,8,8,0.004493403749991742,0.004493403749991742,0.0040490372499988325,0.004912341274988519
common,50,FTR-NM,original_independent_audit_s,24,24,8,0.004493403749991742,0.004493403749991742,0.0040490372499988325,0.004912341274988519
conditional,50,RGA-MR,original_independent_audit_s,24,24,8,0.004542629083331917,0.004542629083331917,0.004169979143749147,0.004872612583331677
common,50,RGA-MR,original_independent_audit_s,24,24,8,0.004542629083331917,0.004542629083331917,0.004169979143749147,0.004872612583331677
conditional,50,B-ALNS,original_independent_audit_s,24,24,8,0.005002104458332232,0.005002104458332231,0.004523095791664508,0.005427134839582519
common,50,B-ALNS,original_independent_audit_s,24,24,8,0.005002104458332232,0.005002104458332231,0.004523095791664508,0.005427134839582519
conditional,50,ESI-ALNS,original_independent_audit_s,24,24,8,0.004742667250001868,0.004742667250001868,0.004324581631249987,0.005131139222921292
common,50,ESI-ALNS,original_independent_audit_s,24,24,8,0.004742667250001868,0.004742667250001868,0.004324581631249987,0.005131139222921292
paired,50,GR-MR,original_independent_audit_s,24,24,8,0.0009812619999950791,0.0009812619999950793,0.0002817969177106565,0.0020081569781174764
paired,50,FTR-NM,original_independent_audit_s,24,24,8,0.0002492635000101255,0.0002492635000101255,-0.00010917759061463229,0.0006252805541802959
paired,50,RGA-MR,original_independent_audit_s,24,24,8,0.00020003816666995058,0.00020003816666995058,-7.91021072875875e-05,0.0005107029166726562
paired,50,B-ALNS,original_independent_audit_s,24,24,8,-0.0002594372083303635,-0.0002594372083303635,-0.0005331410833336511,-5.118083332848281e-05
conditional,50,GR-MR,original_initialization_s,8,8,8,0.07244292112499728,0.07244292112499728,0.05479839512499751,0.09008882249999939
common,50,GR-MR,original_initialization_s,24,24,8,0.07244292112499728,0.07244292112499728,0.05479839512499751,0.09008882249999939
conditional,50,FTR-NM,original_initialization_s,8,8,8,0.04639839637500032,0.04639839637500032,0.03925070275000042,0.0531129661250036
common,50,FTR-NM,original_initialization_s,24,24,8,0.04639839637500032,0.04639839637500032,0.03925070275000042,0.0531129661250036
conditional,50,RGA-MR,original_initialization_s,24,24,8,0.0,0.0,0.0,0.0
common,50,RGA-MR,original_initialization_s,24,24,8,0.0,0.0,0.0,0.0
conditional,50,B-ALNS,original_initialization_s,24,24,8,0.07244292112499728,0.07244292112499728,0.05479839512499751,0.09008882249999939
common,50,B-ALNS,original_initialization_s,24,24,8,0.07244292112499728,0.07244292112499728,0.05479839512499751,0.09008882249999939
conditional,50,ESI-ALNS,original_initialization_s,24,24,8,0.07244292112499728,0.07244292112499728,0.05479839512499751,0.09008882249999939
common,50,ESI-ALNS,original_initialization_s,24,24,8,0.07244292112499728,0.07244292112499728,0.05479839512499751,0.09008882249999939
paired,50,GR-MR,original_initialization_s,24,24,8,0.0,0.0,0.0,0.0
paired,50,FTR-NM,original_initialization_s,24,24,8,0.026044524749996967,0.026044524749996967,0.014972400624992943,0.038813036896871274
paired,50,RGA-MR,original_initialization_s,24,24,8,0.07244292112499728,0.07244292112499728,0.05479839512499751,0.09008882249999939
paired,50,B-ALNS,original_initialization_s,24,24,8,0.0,0.0,0.0,0.0
conditional,50,GR-MR,original_resource_recompute_s,8,8,8,1.116956984749998,1.116956984749998,0.39032294600000306,2.350519160065623
common,50,GR-MR,original_resource_recompute_s,24,24,8,1.116956984749998,1.116956984749998,0.39032294600000306,2.350519160065623
conditional,50,FTR-NM,original_resource_recompute_s,8,8,8,2.135984575625006,2.135984575625006,0.5833044837125014,4.406272142750007
common,50,FTR-NM,original_resource_recompute_s,24,24,8,2.135984575625006,2.135984575625006,0.5833044837125014,4.406272142750007
conditional,50,RGA-MR,original_resource_recompute_s,24,24,8,1.7526967055000027,1.7526967055000027,0.9630947492916698,2.662696775628129
common,50,RGA-MR,original_resource_recompute_s,24,24,8,1.7526967055000027,1.7526967055000027,0.9630947492916698,2.662696775628129
conditional,50,B-ALNS,original_resource_recompute_s,24,24,8,4.139376476333336,4.139376476333336,2.983400463478124,5.323221178102085
common,50,B-ALNS,original_resource_recompute_s,24,24,8,4.139376476333336,4.139376476333336,2.983400463478124,5.323221178102085
conditional,50,ESI-ALNS,original_resource_recompute_s,24,24,8,3.830000303541666,3.8300003035416657,2.705125962592706,5.076865331499999
common,50,ESI-ALNS,original_resource_recompute_s,24,24,8,3.830000303541666,3.8300003035416657,2.705125962592706,5.076865331499999
paired,50,GR-MR,original_resource_recompute_s,24,24,8,2.7130433187916676,2.7130433187916676,0.8369499357947894,4.39292214114166
paired,50,FTR-NM,original_resource_recompute_s,24,24,8,1.6940157279166597,1.6940157279166597,-0.3660093432083396,3.7085966343749925
paired,50,RGA-MR,original_resource_recompute_s,24,24,8,2.0773035980416634,2.077303598041663,0.2722220696010297,3.8939409181249967
paired,50,B-ALNS,original_resource_recompute_s,24,24,8,-0.30937617279167023,-0.3093761727916702,-1.002569434694792,0.3207367618541639
conditional,50,GR-MR,original_search_s,8,8,8,0.0,0.0,0.0,0.0
common,50,GR-MR,original_search_s,24,24,8,0.0,0.0,0.0,0.0
conditional,50,FTR-NM,original_search_s,8,8,8,0.0,0.0,0.0,0.0
common,50,FTR-NM,original_search_s,24,24,8,0.0,0.0,0.0,0.0
conditional,50,RGA-MR,original_search_s,24,24,8,15.233394922666669,15.233394922666667,12.882968722166666,17.805194613875
common,50,RGA-MR,original_search_s,24,24,8,15.233394922666669,15.233394922666667,12.882968722166666,17.805194613875
conditional,50,B-ALNS,original_search_s,24,24,8,10.232723152458332,10.232723152458332,8.025822260958332,12.238924119299996
common,50,B-ALNS,original_search_s,24,24,8,10.232723152458332,10.232723152458332,8.025822260958332,12.238924119299996
conditional,50,ESI-ALNS,original_search_s,24,24,8,14.120943997875003,14.120943997875,11.954584534921876,16.198132541645837
common,50,ESI-ALNS,original_search_s,24,24,8,14.120943997875003,14.120943997875,11.954584534921876,16.198132541645837
paired,50,GR-MR,original_search_s,24,24,8,14.120943997875003,14.120943997875,11.954584534921876,16.198132541645837
paired,50,FTR-NM,original_search_s,24,24,8,14.120943997875003,14.120943997875,11.954584534921876,16.198132541645837
paired,50,RGA-MR,original_search_s,24,24,8,-1.1124509247916667,-1.1124509247916665,-3.7211576081291637,1.7897414011197956
paired,50,B-ALNS,original_search_s,24,24,8,3.8882208454166687,3.8882208454166687,3.16409528716042,4.570266987124999
conditional,50,GR-MR,original_total_to_resources_s,8,8,8,1.1893999058749953,1.1893999058749953,0.47754916197187836,2.4210908416531094
common,50,GR-MR,original_total_to_resources_s,24,24,8,1.1893999058749953,1.1893999058749953,0.47754916197187836,2.4210908416531094
conditional,50,FTR-NM,original_total_to_resources_s,8,8,8,2.1823829720000063,2.1823829720000063,0.6272381442500109,4.4578274184156275
common,50,FTR-NM,original_total_to_resources_s,24,24,8,2.1823829720000063,2.1823829720000063,0.6272381442500109,4.4578274184156275
conditional,50,RGA-MR,original_total_to_resources_s,24,24,8,16.98609162816667,16.98609162816667,14.556277271497914,19.513369828431255
common,50,RGA-MR,original_total_to_resources_s,24,24,8,16.98609162816667,16.98609162816667,14.556277271497914,19.513369828431255
conditional,50,B-ALNS,original_total_to_resources_s,24,24,8,14.444542549916665,14.444542549916665,11.482358055791671,17.148406650916662
common,50,B-ALNS,original_total_to_resources_s,24,24,8,14.444542549916665,14.444542549916665,11.482358055791671,17.148406650916662
conditional,50,ESI-ALNS,original_total_to_resources_s,24,24,8,18.023387222541665,18.023387222541665,15.196330418333332,20.839403592041663
common,50,ESI-ALNS,original_total_to_resources_s,24,24,8,18.023387222541665,18.023387222541665,15.196330418333332,20.839403592041663
paired,50,GR-MR,original_total_to_resources_s,24,24,8,16.833987316666665,16.83398731666667,13.094590006458333,20.148022203605205
paired,50,FTR-NM,original_total_to_resources_s,24,24,8,15.841004250541655,15.841004250541657,13.419158393656243,18.386094174625
paired,50,RGA-MR,original_total_to_resources_s,24,24,8,1.0372955943749935,1.0372955943749937,-2.6598670234166706,5.130956525394785
paired,50,B-ALNS,original_total_to_resources_s,24,24,8,3.578844672624998,3.5788446726249985,2.653828409834371,4.487450349342715
conditional,50,GR-MR,original_total_with_audit_s,8,8,8,1.1931613111250021,1.1931613111250021,0.4802490789875036,2.4251781155125003
common,50,GR-MR,original_total_with_audit_s,24,24,8,1.1931613111250021,1.1931613111250021,0.4802490789875036,2.4251781155125003
conditional,50,FTR-NM,original_total_with_audit_s,8,8,8,2.186876375749998,2.186876375749998,0.6315357695250061,4.462294603796868
common,50,FTR-NM,original_total_with_audit_s,24,24,8,2.186876375749998,2.186876375749998,0.6315357695250061,4.462294603796868
conditional,50,RGA-MR,original_total_with_audit_s,24,24,8,16.99063425725,16.99063425725,14.560995342451038,19.51800586100834
common,50,RGA-MR,original_total_with_audit_s,24,24,8,16.99063425725,16.99063425725,14.560995342451038,19.51800586100834
conditional,50,B-ALNS,original_total_with_audit_s,24,24,8,14.449544654374996,14.449544654374996,11.487084932000002,17.153582283666662
common,50,B-ALNS,original_total_with_audit_s,24,24,8,14.449544654374996,14.449544654374996,11.487084932000002,17.153582283666662
conditional,50,ESI-ALNS,original_total_with_audit_s,24,24,8,18.028129889791664,18.028129889791664,15.2006269615,20.844459160958333
common,50,ESI-ALNS,original_total_with_audit_s,24,24,8,18.028129889791664,18.028129889791664,15.2006269615,20.844459160958333
paired,50,GR-MR,original_total_with_audit_s,24,24,8,16.83496857866666,16.834968578666665,13.094830800416664,20.14908454499895
paired,50,FTR-NM,original_total_with_audit_s,24,24,8,15.841253514041668,15.841253514041668,13.41955904265937,18.38666104529169
paired,50,RGA-MR,original_total_with_audit_s,24,24,8,1.0374956325416633,1.0374956325416635,-2.6597911105000036,5.131239227474999
paired,50,B-ALNS,original_total_with_audit_s,24,24,8,3.578585235416668,3.5785852354166683,2.6535893321291653,4.487174668903139
conditional,50,GR-MR,p95_delay_s,8,7,7,359.5384808206015,359.53848082060154,342.7751119964267,377.01278722792165
common,50,GR-MR,p95_delay_s,24,21,7,359.5384808206015,359.53848082060154,342.7751119964267,377.01278722792165
conditional,50,FTR-NM,p95_delay_s,8,8,8,351.8884555195197,351.8884555195197,332.70463263903775,372.5248846324903
common,50,FTR-NM,p95_delay_s,24,21,7,354.5676149592929,354.5676149592928,333.20323794224095,377.5682563550481
conditional,50,RGA-MR,p95_delay_s,24,24,8,357.5668181388975,357.5668181388975,341.86950750551165,374.15026981348564
common,50,RGA-MR,p95_delay_s,24,21,7,360.1035578667914,360.1035578667914,343.22418935749295,378.1657675671144
conditional,50,B-ALNS,p95_delay_s,24,24,8,363.57477677611274,363.57477677611274,356.9143067908418,370.67060853714656
common,50,B-ALNS,p95_delay_s,24,21,7,363.84441098232344,363.8444109823234,356.24574895461944,372.03268917865125
conditional,50,ESI-ALNS,p95_delay_s,24,23,8,364.72382550339046,364.4411924129306,357.2035182406211,372.029226172259
common,50,ESI-ALNS,p95_delay_s,24,21,7,363.79517392045085,363.79517392045085,355.6407879058379,372.43184290731125
paired,50,GR-MR,p95_delay_s,24,21,7,4.256693099849324,4.2566930998493255,-8.438266091253302,18.13758049973914
paired,50,FTR-NM,p95_delay_s,24,23,8,12.835369983870779,11.737340542175582,-3.2790285965966497,27.780978381324083
paired,50,RGA-MR,p95_delay_s,24,23,8,7.122020385655739,6.077984284613384,-6.88110935344293,20.956525342869597
paired,50,B-ALNS,p95_delay_s,24,23,8,2.0623229651070942,1.4196742612437214,-1.5277219572622196,6.750958777434135
conditional,50,GR-MR,resource_recompute_s,8,0,0,,,,
common,50,GR-MR,resource_recompute_s,24,0,0,,,,
conditional,50,FTR-NM,resource_recompute_s,8,0,0,,,,
common,50,FTR-NM,resource_recompute_s,24,0,0,,,,
conditional,50,RGA-MR,resource_recompute_s,24,0,0,,,,
common,50,RGA-MR,resource_recompute_s,24,0,0,,,,
conditional,50,B-ALNS,resource_recompute_s,24,0,0,,,,
common,50,B-ALNS,resource_recompute_s,24,0,0,,,,
conditional,50,ESI-ALNS,resource_recompute_s,24,0,0,,,,
common,50,ESI-ALNS,resource_recompute_s,24,0,0,,,,
paired,50,GR-MR,resource_recompute_s,24,0,0,,,,
paired,50,FTR-NM,resource_recompute_s,24,0,0,,,,
paired,50,RGA-MR,resource_recompute_s,24,0,0,,,,
paired,50,B-ALNS,resource_recompute_s,24,0,0,,,,
conditional,50,GR-MR,search_s,8,0,0,,,,
common,50,GR-MR,search_s,24,0,0,,,,
conditional,50,FTR-NM,search_s,8,0,0,,,,
common,50,FTR-NM,search_s,24,0,0,,,,
conditional,50,RGA-MR,search_s,24,0,0,,,,
common,50,RGA-MR,search_s,24,0,0,,,,
conditional,50,B-ALNS,search_s,24,0,0,,,,
common,50,B-ALNS,search_s,24,0,0,,,,
conditional,50,ESI-ALNS,search_s,24,0,0,,,,
common,50,ESI-ALNS,search_s,24,0,0,,,,
paired,50,GR-MR,search_s,24,0,0,,,,
paired,50,FTR-NM,search_s,24,0,0,,,,
paired,50,RGA-MR,search_s,24,0,0,,,,
paired,50,B-ALNS,search_s,24,0,0,,,,
conditional,50,GR-MR,stage1_energy_j,8,7,7,226449.2785790311,226449.27857903112,221767.10967511573,231105.03785602035
common,50,GR-MR,stage1_energy_j,24,21,7,226449.2785790311,226449.27857903112,221767.10967511573,231105.03785602035
conditional,50,FTR-NM,stage1_energy_j,8,8,8,227825.2251955765,227825.2251955765,222746.9091917714,233386.5045416115
common,50,FTR-NM,stage1_energy_j,24,21,7,227533.54838567975,227533.54838567975,221916.59821924524,233931.4831080478
conditional,50,RGA-MR,stage1_energy_j,24,24,8,227392.20985379606,227392.20985379608,222559.20387350448,232019.3855931769
common,50,RGA-MR,stage1_energy_j,24,21,7,226148.55699533498,226148.55699533492,221346.00290259815,230959.6390273092
conditional,50,B-ALNS,stage1_energy_j,24,24,8,165966.9504508527,165966.95045085266,158390.1151832778,173243.16197569066
common,50,B-ALNS,stage1_energy_j,24,21,7,164121.30987097885,164121.30987097882,156334.95701838587,171639.5978451011
conditional,50,ESI-ALNS,stage1_energy_j,24,23,8,163467.90867366586,162952.17120506227,156865.17697688937,170066.7578310848
common,50,ESI-ALNS,stage1_energy_j,24,21,7,161773.34270539694,161773.3427053969,155097.73132454552,168708.77362627708
paired,50,GR-MR,stage1_energy_j,24,21,7,-64675.935873634204,-64675.9358736342,-69963.14034405071,-58965.60695892107
paired,50,FTR-NM,stage1_energy_j,24,23,8,-64357.31652191063,-64784.282787502176,-69254.44181716608,-58857.63239117338
paired,50,RGA-MR,stage1_energy_j,24,23,8,-64481.742075299524,-64449.32057540689,-68926.34912455636,-59425.745151128525
paired,50,B-ALNS,stage1_energy_j,24,23,8,-2083.6451499638474,-2164.0909808041256,-3746.1108095300056,-628.8744102433927
conditional,50,GR-MR,stage1_qualified_rate,8,8,8,0.875,0.875,0.625,1.0
common,50,GR-MR,stage1_qualified_rate,24,24,8,0.875,0.875,0.625,1.0
conditional,50,FTR-NM,stage1_qualified_rate,8,8,8,1.0,1.0,1.0,1.0
common,50,FTR-NM,stage1_qualified_rate,24,24,8,1.0,1.0,1.0,1.0
conditional,50,RGA-MR,stage1_qualified_rate,24,24,8,1.0,1.0,1.0,1.0
common,50,RGA-MR,stage1_qualified_rate,24,24,8,1.0,1.0,1.0,1.0
conditional,50,B-ALNS,stage1_qualified_rate,24,24,8,1.0,1.0,1.0,1.0
common,50,B-ALNS,stage1_qualified_rate,24,24,8,1.0,1.0,1.0,1.0
conditional,50,ESI-ALNS,stage1_qualified_rate,24,24,8,0.9583333333333333,0.9583333333333334,0.875,1.0
common,50,ESI-ALNS,stage1_qualified_rate,24,24,8,0.9583333333333333,0.9583333333333334,0.875,1.0
paired,50,GR-MR,stage1_qualified_rate,24,24,8,0.08333333333333333,0.08333333333333333,0.0,0.25
paired,50,FTR-NM,stage1_qualified_rate,24,24,8,-0.041666666666666664,-0.041666666666666664,-0.125,0.0
paired,50,RGA-MR,stage1_qualified_rate,24,24,8,-0.041666666666666664,-0.041666666666666664,-0.125,0.0
paired,50,B-ALNS,stage1_qualified_rate,24,24,8,-0.041666666666666664,-0.041666666666666664,-0.125,0.0
conditional,50,GR-MR,stage2_component_collection_j_j,8,7,7,10000.0,10000.0,10000.0,10000.0
common,50,GR-MR,stage2_component_collection_j_j,24,21,7,10000.0,10000.0,10000.0,10000.0
conditional,50,FTR-NM,stage2_component_collection_j_j,8,8,8,10000.0,10000.0,10000.0,10000.0
common,50,FTR-NM,stage2_component_collection_j_j,24,21,7,10000.0,10000.0,10000.0,10000.0
conditional,50,RGA-MR,stage2_component_collection_j_j,24,24,8,10000.0,10000.0,10000.0,10000.0
common,50,RGA-MR,stage2_component_collection_j_j,24,21,7,10000.0,10000.0,10000.0,10000.0
conditional,50,B-ALNS,stage2_component_collection_j_j,24,24,8,10000.0,10000.0,10000.0,10000.0
common,50,B-ALNS,stage2_component_collection_j_j,24,21,7,10000.0,10000.0,10000.0,10000.0
conditional,50,ESI-ALNS,stage2_component_collection_j_j,24,23,8,10000.0,10000.0,10000.0,10000.0
common,50,ESI-ALNS,stage2_component_collection_j_j,24,21,7,10000.0,10000.0,10000.0,10000.0
paired,50,GR-MR,stage2_component_collection_j_j,24,21,7,0.0,0.0,0.0,0.0
paired,50,FTR-NM,stage2_component_collection_j_j,24,23,8,0.0,0.0,0.0,0.0
paired,50,RGA-MR,stage2_component_collection_j_j,24,23,8,0.0,0.0,0.0,0.0
paired,50,B-ALNS,stage2_component_collection_j_j,24,23,8,0.0,0.0,0.0,0.0
conditional,50,GR-MR,stage2_component_flight_j_j,8,7,7,215710.10530897632,215710.10530897632,211046.00590634107,220353.71876686634
common,50,GR-MR,stage2_component_flight_j_j,24,21,7,215710.10530897632,215710.10530897632,211046.00590634107,220353.71876686634
conditional,50,FTR-NM,stage2_component_flight_j_j,8,8,8,216938.82570627506,216938.82570627503,211884.3868589247,222424.2206666749
common,50,FTR-NM,stage2_component_flight_j_j,24,21,7,216678.26592717547,216678.26592717544,211060.73363744534,223055.85086474018
conditional,50,RGA-MR,stage2_component_flight_j_j,24,24,8,216646.85884365527,216646.85884365527,211840.06053024012,221251.74905875232
common,50,RGA-MR,stage2_component_flight_j_j,24,21,7,215413.91004713715,215413.91004713718,210651.31049205217,220225.24118967567
conditional,50,B-ALNS,stage2_component_flight_j_j,24,24,8,154527.40447687678,154527.4044768768,146997.38781870442,161773.96218822006
common,50,B-ALNS,stage2_component_flight_j_j,24,21,7,152661.3789325653,152661.3789325653,144989.13061154066,160075.28725201977
conditional,50,ESI-ALNS,stage2_component_flight_j_j,24,23,8,152133.39484443035,151605.09062846005,145539.92466321538,158745.32611702426
common,50,ESI-ALNS,stage2_component_flight_j_j,24,21,7,150397.5381348136,150397.53813481363,143686.15123114208,157257.12928954494
paired,50,GR-MR,stage2_component_flight_j_j,24,21,7,-65312.567174162716,-65312.56717416271,-70605.45182038352,-59626.589375986245
paired,50,FTR-NM,stage2_component_flight_j_j,24,23,8,-64805.430861844696,-65254.434275480344,-69780.30585567202,-59133.07515228948
paired,50,RGA-MR,stage2_component_flight_j_j,24,23,8,-65084.28775979885,-65063.61771926289,-69478.01002025335,-60024.87782295263
paired,50,B-ALNS,stage2_component_flight_j_j,24,23,8,-1963.1842770619546,-2054.6884355327447,-3650.3115758190543,-507.61837965242614
conditional,50,GR-MR,stage2_component_local_compute_j_j,8,7,7,548.286548706698,548.2865487066979,490.3890242392897,606.7423587183623
common,50,GR-MR,stage2_component_local_compute_j_j,24,21,7,548.286548706698,548.2865487066979,490.3890242392897,606.7423587183623
conditional,50,FTR-NM,stage2_component_local_compute_j_j,8,8,8,560.8254430147894,560.8254430147894,503.2556604810574,612.3315624505703
common,50,FTR-NM,stage2_component_local_compute_j_j,24,21,7,550.1552134534465,550.1552134534465,491.94182092677886,606.2781942222562
conditional,50,RGA-MR,stage2_component_local_compute_j_j,24,24,8,552.1844912106073,552.1844912106075,496.27856559126127,604.4626480064909
common,50,RGA-MR,stage2_component_local_compute_j_j,24,21,7,544.0574294461387,544.0574294461387,486.43526305271706,602.4083127754348
conditional,50,B-ALNS,stage2_component_local_compute_j_j,24,24,8,636.525975331665,636.525975331665,605.7627969379535,671.4753546633115
common,50,B-ALNS,stage2_component_local_compute_j_j,24,21,7,639.7932653228975,639.7932653228975,604.3457197238462,679.204919755001
conditional,50,ESI-ALNS,stage2_component_local_compute_j_j,24,23,8,638.4020806309015,638.2820386021345,605.5346391865214,675.2269174375242
common,50,ESI-ALNS,stage2_component_local_compute_j_j,24,21,7,638.0076568220956,638.0076568220956,600.4204485457215,680.0945341603374
paired,50,GR-MR,stage2_component_local_compute_j_j,24,21,7,89.72110811539758,89.7211081153976,13.468052668671842,179.60673949535595
paired,50,FTR-NM,stage2_component_local_compute_j_j,24,23,8,77.57663761611228,80.70405675818866,11.537626127825519,157.0451085808859
paired,50,RGA-MR,stage2_component_local_compute_j_j,24,23,8,88.20988402359073,89.95694504387606,19.00579145845621,166.68078378774112
paired,50,B-ALNS,stage2_component_local_compute_j_j,24,23,8,0.2278235430282729,-0.38496012248526273,-12.302398574134063,10.254741159091772
conditional,50,GR-MR,stage2_component_transmit_j_j,8,7,7,0.09549344772548965,0.09549344772548966,0.04426507286417036,0.14778440077669439
common,50,GR-MR,stage2_component_transmit_j_j,24,21,7,0.09549344772548965,0.09549344772548966,0.04426507286417036,0.14778440077669439
conditional,50,FTR-NM,stage2_component_transmit_j_j,8,8,8,0.16280341956131703,0.16280341956131703,0.08164600392707698,0.24992947797191842
common,50,FTR-NM,stage2_component_transmit_j_j,24,21,7,0.15258539595455953,0.15258539595455953,0.0676195310123767,0.25162844766165127
conditional,50,RGA-MR,stage2_component_transmit_j_j,24,24,8,0.09663431147345483,0.09663431147345483,0.05268930389214855,0.14211794925241075
common,50,RGA-MR,stage2_component_transmit_j_j,24,21,7,0.09534556208193472,0.09534556208193473,0.04668880010251193,0.14666119601930208
conditional,50,B-ALNS,stage2_component_transmit_j_j,24,24,8,0.4013883289888383,0.4013883289888383,0.3376312043626858,0.4674253689431306
common,50,B-ALNS,stage2_component_transmit_j_j,24,21,7,0.4099421134312618,0.4099421134312618,0.3367723782896408,0.4810566895396459
conditional,50,ESI-ALNS,stage2_component_transmit_j_j,24,23,8,0.34795626068642127,0.35429653288350815,0.27591442875459005,0.41253087379657616
common,50,ESI-ALNS,stage2_component_transmit_j_j,24,21,7,0.3687885836197067,0.36878858361970673,0.2938150361627397,0.4246577832768806
paired,50,GR-MR,stage2_component_transmit_j_j,24,21,7,0.273295135894217,0.27329513589421706,0.169950540111834,0.36476685925348706
paired,50,FTR-NM,stage2_component_transmit_j_j,24,23,8,0.18515284112510427,0.19460294659381297,0.06869286885245277,0.30759887117595236
paired,50,RGA-MR,stage2_component_transmit_j_j,24,23,8,0.2570148859252613,0.2620147532855906,0.16935312119695362,0.34273193498361654
paired,50,B-ALNS,stage2_component_transmit_j_j,24,23,8,-0.06031926372962211,-0.05448621427629736,-0.1169820755208275,-0.010617147111699875
conditional,50,GR-MR,stage2_component_upload_hover_j_j,8,7,7,190.98689545097932,190.98689545097932,88.53014572834071,295.56880155338877
common,50,GR-MR,stage2_component_upload_hover_j_j,24,21,7,190.98689545097932,190.98689545097932,88.53014572834071,295.56880155338877
conditional,50,FTR-NM,stage2_component_upload_hover_j_j,8,8,8,325.606839122634,325.606839122634,163.29200785415398,499.8589559438368
common,50,FTR-NM,stage2_component_upload_hover_j_j,24,21,7,305.1707919091191,305.1707919091191,135.2390620247534,503.25689532330233
conditional,50,RGA-MR,stage2_component_upload_hover_j_j,24,24,8,193.26862294690966,193.26862294690966,105.37860778429709,284.23589850482153
common,50,RGA-MR,stage2_component_upload_hover_j_j,24,21,7,190.6911241638695,190.69112416386946,93.37760020502385,293.3223920386041
conditional,50,B-ALNS,stage2_component_upload_hover_j_j,24,24,8,802.7766579776767,802.7766579776767,675.2624087253715,934.8507378862611
common,50,B-ALNS,stage2_component_upload_hover_j_j,24,21,7,819.8842268625236,819.8842268625235,673.5447565792816,962.1133790792918
conditional,50,ESI-ALNS,stage2_component_upload_hover_j_j,24,23,8,695.9125213728425,708.5930657670162,551.8288575091801,825.0617475931524
common,50,ESI-ALNS,stage2_component_upload_hover_j_j,24,21,7,737.5771672394134,737.5771672394134,587.6300723254792,849.3155665537613
paired,50,GR-MR,stage2_component_upload_hover_j_j,24,21,7,546.590271788434,546.590271788434,339.901080223668,729.5337185069741
paired,50,FTR-NM,stage2_component_upload_hover_j_j,24,23,8,370.3056822502085,389.2058931876259,137.3857377049055,615.1977423519046
paired,50,RGA-MR,stage2_component_upload_hover_j_j,24,23,8,514.0297718505225,524.0295065711812,338.7062423939072,685.463869967233
paired,50,B-ALNS,stage2_component_upload_hover_j_j,24,23,8,-120.63852745924423,-108.97242855259472,-233.96415104165501,-21.234294223399747
conditional,50,GR-MR,stage2_energy_j,8,7,7,226449.47424658173,226449.47424658173,221767.30129674778,231105.2479063534
common,50,GR-MR,stage2_energy_j,24,21,7,226449.47424658173,226449.47424658173,221767.30129674778,231105.2479063534
conditional,50,FTR-NM,stage2_energy_j,8,8,8,227825.42079183203,227825.42079183203,222747.09999617565,233386.70917740182
common,50,FTR-NM,stage2_energy_j,24,21,7,227533.74451793398,227533.74451793396,221916.78447596286,233931.68386015642
conditional,50,RGA-MR,stage2_energy_j,24,24,8,227392.40859212427,227392.40859212427,222559.39972017723,232019.58872870132
common,50,RGA-MR,stage2_energy_j,24,21,7,226148.75394630927,226148.75394630927,221346.19407756114,230959.84454920323
conditional,50,B-ALNS,stage2_energy_j,24,24,8,165967.10849851512,165967.10849851512,158390.27038001415,173243.32554689658
common,50,B-ALNS,stage2_energy_j,24,21,7,164121.4663668642,164121.46636686416,156335.1097171168,171639.75893026887
conditional,50,ESI-ALNS,stage2_energy_j,24,23,8,163468.05740269477,162952.32002936208,156865.32420368417,170066.91036346453
common,50,ESI-ALNS,stage2_energy_j,24,21,7,161773.49174745873,161773.49174745876,155097.88031145046,168708.92387418842
paired,50,GR-MR,stage2_energy_j,24,21,7,-64675.98249912298,-64675.98249912298,-69963.19142698278,-58965.65942059077
paired,50,FTR-NM,stage2_energy_j,24,23,8,-64357.36338913724,-64784.32972258793,-69254.49127445502,-58857.67893438392
paired,50,RGA-MR,stage2_energy_j,24,23,8,-64481.7910890388,-64449.36925289454,-68926.39685752749,-59425.78772780455
paired,50,B-ALNS,stage2_energy_j,24,23,8,-2083.655300241897,-2164.100310422098,-3746.1190116925172,-628.8833860116146
conditional,50,GR-MR,stage2_replay_s,8,7,7,0.5408759385714258,0.5408759385714258,0.4482194247142713,0.6818915015714302
common,50,GR-MR,stage2_replay_s,24,21,7,0.5408759385714258,0.5408759385714258,0.4482194247142713,0.6818915015714302
conditional,50,FTR-NM,stage2_replay_s,8,8,8,0.5285161362500013,0.5285161362500013,0.43810434181562236,0.6677263628750083
common,50,FTR-NM,stage2_replay_s,24,21,7,0.5304589197142897,0.5304589197142897,0.4364449092857155,0.6895653631428657
conditional,50,RGA-MR,stage2_replay_s,24,24,8,0.5428549898750035,0.5428549898750035,0.4765487335760426,0.6628237704166734
common,50,RGA-MR,stage2_replay_s,24,21,7,0.5476417633333367,0.5476417633333367,0.47348359323809286,0.6851209942940554
conditional,50,B-ALNS,stage2_replay_s,24,24,8,0.7337218068750033,0.7337218068750033,0.5781605029583355,0.8968334974552106
common,50,B-ALNS,stage2_replay_s,24,21,7,0.7454336294285759,0.7454336294285759,0.5674996575714317,0.9236815306190528
conditional,50,ESI-ALNS,stage2_replay_s,24,23,8,0.6549745622291627,0.6642864999130387,0.5063495938749915,0.8313839154786435
common,50,ESI-ALNS,stage2_replay_s,24,21,7,0.6855709289047551,0.6855709289047551,0.5187706169523693,0.868766531142856
paired,50,GR-MR,stage2_replay_s,24,21,7,0.14469499033332936,0.14469499033332936,-0.1253160901964357,0.40334533528571603
paired,50,FTR-NM,stage2_replay_s,24,23,8,0.12645842597916138,0.1351790817391235,-0.08979286943751201,0.35366737456041675
paired,50,RGA-MR,stage2_replay_s,24,23,8,0.10928201868749216,0.11800071556520889,-0.1205542106875098,0.32907567449998965
paired,50,B-ALNS,stage2_replay_s,24,23,8,-0.09256220052083997,-0.08261017878261674,-0.205925561979166,-0.004093654663549933
conditional,50,GR-MR,total_distance_m,8,7,7,11983.894739387573,11983.894739387573,11724.778105907839,12241.873264825908
common,50,GR-MR,total_distance_m,24,21,7,11983.894739387573,11983.894739387573,11724.778105907839,12241.873264825908
conditional,50,FTR-NM,total_distance_m,8,8,8,12052.156983681947,12052.156983681947,11771.354825495817,12356.901148148605
common,50,FTR-NM,total_distance_m,24,21,7,12037.681440398637,12037.681440398635,11725.596313191407,12391.991714707789
conditional,50,RGA-MR,total_distance_m,24,24,8,12035.936602425292,12035.936602425292,11768.892251680008,12291.763836597349
common,50,RGA-MR,total_distance_m,24,21,7,11967.439447063178,11967.439447063176,11702.850582891791,12234.735621648651
conditional,50,B-ALNS,total_distance_m,24,24,8,8584.855804270932,8584.855804270934,8166.521545483578,8987.442343790002
common,50,B-ALNS,total_distance_m,24,21,7,8481.18771847585,8481.18771847585,8054.951700641147,8893.071514001098
conditional,50,ESI-ALNS,total_distance_m,24,23,8,8451.85526913502,8422.505034914448,8085.551370178632,8819.184784279127
common,50,ESI-ALNS,total_distance_m,24,21,7,8355.418785267424,8355.418785267422,7982.563957285673,8736.507182752497
paired,50,GR-MR,total_distance_m,24,21,7,-3628.47595412015,-3628.4759541201506,-3922.5251011324167,-3312.588298665902
paired,50,FTR-NM,total_distance_m,24,23,8,-3600.3017145469266,-3625.2463486377965,-3876.6836586484455,-3285.170841793859
paired,50,RGA-MR,total_distance_m,24,23,8,-3615.7937644332687,-3614.645428847938,-3859.8894455696295,-3334.715434608479
paired,50,B-ALNS,total_distance_m,24,23,8,-109.06579317010832,-114.14935752959671,-202.79508754550312,-28.201021091801334
conditional,50,GR-MR,total_to_resources_s,8,0,0,,,,
common,50,GR-MR,total_to_resources_s,24,0,0,,,,
conditional,50,FTR-NM,total_to_resources_s,8,0,0,,,,
common,50,FTR-NM,total_to_resources_s,24,0,0,,,,
conditional,50,RGA-MR,total_to_resources_s,24,0,0,,,,
common,50,RGA-MR,total_to_resources_s,24,0,0,,,,
conditional,50,B-ALNS,total_to_resources_s,24,0,0,,,,
common,50,B-ALNS,total_to_resources_s,24,0,0,,,,
conditional,50,ESI-ALNS,total_to_resources_s,24,0,0,,,,
common,50,ESI-ALNS,total_to_resources_s,24,0,0,,,,
paired,50,GR-MR,total_to_resources_s,24,0,0,,,,
paired,50,FTR-NM,total_to_resources_s,24,0,0,,,,
paired,50,RGA-MR,total_to_resources_s,24,0,0,,,,
paired,50,B-ALNS,total_to_resources_s,24,0,0,,,,
conditional,50,GR-MR,total_with_audit_s,8,0,0,,,,
common,50,GR-MR,total_with_audit_s,24,0,0,,,,
conditional,50,FTR-NM,total_with_audit_s,8,0,0,,,,
common,50,FTR-NM,total_with_audit_s,24,0,0,,,,
conditional,50,RGA-MR,total_with_audit_s,24,0,0,,,,
common,50,RGA-MR,total_with_audit_s,24,0,0,,,,
conditional,50,B-ALNS,total_with_audit_s,24,0,0,,,,
common,50,B-ALNS,total_with_audit_s,24,0,0,,,,
conditional,50,ESI-ALNS,total_with_audit_s,24,0,0,,,,
common,50,ESI-ALNS,total_with_audit_s,24,0,0,,,,
paired,50,GR-MR,total_with_audit_s,24,0,0,,,,
paired,50,FTR-NM,total_with_audit_s,24,0,0,,,,
paired,50,RGA-MR,total_with_audit_s,24,0,0,,,,
paired,50,B-ALNS,total_with_audit_s,24,0,0,,,,
conditional,60,GR-MR,both_stages_qualified_rate,8,8,8,0.75,0.75,0.375,1.0
common,60,GR-MR,both_stages_qualified_rate,24,24,8,0.75,0.75,0.375,1.0
conditional,60,FTR-NM,both_stages_qualified_rate,8,8,8,0.625,0.625,0.25,0.875
common,60,FTR-NM,both_stages_qualified_rate,24,24,8,0.625,0.625,0.25,0.875
conditional,60,RGA-MR,both_stages_qualified_rate,24,24,8,0.75,0.75,0.375,1.0
common,60,RGA-MR,both_stages_qualified_rate,24,24,8,0.75,0.75,0.375,1.0
conditional,60,B-ALNS,both_stages_qualified_rate,24,24,8,0.9583333333333333,0.9583333333333334,0.875,1.0
common,60,B-ALNS,both_stages_qualified_rate,24,24,8,0.9583333333333333,0.9583333333333334,0.875,1.0
conditional,60,ESI-ALNS,both_stages_qualified_rate,24,24,8,0.9583333333333333,0.9583333333333334,0.875,1.0
common,60,ESI-ALNS,both_stages_qualified_rate,24,24,8,0.9583333333333333,0.9583333333333334,0.875,1.0
paired,60,GR-MR,both_stages_qualified_rate,24,24,8,0.20833333333333334,0.20833333333333334,-0.08333333333333333,0.5416666666666667
paired,60,FTR-NM,both_stages_qualified_rate,24,24,8,0.33333333333333337,0.3333333333333333,0.0,0.75
paired,60,RGA-MR,both_stages_qualified_rate,24,24,8,0.20833333333333334,0.20833333333333334,-0.08333333333333333,0.5416666666666667
paired,60,B-ALNS,both_stages_qualified_rate,24,24,8,0.0,0.0,0.0,0.0
conditional,60,GR-MR,contacts,8,6,6,2.0,2.0,1.1666666666666667,3.0
common,60,GR-MR,contacts,24,14,5,1.8,1.8571428571428572,1.0,3.0
conditional,60,FTR-NM,contacts,8,5,5,2.2,2.2,1.2,3.2
common,60,FTR-NM,contacts,24,14,5,2.2,2.142857142857143,1.2,3.2
conditional,60,RGA-MR,contacts,24,18,6,2.055555555555556,2.0555555555555554,1.1666666666666667,3.055555555555556
common,60,RGA-MR,contacts,24,14,5,1.8,1.8571428571428572,1.0,3.0
conditional,60,B-ALNS,contacts,24,23,8,3.9166666666666665,3.8260869565217392,3.416666666666667,4.583333333333333
common,60,B-ALNS,contacts,24,14,5,4.066666666666667,3.9285714285714284,3.4,5.066666666666666
conditional,60,ESI-ALNS,contacts,24,23,8,3.6041666666666665,3.5217391304347827,3.083333333333333,4.270833333333333
common,60,ESI-ALNS,contacts,24,14,5,3.7,3.5714285714285716,3.066666666666667,4.633333333333333
paired,60,GR-MR,contacts,24,17,6,1.8055555555555556,1.6470588235294117,0.5555555555555557,3.111111111111111
paired,60,FTR-NM,contacts,24,14,5,1.5000000000000002,1.4285714285714286,0.4,2.2333333333333334
paired,60,RGA-MR,contacts,24,17,6,1.7500000000000002,1.588235294117647,0.5555555555555556,3.0833333333333335
paired,60,B-ALNS,contacts,24,23,8,-0.3125,-0.30434782608695654,-0.4583333333333333,-0.16666666666666666
conditional,60,GR-MR,cpu_stage2_minus_stage1,8,6,6,-0.5377131040266332,-0.5377131040266332,-0.7013235864034302,-0.3543592523716159
common,60,GR-MR,cpu_stage2_minus_stage1,24,14,5,-0.6123852731783204,-0.6121274803654694,-0.7468084049376592,-0.4785210580446876
conditional,60,FTR-NM,cpu_stage2_minus_stage1,8,5,5,-0.7962459263651791,-0.7962459263651792,-1.064860680716812,-0.5072047489591107
common,60,FTR-NM,cpu_stage2_minus_stage1,24,14,5,-0.7962459263651791,-0.7629301230118932,-1.064860680716812,-0.5072047489591107
conditional,60,RGA-MR,cpu_stage2_minus_stage1,24,18,6,-0.6075050441438755,-0.6075050441438755,-0.7195243206099912,-0.502779997250854
common,60,RGA-MR,cpu_stage2_minus_stage1,24,14,5,-0.6155278437504823,-0.6154945202642145,-0.7499509755098213,-0.4832479906760131
conditional,60,B-ALNS,cpu_stage2_minus_stage1,24,23,8,-0.7258913989619034,-0.7309628095449655,-0.8637152187757493,-0.5789295879084233
common,60,B-ALNS,cpu_stage2_minus_stage1,24,14,5,-0.6792261759794721,-0.6842245488671862,-0.8219029560889876,-0.5110354560800128
conditional,60,ESI-ALNS,cpu_stage2_minus_stage1,24,23,8,-0.7323033748559928,-0.7437405463259879,-0.8506733630218137,-0.6092880252367563
common,60,ESI-ALNS,cpu_stage2_minus_stage1,24,14,5,-0.6931203762931071,-0.7091112295250357,-0.8632186996133486,-0.5230220529728655
paired,60,GR-MR,cpu_stage2_minus_stage1,24,17,6,-0.1721729747995059,-0.19093291105313145,-0.40485761672281706,0.03415260949432003
paired,60,FTR-NM,cpu_stage2_minus_stage1,24,14,5,0.10312555007207218,0.05381889348685746,-0.1986384700202146,0.45637523868498314
paired,60,RGA-MR,cpu_stage2_minus_stage1,24,17,6,-0.10238103468226363,-0.11703556269369844,-0.25669075170861155,0.03744034013203857
paired,60,B-ALNS,cpu_stage2_minus_stage1,24,23,8,-0.006411975894089445,-0.012777736781022446,-0.07674282691303075,0.0634759167260323
conditional,60,GR-MR,energy_stage2_minus_stage1_j,8,6,6,0.21181491287522172,0.21181491287522172,0.19244966249001058,0.23137306162971072
common,60,GR-MR,energy_stage2_minus_stage1_j,24,14,5,0.20574429266271183,0.20712799031753093,0.18492218509782105,0.22656640022760258
conditional,60,FTR-NM,energy_stage2_minus_stage1_j,8,5,5,0.2089199581881985,0.2089199581881985,0.188858281460125,0.22898163491627202
common,60,FTR-NM,energy_stage2_minus_stage1_j,24,14,5,0.2089199581881985,0.20997313716049706,0.188858281460125,0.22898163491627202
conditional,60,RGA-MR,energy_stage2_minus_stage1_j,24,18,6,0.21482360896091754,0.21482360896091754,0.1926926162549838,0.23956374192493968
common,60,RGA-MR,energy_stage2_minus_stage1_j,24,14,5,0.20580145132844335,0.20718923174510046,0.18503650242928416,0.22656640022760258
conditional,60,B-ALNS,energy_stage2_minus_stage1_j,24,23,8,0.1749190776481555,0.1750548193319802,0.17021868313105792,0.17974840224208793
common,60,B-ALNS,energy_stage2_minus_stage1_j,24,14,5,0.1740227836135697,0.17418176680595415,0.16879239116775957,0.17992647102995155
conditional,60,ESI-ALNS,energy_stage2_minus_stage1_j,24,23,8,0.1696767914387844,0.16958991336666615,0.16754418742372462,0.17202218092255253
common,60,ESI-ALNS,energy_stage2_minus_stage1_j,24,14,5,0.17119568246028696,0.1711614464147715,0.1683498677040916,0.17404149721648232
paired,60,GR-MR,energy_stage2_minus_stage1_j,24,17,6,-0.04130047363772368,-0.04286535218125209,-0.0625922667240957,-0.02182655521836649
paired,60,FTR-NM,energy_stage2_minus_stage1_j,24,14,5,-0.03772427572791154,-0.03881169074572556,-0.05875207118224353,-0.017733337638977293
paired,60,RGA-MR,energy_stage2_minus_stage1_j,24,17,6,-0.04430916972341947,-0.04605103038963588,-0.07032419572836565,-0.021921819661252406
paired,60,B-ALNS,energy_stage2_minus_stage1_j,24,23,8,-0.0052422862093711355,-0.005464905965314044,-0.01021137615545437,0.00010167044032035222
conditional,60,GR-MR,independent_audit_s,8,0,0,,,,
common,60,GR-MR,independent_audit_s,24,0,0,,,,
conditional,60,FTR-NM,independent_audit_s,8,0,0,,,,
common,60,FTR-NM,independent_audit_s,24,0,0,,,,
conditional,60,RGA-MR,independent_audit_s,24,0,0,,,,
common,60,RGA-MR,independent_audit_s,24,0,0,,,,
conditional,60,B-ALNS,independent_audit_s,24,0,0,,,,
common,60,B-ALNS,independent_audit_s,24,0,0,,,,
conditional,60,ESI-ALNS,independent_audit_s,24,0,0,,,,
common,60,ESI-ALNS,independent_audit_s,24,0,0,,,,
paired,60,GR-MR,independent_audit_s,24,0,0,,,,
paired,60,FTR-NM,independent_audit_s,24,0,0,,,,
paired,60,RGA-MR,independent_audit_s,24,0,0,,,,
paired,60,B-ALNS,independent_audit_s,24,0,0,,,,
conditional,60,GR-MR,initialization_s,8,0,0,,,,
common,60,GR-MR,initialization_s,24,0,0,,,,
conditional,60,FTR-NM,initialization_s,8,0,0,,,,
common,60,FTR-NM,initialization_s,24,0,0,,,,
conditional,60,RGA-MR,initialization_s,24,0,0,,,,
common,60,RGA-MR,initialization_s,24,0,0,,,,
conditional,60,B-ALNS,initialization_s,24,0,0,,,,
common,60,B-ALNS,initialization_s,24,0,0,,,,
conditional,60,ESI-ALNS,initialization_s,24,0,0,,,,
common,60,ESI-ALNS,initialization_s,24,0,0,,,,
paired,60,GR-MR,initialization_s,24,0,0,,,,
paired,60,FTR-NM,initialization_s,24,0,0,,,,
paired,60,RGA-MR,initialization_s,24,0,0,,,,
paired,60,B-ALNS,initialization_s,24,0,0,,,,
conditional,60,GR-MR,mean_delay_s,8,6,6,210.5487986341351,210.5487986341351,203.91914254398907,215.8637287933684
common,60,GR-MR,mean_delay_s,24,14,5,209.74594606734973,209.45623363460632,201.9425870276355,216.1238622584297
conditional,60,FTR-NM,mean_delay_s,8,5,5,209.33417359985688,209.33417359985685,201.71034962122354,215.62136756212448
common,60,FTR-NM,mean_delay_s,24,14,5,209.33417359985688,209.12967788596356,201.71034962122354,215.62136756212448
conditional,60,RGA-MR,mean_delay_s,24,18,6,210.39735139739034,210.39735139739034,203.91914254398907,215.65963401680418
common,60,RGA-MR,mean_delay_s,24,14,5,209.68276901956634,209.38854394055272,201.9425870276355,215.99750816286297
conditional,60,B-ALNS,mean_delay_s,24,23,8,213.8823243500423,213.41629808966192,206.84193075788102,220.57475546120816
common,60,B-ALNS,mean_delay_s,24,14,5,214.32860601889107,213.59486871032678,203.8503993674013,224.57929176407714
conditional,60,ESI-ALNS,mean_delay_s,24,23,8,213.34328801655946,212.85478665107505,206.14169410365866,219.98445663273284
common,60,ESI-ALNS,mean_delay_s,24,14,5,213.42842917481056,212.6319727285327,203.2852326133209,223.21395258838297
paired,60,GR-MR,mean_delay_s,24,17,6,3.8925766458419226,3.487616489894753,-1.3501002253894223,8.994363925092753
paired,60,FTR-NM,mean_delay_s,24,14,5,4.094255574953701,3.5022948425691465,-2.6936530618825087,10.882164211789911
paired,60,RGA-MR,mean_delay_s,24,17,6,4.044023882586676,3.647972387624492,-1.1659253955853581,9.09316362201804
paired,60,B-ALNS,mean_delay_s,24,23,8,-0.5390363334828502,-0.5615114385868678,-1.3423841831436207,0.3420940872703824
conditional,60,GR-MR,min_deadline_slack_s,8,6,6,-2.138364673479979e-07,-2.138364673479979e-07,-4.972328232118647e-07,1.8536591520993777e-09
common,60,GR-MR,min_deadline_slack_s,24,14,5,-1.6824098452161708e-07,-1.8050086225684936e-07,-5.079681443476147e-07,2.339390903216554e-09
conditional,60,FTR-NM,min_deadline_slack_s,8,5,5,3.741263299161801e-10,3.741263299161801e-10,-1.6375179257011042e-08,2.155251195290475e-08
common,60,FTR-NM,min_deadline_slack_s,24,14,5,3.741263299161801e-10,3.6979689152108873e-10,-1.6375179257011042e-08,2.155251195290475e-08
conditional,60,RGA-MR,min_deadline_slack_s,24,18,6,-1.6799655908370266e-07,-1.6799655908370266e-07,-4.509144875757758e-07,1.8705053308723208e-09
common,60,RGA-MR,min_deadline_slack_s,24,14,5,-1.6822076910708955e-07,-1.8047920288414128e-07,-5.079479289330871e-07,2.339390903216554e-09
conditional,60,B-ALNS,min_deadline_slack_s,24,23,8,-1.3615701869677346e-07,-1.4200117240524496e-07,-3.3428050490632205e-07,-2.3483406715503954e-08
common,60,B-ALNS,min_deadline_slack_s,24,14,5,-1.9224654010940866e-07,-2.0585404415994291e-07,-5.055747067217454e-07,-1.466749684671716e-08
conditional,60,ESI-ALNS,min_deadline_slack_s,24,23,8,-7.294707652742241e-08,-7.466110095383952e-08,-1.3252561240998753e-07,-3.1340794256114655e-08
common,60,ESI-ALNS,min_deadline_slack_s,24,14,5,-8.276192791830301e-08,-8.627888600390829e-08,-1.743097451859891e-07,-2.2647473466956095e-08
paired,60,GR-MR,min_deadline_slack_s,24,17,6,1.4046159435565642e-07,1.5089591275842822e-07,-1.193753607569508e-07,4.6306789000835937e-07
paired,60,FTR-NM,min_deadline_slack_s,24,14,5,-8.313605424821919e-08,-8.664868289542937e-08,-1.7394039180847659e-07,-1.1891413957224964e-08
paired,60,RGA-MR,min_deadline_slack_s,24,17,6,9.462168609136118e-08,1.0235953930211562e-07,-1.266608419727946e-07,3.9937123723632187e-07
paired,60,B-ALNS,min_deadline_slack_s,24,23,8,6.320994216935105e-08,6.734007145140546e-08,-2.6067106991452722e-08,2.0817868232233152e-07
conditional,60,GR-MR,normalized_mec_cpu,8,6,6,0.47532298622360364,0.47532298622360364,0.2598522437927881,0.7039028099645913
common,60,GR-MR,normalized_mec_cpu,24,14,5,0.4071479361756992,0.42092604330686606,0.21830011062209284,0.6634230236198609
conditional,60,FTR-NM,normalized_mec_cpu,8,5,5,0.3538846921841968,0.3538846921841968,0.12781340513223188,0.5799559792361617
common,60,FTR-NM,normalized_mec_cpu,24,14,5,0.3538846921841968,0.35825292208329423,0.12781340513223188,0.5799559792361617
conditional,60,RGA-MR,normalized_mec_cpu,24,18,6,0.49319700875241573,0.4931970087524157,0.2560056261580219,0.7459347803677833
common,60,RGA-MR,normalized_mec_cpu,24,14,5,0.40253199501397974,0.41598039206216675,0.21368416946037344,0.6634230236198609
conditional,60,B-ALNS,normalized_mec_cpu,24,23,8,0.8479994360070621,0.8299497899829464,0.6706513734320185,1.0225304587934922
common,60,B-ALNS,normalized_mec_cpu,24,14,5,0.8379589403856368,0.8075887722302023,0.5763441236002941,1.0995737571709796
conditional,60,ESI-ALNS,normalized_mec_cpu,24,23,8,0.8277767814491472,0.8021187556758373,0.641812596888985,1.0365875652102132
common,60,ESI-ALNS,normalized_mec_cpu,24,14,5,0.8090919812457761,0.7656048817465262,0.5256909586306318,1.1394213526613484
paired,60,GR-MR,normalized_mec_cpu,24,17,6,0.3636906559726077,0.3142808746830017,0.15322467111801943,0.7148030008157701
paired,60,FTR-NM,normalized_mec_cpu,24,14,5,0.45520728906157926,0.407351959663232,0.18585790017313866,0.8223425587761298
paired,60,RGA-MR,normalized_mec_cpu,24,17,6,0.3458166334437956,0.2953554390642595,0.11527243642074891,0.7046120205359688
paired,60,B-ALNS,normalized_mec_cpu,24,23,8,-0.020222654557914777,-0.02783103430710904,-0.10993054158192749,0.0671767720516248
conditional,60,GR-MR,offload_ratio,8,6,6,0.05555555555555555,0.05555555555555556,0.03333333333333333,0.07777777777777778
common,60,GR-MR,offload_ratio,24,14,5,0.056666666666666664,0.05357142857142857,0.03,0.08333333333333333
conditional,60,FTR-NM,offload_ratio,8,5,5,0.056666666666666664,0.05666666666666667,0.03,0.08333333333333333
common,60,FTR-NM,offload_ratio,24,14,5,0.056666666666666664,0.05357142857142857,0.03,0.08333333333333333
conditional,60,RGA-MR,offload_ratio,24,18,6,0.05648148148148147,0.05648148148148148,0.03425925925925926,0.0787037037037037
common,60,RGA-MR,offload_ratio,24,14,5,0.056666666666666664,0.05357142857142857,0.03,0.08333333333333333
conditional,60,B-ALNS,offload_ratio,24,23,8,0.11562499999999999,0.11231884057971014,0.09375,0.14201388888888888
common,60,B-ALNS,offload_ratio,24,14,5,0.11944444444444444,0.11428571428571428,0.09,0.1561111111111111
conditional,60,ESI-ALNS,offload_ratio,24,23,8,0.11145833333333333,0.10797101449275362,0.08680555555555557,0.13993055555555556
common,60,ESI-ALNS,offload_ratio,24,14,5,0.11388888888888889,0.10833333333333334,0.08222222222222222,0.15388888888888888
paired,60,GR-MR,offload_ratio,24,17,6,0.06342592592592593,0.061764705882352944,0.04537037037037037,0.08287037037037037
paired,60,FTR-NM,offload_ratio,24,14,5,0.05722222222222223,0.05476190476190476,0.04,0.07611111111111112
paired,60,RGA-MR,offload_ratio,24,17,6,0.0625,0.060784313725490195,0.04490740740740742,0.0810185185185185
paired,60,B-ALNS,offload_ratio,24,23,8,-0.004166666666666667,-0.004347826086956522,-0.0076388888888888895,-1.3010426069826053e-18
conditional,60,GR-MR,original_construction_search_s,8,8,8,0.18690406837500184,0.18690406837500184,0.1336371415000004,0.2395562215875053
common,60,GR-MR,original_construction_search_s,24,24,8,0.18690406837500184,0.18690406837500184,0.1336371415000004,0.2395562215875053
conditional,60,FTR-NM,original_construction_search_s,8,8,8,0.10952758587499734,0.10952758587499734,0.08175697887500011,0.13962375899999113
common,60,FTR-NM,original_construction_search_s,24,24,8,0.10952758587499734,0.10952758587499734,0.08175697887500011,0.13962375899999113
conditional,60,RGA-MR,original_construction_search_s,24,24,8,24.858182282916665,24.858182282916665,20.362087394416665,29.507975422541666
common,60,RGA-MR,original_construction_search_s,24,24,8,24.858182282916665,24.858182282916665,20.362087394416665,29.507975422541666
conditional,60,B-ALNS,original_construction_search_s,24,24,8,19.84903673925,19.84903673925,16.618222041708336,23.43049391575
common,60,B-ALNS,original_construction_search_s,24,24,8,19.84903673925,19.84903673925,16.618222041708336,23.43049391575
conditional,60,ESI-ALNS,original_construction_search_s,24,24,8,24.78129338041667,24.78129338041667,20.836159592291672,29.270595101750004
common,60,ESI-ALNS,original_construction_search_s,24,24,8,24.78129338041667,24.78129338041667,20.836159592291672,29.270595101750004
paired,60,GR-MR,original_construction_search_s,24,24,8,24.59438931204167,24.594389312041667,20.691033017375,29.046100301375
paired,60,FTR-NM,original_construction_search_s,24,24,8,24.67176579454167,24.67176579454167,20.74877468041667,29.13389266325002
paired,60,RGA-MR,original_construction_search_s,24,24,8,-0.07688890249999814,-0.07688890249999769,-4.3935975396666676,4.642955866278126
paired,60,B-ALNS,original_construction_search_s,24,24,8,4.932256641166669,4.932256641166669,3.954780467134378,5.994174890916668
conditional,60,GR-MR,original_independent_audit_s,8,8,8,0.004036942749999106,0.004036942749999106,0.0021875786249969664,0.005533050500000414
common,60,GR-MR,original_independent_audit_s,24,24,8,0.004036942749999106,0.004036942749999106,0.0021875786249969664,0.005533050500000414
conditional,60,FTR-NM,original_independent_audit_s,8,8,8,0.0033012142500039587,0.0033012142500039587,0.0014203993937516482,0.005027372500007843
common,60,FTR-NM,original_independent_audit_s,24,24,8,0.0033012142500039587,0.0033012142500039587,0.0014203993937516482,0.005027372500007843
conditional,60,RGA-MR,original_independent_audit_s,24,24,8,0.004005103083334719,0.00400510308333472,0.002196589018747197,0.0055479842083364286
common,60,RGA-MR,original_independent_audit_s,24,24,8,0.004005103083334719,0.00400510308333472,0.002196589018747197,0.0055479842083364286
conditional,60,B-ALNS,original_independent_audit_s,24,24,8,0.005670629458333151,0.00567062945833315,0.005172024007291953,0.006107998418747436
common,60,B-ALNS,original_independent_audit_s,24,24,8,0.005670629458333151,0.00567062945833315,0.005172024007291953,0.006107998418747436
conditional,60,ESI-ALNS,original_independent_audit_s,24,24,8,0.005608169083332726,0.005608169083332726,0.005070547056247365,0.006080446722917246
common,60,ESI-ALNS,original_independent_audit_s,24,24,8,0.005608169083332726,0.005608169083332726,0.005070547056247365,0.006080446722917246
paired,60,GR-MR,original_independent_audit_s,24,24,8,0.0015712263333336196,0.0015712263333336196,7.206241666561178e-05,0.0035209567437506422
paired,60,FTR-NM,original_independent_audit_s,24,24,8,0.002306954833328767,0.002306954833328767,0.00041504599998987146,0.004502171666664741
paired,60,RGA-MR,original_independent_audit_s,24,24,8,0.0016030659999980064,0.0016030659999980064,0.00014563116874571533,0.003583459731248302
paired,60,B-ALNS,original_independent_audit_s,24,24,8,-6.246037500042453e-05,-6.246037500042452e-05,-0.00015488025625284653,3.441288645909716e-05
conditional,60,GR-MR,original_initialization_s,8,8,8,0.18690406837500184,0.18690406837500184,0.1336371415000004,0.2395562215875053
common,60,GR-MR,original_initialization_s,24,24,8,0.18690406837500184,0.18690406837500184,0.1336371415000004,0.2395562215875053
conditional,60,FTR-NM,original_initialization_s,8,8,8,0.10952758587499734,0.10952758587499734,0.08175697887500011,0.13962375899999113
common,60,FTR-NM,original_initialization_s,24,24,8,0.10952758587499734,0.10952758587499734,0.08175697887500011,0.13962375899999113
conditional,60,RGA-MR,original_initialization_s,24,24,8,0.0,0.0,0.0,0.0
common,60,RGA-MR,original_initialization_s,24,24,8,0.0,0.0,0.0,0.0
conditional,60,B-ALNS,original_initialization_s,24,24,8,0.18690406837500184,0.18690406837500184,0.1336371415000004,0.2395562215875053
common,60,B-ALNS,original_initialization_s,24,24,8,0.18690406837500184,0.18690406837500184,0.1336371415000004,0.2395562215875053
conditional,60,ESI-ALNS,original_initialization_s,24,24,8,0.18690406837500184,0.18690406837500184,0.1336371415000004,0.2395562215875053
common,60,ESI-ALNS,original_initialization_s,24,24,8,0.18690406837500184,0.18690406837500184,0.1336371415000004,0.2395562215875053
paired,60,GR-MR,original_initialization_s,24,24,8,0.0,0.0,0.0,0.0
paired,60,FTR-NM,original_initialization_s,24,24,8,0.0773764825000045,0.0773764825000045,0.05028440174999993,0.10266552839686972
paired,60,RGA-MR,original_initialization_s,24,24,8,0.18690406837500184,0.18690406837500184,0.1336371415000004,0.2395562215875053
paired,60,B-ALNS,original_initialization_s,24,24,8,0.0,0.0,0.0,0.0
conditional,60,GR-MR,original_resource_recompute_s,8,8,8,2.617359737750002,2.617359737750002,1.2810020930062482,4.357655087143755
common,60,GR-MR,original_resource_recompute_s,24,24,8,2.617359737750002,2.617359737750002,1.2810020930062482,4.357655087143755
conditional,60,FTR-NM,original_resource_recompute_s,8,8,8,1.6702100837500025,1.6702100837500025,0.4723429736031277,3.563498169990627
common,60,FTR-NM,original_resource_recompute_s,24,24,8,1.6702100837500025,1.6702100837500025,0.4723429736031277,3.563498169990627
conditional,60,RGA-MR,original_resource_recompute_s,24,24,8,2.3672809192499997,2.36728091925,0.7284730633750025,4.453253911958333
common,60,RGA-MR,original_resource_recompute_s,24,24,8,2.3672809192499997,2.36728091925,0.7284730633750025,4.453253911958333
conditional,60,B-ALNS,original_resource_recompute_s,24,24,8,4.768414867583335,4.768414867583335,3.23955883330625,6.2349846837843765
common,60,B-ALNS,original_resource_recompute_s,24,24,8,4.768414867583335,4.768414867583335,3.23955883330625,6.2349846837843765
conditional,60,ESI-ALNS,original_resource_recompute_s,24,24,8,5.180893673625002,5.180893673625002,3.5773969381354136,6.8618597209322925
common,60,ESI-ALNS,original_resource_recompute_s,24,24,8,5.180893673625002,5.180893673625002,3.5773969381354136,6.8618597209322925
paired,60,GR-MR,original_resource_recompute_s,24,24,8,2.5635339358750007,2.5635339358750007,0.6571495767499949,4.481385326079175
paired,60,FTR-NM,original_resource_recompute_s,24,24,8,3.5106835898749997,3.510683589875,1.4970741690979135,5.500345815432294
paired,60,RGA-MR,original_resource_recompute_s,24,24,8,2.8136127543750025,2.8136127543750025,0.7866271010000021,4.75714594483334
paired,60,B-ALNS,original_resource_recompute_s,24,24,8,0.4124788060416674,0.4124788060416673,-1.1744346824135472,1.7537363388750093
conditional,60,GR-MR,original_search_s,8,8,8,0.0,0.0,0.0,0.0
common,60,GR-MR,original_search_s,24,24,8,0.0,0.0,0.0,0.0
conditional,60,FTR-NM,original_search_s,8,8,8,0.0,0.0,0.0,0.0
common,60,FTR-NM,original_search_s,24,24,8,0.0,0.0,0.0,0.0
conditional,60,RGA-MR,original_search_s,24,24,8,24.858182282916665,24.858182282916665,20.362087394416665,29.507975422541666
common,60,RGA-MR,original_search_s,24,24,8,24.858182282916665,24.858182282916665,20.362087394416665,29.507975422541666
conditional,60,B-ALNS,original_search_s,24,24,8,19.662132670875,19.662132670875,16.458046893583333,23.209011520958335
common,60,B-ALNS,original_search_s,24,24,8,19.662132670875,19.662132670875,16.458046893583333,23.209011520958335
conditional,60,ESI-ALNS,original_search_s,24,24,8,24.59438931204167,24.594389312041667,20.691033017375,29.046100301375
common,60,ESI-ALNS,original_search_s,24,24,8,24.59438931204167,24.594389312041667,20.691033017375,29.046100301375
paired,60,GR-MR,original_search_s,24,24,8,24.59438931204167,24.594389312041667,20.691033017375,29.046100301375
paired,60,FTR-NM,original_search_s,24,24,8,24.59438931204167,24.594389312041667,20.691033017375,29.046100301375
paired,60,RGA-MR,original_search_s,24,24,8,-0.263792970875,-0.26379297087499953,-4.597068655372917,4.469701759881247
paired,60,B-ALNS,original_search_s,24,24,8,4.932256641166669,4.932256641166669,3.954780467134378,5.994174890916668
conditional,60,GR-MR,original_total_to_resources_s,8,8,8,2.804263806125004,2.804263806125004,1.4831376732500008,4.534618771000007
common,60,GR-MR,original_total_to_resources_s,24,24,8,2.804263806125004,2.804263806125004,1.4831376732500008,4.534618771000007
conditional,60,FTR-NM,original_total_to_resources_s,8,8,8,1.7797376696249998,1.7797376696249998,0.5835573171250017,3.666929185359381
common,60,FTR-NM,original_total_to_resources_s,24,24,8,1.7797376696249998,1.7797376696249998,0.5835573171250017,3.666929185359381
conditional,60,RGA-MR,original_total_to_resources_s,24,24,8,27.225463202166665,27.225463202166665,21.993742172508334,32.44320277825
common,60,RGA-MR,original_total_to_resources_s,24,24,8,27.225463202166665,27.225463202166665,21.993742172508334,32.44320277825
conditional,60,B-ALNS,original_total_to_resources_s,24,24,8,24.617451606833335,24.617451606833335,20.356031329249998,29.365714033708336
common,60,B-ALNS,original_total_to_resources_s,24,24,8,24.617451606833335,24.617451606833335,20.356031329249998,29.365714033708336
conditional,60,ESI-ALNS,original_total_to_resources_s,24,24,8,29.96218705404167,29.96218705404167,24.822696728541672,35.852580370754175
common,60,ESI-ALNS,original_total_to_resources_s,24,24,8,29.96218705404167,29.96218705404167,24.822696728541672,35.852580370754175
paired,60,GR-MR,original_total_to_resources_s,24,24,8,27.157923247916667,27.157923247916667,21.756315858000004,33.318851858291666
paired,60,FTR-NM,original_total_to_resources_s,24,24,8,28.18244938441667,28.18244938441667,22.856567774041665,34.395990540333344
paired,60,RGA-MR,original_total_to_resources_s,24,24,8,2.7367238518750048,2.7367238518750048,-2.7639087032510363,8.840254793708336
paired,60,B-ALNS,original_total_to_resources_s,24,24,8,5.344735447208336,5.344735447208336,3.6207503025,7.104413172333338
conditional,60,GR-MR,original_total_with_audit_s,8,8,8,2.808300748875003,2.808300748875003,1.4862452212937483,4.539607398250005
common,60,GR-MR,original_total_with_audit_s,24,24,8,2.808300748875003,2.808300748875003,1.4862452212937483,4.539607398250005
conditional,60,FTR-NM,original_total_with_audit_s,8,8,8,1.7830388838750038,1.7830388838750038,0.5866851480000035,3.6709119490218907
common,60,FTR-NM,original_total_with_audit_s,24,24,8,1.7830388838750038,1.7830388838750038,0.5866851480000035,3.6709119490218907
conditional,60,RGA-MR,original_total_with_audit_s,24,24,8,27.229468305250002,27.229468305250002,21.997561993473955,32.448555440583334
common,60,RGA-MR,original_total_with_audit_s,24,24,8,27.229468305250002,27.229468305250002,21.997561993473955,32.448555440583334
conditional,60,B-ALNS,original_total_with_audit_s,24,24,8,24.62312223629167,24.623122236291668,20.361498872977084,29.371346567708336
common,60,B-ALNS,original_total_with_audit_s,24,24,8,24.62312223629167,24.623122236291668,20.361498872977084,29.371346567708336
conditional,60,ESI-ALNS,original_total_with_audit_s,24,24,8,29.967795223125,29.967795223125005,24.828094421708336,35.85851538038542
common,60,ESI-ALNS,original_total_with_audit_s,24,24,8,29.967795223125,29.967795223125005,24.828094421708336,35.85851538038542
paired,60,GR-MR,original_total_with_audit_s,24,24,8,27.159494474250003,27.15949447425,21.757963436125003,33.31979120320834
paired,60,FTR-NM,original_total_with_audit_s,24,24,8,28.18475633925,28.18475633925,22.858304306291657,34.39867926825001
paired,60,RGA-MR,original_total_with_audit_s,24,24,8,2.738326917875003,2.738326917875003,-2.7629592142864507,8.841796385000002
paired,60,B-ALNS,original_total_with_audit_s,24,24,8,5.344672986833336,5.344672986833335,3.620662489666663,7.104283427625002
conditional,60,GR-MR,p95_delay_s,8,6,6,367.8094081630334,367.8094081630334,358.6807819230772,378.6117686378427
common,60,GR-MR,p95_delay_s,24,14,5,368.58851811177726,369.45478529515276,357.6341666238298,380.63244298584766
conditional,60,FTR-NM,p95_delay_s,8,5,5,368.58647953716434,368.58647953716434,357.63319647039305,380.62931214801773
common,60,FTR-NM,p95_delay_s,24,14,5,368.58647953716434,369.4525745488871,357.63319647039305,380.62931214801773
conditional,60,RGA-MR,p95_delay_s,24,18,6,367.9993178397872,367.9993178397871,358.8706551808145,378.6801849395361
common,60,RGA-MR,p95_delay_s,24,14,5,368.58856181459697,369.45483211960243,357.6341666238298,380.6325740943069
conditional,60,B-ALNS,p95_delay_s,24,23,8,361.3773537043505,361.4206955608164,355.1727996735345,368.4423361912687
common,60,B-ALNS,p95_delay_s,24,14,5,365.54866753607484,365.9178230025348,357.1712451886416,374.5554300801614
conditional,60,ESI-ALNS,p95_delay_s,24,23,8,362.2326076404305,362.3131344400958,356.5350226308633,369.1291315444277
common,60,ESI-ALNS,p95_delay_s,24,14,5,365.7988589348382,366.1858851981746,357.8998579401449,375.0486778809635
paired,60,GR-MR,p95_delay_s,24,17,6,-3.1455107163148113,-3.561112152780879,-14.211021210571223,7.843576181635803
paired,60,FTR-NM,p95_delay_s,24,14,5,-2.7876206023261414,-3.2666893507125354,-16.06412009896504,10.488878894312759
paired,60,RGA-MR,p95_delay_s,24,17,6,-3.335420393068542,-3.762192986990713,-14.400967306341398,7.730126520204312
paired,60,B-ALNS,p95_delay_s,24,23,8,0.8552539360799567,0.8924388792793845,-0.31573518734630895,2.573332997694635
conditional,60,GR-MR,resource_recompute_s,8,0,0,,,,
common,60,GR-MR,resource_recompute_s,24,0,0,,,,
conditional,60,FTR-NM,resource_recompute_s,8,0,0,,,,
common,60,FTR-NM,resource_recompute_s,24,0,0,,,,
conditional,60,RGA-MR,resource_recompute_s,24,0,0,,,,
common,60,RGA-MR,resource_recompute_s,24,0,0,,,,
conditional,60,B-ALNS,resource_recompute_s,24,0,0,,,,
common,60,B-ALNS,resource_recompute_s,24,0,0,,,,
conditional,60,ESI-ALNS,resource_recompute_s,24,0,0,,,,
common,60,ESI-ALNS,resource_recompute_s,24,0,0,,,,
paired,60,GR-MR,resource_recompute_s,24,0,0,,,,
paired,60,FTR-NM,resource_recompute_s,24,0,0,,,,
paired,60,RGA-MR,resource_recompute_s,24,0,0,,,,
paired,60,B-ALNS,resource_recompute_s,24,0,0,,,,
conditional,60,GR-MR,search_s,8,0,0,,,,
common,60,GR-MR,search_s,24,0,0,,,,
conditional,60,FTR-NM,search_s,8,0,0,,,,
common,60,FTR-NM,search_s,24,0,0,,,,
conditional,60,RGA-MR,search_s,24,0,0,,,,
common,60,RGA-MR,search_s,24,0,0,,,,
conditional,60,B-ALNS,search_s,24,0,0,,,,
common,60,B-ALNS,search_s,24,0,0,,,,
conditional,60,ESI-ALNS,search_s,24,0,0,,,,
common,60,ESI-ALNS,search_s,24,0,0,,,,
paired,60,GR-MR,search_s,24,0,0,,,,
paired,60,FTR-NM,search_s,24,0,0,,,,
paired,60,RGA-MR,search_s,24,0,0,,,,
paired,60,B-ALNS,search_s,24,0,0,,,,
conditional,60,GR-MR,stage1_energy_j,8,6,6,230184.17135703188,230184.17135703185,223485.238322068,236888.56532304853
common,60,GR-MR,stage1_energy_j,24,14,5,227787.44724866445,228034.95582702325,221772.2026257231,233802.69187160576
conditional,60,FTR-NM,stage1_energy_j,8,5,5,231145.66555926568,231145.66555926568,225831.09196376297,236460.23915476835
common,60,FTR-NM,stage1_energy_j,24,14,5,231145.66555926568,231115.46579596068,225831.09196376297,236460.23915476835
conditional,60,RGA-MR,stage1_energy_j,24,18,6,233119.67778338364,233119.6777833836,223650.7741230263,244781.65797424564
common,60,RGA-MR,stage1_energy_j,24,14,5,227756.7446318296,228002.0601661288,221710.79739205344,233802.69187160576
conditional,60,B-ALNS,stage1_energy_j,24,23,8,178525.37532407686,178817.90856239514,173784.60012759946,183994.14864971596
common,60,B-ALNS,stage1_energy_j,24,14,5,175590.36292928137,175861.30950689028,171137.45647425012,180651.34113602218
conditional,60,ESI-ALNS,stage1_energy_j,24,23,8,177146.01211932022,177383.88373133732,173110.4331617877,181734.40938714537
common,60,ESI-ALNS,stage1_energy_j,24,14,5,175368.0214125864,175631.8111532764,171014.65454783238,180453.65345407915
paired,60,GR-MR,stage1_energy_j,24,17,6,-54888.13740845849,-55019.94772020811,-61471.92209940033,-48351.84257303105
paired,60,FTR-NM,stage1_energy_j,24,14,5,-55777.6441466793,-55483.6546426843,-61118.30406163416,-48499.76813195458
paired,60,RGA-MR,stage1_energy_j,24,17,6,-57823.64383481022,-58128.13099516878,-69842.11297484364,-48495.134050267785
paired,60,B-ALNS,stage1_energy_j,24,23,8,-1379.3632047566553,-1434.0248310578033,-3070.348441787214,-147.23995961325133
conditional,60,GR-MR,stage1_qualified_rate,8,8,8,0.75,0.75,0.375,1.0
common,60,GR-MR,stage1_qualified_rate,24,24,8,0.75,0.75,0.375,1.0
conditional,60,FTR-NM,stage1_qualified_rate,8,8,8,0.625,0.625,0.25,0.875
common,60,FTR-NM,stage1_qualified_rate,24,24,8,0.625,0.625,0.25,0.875
conditional,60,RGA-MR,stage1_qualified_rate,24,24,8,0.75,0.75,0.375,1.0
common,60,RGA-MR,stage1_qualified_rate,24,24,8,0.75,0.75,0.375,1.0
conditional,60,B-ALNS,stage1_qualified_rate,24,24,8,0.9583333333333333,0.9583333333333334,0.875,1.0
common,60,B-ALNS,stage1_qualified_rate,24,24,8,0.9583333333333333,0.9583333333333334,0.875,1.0
conditional,60,ESI-ALNS,stage1_qualified_rate,24,24,8,0.9583333333333333,0.9583333333333334,0.875,1.0
common,60,ESI-ALNS,stage1_qualified_rate,24,24,8,0.9583333333333333,0.9583333333333334,0.875,1.0
paired,60,GR-MR,stage1_qualified_rate,24,24,8,0.20833333333333334,0.20833333333333334,-0.08333333333333333,0.5416666666666667
paired,60,FTR-NM,stage1_qualified_rate,24,24,8,0.33333333333333337,0.3333333333333333,0.0,0.75
paired,60,RGA-MR,stage1_qualified_rate,24,24,8,0.20833333333333334,0.20833333333333334,-0.08333333333333333,0.5416666666666667
paired,60,B-ALNS,stage1_qualified_rate,24,24,8,0.0,0.0,0.0,0.0
conditional,60,GR-MR,stage2_component_collection_j_j,8,6,6,12000.0,12000.0,12000.0,12000.0
common,60,GR-MR,stage2_component_collection_j_j,24,14,5,12000.0,12000.0,12000.0,12000.0
conditional,60,FTR-NM,stage2_component_collection_j_j,8,5,5,12000.0,12000.0,12000.0,12000.0
common,60,FTR-NM,stage2_component_collection_j_j,24,14,5,12000.0,12000.0,12000.0,12000.0
conditional,60,RGA-MR,stage2_component_collection_j_j,24,18,6,12000.0,12000.0,12000.0,12000.0
common,60,RGA-MR,stage2_component_collection_j_j,24,14,5,12000.0,12000.0,12000.0,12000.0
conditional,60,B-ALNS,stage2_component_collection_j_j,24,23,8,12000.0,12000.0,12000.0,12000.0
common,60,B-ALNS,stage2_component_collection_j_j,24,14,5,12000.0,12000.0,12000.0,12000.0
conditional,60,ESI-ALNS,stage2_component_collection_j_j,24,23,8,12000.0,12000.0,12000.0,12000.0
common,60,ESI-ALNS,stage2_component_collection_j_j,24,14,5,12000.0,12000.0,12000.0,12000.0
paired,60,GR-MR,stage2_component_collection_j_j,24,17,6,0.0,0.0,0.0,0.0
paired,60,FTR-NM,stage2_component_collection_j_j,24,14,5,0.0,0.0,0.0,0.0
paired,60,RGA-MR,stage2_component_collection_j_j,24,17,6,0.0,0.0,0.0,0.0
paired,60,B-ALNS,stage2_component_collection_j_j,24,23,8,0.0,0.0,0.0,0.0
conditional,60,GR-MR,stage2_component_flight_j_j,8,6,6,216970.93246178466,216970.93246178463,210477.08870461353,223621.11918281703
common,60,GR-MR,stage2_component_flight_j_j,24,14,5,214584.66579048816,214841.81079983324,208778.02144261156,220391.3101383647
conditional,60,FTR-NM,stage2_component_flight_j_j,8,5,5,217694.32571624772,217694.32571624772,212799.44161397917,222589.2098185163
common,60,FTR-NM,stage2_component_flight_j_j,24,14,5,217694.32571624772,217686.75102821641,212799.44161397917,222589.2098185163
conditional,60,RGA-MR,stage2_component_flight_j_j,24,18,6,219909.17969608222,219909.1796960822,210428.27563923257,231661.34076916636
common,60,RGA-MR,stage2_component_flight_j_j,24,14,5,214555.37795125955,214810.43097208833,208719.44576415434,220391.3101383647
conditional,60,B-ALNS,stage2_component_flight_j_j,24,23,8,164328.0290954521,164670.56331899908,159529.4605373225,169897.61621713568
common,60,B-ALNS,stage2_component_flight_j_j,24,14,5,161444.97228450878,161801.7744509828,156776.7941643266,166512.9621478001
conditional,60,ESI-ALNS,stage2_component_flight_j_j,24,23,8,163076.406696881,163367.44363675723,158885.12688548426,167871.30937144323
common,60,ESI-ALNS,stage2_component_flight_j_j,24,14,5,161365.61464540876,161721.54732867173,156764.63409440985,166464.20442617306
paired,60,GR-MR,stage2_component_flight_j_j,24,17,6,-55751.110802635354,-55818.70093338279,-62270.854477463756,-49176.837429008876
paired,60,FTR-NM,stage2_component_flight_j_j,24,14,5,-56328.71107083897,-55965.203699544676,-61432.174106335864,-49040.67610565074
paired,60,RGA-MR,stage2_component_flight_j_j,24,17,6,-58689.358036932936,-58929.78624028611,-70903.01037046895,-49466.23806190397
paired,60,B-ALNS,stage2_component_flight_j_j,24,23,8,-1251.6223985711379,-1303.11968224185,-2961.6532006352295,-20.418950703223086
conditional,60,GR-MR,stage2_component_local_compute_j_j,8,6,6,699.7742527434563,699.7742527434564,628.4953845844526,780.1013010672713
common,60,GR-MR,stage2_component_local_compute_j_j,24,14,5,708.8618722585402,697.8561344620737,625.6585589864856,794.8950965254071
conditional,60,FTR-NM,stage2_component_local_compute_j_j,8,5,5,711.1592719581589,711.159271958159,626.628236398373,795.6903075179449
common,60,FTR-NM,stage2_component_local_compute_j_j,24,14,5,711.1592719581589,700.3174054000224,626.628236398373,795.6903075179449
conditional,60,RGA-MR,stage2_component_local_compute_j_j,24,18,6,698.1007142752441,698.100714275244,624.4639786863854,779.6066963139864
common,60,RGA-MR,stage2_component_local_compute_j_j,24,14,5,707.4471518006272,696.3403625428813,622.8291180706595,794.8950965254071
conditional,60,B-ALNS,stage2_component_local_compute_j_j,24,23,8,775.7494427120957,775.1232184447123,733.0428982786805,817.9365926322832
common,60,B-ALNS,stage2_component_local_compute_j_j,24,14,5,761.2318616448813,759.16609455795,706.0455338750537,819.9516649555355
conditional,60,ESI-ALNS,stage2_component_local_compute_j_j,24,23,8,789.6188937393069,789.595689106555,741.862241844716,836.0179106251793
common,60,ESI-ALNS,stage2_component_local_compute_j_j,24,14,5,777.3810252756482,776.4687699172943,720.2422690800902,834.5197814712062
paired,60,GR-MR,stage2_component_local_compute_j_j,24,17,6,68.29400618444417,76.59304190802725,6.778079911375944,116.00994178829116
paired,60,FTR-NM,stage2_component_local_compute_j_j,24,14,5,66.2217533174892,76.1513645172719,-4.37129737719614,117.93352657789778
paired,60,RGA-MR,stage2_component_local_compute_j_j,24,17,6,69.96754465265651,78.36502381554621,7.957013626303386,118.08436758279913
paired,60,B-ALNS,stage2_component_local_compute_j_j,24,23,8,13.869451027211152,14.472470661842705,-3.7859362862496315,32.19606151132825
conditional,60,GR-MR,stage2_component_transmit_j_j,8,6,6,0.2567098737714481,0.25670987377144805,0.12031721991784246,0.4351075565063467
common,60,GR-MR,stage2_component_transmit_j_j,24,14,5,0.24693919550747148,0.24762419825999385,0.09691083250697932,0.4697192247141449
conditional,60,FTR-NM,stage2_component_transmit_j_j,8,5,5,0.37000974063866543,0.3700097406386655,0.12975668929117515,0.6706641035172317
common,60,FTR-NM,stage2_component_transmit_j_j,24,14,5,0.37000974063866543,0.36412160693724377,0.12975668929117515,0.6706641035172317
conditional,60,RGA-MR,stage2_component_transmit_j_j,24,18,6,0.25617800931290996,0.25617800931290996,0.12031721992645343,0.43457569204780855
common,60,RGA-MR,stage2_component_transmit_j_j,24,14,5,0.24693919551263804,0.24762419826552948,0.09691083251731249,0.4697192247141449
conditional,60,B-ALNS,stage2_component_transmit_j_j,24,23,8,0.7105305872015479,0.6858556120793011,0.5497766450431691,0.9049750918247214
common,60,B-ALNS,stage2_component_transmit_j_j,24,14,5,0.6918204927093148,0.6499465982590356,0.4762676096755175,0.9940343587818591
conditional,60,ESI-ALNS,stage2_component_transmit_j_j,24,23,8,0.6397582236338635,0.6132003974947134,0.4526804602769218,0.8586345492990362
common,60,ESI-ALNS,stage2_component_transmit_j_j,24,14,5,0.612292322630896,0.5666997581877946,0.38312981319226547,0.9464610693814717
paired,60,GR-MR,stage2_component_transmit_j_j,24,17,6,0.3971204835176371,0.36087821385031243,0.16226038655567704,0.6788101237652078
paired,60,FTR-NM,stage2_component_transmit_j_j,24,14,5,0.24228258199223038,0.20257815125055081,-0.06453435648043737,0.5673557829699645
paired,60,RGA-MR,stage2_component_transmit_j_j,24,17,6,0.39765234797617516,0.3614413644534704,0.1627922510185206,0.6793419882280514
paired,60,B-ALNS,stage2_component_transmit_j_j,24,23,8,-0.0707723635676844,-0.07265521458458762,-0.11154965408365985,-0.0341165114225348
conditional,60,GR-MR,stage2_component_upload_hover_j_j,8,6,6,513.4197475428961,513.4197475428962,240.6344398356849,870.2151130126935
common,60,GR-MR,stage2_component_upload_hover_j_j,24,14,5,493.8783910149429,495.2483965199877,193.82166501395864,939.4384494282897
conditional,60,FTR-NM,stage2_component_upload_hover_j_j,8,5,5,740.0194812773309,740.0194812773309,259.51337858235024,1341.3282070344635
common,60,FTR-NM,stage2_component_upload_hover_j_j,24,14,5,740.0194812773309,728.2432138744875,259.51337858235024,1341.3282070344635
conditional,60,RGA-MR,stage2_component_upload_hover_j_j,24,18,6,512.35601862582,512.35601862582,240.63443985290687,869.1513840956171
common,60,RGA-MR,stage2_component_upload_hover_j_j,24,14,5,493.87839102527613,495.2483965310589,193.821665034625,939.4384494282897
conditional,60,B-ALNS,stage2_component_upload_hover_j_j,24,23,8,1421.0611744030957,1371.711224158602,1099.5532900863382,1809.9501836494426
common,60,B-ALNS,stage2_component_upload_hover_j_j,24,14,5,1383.6409854186295,1299.8931965180711,952.5352193510349,1988.068717563718
conditional,60,ESI-ALNS,stage2_component_upload_hover_j_j,24,23,8,1279.5164472677268,1226.400794989427,905.3609205538435,1717.269098598072
common,60,ESI-ALNS,stage2_component_upload_hover_j_j,24,14,5,1224.5846452617916,1133.3995163755892,766.2596263845307,1892.9221387629434
paired,60,GR-MR,stage2_component_upload_hover_j_j,24,17,6,794.240967035274,721.7564277006248,324.5207731113541,1357.6202475304153
paired,60,FTR-NM,stage2_component_upload_hover_j_j,24,14,5,484.56516398446075,405.1563025011016,-129.06871296087462,1134.7115659399287
paired,60,RGA-MR,stage2_component_upload_hover_j_j,24,17,6,795.3046959523502,722.8827289069408,325.58450203704126,1358.6839764561025
paired,60,B-ALNS,stage2_component_upload_hover_j_j,24,23,8,-141.5447271353688,-145.3104291691752,-223.0993081673197,-68.23302284506957
conditional,60,GR-MR,stage2_energy_j,8,6,6,230184.38317194476,230184.38317194473,223485.43111488374,236888.79588671247
common,60,GR-MR,stage2_energy_j,24,14,5,227787.65299295713,228035.16295501357,221772.3875479082,233802.91843800602
conditional,60,FTR-NM,stage2_energy_j,8,5,5,231145.8744792239,231145.87447922386,225831.2808220444,236460.46813640324
common,60,FTR-NM,stage2_energy_j,24,14,5,231145.8744792239,231115.67576909784,225831.2808220444,236460.46813640324
conditional,60,RGA-MR,stage2_energy_j,24,18,6,233119.8926069926,233119.89260699257,223650.9669169176,244781.8906957805
common,60,RGA-MR,stage2_energy_j,24,14,5,227756.95043328093,228002.26735536053,221710.98242855584,233802.91843800602
conditional,60,B-ALNS,stage2_energy_j,24,23,8,178525.55024315452,178818.08361721446,173784.77387875674,183994.32765380017
common,60,B-ALNS,stage2_energy_j,24,14,5,175590.53695206495,175861.48368865708,171137.62604413735,180651.521787311
conditional,60,ESI-ALNS,stage2_energy_j,24,23,8,177146.18179611163,177384.05332125069,173110.60241305432,181734.57939147827
common,60,ESI-ALNS,stage2_energy_j,24,14,5,175368.19260826884,175631.98231472282,171014.82556252755,180453.82546619987
paired,60,GR-MR,stage2_energy_j,24,17,6,-54888.17870893212,-55019.99058556029,-61471.983169243154,-48351.86437980657
paired,60,FTR-NM,stage2_energy_j,24,14,5,-55777.68187095502,-55483.69345437504,-61118.361776847974,-48499.79547951531
paired,60,RGA-MR,stage2_energy_j,24,17,6,-57823.688143979954,-58128.17704619917,-69842.17577908156,-48495.14912704032
paired,60,B-ALNS,stage2_energy_j,24,23,8,-1379.3684470428648,-1434.0302959637686,-3070.3557342233535,-147.23966235716983
conditional,60,GR-MR,stage2_replay_s,8,6,6,0.593600526000003,0.593600526000003,0.5330906438333329,0.6555468108333381
common,60,GR-MR,stage2_replay_s,24,14,5,0.5708216618000052,0.576446160142863,0.5193361198000048,0.6227537458000085
conditional,60,FTR-NM,stage2_replay_s,8,5,5,0.7473596738000026,0.7473596738000026,0.5922760850000032,0.9916071200000033
common,60,FTR-NM,stage2_replay_s,24,14,5,0.7473596738000026,0.7541797885000027,0.5922760850000032,0.9916071200000033
conditional,60,RGA-MR,stage2_replay_s,24,18,6,0.6196477313888901,0.6196477313888901,0.5628179512777775,0.6843676749444462
common,60,RGA-MR,stage2_replay_s,24,14,5,0.5960018037666713,0.5981707732142902,0.5591167511333386,0.6310242710666727
conditional,60,B-ALNS,stage2_replay_s,24,23,8,0.8096286736250076,0.8173736973913124,0.6556508224125038,1.0353912870000113
common,60,B-ALNS,stage2_replay_s,24,14,5,0.7126278660666742,0.7184232045714367,0.6230149139333396,0.8060896180000118
conditional,60,ESI-ALNS,stage2_replay_s,24,23,8,0.7079645824374973,0.7164798952608662,0.5950484390562498,0.8346742561942613
common,60,ESI-ALNS,stage2_replay_s,24,14,5,0.6638037008333328,0.6746387946428557,0.5333254013333336,0.831258781133325
paired,60,GR-MR,stage2_replay_s,24,17,6,0.12476503758332787,0.1309257043529345,-0.007168203916670279,0.2724490392222126
paired,60,FTR-NM,stage2_replay_s,24,14,5,-0.08355597296666986,-0.0795409938571469,-0.32185332753333196,0.19601224589999616
paired,60,RGA-MR,stage2_replay_s,24,17,6,0.09481042955555019,0.10353597505881768,-0.015167198444447971,0.21031532744443382
paired,60,B-ALNS,stage2_replay_s,24,23,8,-0.10166409118751041,-0.10089380213044617,-0.2613684143333508,0.03677982034686474
conditional,60,GR-MR,total_distance_m,8,6,6,12053.940692321368,12053.940692321368,11693.171594700752,12423.3955101565
common,60,GR-MR,total_distance_m,24,14,5,11921.370321693783,11935.656155546292,11598.778969033976,12243.961674353593
conditional,60,FTR-NM,total_distance_m,8,5,5,12094.129206458205,12094.129206458207,11822.191200776619,12366.067212139795
common,60,FTR-NM,total_distance_m,24,14,5,12094.129206458205,12093.708390456466,11822.191200776619,12366.067212139795
conditional,60,RGA-MR,total_distance_m,24,18,6,12217.176649782346,12217.176649782345,11690.45975773514,12870.07448717591
common,60,RGA-MR,total_distance_m,24,14,5,11919.743219514417,11933.912831782685,11595.52476467524,12243.961674353593
conditional,60,B-ALNS,total_distance_m,24,23,8,9129.33494974734,9148.364628833282,8862.74780762903,9438.75645650754
common,60,B-ALNS,total_distance_m,24,14,5,8969.165126917153,8988.987469499045,8709.821898018145,9250.72011932223
conditional,60,ESI-ALNS,total_distance_m,24,23,8,9059.800372048941,9075.969090930956,8826.951493638013,9326.183853969065
common,60,ESI-ALNS,total_distance_m,24,14,5,8964.756369189376,8984.53040714843,8709.146338578325,9248.011357009613
paired,60,GR-MR,total_distance_m,24,17,6,-3097.2839334797422,-3101.0389407434886,-3459.4919154146532,-2732.046523833827
paired,60,FTR-NM,total_distance_m,24,14,5,-3129.3728372688315,-3109.1779833080373,-3412.898561463103,-2724.482005869486
paired,60,RGA-MR,total_distance_m,24,17,6,-3260.519890940719,-3273.8770133492285,-3939.05613169272,-2748.124336772444
paired,60,B-ALNS,total_distance_m,24,23,8,-69.53457769839679,-72.39553790232522,-164.5362889241797,-1.1343861501790107
conditional,60,GR-MR,total_to_resources_s,8,0,0,,,,
common,60,GR-MR,total_to_resources_s,24,0,0,,,,
conditional,60,FTR-NM,total_to_resources_s,8,0,0,,,,
common,60,FTR-NM,total_to_resources_s,24,0,0,,,,
conditional,60,RGA-MR,total_to_resources_s,24,0,0,,,,
common,60,RGA-MR,total_to_resources_s,24,0,0,,,,
conditional,60,B-ALNS,total_to_resources_s,24,0,0,,,,
common,60,B-ALNS,total_to_resources_s,24,0,0,,,,
conditional,60,ESI-ALNS,total_to_resources_s,24,0,0,,,,
common,60,ESI-ALNS,total_to_resources_s,24,0,0,,,,
paired,60,GR-MR,total_to_resources_s,24,0,0,,,,
paired,60,FTR-NM,total_to_resources_s,24,0,0,,,,
paired,60,RGA-MR,total_to_resources_s,24,0,0,,,,
paired,60,B-ALNS,total_to_resources_s,24,0,0,,,,
conditional,60,GR-MR,total_with_audit_s,8,0,0,,,,
common,60,GR-MR,total_with_audit_s,24,0,0,,,,
conditional,60,FTR-NM,total_with_audit_s,8,0,0,,,,
common,60,FTR-NM,total_with_audit_s,24,0,0,,,,
conditional,60,RGA-MR,total_with_audit_s,24,0,0,,,,
common,60,RGA-MR,total_with_audit_s,24,0,0,,,,
conditional,60,B-ALNS,total_with_audit_s,24,0,0,,,,
common,60,B-ALNS,total_with_audit_s,24,0,0,,,,
conditional,60,ESI-ALNS,total_with_audit_s,24,0,0,,,,
common,60,ESI-ALNS,total_with_audit_s,24,0,0,,,,
paired,60,GR-MR,total_with_audit_s,24,0,0,,,,
paired,60,FTR-NM,total_with_audit_s,24,0,0,,,,
paired,60,RGA-MR,total_with_audit_s,24,0,0,,,,
paired,60,B-ALNS,total_with_audit_s,24,0,0,,,,
conditional,70,GR-MR,both_stages_qualified_rate,8,8,8,0.375,0.375,0.125,0.75
common,70,GR-MR,both_stages_qualified_rate,24,24,8,0.375,0.375,0.125,0.75
conditional,70,FTR-NM,both_stages_qualified_rate,8,8,8,0.375,0.375,0.125,0.75
common,70,FTR-NM,both_stages_qualified_rate,24,24,8,0.375,0.375,0.125,0.75
conditional,70,RGA-MR,both_stages_qualified_rate,24,24,8,0.375,0.375,0.125,0.75
common,70,RGA-MR,both_stages_qualified_rate,24,24,8,0.375,0.375,0.125,0.75
conditional,70,B-ALNS,both_stages_qualified_rate,24,24,8,0.9166666666666666,0.9166666666666666,0.75,1.0
common,70,B-ALNS,both_stages_qualified_rate,24,24,8,0.9166666666666666,0.9166666666666666,0.75,1.0
conditional,70,ESI-ALNS,both_stages_qualified_rate,24,24,8,0.9166666666666666,0.9166666666666666,0.75,1.0
common,70,ESI-ALNS,both_stages_qualified_rate,24,24,8,0.9166666666666666,0.9166666666666666,0.75,1.0
paired,70,GR-MR,both_stages_qualified_rate,24,24,8,0.5416666666666667,0.5416666666666666,0.08333333333333334,0.875
paired,70,FTR-NM,both_stages_qualified_rate,24,24,8,0.5416666666666667,0.5416666666666666,0.08333333333333334,0.875
paired,70,RGA-MR,both_stages_qualified_rate,24,24,8,0.5416666666666667,0.5416666666666666,0.08333333333333334,0.875
paired,70,B-ALNS,both_stages_qualified_rate,24,24,8,0.0,0.0,0.0,0.0
conditional,70,GR-MR,contacts,8,3,3,3.3333333333333335,3.3333333333333335,3.0,4.0
common,70,GR-MR,contacts,24,7,3,3.3333333333333335,3.142857142857143,3.0,4.0
conditional,70,FTR-NM,contacts,8,3,3,3.6666666666666665,3.6666666666666665,3.0,4.0
common,70,FTR-NM,contacts,24,7,3,3.6666666666666665,3.857142857142857,3.0,4.0
conditional,70,RGA-MR,contacts,24,9,3,3.4444444444444446,3.4444444444444446,3.0,4.0
common,70,RGA-MR,contacts,24,7,3,3.4444444444444446,3.2857142857142856,3.0,4.0
conditional,70,B-ALNS,contacts,24,22,8,3.7083333333333335,3.6818181818181817,3.1666666666666665,4.25
common,70,B-ALNS,contacts,24,7,3,3.444444444444444,3.2857142857142856,2.6666666666666665,4.0
conditional,70,ESI-ALNS,contacts,24,22,8,3.833333333333333,3.8181818181818183,3.208333333333333,4.416666666666666
common,70,ESI-ALNS,contacts,24,7,3,3.6666666666666665,3.5714285714285716,2.6666666666666665,4.333333333333333
paired,70,GR-MR,contacts,24,7,3,0.3333333333333333,0.42857142857142855,-0.3333333333333333,1.3333333333333333
paired,70,FTR-NM,contacts,24,7,3,0.0,-0.2857142857142857,-1.3333333333333333,1.0
paired,70,RGA-MR,contacts,24,7,3,0.22222222222222224,0.2857142857142857,-0.3333333333333333,1.0
paired,70,B-ALNS,contacts,24,22,8,0.125,0.13636363636363635,0.0,0.29166666666666663
conditional,70,GR-MR,cpu_stage2_minus_stage1,8,3,3,-0.9718023242474073,-0.9718023242474073,-1.2647788304387289,-0.6844071781899199
common,70,GR-MR,cpu_stage2_minus_stage1,24,7,3,-0.9718023242474073,-1.0539152231209752,-1.2647788304387289,-0.6844071781899199
conditional,70,FTR-NM,cpu_stage2_minus_stage1,8,3,3,-0.9894892275764868,-0.9894892275764867,-1.1656291689442022,-0.6820359997591905
common,70,FTR-NM,cpu_stage2_minus_stage1,24,7,3,-0.9894892275764868,-1.077333006952857,-1.1656291689442022,-0.6820359997591905
conditional,70,RGA-MR,cpu_stage2_minus_stage1,24,9,3,-0.9592528655256772,-0.9592528655256773,-1.2271304542735388,-0.6844071781899199
common,70,RGA-MR,cpu_stage2_minus_stage1,24,7,3,-0.9592528655256772,-1.037780204764465,-1.2271304542735388,-0.6844071781899199
conditional,70,B-ALNS,cpu_stage2_minus_stage1,24,22,8,-0.7804145290882931,-0.7574796377774294,-0.9246365617805683,-0.6091466976300272
common,70,B-ALNS,cpu_stage2_minus_stage1,24,7,3,-0.8389723612529183,-0.7836220834658106,-1.032698333507795,-0.6377529012642809
conditional,70,ESI-ALNS,cpu_stage2_minus_stage1,24,22,8,-0.7205084009322132,-0.704254106345082,-0.8942803474616652,-0.5300988007001707
common,70,ESI-ALNS,cpu_stage2_minus_stage1,24,7,3,-0.8138084833736389,-0.789380723940205,-0.9340777288421829,-0.6080420798880763
paired,70,GR-MR,cpu_stage2_minus_stage1,24,7,3,0.15799384087376844,0.26453449918077016,-0.21489846320073747,0.3581788842254969
paired,70,FTR-NM,cpu_stage2_minus_stage1,24,7,3,0.17568074420284788,0.28795228301265213,-0.2172696416314669,0.5127604341379912
paired,70,RGA-MR,cpu_stage2_minus_stage1,24,7,3,0.14544438215203848,0.24839948082426017,-0.21489846320073747,0.3581788842254969
paired,70,B-ALNS,cpu_stage2_minus_stage1,24,22,8,0.059906128156079895,0.05322553143234738,-0.012220733566158447,0.1474823524417671
conditional,70,GR-MR,energy_stage2_minus_stage1_j,8,3,3,0.24687143105741902,0.24687143105741902,0.24382394421263598,0.24945280837710015
common,70,GR-MR,energy_stage2_minus_stage1_j,24,7,3,0.24687143105741902,0.2467382569073899,0.24382394421263598,0.24945280837710015
conditional,70,FTR-NM,energy_stage2_minus_stage1_j,8,3,3,0.25386194212478586,0.25386194212478586,0.25000896348501556,0.2608330601360649
common,70,FTR-NM,energy_stage2_minus_stage1_j,24,7,3,0.25386194212478586,0.25475283908807406,0.25000896348501556,0.2608330601360649
conditional,70,RGA-MR,energy_stage2_minus_stage1_j,24,9,3,0.24641744075860414,0.24641744075860414,0.24382394421263598,0.24809083748065555
common,70,RGA-MR,energy_stage2_minus_stage1_j,24,7,3,0.24641744075860414,0.24615455509462794,0.24382394421263598,0.24809083748065555
conditional,70,B-ALNS,energy_stage2_minus_stage1_j,24,22,8,0.2010368174899971,0.20064583697107577,0.19243759515302372,0.21133973544298593
common,70,B-ALNS,energy_stage2_minus_stage1_j,24,7,3,0.20287245456064637,0.20216812637850776,0.19239504601379545,0.2108847144700121
conditional,70,ESI-ALNS,energy_stage2_minus_stage1_j,24,22,8,0.19853943265479757,0.19835412501759658,0.19017295971449735,0.2087569141897499
common,70,ESI-ALNS,energy_stage2_minus_stage1_j,24,7,3,0.19945433788234368,0.19913334394472518,0.19058565428713337,0.20719954269588925
paired,70,GR-MR,energy_stage2_minus_stage1_j,24,7,3,-0.04741709317507533,-0.04760491296266472,-0.05886715408996679,-0.03662440151674673
paired,70,FTR-NM,energy_stage2_minus_stage1_j,24,7,3,-0.054407604242442176,-0.055619495143348886,-0.07024740584893152,-0.04280942078912631
paired,70,RGA-MR,energy_stage2_minus_stage1_j,24,7,3,-0.04696310287626046,-0.04702121114990275,-0.05750518319352219,-0.03662440151674673
paired,70,B-ALNS,energy_stage2_minus_stage1_j,24,22,8,-0.0024973848351995307,-0.002291711953479204,-0.0035734373083566124,-0.0013218374709443501
conditional,70,GR-MR,independent_audit_s,8,0,0,,,,
common,70,GR-MR,independent_audit_s,24,0,0,,,,
conditional,70,FTR-NM,independent_audit_s,8,0,0,,,,
common,70,FTR-NM,independent_audit_s,24,0,0,,,,
conditional,70,RGA-MR,independent_audit_s,24,0,0,,,,
common,70,RGA-MR,independent_audit_s,24,0,0,,,,
conditional,70,B-ALNS,independent_audit_s,24,0,0,,,,
common,70,B-ALNS,independent_audit_s,24,0,0,,,,
conditional,70,ESI-ALNS,independent_audit_s,24,0,0,,,,
common,70,ESI-ALNS,independent_audit_s,24,0,0,,,,
paired,70,GR-MR,independent_audit_s,24,0,0,,,,
paired,70,FTR-NM,independent_audit_s,24,0,0,,,,
paired,70,RGA-MR,independent_audit_s,24,0,0,,,,
paired,70,B-ALNS,independent_audit_s,24,0,0,,,,
conditional,70,GR-MR,initialization_s,8,0,0,,,,
common,70,GR-MR,initialization_s,24,0,0,,,,
conditional,70,FTR-NM,initialization_s,8,0,0,,,,
common,70,FTR-NM,initialization_s,24,0,0,,,,
conditional,70,RGA-MR,initialization_s,24,0,0,,,,
common,70,RGA-MR,initialization_s,24,0,0,,,,
conditional,70,B-ALNS,initialization_s,24,0,0,,,,
common,70,B-ALNS,initialization_s,24,0,0,,,,
conditional,70,ESI-ALNS,initialization_s,24,0,0,,,,
common,70,ESI-ALNS,initialization_s,24,0,0,,,,
paired,70,GR-MR,initialization_s,24,0,0,,,,
paired,70,FTR-NM,initialization_s,24,0,0,,,,
paired,70,RGA-MR,initialization_s,24,0,0,,,,
paired,70,B-ALNS,initialization_s,24,0,0,,,,
conditional,70,GR-MR,mean_delay_s,8,3,3,215.93815621717508,215.93815621717508,214.59378013197667,217.234115364124
common,70,GR-MR,mean_delay_s,24,7,3,215.93815621717508,215.92432280624664,214.59378013197667,217.234115364124
conditional,70,FTR-NM,mean_delay_s,8,3,3,215.9852698775256,215.9852698775256,214.58425012858115,217.36750438940294
common,70,FTR-NM,mean_delay_s,24,7,3,215.9852698775256,215.979902666935,214.58425012858115,217.36750438940294
conditional,70,RGA-MR,mean_delay_s,24,9,3,215.75299500864983,215.75299500864983,214.59378013197667,216.67863173854823
common,70,RGA-MR,mean_delay_s,24,7,3,215.75299500864983,215.68625839528562,214.59378013197667,216.67863173854823
conditional,70,B-ALNS,mean_delay_s,24,22,8,212.24085369233313,212.50792095923848,206.98054486213192,217.53305119360002
common,70,B-ALNS,mean_delay_s,24,7,3,208.2781890332343,207.98535339805144,201.18538758727513,214.34606575605346
conditional,70,ESI-ALNS,mean_delay_s,24,22,8,211.96324353143376,212.25197307217488,206.17531742686657,217.68909999618216
common,70,ESI-ALNS,mean_delay_s,24,7,3,207.56046383302078,207.20996247580328,200.55936285072457,213.33481006505576
paired,70,GR-MR,mean_delay_s,24,7,3,-8.377692384154328,-8.714360330443368,-14.034417281252095,-3.899305299068203
paired,70,FTR-NM,mean_delay_s,24,7,3,-8.42480604450485,-8.76994019113172,-14.02488727785657,-4.032694324347176
paired,70,RGA-MR,mean_delay_s,24,7,3,-8.192531175629085,-8.476295919482343,-14.034417281252095,-3.34382167349248
paired,70,B-ALNS,mean_delay_s,24,22,8,-0.2776101608993453,-0.25594788706361915,-0.9539261073550473,0.3654625039194466
conditional,70,GR-MR,min_deadline_slack_s,8,3,3,-1.2969945828444907e-07,-1.2969945828444907e-07,-2.6908963945970754e-07,-2.4692781153135e-10
common,70,GR-MR,min_deadline_slack_s,24,7,3,-1.2969945828444907e-07,-1.6668589556242557e-07,-2.6908963945970754e-07,-2.4692781153135e-10
conditional,70,FTR-NM,min_deadline_slack_s,8,3,3,-2.231157244144318e-08,-2.231157244144318e-08,-4.728912017526454e-08,-5.713900463888422e-09
common,70,FTR-NM,min_deadline_slack_s,24,7,3,-2.231157244144318e-08,-1.5175130231779932e-08,-4.728912017526454e-08,-5.713900463888422e-09
conditional,70,RGA-MR,min_deadline_slack_s,24,9,3,-1.3249127859024964e-07,-1.3249127859024964e-07,-2.6908963945970754e-07,-2.4692781153135e-10
common,70,RGA-MR,min_deadline_slack_s,24,7,3,-1.3249127859024964e-07,-1.7027537881274058e-07,-2.6908963945970754e-07,-2.4692781153135e-10
conditional,70,B-ALNS,min_deadline_slack_s,24,22,8,-9.244716755082057e-08,-1.0023913303443392e-07,-1.480676960892898e-07,-4.032016347466084e-08
common,70,B-ALNS,min_deadline_slack_s,24,7,3,-3.22446819862105e-08,-3.953300620196387e-08,-8.126786118130742e-08,-6.735547231073724e-09
conditional,70,ESI-ALNS,min_deadline_slack_s,24,22,8,-7.852141550301894e-07,-8.450797446874442e-07,-2.151263372329737e-06,-7.968367666440677e-08
common,70,ESI-ALNS,min_deadline_slack_s,24,7,3,-1.9400051611581957e-06,-2.4580944446889978e-06,-5.525153464229031e-06,-1.2669266880038776e-07
paired,70,GR-MR,min_deadline_slack_s,24,7,3,-1.8103057028737467e-06,-2.2914085491265723e-06,-5.256063824769323e-06,-4.840754286306037e-08
paired,70,FTR-NM,min_deadline_slack_s,24,7,3,-1.9176935887167524e-06,-2.442919314457218e-06,-5.511221767543854e-06,-7.940354862512322e-08
paired,70,RGA-MR,min_deadline_slack_s,24,7,3,-1.807513882567946e-06,-2.2878190658762572e-06,-5.256063824769323e-06,-4.0032081945658625e-08
paired,70,B-ALNS,min_deadline_slack_s,24,22,8,-6.927669874793687e-07,-7.448406116530102e-07,-2.0717122749758233e-06,3.531662902863293e-08
conditional,70,GR-MR,normalized_mec_cpu,8,3,3,0.7888122141304041,0.7888122141304041,0.40279057752455305,1.1819238988664402
common,70,GR-MR,normalized_mec_cpu,24,7,3,0.7888122141304041,0.6764945899201081,0.40279057752455305,1.1819238988664402
conditional,70,FTR-NM,normalized_mec_cpu,8,3,3,0.8062630121920212,0.8062630121920213,0.5721502957425703,1.1785961031509218
common,70,FTR-NM,normalized_mec_cpu,24,7,3,0.8062630121920212,0.6998821290609069,0.5721502957425703,1.1785961031509218
conditional,70,RGA-MR,normalized_mec_cpu,24,9,3,0.8016127845723737,0.8016127845723736,0.4411922888504615,1.1819238988664402
common,70,RGA-MR,normalized_mec_cpu,24,7,3,0.8016127845723737,0.6929524662026404,0.4411922888504615,1.1819238988664402
conditional,70,B-ALNS,normalized_mec_cpu,24,22,8,0.7696841738755862,0.7707694243516077,0.6125182472648123,0.9611712215978448
common,70,B-ALNS,normalized_mec_cpu,24,7,3,0.6408245916121796,0.6074183553187025,0.5655935805352269,0.7577464186393504
conditional,70,ESI-ALNS,normalized_mec_cpu,24,22,8,0.8417463102523551,0.8348871611676346,0.6751666185978176,1.0296334719332065
common,70,ESI-ALNS,normalized_mec_cpu,24,7,3,0.753000504817618,0.7060872347128572,0.5806492369382713,0.9171969501842817
paired,70,GR-MR,normalized_mec_cpu,24,7,3,-0.03581170931278604,0.02959264479274896,-0.2647269486821585,0.35836474980574834
paired,70,FTR-NM,normalized_mec_cpu,24,7,3,-0.053262507374403155,0.0062051056519502445,-0.26139915296664007,0.1890050315877311
paired,70,RGA-MR,normalized_mec_cpu,24,7,3,-0.04861227975475552,0.013134768510216768,-0.2647269486821585,0.31996303847983987
paired,70,B-ALNS,normalized_mec_cpu,24,22,8,0.07206213637676902,0.064117736816027,0.02122382275927456,0.11914074767191621
conditional,70,GR-MR,offload_ratio,8,3,3,0.0857142857142857,0.08571428571428572,0.07142857142857142,0.10000000000000002
common,70,GR-MR,offload_ratio,24,7,3,0.0857142857142857,0.08163265306122448,0.07142857142857142,0.10000000000000002
conditional,70,FTR-NM,offload_ratio,8,3,3,0.0857142857142857,0.08571428571428572,0.07142857142857142,0.10000000000000002
common,70,FTR-NM,offload_ratio,24,7,3,0.0857142857142857,0.08163265306122448,0.07142857142857142,0.10000000000000002
conditional,70,RGA-MR,offload_ratio,24,9,3,0.0857142857142857,0.08571428571428572,0.07142857142857142,0.10000000000000002
common,70,RGA-MR,offload_ratio,24,7,3,0.0857142857142857,0.08163265306122448,0.07142857142857142,0.10000000000000002
conditional,70,B-ALNS,offload_ratio,24,22,8,0.09761904761904762,0.0961038961038961,0.07976190476190476,0.11607142857142858
common,70,B-ALNS,offload_ratio,24,7,3,0.09206349206349206,0.08571428571428572,0.06666666666666667,0.11428571428571428
conditional,70,ESI-ALNS,offload_ratio,24,22,8,0.0994047619047619,0.09805194805194804,0.08035714285714285,0.11904761904761904
common,70,ESI-ALNS,offload_ratio,24,7,3,0.09523809523809523,0.08979591836734693,0.06666666666666667,0.11428571428571428
paired,70,GR-MR,offload_ratio,24,7,3,0.00952380952380952,0.008163265306122446,-0.0047619047619047615,0.019047619047619042
paired,70,FTR-NM,offload_ratio,24,7,3,0.00952380952380952,0.008163265306122446,-0.0047619047619047615,0.019047619047619042
paired,70,RGA-MR,offload_ratio,24,7,3,0.00952380952380952,0.008163265306122446,-0.0047619047619047615,0.019047619047619042
paired,70,B-ALNS,offload_ratio,24,22,8,0.0017857142857142863,0.0019480519480519487,-0.0005952380952380949,0.004761904761904762
conditional,70,GR-MR,original_construction_search_s,8,8,8,0.2990733391250071,0.2990733391250071,0.22466300575000453,0.3695194593750042
common,70,GR-MR,original_construction_search_s,24,24,8,0.2990733391250071,0.2990733391250071,0.22466300575000453,0.3695194593750042
conditional,70,FTR-NM,original_construction_search_s,8,8,8,0.1685015663749887,0.1685015663749887,0.13248958592810864,0.2029781506249921
common,70,FTR-NM,original_construction_search_s,24,24,8,0.1685015663749887,0.1685015663749887,0.13248958592810864,0.2029781506249921
conditional,70,RGA-MR,original_construction_search_s,24,24,8,29.6475388525,29.647538852499995,23.960090986503104,35.00677541102083
common,70,RGA-MR,original_construction_search_s,24,24,8,29.6475388525,29.647538852499995,23.960090986503104,35.00677541102083
conditional,70,B-ALNS,original_construction_search_s,24,24,8,25.419421448916665,25.41942144891667,17.716510234041678,35.08024406878853
common,70,B-ALNS,original_construction_search_s,24,24,8,25.419421448916665,25.41942144891667,17.716510234041678,35.08024406878853
conditional,70,ESI-ALNS,original_construction_search_s,24,24,8,30.31627155904167,30.31627155904167,21.791019761678132,40.56085209662499
common,70,ESI-ALNS,original_construction_search_s,24,24,8,30.31627155904167,30.31627155904167,21.791019761678132,40.56085209662499
paired,70,GR-MR,original_construction_search_s,24,24,8,30.017198219916665,30.017198219916665,21.525713727565623,40.257160240666664
paired,70,FTR-NM,original_construction_search_s,24,24,8,30.14776999266668,30.14776999266668,21.639987325156262,40.389558470635436
paired,70,RGA-MR,original_construction_search_s,24,24,8,0.668732706541677,0.6687327065416767,-6.304737165696868,8.92812486986146
paired,70,B-ALNS,original_construction_search_s,24,24,8,4.896850110125004,4.896850110125004,3.858309342554167,5.878399321779172
conditional,70,GR-MR,original_independent_audit_s,8,8,8,0.0016157691249993889,0.0016157691249993889,0.0004299810000070181,0.003196300074973557
common,70,GR-MR,original_independent_audit_s,24,24,8,0.0016157691249993889,0.0016157691249993889,0.0004299810000070181,0.003196300074973557
conditional,70,FTR-NM,original_independent_audit_s,8,8,8,0.0019397192500036908,0.0019397192500036908,0.0005570086249981898,0.0033570090812474955
common,70,FTR-NM,original_independent_audit_s,24,24,8,0.0019397192500036908,0.0019397192500036908,0.0005570086249981898,0.0033570090812474955
conditional,70,RGA-MR,original_independent_audit_s,24,24,8,0.0016291591249964674,0.0016291591249964672,0.00045701898854074347,0.0032039907916574374
common,70,RGA-MR,original_independent_audit_s,24,24,8,0.0016291591249964674,0.0016291591249964672,0.00045701898854074347,0.0032039907916574374
conditional,70,B-ALNS,original_independent_audit_s,24,24,8,0.006667331999999249,0.006667331999999249,0.004383843249995559,0.010335928875001935
common,70,B-ALNS,original_independent_audit_s,24,24,8,0.006667331999999249,0.006667331999999249,0.004383843249995559,0.010335928875001935
conditional,70,ESI-ALNS,original_independent_audit_s,24,24,8,0.005123314541664333,0.005123314541664333,0.004346497541665902,0.0058631416739597
common,70,ESI-ALNS,original_independent_audit_s,24,24,8,0.005123314541664333,0.005123314541664333,0.004346497541665902,0.0058631416739597
paired,70,GR-MR,original_independent_audit_s,24,24,8,0.003507545416664944,0.0035075454166649442,0.0013075834521006986,0.0054404506416625515
paired,70,FTR-NM,original_independent_audit_s,24,24,8,0.003183595291660642,0.0031835952916606423,0.0010758332156175796,0.005265572916663075
paired,70,RGA-MR,original_independent_audit_s,24,24,8,0.0034941554166678657,0.0034941554166678657,0.0012815139510467272,0.0054371948531157606
paired,70,B-ALNS,original_independent_audit_s,24,24,8,-0.0015440174583349156,-0.0015440174583349158,-0.00471089454062897,0.00010676849999905849
conditional,70,GR-MR,original_initialization_s,8,8,8,0.2990733391250071,0.2990733391250071,0.22466300575000453,0.3695194593750042
common,70,GR-MR,original_initialization_s,24,24,8,0.2990733391250071,0.2990733391250071,0.22466300575000453,0.3695194593750042
conditional,70,FTR-NM,original_initialization_s,8,8,8,0.1685015663749887,0.1685015663749887,0.13248958592810864,0.2029781506249921
common,70,FTR-NM,original_initialization_s,24,24,8,0.1685015663749887,0.1685015663749887,0.13248958592810864,0.2029781506249921
conditional,70,RGA-MR,original_initialization_s,24,24,8,0.0,0.0,0.0,0.0
common,70,RGA-MR,original_initialization_s,24,24,8,0.0,0.0,0.0,0.0
conditional,70,B-ALNS,original_initialization_s,24,24,8,0.2990733391250071,0.2990733391250071,0.22466300575000453,0.3695194593750042
common,70,B-ALNS,original_initialization_s,24,24,8,0.2990733391250071,0.2990733391250071,0.22466300575000453,0.3695194593750042
conditional,70,ESI-ALNS,original_initialization_s,24,24,8,0.2990733391250071,0.2990733391250071,0.22466300575000453,0.3695194593750042
common,70,ESI-ALNS,original_initialization_s,24,24,8,0.2990733391250071,0.2990733391250071,0.22466300575000453,0.3695194593750042
paired,70,GR-MR,original_initialization_s,24,24,8,0.0,0.0,0.0,0.0
paired,70,FTR-NM,original_initialization_s,24,24,8,0.1305717727500184,0.1305717727500184,0.09172822103751686,0.1700933564125144
paired,70,RGA-MR,original_initialization_s,24,24,8,0.2990733391250071,0.2990733391250071,0.22466300575000453,0.3695194593750042
paired,70,B-ALNS,original_initialization_s,24,24,8,0.0,0.0,0.0,0.0
conditional,70,GR-MR,original_resource_recompute_s,8,8,8,1.4101554008749915,1.4101554008749915,0.16285577583749103,3.0184115611249993
common,70,GR-MR,original_resource_recompute_s,24,24,8,1.4101554008749915,1.4101554008749915,0.16285577583749103,3.0184115611249993
conditional,70,FTR-NM,original_resource_recompute_s,8,8,8,3.507923607499988,3.507923607499988,1.071736381624989,6.28700362012497
common,70,FTR-NM,original_resource_recompute_s,24,24,8,3.507923607499988,3.507923607499988,1.071736381624989,6.28700362012497
conditional,70,RGA-MR,original_resource_recompute_s,24,24,8,1.4905324094166672,1.490532409416667,0.43502671841666424,2.7929557250833383
common,70,RGA-MR,original_resource_recompute_s,24,24,8,1.4905324094166672,1.490532409416667,0.43502671841666424,2.7929557250833383
conditional,70,B-ALNS,original_resource_recompute_s,24,24,8,5.34770739958333,5.34770739958333,4.279938650875001,6.434369841090619
common,70,B-ALNS,original_resource_recompute_s,24,24,8,5.34770739958333,5.34770739958333,4.279938650875001,6.434369841090619
conditional,70,ESI-ALNS,original_resource_recompute_s,24,24,8,5.499332129083333,5.499332129083333,4.994911448791669,5.998090373657291
common,70,ESI-ALNS,original_resource_recompute_s,24,24,8,5.499332129083333,5.499332129083333,4.994911448791669,5.998090373657291
paired,70,GR-MR,original_resource_recompute_s,24,24,8,4.089176728208342,4.089176728208342,2.3062451845833296,5.452503023509389
paired,70,FTR-NM,original_resource_recompute_s,24,24,8,1.9914085215833452,1.9914085215833452,-0.8538800623406119,4.431706365333328
paired,70,RGA-MR,original_resource_recompute_s,24,24,8,4.0087997196666665,4.0087997196666665,2.5981475265833285,5.134769087875002
paired,70,B-ALNS,original_resource_recompute_s,24,24,8,0.1516247295000035,0.1516247295000035,-0.7995797817083268,1.1234847718749954
conditional,70,GR-MR,original_search_s,8,8,8,0.0,0.0,0.0,0.0
common,70,GR-MR,original_search_s,24,24,8,0.0,0.0,0.0,0.0
conditional,70,FTR-NM,original_search_s,8,8,8,0.0,0.0,0.0,0.0
common,70,FTR-NM,original_search_s,24,24,8,0.0,0.0,0.0,0.0
conditional,70,RGA-MR,original_search_s,24,24,8,29.6475388525,29.647538852499995,23.960090986503104,35.00677541102083
common,70,RGA-MR,original_search_s,24,24,8,29.6475388525,29.647538852499995,23.960090986503104,35.00677541102083
conditional,70,B-ALNS,original_search_s,24,24,8,25.12034810979166,25.12034810979166,17.434517214291663,34.773858300943736
common,70,B-ALNS,original_search_s,24,24,8,25.12034810979166,25.12034810979166,17.434517214291663,34.773858300943736
conditional,70,ESI-ALNS,original_search_s,24,24,8,30.017198219916665,30.017198219916665,21.525713727565623,40.257160240666664
common,70,ESI-ALNS,original_search_s,24,24,8,30.017198219916665,30.017198219916665,21.525713727565623,40.257160240666664
paired,70,GR-MR,original_search_s,24,24,8,30.017198219916665,30.017198219916665,21.525713727565623,40.257160240666664
paired,70,FTR-NM,original_search_s,24,24,8,30.017198219916665,30.017198219916665,21.525713727565623,40.257160240666664
paired,70,RGA-MR,original_search_s,24,24,8,0.36965936741666994,0.36965936741666966,-6.675522311999993,8.614492890273953
paired,70,B-ALNS,original_search_s,24,24,8,4.896850110125004,4.896850110125004,3.858309342554167,5.878399321779172
conditional,70,GR-MR,original_total_to_resources_s,8,8,8,1.7092287399999986,1.7092287399999986,0.4863593500343661,3.284193052000008
common,70,GR-MR,original_total_to_resources_s,24,24,8,1.7092287399999986,1.7092287399999986,0.4863593500343661,3.284193052000008
conditional,70,FTR-NM,original_total_to_resources_s,8,8,8,3.6764251738749767,3.6764251738749767,1.2776877112499818,6.432682766499944
common,70,FTR-NM,original_total_to_resources_s,24,24,8,3.6764251738749767,3.6764251738749767,1.2776877112499818,6.432682766499944
conditional,70,RGA-MR,original_total_to_resources_s,24,24,8,31.13807126191666,31.13807126191666,25.47051430020833,36.42270378096251
common,70,RGA-MR,original_total_to_resources_s,24,24,8,31.13807126191666,31.13807126191666,25.47051430020833,36.42270378096251
conditional,70,B-ALNS,original_total_to_resources_s,24,24,8,30.7671288485,30.767128848499997,22.444241605396893,41.031737906625004
common,70,B-ALNS,original_total_to_resources_s,24,24,8,30.7671288485,30.767128848499997,22.444241605396893,41.031737906625004
conditional,70,ESI-ALNS,original_total_to_resources_s,24,24,8,35.815603688125,35.815603688125,26.780290139875,46.51915315814479
common,70,ESI-ALNS,original_total_to_resources_s,24,24,8,35.815603688125,35.815603688125,26.780290139875,46.51915315814479
paired,70,GR-MR,original_total_to_resources_s,24,24,8,34.10637494812501,34.10637494812501,24.733952705416662,44.558024662862515
paired,70,FTR-NM,original_total_to_resources_s,24,24,8,32.13917851425003,32.13917851425003,22.512935258833352,42.68581714410834
paired,70,RGA-MR,original_total_to_resources_s,24,24,8,4.677532426208343,4.677532426208343,-2.6901485517051738,13.097500875541666
paired,70,B-ALNS,original_total_to_resources_s,24,24,8,5.048474839625007,5.048474839625007,3.4562847933750147,6.6908966133083405
conditional,70,GR-MR,original_total_with_audit_s,8,8,8,1.710844509124998,1.710844509124998,0.4867793041125006,3.2869793671249905
common,70,GR-MR,original_total_with_audit_s,24,24,8,1.710844509124998,1.710844509124998,0.4867793041125006,3.2869793671249905
conditional,70,FTR-NM,original_total_with_audit_s,8,8,8,3.6783648931249804,3.6783648931249804,1.2787623042499874,6.436171181393704
common,70,FTR-NM,original_total_with_audit_s,24,24,8,3.6783648931249804,3.6783648931249804,1.2787623042499874,6.436171181393704
conditional,70,RGA-MR,original_total_with_audit_s,24,24,8,31.13970042104166,31.13970042104166,25.47259521045833,36.42504761019584
common,70,RGA-MR,original_total_with_audit_s,24,24,8,31.13970042104166,31.13970042104166,25.47259521045833,36.42504761019584
conditional,70,B-ALNS,original_total_with_audit_s,24,24,8,30.773796180499996,30.773796180499996,22.449202560703146,41.03666574575313
common,70,B-ALNS,original_total_with_audit_s,24,24,8,30.773796180499996,30.773796180499996,22.449202560703146,41.03666574575313
conditional,70,ESI-ALNS,original_total_with_audit_s,24,24,8,35.82072700266667,35.82072700266667,26.78532035020833,46.52415391491353
common,70,ESI-ALNS,original_total_with_audit_s,24,24,8,35.82072700266667,35.82072700266667,26.78532035020833,46.52415391491353
paired,70,GR-MR,original_total_with_audit_s,24,24,8,34.10988249354167,34.10988249354167,24.736962546041667,44.56086478671459
paired,70,FTR-NM,original_total_with_audit_s,24,24,8,32.142362109541686,32.142362109541686,22.515382714698962,42.68944303659168
paired,70,RGA-MR,original_total_with_audit_s,24,24,8,4.681026581625011,4.6810265816250105,-2.6858942323176653,13.100724380208332
paired,70,B-ALNS,original_total_with_audit_s,24,24,8,5.046930822166672,5.046930822166672,3.454700280208341,6.684721606338544
conditional,70,GR-MR,p95_delay_s,8,3,3,365.1903517540659,365.19035175406583,361.9791630101488,369.80093120540704
common,70,GR-MR,p95_delay_s,24,7,3,365.1903517540659,365.59017767047277,361.9791630101488,369.80093120540704
conditional,70,FTR-NM,p95_delay_s,8,3,3,365.19035185835304,365.190351858353,361.97916282985824,369.8009312732643
common,70,FTR-NM,p95_delay_s,24,7,3,365.19035185835304,365.5901776830434,361.97916282985824,369.8009312732643
conditional,70,RGA-MR,p95_delay_s,24,9,3,365.19035176975535,365.19035176975535,361.9791630101488,369.80093125247555
common,70,RGA-MR,p95_delay_s,24,7,3,365.19035176975535,365.59017769064496,361.9791630101488,369.80093125247555
conditional,70,B-ALNS,p95_delay_s,24,22,8,364.5871308722843,365.7818615106674,357.2606103745686,373.22542151452546
common,70,B-ALNS,p95_delay_s,24,7,3,368.09608986483164,372.85351729762067,351.44509385007024,391.0765803326661
conditional,70,ESI-ALNS,p95_delay_s,24,22,8,364.77098455340763,365.81195694108425,357.7425285491268,372.5897941229318
common,70,ESI-ALNS,p95_delay_s,24,7,3,366.758459808865,370.59793738597915,353.3202882889655,388.5482940240942
paired,70,GR-MR,p95_delay_s,24,7,3,1.5681080547991417,5.007759715506381,-10.470672757676198,18.74736281868718
paired,70,FTR-NM,p95_delay_s,24,7,3,1.5681079505120075,5.007759702935703,-10.470673182970927,18.747362750829893
paired,70,RGA-MR,p95_delay_s,24,7,3,1.568108039109644,5.007759695334171,-10.470672757676198,18.747362771618686
paired,70,B-ALNS,p95_delay_s,24,22,8,0.1838536811233642,0.030095430416831836,-1.368082145554119,1.7164337406224242
conditional,70,GR-MR,resource_recompute_s,8,0,0,,,,
common,70,GR-MR,resource_recompute_s,24,0,0,,,,
conditional,70,FTR-NM,resource_recompute_s,8,0,0,,,,
common,70,FTR-NM,resource_recompute_s,24,0,0,,,,
conditional,70,RGA-MR,resource_recompute_s,24,0,0,,,,
common,70,RGA-MR,resource_recompute_s,24,0,0,,,,
conditional,70,B-ALNS,resource_recompute_s,24,0,0,,,,
common,70,B-ALNS,resource_recompute_s,24,0,0,,,,
conditional,70,ESI-ALNS,resource_recompute_s,24,0,0,,,,
common,70,ESI-ALNS,resource_recompute_s,24,0,0,,,,
paired,70,GR-MR,resource_recompute_s,24,0,0,,,,
paired,70,FTR-NM,resource_recompute_s,24,0,0,,,,
paired,70,RGA-MR,resource_recompute_s,24,0,0,,,,
paired,70,B-ALNS,resource_recompute_s,24,0,0,,,,
conditional,70,GR-MR,search_s,8,0,0,,,,
common,70,GR-MR,search_s,24,0,0,,,,
conditional,70,FTR-NM,search_s,8,0,0,,,,
common,70,FTR-NM,search_s,24,0,0,,,,
conditional,70,RGA-MR,search_s,24,0,0,,,,
common,70,RGA-MR,search_s,24,0,0,,,,
conditional,70,B-ALNS,search_s,24,0,0,,,,
common,70,B-ALNS,search_s,24,0,0,,,,
conditional,70,ESI-ALNS,search_s,24,0,0,,,,
common,70,ESI-ALNS,search_s,24,0,0,,,,
paired,70,GR-MR,search_s,24,0,0,,,,
paired,70,FTR-NM,search_s,24,0,0,,,,
paired,70,RGA-MR,search_s,24,0,0,,,,
paired,70,B-ALNS,search_s,24,0,0,,,,
conditional,70,GR-MR,stage1_energy_j,8,3,3,246871.6711982526,246871.6711982526,243824.0777917188,249452.94617854632
common,70,GR-MR,stage1_energy_j,24,7,3,246871.6711982526,246738.437362184,243824.0777917188,249452.94617854632
conditional,70,FTR-NM,stage1_energy_j,8,3,3,253862.02491897764,253862.02491897764,250009.03386443612,260833.07556708844
common,70,FTR-NM,stage1_energy_j,24,7,3,253862.02491897764,254752.89908856887,250009.03386443612,260833.07556708844
conditional,70,RGA-MR,stage1_energy_j,24,9,3,246417.65516393166,246417.65516393166,243824.0777917188,248090.89807558354
common,70,RGA-MR,stage1_energy_j,24,7,3,246417.65516393166,246154.70246091424,243824.0777917188,248090.89807558354
conditional,70,B-ALNS,stage1_energy_j,24,22,8,208072.80768533895,208321.42811295716,203053.65998494346,215331.5735802442
common,70,B-ALNS,stage1_energy_j,24,7,3,206521.32800324154,206859.42658087102,203341.3436901221,210884.65733806413
conditional,70,ESI-ALNS,stage1_energy_j,24,22,8,205425.02123913128,205865.68999961775,200972.3031313293,212423.1723119022
common,70,ESI-ALNS,stage1_energy_j,24,7,3,203102.96708696944,203824.48200502363,200577.66487377984,207199.27169095902
paired,70,GR-MR,stage1_energy_j,24,7,3,-43768.70411128314,-42913.95535716038,-47920.98148237689,-36624.806100759735
paired,70,FTR-NM,stage1_energy_j,24,7,3,-50759.05783200819,-50928.41708354524,-59301.11087091901,-42809.76217347706
paired,70,RGA-MR,stage1_energy_j,24,7,3,-43314.68807696223,-42330.22045589063,-46760.32475071281,-36624.806100759735
paired,70,B-ALNS,stage1_energy_j,24,22,8,-2647.7864462076623,-2455.738113339399,-3793.0742383245656,-1395.5065585998977
conditional,70,GR-MR,stage1_qualified_rate,8,8,8,0.375,0.375,0.125,0.75
common,70,GR-MR,stage1_qualified_rate,24,24,8,0.375,0.375,0.125,0.75
conditional,70,FTR-NM,stage1_qualified_rate,8,8,8,0.375,0.375,0.125,0.75
common,70,FTR-NM,stage1_qualified_rate,24,24,8,0.375,0.375,0.125,0.75
conditional,70,RGA-MR,stage1_qualified_rate,24,24,8,0.375,0.375,0.125,0.75
common,70,RGA-MR,stage1_qualified_rate,24,24,8,0.375,0.375,0.125,0.75
conditional,70,B-ALNS,stage1_qualified_rate,24,24,8,0.9166666666666666,0.9166666666666666,0.75,1.0
common,70,B-ALNS,stage1_qualified_rate,24,24,8,0.9166666666666666,0.9166666666666666,0.75,1.0
conditional,70,ESI-ALNS,stage1_qualified_rate,24,24,8,0.9166666666666666,0.9166666666666666,0.75,1.0
common,70,ESI-ALNS,stage1_qualified_rate,24,24,8,0.9166666666666666,0.9166666666666666,0.75,1.0
paired,70,GR-MR,stage1_qualified_rate,24,24,8,0.5416666666666667,0.5416666666666666,0.08333333333333334,0.875
paired,70,FTR-NM,stage1_qualified_rate,24,24,8,0.5416666666666667,0.5416666666666666,0.08333333333333334,0.875
paired,70,RGA-MR,stage1_qualified_rate,24,24,8,0.5416666666666667,0.5416666666666666,0.08333333333333334,0.875
paired,70,B-ALNS,stage1_qualified_rate,24,24,8,0.0,0.0,0.0,0.0
conditional,70,GR-MR,stage2_component_collection_j_j,8,3,3,14000.0,14000.0,14000.0,14000.0
common,70,GR-MR,stage2_component_collection_j_j,24,7,3,14000.0,14000.0,14000.0,14000.0
conditional,70,FTR-NM,stage2_component_collection_j_j,8,3,3,14000.0,14000.0,14000.0,14000.0
common,70,FTR-NM,stage2_component_collection_j_j,24,7,3,14000.0,14000.0,14000.0,14000.0
conditional,70,RGA-MR,stage2_component_collection_j_j,24,9,3,14000.0,14000.0,14000.0,14000.0
common,70,RGA-MR,stage2_component_collection_j_j,24,7,3,14000.0,14000.0,14000.0,14000.0
conditional,70,B-ALNS,stage2_component_collection_j_j,24,22,8,14000.0,14000.0,14000.0,14000.0
common,70,B-ALNS,stage2_component_collection_j_j,24,7,3,14000.0,14000.0,14000.0,14000.0
conditional,70,ESI-ALNS,stage2_component_collection_j_j,24,22,8,14000.0,14000.0,14000.0,14000.0
common,70,ESI-ALNS,stage2_component_collection_j_j,24,7,3,14000.0,14000.0,14000.0,14000.0
paired,70,GR-MR,stage2_component_collection_j_j,24,7,3,0.0,0.0,0.0,0.0
paired,70,FTR-NM,stage2_component_collection_j_j,24,7,3,0.0,0.0,0.0,0.0
paired,70,RGA-MR,stage2_component_collection_j_j,24,7,3,0.0,0.0,0.0,0.0
paired,70,B-ALNS,stage2_component_collection_j_j,24,22,8,0.0,0.0,0.0,0.0
conditional,70,GR-MR,stage2_component_flight_j_j,8,3,3,230664.16664833142,230664.1666483314,227737.61977675123,233505.62563048536
common,70,GR-MR,stage2_component_flight_j_j,24,7,3,230664.16664833142,230639.85582278104,227737.61977675123,233505.62563048536
conditional,70,FTR-NM,stage2_component_flight_j_j,8,3,3,236888.63677117205,236888.63677117205,233028.46791534187,244031.62283615008
common,70,FTR-NM,stage2_component_flight_j_j,24,7,3,236888.63677117205,237826.58454521428,233028.46791534187,244031.62283615008
conditional,70,RGA-MR,stage2_component_flight_j_j,24,9,3,230209.53617971795,230209.53617971792,227737.61977675123,232141.73422464496
common,70,RGA-MR,stage2_component_flight_j_j,24,7,3,230209.53617971795,230055.33093456374,227737.61977675123,232141.73422464496
conditional,70,B-ALNS,stage2_component_flight_j_j,24,22,8,191828.66943512423,192073.81852539442,186533.59090793584,199262.75877459365
common,70,B-ALNS,stage2_component_flight_j_j,24,7,3,190469.693836314,190851.88366321742,187096.14983479356,195180.9022319965
conditional,70,ESI-ALNS,stage2_component_flight_j_j,24,22,8,189135.73036243115,189569.86703748166,184445.467417095,196283.67401593024
common,70,ESI-ALNS,stage2_component_flight_j_j,24,7,3,186960.30242844424,187703.18114032096,184360.22693687552,191458.42387227595
paired,70,GR-MR,stage2_component_flight_j_j,24,7,3,-43703.864219887204,-42936.67468246011,-48443.36915430427,-36279.19590447529
paired,70,FTR-NM,stage2_component_flight_j_j,24,7,3,-49928.33434272785,-50123.40340489334,-58969.36635996897,-41570.04404306592
paired,70,RGA-MR,stage2_component_flight_j_j,24,7,3,-43249.233751273736,-42352.14979424279,-47079.47774846387,-36279.19590447529
paired,70,B-ALNS,stage2_component_flight_j_j,24,22,8,-2692.9390726930824,-2503.9514879127887,-3819.9285157520903,-1446.8683725121343
conditional,70,GR-MR,stage2_component_local_compute_j_j,8,3,3,783.2491431727145,783.2491431727145,745.3757630656829,813.0120253475525
common,70,GR-MR,stage2_component_local_compute_j_j,24,7,3,783.2491431727145,794.0701089175808,745.3757630656829,813.0120253475525
conditional,70,FTR-NM,stage2_component_local_compute_j_j,8,3,3,783.2491425974222,783.2491425974222,745.3757611706397,813.0120247432293
common,70,FTR-NM,stage2_component_local_compute_j_j,24,7,3,783.2491425974222,794.0701087193601,745.3757611706397,813.0120247432293
conditional,70,RGA-MR,stage2_component_local_compute_j_j,24,9,3,780.6145975062783,780.6145975062783,745.3757630656829,805.1083883482437
common,70,RGA-MR,stage2_component_local_compute_j_j,24,7,3,780.6145975062783,790.682835917877,745.3757630656829,805.1083883482437
conditional,70,B-ALNS,stage2_component_local_compute_j_j,24,22,8,921.8595464415772,924.4602619547525,888.5105319677604,955.1915347708999
common,70,B-ALNS,stage2_component_local_compute_j_j,24,7,3,911.3268059433709,916.491128842434,853.8274925937052,986.9012494397576
conditional,70,ESI-ALNS,stage2_component_local_compute_j_j,24,22,8,919.758823543357,921.1245283842245,884.4094708732177,955.1480337157111
common,70,ESI-ALNS,stage2_component_local_compute_j_j,24,7,3,915.9142121777082,919.107967001678,860.1452236110531,982.8613426282577
paired,70,GR-MR,stage2_component_local_compute_j_j,24,7,3,132.66506900499368,125.0378580840973,47.13319826350062,191.50170152334942
paired,70,FTR-NM,stage2_component_local_compute_j_j,24,7,3,132.66506958028603,125.03785828231798,47.133198867823694,191.50170074986022
paired,70,RGA-MR,stage2_component_local_compute_j_j,24,7,3,135.29961467142994,128.4251310838011,55.03683526280944,191.50170152334942
paired,70,B-ALNS,stage2_component_local_compute_j_j,24,22,8,-2.1007228982202593,-3.3357335705278968,-12.67399281255874,5.640378528891631
conditional,70,GR-MR,stage2_component_transmit_j_j,8,3,3,0.7118951914940151,0.7118951914940153,0.5669954900158751,0.9213426592753317
common,70,GR-MR,stage2_component_transmit_j_j,24,7,3,0.7118951914940151,0.6520530578422106,0.5669954900158751,0.9213426592753317
conditional,70,FTR-NM,stage2_component_transmit_j_j,8,3,3,1.0946491090206232,1.0946491090206232,0.9938538427062822,1.195912416799701
common,70,FTR-NM,stage2_component_transmit_j_j,24,7,3,1.0946491090206232,1.065716735369458,0.9938538427062822,1.195912416799701
conditional,70,RGA-MR,stage2_component_transmit_j_j,24,9,3,0.7135186427527307,0.7135186427527308,0.5718658437920218,0.9213426592753317
common,70,RGA-MR,stage2_component_transmit_j_j,24,7,3,0.7135186427527307,0.654140352317702,0.5718658437920218,0.9213426592753317
conditional,70,B-ALNS,stage2_component_transmit_j_j,24,22,8,0.6609094155875155,0.6613443135656871,0.5030924467812483,0.8425341373938282
common,70,B-ALNS,stage2_component_transmit_j_j,24,7,3,0.5699701316535525,0.5453543013181027,0.35835319407413974,0.695431663058891
conditional,70,ESI-ALNS,stage2_component_transmit_j_j,24,22,8,0.6845230347773221,0.6871048415176926,0.5210236185656151,0.8685699524442653
common,70,ESI-ALNS,stage2_component_transmit_j_j,24,7,3,0.6131683661596298,0.6008955677385963,0.3789073841067239,0.8044745537389183
paired,70,GR-MR,stage2_component_transmit_j_j,24,7,3,-0.09872682533438544,-0.051157490103614256,-0.26844004108411507,0.23747906372304337
paired,70,FTR-NM,stage2_component_transmit_j_j,24,7,3,-0.48148074286099335,-0.46482116763086173,-0.7152736834491623,-0.1893792889673637
paired,70,RGA-MR,stage2_component_transmit_j_j,24,7,3,-0.10035027659310099,-0.053244784579105676,-0.26844004108411507,0.23260870994689667
paired,70,B-ALNS,stage2_component_transmit_j_j,24,22,8,0.023613619189806638,0.025760527952005393,0.0012035321858906208,0.05134642047110297
conditional,70,GR-MR,stage2_component_upload_hover_j_j,8,3,3,1423.7903829880306,1423.7903829880304,1133.9909800317503,1842.6853185506632
common,70,GR-MR,stage2_component_upload_hover_j_j,24,7,3,1423.7903829880306,1304.1061156844212,1133.9909800317503,1842.6853185506632
conditional,70,FTR-NM,stage2_component_upload_hover_j_j,8,3,3,2189.2982180412464,2189.2982180412464,1987.7076854125644,2391.824833599402
common,70,FTR-NM,stage2_component_upload_hover_j_j,24,7,3,2189.2982180412464,2131.433470738916,1987.7076854125644,2391.824833599402
conditional,70,RGA-MR,stage2_component_upload_hover_j_j,24,9,3,1427.0372855054618,1427.0372855054616,1143.7316875840436,1842.6853185506632
common,70,RGA-MR,stage2_component_upload_hover_j_j,24,7,3,1427.0372855054618,1308.280704635404,1143.7316875840436,1842.6853185506632
conditional,70,B-ALNS,stage2_component_upload_hover_j_j,24,22,8,1321.8188311750307,1322.6886271313742,1006.1848935624965,1685.0682747876563
common,70,B-ALNS,stage2_component_upload_hover_j_j,24,7,3,1139.9402633071047,1090.7086026362051,716.7063881482794,1390.863326117782
conditional,70,ESI-ALNS,stage2_component_upload_hover_j_j,24,22,8,1369.046069554644,1374.209683035385,1042.0472371312298,1737.1399048885305
common,70,ESI-ALNS,stage2_component_upload_hover_j_j,24,7,3,1226.3367323192595,1201.7911354771925,757.8147682134478,1608.9491074778368
paired,70,GR-MR,stage2_component_upload_hover_j_j,24,7,3,-197.45365066877093,-102.3149802072286,-536.8800821682302,474.9581274460865
paired,70,FTR-NM,stage2_component_upload_hover_j_j,24,7,3,-962.9614857219867,-929.6423352617235,-1430.5473668983243,-378.7585779347276
paired,70,RGA-MR,stage2_component_upload_hover_j_j,24,7,3,-200.700553186202,-106.48956915821142,-536.8800821682302,465.21741989379325
paired,70,B-ALNS,stage2_component_upload_hover_j_j,24,22,8,47.227238379613276,51.52105590401075,2.407064371781308,102.69284094220595
conditional,70,GR-MR,stage2_energy_j,8,3,3,246871.91806968363,246871.91806968366,243824.321615663,249453.1956313547
common,70,GR-MR,stage2_energy_j,24,7,3,246871.91806968363,246738.6841004409,243824.321615663,249453.1956313547
conditional,70,FTR-NM,stage2_energy_j,8,3,3,253862.27878091973,253862.27878091976,250009.2838733996,260833.33640014858
common,70,FTR-NM,stage2_energy_j,24,7,3,253862.27878091973,254753.15384140794,250009.2838733996,260833.33640014858
conditional,70,RGA-MR,stage2_energy_j,24,9,3,246417.90158137245,246417.90158137243,243824.321615663,248091.1461664211
common,70,RGA-MR,stage2_energy_j,24,7,3,246417.90158137245,246154.94861546936,243824.321615663,248091.1461664211
conditional,70,B-ALNS,stage2_energy_j,24,22,8,208073.0087221564,208321.62875879413,203053.85314430023,215331.78610151203
common,70,B-ALNS,stage2_energy_j,24,7,3,206521.5308756961,206859.6287489974,203341.53608516813,210884.86822277858
conditional,70,ESI-ALNS,stage2_energy_j,24,22,8,205425.21977856391,205865.88835374278,200972.49451276538,212423.37523377474
common,70,ESI-ALNS,stage2_energy_j,24,7,3,203103.16654130732,203824.68113836757,200577.86545159653,207199.47889050175
paired,70,GR-MR,stage2_energy_j,24,7,3,-43768.75152837633,-42914.00296207335,-47921.04034953098,-36624.84272516125
paired,70,FTR-NM,stage2_energy_j,24,7,3,-50759.11223961242,-50928.47270304038,-59301.18111832486,-42809.80498289785
paired,70,RGA-MR,stage2_energy_j,24,7,3,-43314.735040065105,-42330.267477101785,-46760.37151043673,-36624.84272516125
paired,70,B-ALNS,stage2_energy_j,24,22,8,-2647.788943592498,-2455.7404050513524,-3793.077966276538,-1395.507868657125
conditional,70,GR-MR,stage2_replay_s,8,3,3,0.8946839816666573,0.8946839816666573,0.689227719999991,1.3006063749999939
common,70,GR-MR,stage2_replay_s,24,7,3,0.8946839816666573,0.951960019285706,0.689227719999991,1.3006063749999939
conditional,70,FTR-NM,stage2_replay_s,8,3,3,0.8957125803333289,0.8957125803333289,0.7083203969999943,1.248999739999988
common,70,FTR-NM,stage2_replay_s,24,7,3,0.8957125803333289,0.7947733918571406,0.7083203969999943,1.248999739999988
conditional,70,RGA-MR,stage2_replay_s,24,9,3,0.8651181183333342,0.8651181183333342,0.6265746316666707,1.316481868666666
common,70,RGA-MR,stage2_replay_s,24,7,3,0.8523018614444422,0.9277807187142842,0.5881258609999946,1.316481868666666
conditional,70,B-ALNS,stage2_replay_s,24,22,8,0.9551307954166663,0.9877709308181806,0.7437216271145864,1.1858664365968734
common,70,B-ALNS,stage2_replay_s,24,7,3,0.7166294253333376,0.751069459428574,0.5960893060000103,0.895500301333333
conditional,70,ESI-ALNS,stage2_replay_s,24,22,8,0.9746574048749994,0.8869275572272716,0.7303039159364567,1.280972463750001
common,70,ESI-ALNS,stage2_replay_s,24,7,3,1.2058111291111118,0.9961326719999997,0.6193401643333326,1.9396857290000042
paired,70,GR-MR,stage2_replay_s,24,7,3,0.3111271474444545,0.0441726527142937,-0.24219888099999545,1.2454678790000173
paired,70,FTR-NM,stage2_replay_s,24,7,3,0.3100985487777829,0.20135928014285906,-0.08898023266666162,0.6906859890000163
paired,70,RGA-MR,stage2_replay_s,24,7,3,0.3535092676666696,0.06835195328571533,-0.25807437466666744,1.3515598680000096
paired,70,B-ALNS,stage2_replay_s,24,22,8,0.019526609458332914,-0.10084337359090899,-0.29957368737499834,0.4502573915302037
conditional,70,GR-MR,total_distance_m,8,3,3,12814.6759249073,12814.6759249073,12652.08998759729,12972.534757249188
common,70,GR-MR,total_distance_m,24,7,3,12814.6759249073,12813.325323487838,12652.08998759729,12972.534757249188
conditional,70,FTR-NM,total_distance_m,8,3,3,13160.47982062067,13160.479820620669,12946.02599529677,13557.312379786114
common,70,FTR-NM,total_distance_m,24,7,3,13160.47982062067,13212.588030289682,12946.02599529677,13557.312379786114
conditional,70,RGA-MR,total_distance_m,24,9,3,12789.418676650996,12789.418676650996,12652.08998759729,12896.763012480276
common,70,RGA-MR,total_distance_m,24,7,3,12789.418676650996,12780.851718586875,12652.08998759729,12896.763012480276
conditional,70,B-ALNS,total_distance_m,24,22,8,10657.148301951347,10670.767695855247,10362.977272663102,11070.153265255201
common,70,B-ALNS,total_distance_m,24,7,3,10581.649657572998,10602.882425734302,10394.230546377421,10843.383457333139
conditional,70,ESI-ALNS,total_distance_m,24,22,8,10507.540575690618,10531.659279860092,10246.970412060833,10904.64855644057
common,70,ESI-ALNS,total_distance_m,24,7,3,10386.6834682469,10427.954507795608,10242.234829826419,10636.57910401533
paired,70,GR-MR,total_distance_m,24,7,3,-2427.992456660401,-2385.370815692229,-2691.29828635024,-2015.51088358196
paired,70,FTR-NM,total_distance_m,24,7,3,-2773.7963523737703,-2784.633522494075,-3276.075908887167,-2309.4468912814395
paired,70,RGA-MR,total_distance_m,24,7,3,-2402.735208404097,-2352.897210791267,-2615.5265415813283,-2015.51088358196
paired,70,B-ALNS,total_distance_m,24,22,8,-149.60772626072693,-139.10841599515507,-212.21825087511635,-80.3815762506741
conditional,70,GR-MR,total_to_resources_s,8,0,0,,,,
common,70,GR-MR,total_to_resources_s,24,0,0,,,,
conditional,70,FTR-NM,total_to_resources_s,8,0,0,,,,
common,70,FTR-NM,total_to_resources_s,24,0,0,,,,
conditional,70,RGA-MR,total_to_resources_s,24,0,0,,,,
common,70,RGA-MR,total_to_resources_s,24,0,0,,,,
conditional,70,B-ALNS,total_to_resources_s,24,0,0,,,,
common,70,B-ALNS,total_to_resources_s,24,0,0,,,,
conditional,70,ESI-ALNS,total_to_resources_s,24,0,0,,,,
common,70,ESI-ALNS,total_to_resources_s,24,0,0,,,,
paired,70,GR-MR,total_to_resources_s,24,0,0,,,,
paired,70,FTR-NM,total_to_resources_s,24,0,0,,,,
paired,70,RGA-MR,total_to_resources_s,24,0,0,,,,
paired,70,B-ALNS,total_to_resources_s,24,0,0,,,,
conditional,70,GR-MR,total_with_audit_s,8,0,0,,,,
common,70,GR-MR,total_with_audit_s,24,0,0,,,,
conditional,70,FTR-NM,total_with_audit_s,8,0,0,,,,
common,70,FTR-NM,total_with_audit_s,24,0,0,,,,
conditional,70,RGA-MR,total_with_audit_s,24,0,0,,,,
common,70,RGA-MR,total_with_audit_s,24,0,0,,,,
conditional,70,B-ALNS,total_with_audit_s,24,0,0,,,,
common,70,B-ALNS,total_with_audit_s,24,0,0,,,,
conditional,70,ESI-ALNS,total_with_audit_s,24,0,0,,,,
common,70,ESI-ALNS,total_with_audit_s,24,0,0,,,,
paired,70,GR-MR,total_with_audit_s,24,0,0,,,,
paired,70,FTR-NM,total_with_audit_s,24,0,0,,,,
paired,70,RGA-MR,total_with_audit_s,24,0,0,,,,
paired,70,B-ALNS,total_with_audit_s,24,0,0,,,,
conditional,80,GR-MR,both_stages_qualified_rate,8,8,8,0.125,0.125,0.0,0.375
common,80,GR-MR,both_stages_qualified_rate,24,24,8,0.125,0.125,0.0,0.375
conditional,80,FTR-NM,both_stages_qualified_rate,8,8,8,0.125,0.125,0.0,0.375
common,80,FTR-NM,both_stages_qualified_rate,24,24,8,0.125,0.125,0.0,0.375
conditional,80,RGA-MR,both_stages_qualified_rate,24,24,8,0.125,0.125,0.0,0.375
common,80,RGA-MR,both_stages_qualified_rate,24,24,8,0.125,0.125,0.0,0.375
conditional,80,B-ALNS,both_stages_qualified_rate,24,24,8,0.875,0.875,0.7083333333333333,1.0
common,80,B-ALNS,both_stages_qualified_rate,24,24,8,0.875,0.875,0.7083333333333333,1.0
conditional,80,ESI-ALNS,both_stages_qualified_rate,24,24,8,0.875,0.875,0.7083333333333333,1.0
common,80,ESI-ALNS,both_stages_qualified_rate,24,24,8,0.875,0.875,0.7083333333333333,1.0
paired,80,GR-MR,both_stages_qualified_rate,24,24,8,0.75,0.75,0.41666666666666663,1.0
paired,80,FTR-NM,both_stages_qualified_rate,24,24,8,0.75,0.75,0.41666666666666663,1.0
paired,80,RGA-MR,both_stages_qualified_rate,24,24,8,0.75,0.75,0.41666666666666663,1.0
paired,80,B-ALNS,both_stages_qualified_rate,24,24,8,0.0,0.0,0.0,0.0
conditional,80,GR-MR,contacts,8,1,1,5.0,5.0,,
common,80,GR-MR,contacts,24,2,1,5.0,5.0,,
conditional,80,FTR-NM,contacts,8,1,1,6.0,6.0,,
common,80,FTR-NM,contacts,24,2,1,6.0,6.0,,
conditional,80,RGA-MR,contacts,24,3,1,5.0,5.0,,
common,80,RGA-MR,contacts,24,2,1,5.0,5.0,,
conditional,80,B-ALNS,contacts,24,21,8,5.541666666666666,5.523809523809524,5.083333333333333,5.958333333333334
common,80,B-ALNS,contacts,24,2,1,5.0,5.0,,
conditional,80,ESI-ALNS,contacts,24,21,8,5.0,4.9523809523809526,4.5,5.458333333333334
common,80,ESI-ALNS,contacts,24,2,1,4.0,4.0,,
paired,80,GR-MR,contacts,24,2,1,-1.0,-1.0,,
paired,80,FTR-NM,contacts,24,2,1,-2.0,-2.0,,
paired,80,RGA-MR,contacts,24,2,1,-1.0,-1.0,,
paired,80,B-ALNS,contacts,24,21,8,-0.5416666666666666,-0.5714285714285714,-0.875,-0.20833333333333331
conditional,80,GR-MR,cpu_stage2_minus_stage1,8,1,1,-1.0302463739886334,-1.0302463739886334,,
common,80,GR-MR,cpu_stage2_minus_stage1,24,2,1,-1.0302463739886334,-1.0302463739886334,,
conditional,80,FTR-NM,cpu_stage2_minus_stage1,8,1,1,-1.3560504110270863,-1.3560504110270863,,
common,80,FTR-NM,cpu_stage2_minus_stage1,24,2,1,-1.3560504110270863,-1.3560504110270863,,
conditional,80,RGA-MR,cpu_stage2_minus_stage1,24,3,1,-1.0302463739886334,-1.0302463739886334,,
common,80,RGA-MR,cpu_stage2_minus_stage1,24,2,1,-1.0302463739886334,-1.0302463739886334,,
conditional,80,B-ALNS,cpu_stage2_minus_stage1,24,21,8,-0.8327387587906077,-0.835259689035014,-0.9245430762656622,-0.734995946137311
common,80,B-ALNS,cpu_stage2_minus_stage1,24,2,1,-0.7930843065592581,-0.7930843065592581,,
conditional,80,ESI-ALNS,cpu_stage2_minus_stage1,24,21,8,-0.8809342023332746,-0.8498767391306152,-1.0407198454014617,-0.7267982494398034
common,80,ESI-ALNS,cpu_stage2_minus_stage1,24,2,1,-0.7802273380576069,-0.7802273380576069,,
paired,80,GR-MR,cpu_stage2_minus_stage1,24,2,1,0.2500190359310265,0.2500190359310265,,
paired,80,FTR-NM,cpu_stage2_minus_stage1,24,2,1,0.5758230729694794,0.5758230729694794,,
paired,80,RGA-MR,cpu_stage2_minus_stage1,24,2,1,0.2500190359310265,0.2500190359310265,,
paired,80,B-ALNS,cpu_stage2_minus_stage1,24,21,8,-0.04819544354266697,-0.014617050095601224,-0.1738940110621413,0.05303579644461773
conditional,80,GR-MR,energy_stage2_minus_stage1_j,8,1,1,0.26276221935404465,0.26276221935404465,,
common,80,GR-MR,energy_stage2_minus_stage1_j,24,2,1,0.26276221935404465,0.26276221935404465,,
conditional,80,FTR-NM,energy_stage2_minus_stage1_j,8,1,1,0.25842975900741294,0.25842975900741294,,
common,80,FTR-NM,energy_stage2_minus_stage1_j,24,2,1,0.25842975900741294,0.25842975900741294,,
conditional,80,RGA-MR,energy_stage2_minus_stage1_j,24,3,1,0.26276221935404465,0.26276221935404465,,
common,80,RGA-MR,energy_stage2_minus_stage1_j,24,2,1,0.26276221935404465,0.26276221935404465,,
conditional,80,B-ALNS,energy_stage2_minus_stage1_j,24,21,8,0.22540932487693985,0.22600600821481617,0.21894797829797125,0.2326999739706177
common,80,B-ALNS,energy_stage2_minus_stage1_j,24,2,1,0.21017516592110042,0.21017516592110042,,
conditional,80,ESI-ALNS,energy_stage2_minus_stage1_j,24,21,8,0.22399510985208812,0.22441684647596308,0.21803145760692738,0.2303132124094797
common,80,ESI-ALNS,energy_stage2_minus_stage1_j,24,2,1,0.20992389314051252,0.20992389314051252,,
paired,80,GR-MR,energy_stage2_minus_stage1_j,24,2,1,-0.05283832621353213,-0.05283832621353213,,
paired,80,FTR-NM,energy_stage2_minus_stage1_j,24,2,1,-0.04850586586690042,-0.04850586586690042,,
paired,80,RGA-MR,energy_stage2_minus_stage1_j,24,2,1,-0.05283832621353213,-0.05283832621353213,,
paired,80,B-ALNS,energy_stage2_minus_stage1_j,24,21,8,-0.0014142150248517282,-0.0015891617388531034,-0.0026803801573805686,-0.000422027419214525
conditional,80,GR-MR,independent_audit_s,8,0,0,,,,
common,80,GR-MR,independent_audit_s,24,0,0,,,,
conditional,80,FTR-NM,independent_audit_s,8,0,0,,,,
common,80,FTR-NM,independent_audit_s,24,0,0,,,,
conditional,80,RGA-MR,independent_audit_s,24,0,0,,,,
common,80,RGA-MR,independent_audit_s,24,0,0,,,,
conditional,80,B-ALNS,independent_audit_s,24,0,0,,,,
common,80,B-ALNS,independent_audit_s,24,0,0,,,,
conditional,80,ESI-ALNS,independent_audit_s,24,0,0,,,,
common,80,ESI-ALNS,independent_audit_s,24,0,0,,,,
paired,80,GR-MR,independent_audit_s,24,0,0,,,,
paired,80,FTR-NM,independent_audit_s,24,0,0,,,,
paired,80,RGA-MR,independent_audit_s,24,0,0,,,,
paired,80,B-ALNS,independent_audit_s,24,0,0,,,,
conditional,80,GR-MR,initialization_s,8,0,0,,,,
common,80,GR-MR,initialization_s,24,0,0,,,,
conditional,80,FTR-NM,initialization_s,8,0,0,,,,
common,80,FTR-NM,initialization_s,24,0,0,,,,
conditional,80,RGA-MR,initialization_s,24,0,0,,,,
common,80,RGA-MR,initialization_s,24,0,0,,,,
conditional,80,B-ALNS,initialization_s,24,0,0,,,,
common,80,B-ALNS,initialization_s,24,0,0,,,,
conditional,80,ESI-ALNS,initialization_s,24,0,0,,,,
common,80,ESI-ALNS,initialization_s,24,0,0,,,,
paired,80,GR-MR,initialization_s,24,0,0,,,,
paired,80,FTR-NM,initialization_s,24,0,0,,,,
paired,80,RGA-MR,initialization_s,24,0,0,,,,
paired,80,B-ALNS,initialization_s,24,0,0,,,,
conditional,80,GR-MR,mean_delay_s,8,1,1,214.03509982604191,214.03509982604191,,
common,80,GR-MR,mean_delay_s,24,2,1,214.03509982604191,214.03509982604191,,
conditional,80,FTR-NM,mean_delay_s,8,1,1,214.1881950395473,214.1881950395473,,
common,80,FTR-NM,mean_delay_s,24,2,1,214.1881950395473,214.1881950395473,,
conditional,80,RGA-MR,mean_delay_s,24,3,1,214.03509982604191,214.03509982604191,,
common,80,RGA-MR,mean_delay_s,24,2,1,214.03509982604191,214.03509982604191,,
conditional,80,B-ALNS,mean_delay_s,24,21,8,217.13501120186046,217.47949311405114,214.90869609677276,219.37450042586923
common,80,B-ALNS,mean_delay_s,24,2,1,218.03668725425442,218.03668725425442,,
conditional,80,ESI-ALNS,mean_delay_s,24,21,8,216.9119001473549,217.2063194976761,214.8634093212736,218.9994576350753
common,80,ESI-ALNS,mean_delay_s,24,2,1,217.77725021342513,217.77725021342513,,
paired,80,GR-MR,mean_delay_s,24,2,1,3.7421503873832336,3.7421503873832336,,
paired,80,FTR-NM,mean_delay_s,24,2,1,3.5890551738778385,3.5890551738778385,,
paired,80,RGA-MR,mean_delay_s,24,2,1,3.7421503873832336,3.7421503873832336,,
paired,80,B-ALNS,mean_delay_s,24,21,8,-0.22311105450554733,-0.27317361637504484,-0.6253702821943337,0.16384470402090792
conditional,80,GR-MR,min_deadline_slack_s,8,1,1,6.224354365258478e-11,6.224354365258478e-11,,
common,80,GR-MR,min_deadline_slack_s,24,2,1,6.224354365258478e-11,6.224354365258478e-11,,
conditional,80,FTR-NM,min_deadline_slack_s,8,1,1,4.726842917079921e-09,4.726842917079921e-09,,
common,80,FTR-NM,min_deadline_slack_s,24,2,1,4.726842917079921e-09,4.726842917079921e-09,,
conditional,80,RGA-MR,min_deadline_slack_s,24,3,1,6.224354365258478e-11,6.224354365258478e-11,,
common,80,RGA-MR,min_deadline_slack_s,24,2,1,6.224354365258478e-11,6.224354365258478e-11,,
conditional,80,B-ALNS,min_deadline_slack_s,24,21,8,-3.122735883209771e-07,-3.4127544895887867e-07,-8.044816269444275e-07,-4.433247487630372e-08
common,80,B-ALNS,min_deadline_slack_s,24,2,1,-3.429025241530326e-08,-3.429025241530326e-08,,
conditional,80,ESI-ALNS,min_deadline_slack_s,24,21,8,-5.399497986502411e-07,-6.104156560533218e-07,-1.4574583460102986e-06,-5.340542349093387e-08
common,80,ESI-ALNS,min_deadline_slack_s,24,2,1,-3.895172540069325e-08,-3.895172540069325e-08,,
paired,80,GR-MR,min_deadline_slack_s,24,2,1,-3.9013968944345834e-08,-3.9013968944345834e-08,,
paired,80,FTR-NM,min_deadline_slack_s,24,2,1,-4.367856831777317e-08,-4.367856831777317e-08,,
paired,80,RGA-MR,min_deadline_slack_s,24,2,1,-3.9013968944345834e-08,-3.9013968944345834e-08,,
paired,80,B-ALNS,min_deadline_slack_s,24,21,8,-2.27676210329264e-07,-2.6914020709444316e-07,-1.3401298311066512e-06,6.549470715396429e-07
conditional,80,GR-MR,normalized_mec_cpu,8,1,1,0.7932011674455864,0.7932011674455864,,
common,80,GR-MR,normalized_mec_cpu,24,2,1,0.7932011674455864,0.7932011674455864,,
conditional,80,FTR-NM,normalized_mec_cpu,8,1,1,0.4522941476787895,0.4522941476787895,,
common,80,FTR-NM,normalized_mec_cpu,24,2,1,0.4522941476787895,0.4522941476787895,,
conditional,80,RGA-MR,normalized_mec_cpu,24,3,1,0.7932011674455864,0.7932011674455864,,
common,80,RGA-MR,normalized_mec_cpu,24,2,1,0.7932011674455864,0.7932011674455864,,
conditional,80,B-ALNS,normalized_mec_cpu,24,21,8,0.9649111572930483,0.9557458719883601,0.8905644757088291,1.0204010093170588
common,80,B-ALNS,normalized_mec_cpu,24,2,1,1.0533607269570098,1.0533607269570098,,
conditional,80,ESI-ALNS,normalized_mec_cpu,24,21,8,0.9061852988883066,0.9340104580479511,0.7531018100913053,1.0491872317892572
common,80,ESI-ALNS,normalized_mec_cpu,24,2,1,1.0632424211409905,1.0632424211409905,,
paired,80,GR-MR,normalized_mec_cpu,24,2,1,0.2700412536954041,0.2700412536954041,,
paired,80,FTR-NM,normalized_mec_cpu,24,2,1,0.610948273462201,0.610948273462201,,
paired,80,RGA-MR,normalized_mec_cpu,24,2,1,0.2700412536954041,0.2700412536954041,,
paired,80,B-ALNS,normalized_mec_cpu,24,21,8,-0.058725858404741774,-0.0217354139404091,-0.19858801086893504,0.05601493726193608
conditional,80,GR-MR,offload_ratio,8,1,1,0.0875,0.0875,,
common,80,GR-MR,offload_ratio,24,2,1,0.0875,0.0875,,
conditional,80,FTR-NM,offload_ratio,8,1,1,0.0875,0.0875,,
common,80,FTR-NM,offload_ratio,24,2,1,0.0875,0.0875,,
conditional,80,RGA-MR,offload_ratio,24,3,1,0.0875,0.0875,,
common,80,RGA-MR,offload_ratio,24,2,1,0.0875,0.0875,,
conditional,80,B-ALNS,offload_ratio,24,21,8,0.12916666666666668,0.12678571428571428,0.12031249999999999,0.14010416666666664
common,80,B-ALNS,offload_ratio,24,2,1,0.16249999999999998,0.16249999999999998,,
conditional,80,ESI-ALNS,offload_ratio,24,21,8,0.12552083333333333,0.12380952380952381,0.115625,0.13749999999999998
common,80,ESI-ALNS,offload_ratio,24,2,1,0.16249999999999998,0.16249999999999998,,
paired,80,GR-MR,offload_ratio,24,2,1,0.075,0.075,,
paired,80,FTR-NM,offload_ratio,24,2,1,0.075,0.075,,
paired,80,RGA-MR,offload_ratio,24,2,1,0.075,0.075,,
paired,80,B-ALNS,offload_ratio,24,21,8,-0.003645833333333335,-0.0029761904761904773,-0.006770833333333339,-0.0010416666666666664
conditional,80,GR-MR,original_construction_search_s,8,8,8,0.497379639874997,0.497379639874997,0.41223893446248844,0.592469036624995
common,80,GR-MR,original_construction_search_s,24,24,8,0.497379639874997,0.497379639874997,0.41223893446248844,0.592469036624995
conditional,80,FTR-NM,original_construction_search_s,8,8,8,0.27714243012499384,0.27714243012499384,0.22816384879686763,0.3241813227843615
common,80,FTR-NM,original_construction_search_s,24,24,8,0.27714243012499384,0.27714243012499384,0.22816384879686763,0.3241813227843615
conditional,80,RGA-MR,original_construction_search_s,24,24,8,37.22818383895834,37.22818383895834,31.268015607245843,43.61219863933021
common,80,RGA-MR,original_construction_search_s,24,24,8,37.22818383895834,37.22818383895834,31.268015607245843,43.61219863933021
conditional,80,B-ALNS,original_construction_search_s,24,24,8,41.106975613958326,41.10697561395833,33.92963087680104,47.52578671691667
common,80,B-ALNS,original_construction_search_s,24,24,8,41.106975613958326,41.10697561395833,33.92963087680104,47.52578671691667
conditional,80,ESI-ALNS,original_construction_search_s,24,24,8,48.603124236,48.603124236,39.87254272420833,56.085976997874994
common,80,ESI-ALNS,original_construction_search_s,24,24,8,48.603124236,48.603124236,39.87254272420833,56.085976997874994
paired,80,GR-MR,original_construction_search_s,24,24,8,48.105744596125,48.105744596125,39.39161587823541,55.600510808041655
paired,80,FTR-NM,original_construction_search_s,24,24,8,48.325981805875,48.325981805875,39.58753416520834,55.80606603062499
paired,80,RGA-MR,original_construction_search_s,24,24,8,11.374940397041662,11.374940397041662,2.203872449922917,20.064627740216647
paired,80,B-ALNS,original_construction_search_s,24,24,8,7.496148622041668,7.496148622041667,5.379808752624996,10.106469332143753
conditional,80,GR-MR,original_independent_audit_s,8,8,8,0.0006811136250135519,0.0006811136250135519,4.423237522122037e-06,0.002033388696880678
common,80,GR-MR,original_independent_audit_s,24,24,8,0.0006811136250135519,0.0006811136250135519,4.423237522122037e-06,0.002033388696880678
conditional,80,FTR-NM,original_independent_audit_s,8,8,8,0.0007326776249900746,0.0007326776249900746,4.2573750000940436e-06,0.00218901662498201
common,80,FTR-NM,original_independent_audit_s,24,24,8,0.0007326776249900746,0.0007326776249900746,4.2573750000940436e-06,0.00218901662498201
conditional,80,RGA-MR,original_independent_audit_s,24,24,8,0.0007135503749999826,0.0007135503749999828,4.353651039086988e-06,0.0021309869166644306
common,80,RGA-MR,original_independent_audit_s,24,24,8,0.0007135503749999826,0.0007135503749999828,4.353651039086988e-06,0.0021309869166644306
conditional,80,B-ALNS,original_independent_audit_s,24,24,8,0.006139863208330709,0.006139863208330709,0.004763897113536154,0.007359909789581593
common,80,B-ALNS,original_independent_audit_s,24,24,8,0.006139863208330709,0.006139863208330709,0.004763897113536154,0.007359909789581593
conditional,80,ESI-ALNS,original_independent_audit_s,24,24,8,0.005911043208335205,0.005911043208335205,0.004616568863548147,0.00710392087500485
common,80,ESI-ALNS,original_independent_audit_s,24,24,8,0.005911043208335205,0.005911043208335205,0.004616568863548147,0.00710392087500485
paired,80,GR-MR,original_independent_audit_s,24,24,8,0.0052299295833216535,0.0052299295833216535,0.003151869583326435,0.007007303630191566
paired,80,FTR-NM,original_independent_audit_s,24,24,8,0.005178365583345131,0.005178365583345131,0.0030002111927071844,0.007007502298975568
paired,80,RGA-MR,original_independent_audit_s,24,24,8,0.005197492833335223,0.005197492833335223,0.003056979997921901,0.007007141872923808
paired,80,B-ALNS,original_independent_audit_s,24,24,8,-0.00022881999999550354,-0.00022881999999550354,-0.0003883785197864438,-7.569508332906015e-05
conditional,80,GR-MR,original_initialization_s,8,8,8,0.497379639874997,0.497379639874997,0.41223893446248844,0.592469036624995
common,80,GR-MR,original_initialization_s,24,24,8,0.497379639874997,0.497379639874997,0.41223893446248844,0.592469036624995
conditional,80,FTR-NM,original_initialization_s,8,8,8,0.27714243012499384,0.27714243012499384,0.22816384879686763,0.3241813227843615
common,80,FTR-NM,original_initialization_s,24,24,8,0.27714243012499384,0.27714243012499384,0.22816384879686763,0.3241813227843615
conditional,80,RGA-MR,original_initialization_s,24,24,8,0.0,0.0,0.0,0.0
common,80,RGA-MR,original_initialization_s,24,24,8,0.0,0.0,0.0,0.0
conditional,80,B-ALNS,original_initialization_s,24,24,8,0.497379639874997,0.497379639874997,0.41223893446248844,0.592469036624995
common,80,B-ALNS,original_initialization_s,24,24,8,0.497379639874997,0.497379639874997,0.41223893446248844,0.592469036624995
conditional,80,ESI-ALNS,original_initialization_s,24,24,8,0.497379639874997,0.497379639874997,0.41223893446248844,0.592469036624995
common,80,ESI-ALNS,original_initialization_s,24,24,8,0.497379639874997,0.497379639874997,0.41223893446248844,0.592469036624995
paired,80,GR-MR,original_initialization_s,24,24,8,0.0,0.0,0.0,0.0
paired,80,FTR-NM,original_initialization_s,24,24,8,0.22023720975000316,0.22023720975000316,0.1599960104999978,0.2865644942500021
paired,80,RGA-MR,original_initialization_s,24,24,8,0.497379639874997,0.497379639874997,0.41223893446248844,0.592469036624995
paired,80,B-ALNS,original_initialization_s,24,24,8,0.0,0.0,0.0,0.0
conditional,80,GR-MR,original_resource_recompute_s,8,8,8,0.369878240875007,0.369878240875007,0.0005591852500188566,0.8598573818000125
common,80,GR-MR,original_resource_recompute_s,24,24,8,0.369878240875007,0.369878240875007,0.0005591852500188566,0.8598573818000125
conditional,80,FTR-NM,original_resource_recompute_s,8,8,8,1.0804614476250016,1.0804614476250016,0.00024937800624833526,3.2408422244500006
common,80,FTR-NM,original_resource_recompute_s,24,24,8,1.0804614476250016,1.0804614476250016,0.00024937800624833526,3.2408422244500006
conditional,80,RGA-MR,original_resource_recompute_s,24,24,8,0.6434709964166618,0.6434709964166618,0.16181496612499183,1.2715074517916638
common,80,RGA-MR,original_resource_recompute_s,24,24,8,0.6434709964166618,0.6434709964166618,0.16181496612499183,1.2715074517916638
conditional,80,B-ALNS,original_resource_recompute_s,24,24,8,5.474055151041661,5.474055151041662,3.4342611487083334,7.336180759749988
common,80,B-ALNS,original_resource_recompute_s,24,24,8,5.474055151041661,5.474055151041662,3.4342611487083334,7.336180759749988
conditional,80,ESI-ALNS,original_resource_recompute_s,24,24,8,6.056255743333333,6.056255743333334,4.12066909808333,7.982525744208336
common,80,ESI-ALNS,original_resource_recompute_s,24,24,8,6.056255743333333,6.056255743333334,4.12066909808333,7.982525744208336
paired,80,GR-MR,original_resource_recompute_s,24,24,8,5.686377502458326,5.686377502458327,3.844794164147893,7.553739259506244
paired,80,FTR-NM,original_resource_recompute_s,24,24,8,4.975794295708332,4.975794295708332,2.4394421714989636,7.461490778875003
paired,80,RGA-MR,original_resource_recompute_s,24,24,8,5.412784746916672,5.412784746916672,3.6821057069708387,7.162095415333336
paired,80,B-ALNS,original_resource_recompute_s,24,24,8,0.582200592291672,0.582200592291672,-1.9473356744166646,2.8706301597187562
conditional,80,GR-MR,original_search_s,8,8,8,0.0,0.0,0.0,0.0
common,80,GR-MR,original_search_s,24,24,8,0.0,0.0,0.0,0.0
conditional,80,FTR-NM,original_search_s,8,8,8,0.0,0.0,0.0,0.0
common,80,FTR-NM,original_search_s,24,24,8,0.0,0.0,0.0,0.0
conditional,80,RGA-MR,original_search_s,24,24,8,37.22818383895834,37.22818383895834,31.268015607245843,43.61219863933021
common,80,RGA-MR,original_search_s,24,24,8,37.22818383895834,37.22818383895834,31.268015607245843,43.61219863933021
conditional,80,B-ALNS,original_search_s,24,24,8,40.609595974083334,40.609595974083334,33.43070601108333,47.02981447730624
common,80,B-ALNS,original_search_s,24,24,8,40.609595974083334,40.609595974083334,33.43070601108333,47.02981447730624
conditional,80,ESI-ALNS,original_search_s,24,24,8,48.105744596125,48.105744596125,39.39161587823541,55.600510808041655
common,80,ESI-ALNS,original_search_s,24,24,8,48.105744596125,48.105744596125,39.39161587823541,55.600510808041655
paired,80,GR-MR,original_search_s,24,24,8,48.105744596125,48.105744596125,39.39161587823541,55.600510808041655
paired,80,FTR-NM,original_search_s,24,24,8,48.105744596125,48.105744596125,39.39161587823541,55.600510808041655
paired,80,RGA-MR,original_search_s,24,24,8,10.877560757166664,10.877560757166664,1.6207504995416682,19.636891786929144
paired,80,B-ALNS,original_search_s,24,24,8,7.496148622041668,7.496148622041667,5.379808752624996,10.106469332143753
conditional,80,GR-MR,original_total_to_resources_s,8,8,8,0.867257880750004,0.867257880750004,0.5673566078750216,1.2926073836249907
common,80,GR-MR,original_total_to_resources_s,24,24,8,0.867257880750004,0.867257880750004,0.5673566078750216,1.2926073836249907
conditional,80,FTR-NM,original_total_to_resources_s,8,8,8,1.3576038777499955,1.3576038777499955,0.2679433564374933,3.491265309624996
common,80,FTR-NM,original_total_to_resources_s,24,24,8,1.3576038777499955,1.3576038777499955,0.2679433564374933,3.491265309624996
conditional,80,RGA-MR,original_total_to_resources_s,24,24,8,37.871654835375,37.871654835375,32.05347512309999,44.16821490031666
common,80,RGA-MR,original_total_to_resources_s,24,24,8,37.871654835375,37.871654835375,32.05347512309999,44.16821490031666
conditional,80,B-ALNS,original_total_to_resources_s,24,24,8,46.581030764999994,46.581030764999994,38.97815161343125,53.80563693722498
common,80,B-ALNS,original_total_to_resources_s,24,24,8,46.581030764999994,46.581030764999994,38.97815161343125,53.80563693722498
conditional,80,ESI-ALNS,original_total_to_resources_s,24,24,8,54.65937997933333,54.65937997933333,45.402506179125,62.778318827509366
common,80,ESI-ALNS,original_total_to_resources_s,24,24,8,54.65937997933333,54.65937997933333,45.402506179125,62.778318827509366
paired,80,GR-MR,original_total_to_resources_s,24,24,8,53.79212209858332,53.79212209858333,44.61716736799688,61.902367029709346
paired,80,FTR-NM,original_total_to_resources_s,24,24,8,53.301776101583336,53.301776101583336,44.1819182731823,61.284126338708326
paired,80,RGA-MR,original_total_to_resources_s,24,24,8,16.787725143958333,16.787725143958333,7.785534195458332,25.543204825958327
paired,80,B-ALNS,original_total_to_resources_s,24,24,8,8.07834921433334,8.07834921433334,5.660440389319798,10.339835045893755
conditional,80,GR-MR,original_total_with_audit_s,8,8,8,0.8679389943750175,0.8679389943750175,0.5673614942500418,1.2946405537499972
common,80,GR-MR,original_total_with_audit_s,24,24,8,0.8679389943750175,0.8679389943750175,0.5673614942500418,1.2946405537499972
conditional,80,FTR-NM,original_total_with_audit_s,8,8,8,1.3583365553749855,1.3583365553749855,0.267947603599995,3.49345437787499
common,80,FTR-NM,original_total_with_audit_s,24,24,8,1.3583365553749855,1.3583365553749855,0.267947603599995,3.49345437787499
conditional,80,RGA-MR,original_total_with_audit_s,24,24,8,37.87236838575,37.87236838575,32.05347935716666,44.16821976674999
common,80,RGA-MR,original_total_with_audit_s,24,24,8,37.87236838575,37.87236838575,32.05347935716666,44.16821976674999
conditional,80,B-ALNS,original_total_with_audit_s,24,24,8,46.58717062820832,46.58717062820833,38.98310850879583,53.81237101674062
common,80,B-ALNS,original_total_with_audit_s,24,24,8,46.58717062820832,46.58717062820833,38.98310850879583,53.81237101674062
conditional,80,ESI-ALNS,original_total_with_audit_s,24,24,8,54.665291022541666,54.665291022541666,45.40778583945833,62.78406635068646
common,80,ESI-ALNS,original_total_with_audit_s,24,24,8,54.665291022541666,54.665291022541666,45.40778583945833,62.78406635068646
paired,80,GR-MR,original_total_with_audit_s,24,24,8,53.79735202816665,53.79735202816665,44.62209043001249,61.90857178437496
paired,80,FTR-NM,original_total_with_audit_s,24,24,8,53.306954467166676,53.30695446716668,44.18728696987813,61.289232251291665
paired,80,RGA-MR,original_total_with_audit_s,24,24,8,16.79292263679167,16.79292263679167,7.7901007483749956,25.548614620083335
paired,80,B-ALNS,original_total_with_audit_s,24,24,8,8.078120394333343,8.078120394333343,5.6600601324781294,10.339680325653143
conditional,80,GR-MR,p95_delay_s,8,1,1,356.51771140698,356.51771140698,,
common,80,GR-MR,p95_delay_s,24,2,1,356.51771140698,356.51771140698,,
conditional,80,FTR-NM,p95_delay_s,8,1,1,356.5177114511378,356.5177114511378,,
common,80,FTR-NM,p95_delay_s,24,2,1,356.5177114511378,356.5177114511378,,
conditional,80,RGA-MR,p95_delay_s,24,3,1,356.51771140698,356.51771140698,,
common,80,RGA-MR,p95_delay_s,24,2,1,356.51771140698,356.51771140698,,
conditional,80,B-ALNS,p95_delay_s,24,21,8,371.30841265668073,372.13472472183173,367.33769618085023,377.1852689378004
common,80,B-ALNS,p95_delay_s,24,2,1,365.6295706629683,365.6295706629683,,
conditional,80,ESI-ALNS,p95_delay_s,24,21,8,370.1419882967116,371.20118527389695,364.47833640382555,377.6539291121801
common,80,ESI-ALNS,p95_delay_s,24,2,1,357.23971449905775,357.23971449905775,,
paired,80,GR-MR,p95_delay_s,24,2,1,0.7220030920777276,0.7220030920777276,,
paired,80,FTR-NM,p95_delay_s,24,2,1,0.7220030479199409,0.7220030479199409,,
paired,80,RGA-MR,p95_delay_s,24,2,1,0.7220030920777276,0.7220030920777276,,
paired,80,B-ALNS,p95_delay_s,24,21,8,-1.166424359969144,-0.9335394479347715,-3.750755974677727,0.8456294206331829
conditional,80,GR-MR,resource_recompute_s,8,0,0,,,,
common,80,GR-MR,resource_recompute_s,24,0,0,,,,
conditional,80,FTR-NM,resource_recompute_s,8,0,0,,,,
common,80,FTR-NM,resource_recompute_s,24,0,0,,,,
conditional,80,RGA-MR,resource_recompute_s,24,0,0,,,,
common,80,RGA-MR,resource_recompute_s,24,0,0,,,,
conditional,80,B-ALNS,resource_recompute_s,24,0,0,,,,
common,80,B-ALNS,resource_recompute_s,24,0,0,,,,
conditional,80,ESI-ALNS,resource_recompute_s,24,0,0,,,,
common,80,ESI-ALNS,resource_recompute_s,24,0,0,,,,
paired,80,GR-MR,resource_recompute_s,24,0,0,,,,
paired,80,FTR-NM,resource_recompute_s,24,0,0,,,,
paired,80,RGA-MR,resource_recompute_s,24,0,0,,,,
paired,80,B-ALNS,resource_recompute_s,24,0,0,,,,
conditional,80,GR-MR,search_s,8,0,0,,,,
common,80,GR-MR,search_s,24,0,0,,,,
conditional,80,FTR-NM,search_s,8,0,0,,,,
common,80,FTR-NM,search_s,24,0,0,,,,
conditional,80,RGA-MR,search_s,24,0,0,,,,
common,80,RGA-MR,search_s,24,0,0,,,,
conditional,80,B-ALNS,search_s,24,0,0,,,,
common,80,B-ALNS,search_s,24,0,0,,,,
conditional,80,ESI-ALNS,search_s,24,0,0,,,,
common,80,ESI-ALNS,search_s,24,0,0,,,,
paired,80,GR-MR,search_s,24,0,0,,,,
paired,80,FTR-NM,search_s,24,0,0,,,,
paired,80,RGA-MR,search_s,24,0,0,,,,
paired,80,B-ALNS,search_s,24,0,0,,,,
conditional,80,GR-MR,stage1_energy_j,8,1,1,262762.348539238,262762.348539238,,
common,80,GR-MR,stage1_energy_j,24,2,1,262762.348539238,262762.348539238,,
conditional,80,FTR-NM,stage1_energy_j,8,1,1,258429.8089860081,258429.8089860081,,
common,80,FTR-NM,stage1_energy_j,24,2,1,258429.8089860081,258429.8089860081,,
conditional,80,RGA-MR,stage1_energy_j,24,3,1,262762.348539238,262762.348539238,,
common,80,RGA-MR,stage1_energy_j,24,2,1,262762.348539238,262762.348539238,,
conditional,80,B-ALNS,stage1_energy_j,24,21,8,225409.39431981603,226006.0737241967,218948.02599471522,232700.03213893346
common,80,B-ALNS,stage1_energy_j,24,2,1,210175.20268101193,210175.20268101193,,
conditional,80,ESI-ALNS,stage1_energy_j,24,21,8,223995.15222819085,224416.88561887684,218031.48004925405,230313.26740460904
common,80,ESI-ALNS,stage1_energy_j,24,2,1,209923.9837846604,209923.9837846604,,
paired,80,GR-MR,stage1_energy_j,24,2,1,-52838.36475457756,-52838.36475457756,,
paired,80,FTR-NM,stage1_energy_j,24,2,1,-48505.82520134769,-48505.82520134769,,
paired,80,RGA-MR,stage1_energy_j,24,2,1,-52838.36475457756,-52838.36475457756,,
paired,80,B-ALNS,stage1_energy_j,24,21,8,-1414.2420916251867,-1589.1881053198595,-2680.3700711427073,-422.0589502834482
conditional,80,GR-MR,stage1_qualified_rate,8,8,8,0.125,0.125,0.0,0.375
common,80,GR-MR,stage1_qualified_rate,24,24,8,0.125,0.125,0.0,0.375
conditional,80,FTR-NM,stage1_qualified_rate,8,8,8,0.125,0.125,0.0,0.375
common,80,FTR-NM,stage1_qualified_rate,24,24,8,0.125,0.125,0.0,0.375
conditional,80,RGA-MR,stage1_qualified_rate,24,24,8,0.125,0.125,0.0,0.375
common,80,RGA-MR,stage1_qualified_rate,24,24,8,0.125,0.125,0.0,0.375
conditional,80,B-ALNS,stage1_qualified_rate,24,24,8,0.875,0.875,0.7083333333333333,1.0
common,80,B-ALNS,stage1_qualified_rate,24,24,8,0.875,0.875,0.7083333333333333,1.0
conditional,80,ESI-ALNS,stage1_qualified_rate,24,24,8,0.875,0.875,0.7083333333333333,1.0
common,80,ESI-ALNS,stage1_qualified_rate,24,24,8,0.875,0.875,0.7083333333333333,1.0
paired,80,GR-MR,stage1_qualified_rate,24,24,8,0.75,0.75,0.41666666666666663,1.0
paired,80,FTR-NM,stage1_qualified_rate,24,24,8,0.75,0.75,0.41666666666666663,1.0
paired,80,RGA-MR,stage1_qualified_rate,24,24,8,0.75,0.75,0.41666666666666663,1.0
paired,80,B-ALNS,stage1_qualified_rate,24,24,8,0.0,0.0,0.0,0.0
conditional,80,GR-MR,stage2_component_collection_j_j,8,1,1,16000.0,16000.0,,
common,80,GR-MR,stage2_component_collection_j_j,24,2,1,16000.0,16000.0,,
conditional,80,FTR-NM,stage2_component_collection_j_j,8,1,1,16000.0,16000.0,,
common,80,FTR-NM,stage2_component_collection_j_j,24,2,1,16000.0,16000.0,,
conditional,80,RGA-MR,stage2_component_collection_j_j,24,3,1,16000.0,16000.0,,
common,80,RGA-MR,stage2_component_collection_j_j,24,2,1,16000.0,16000.0,,
conditional,80,B-ALNS,stage2_component_collection_j_j,24,21,8,16000.0,16000.0,16000.0,16000.0
common,80,B-ALNS,stage2_component_collection_j_j,24,2,1,16000.0,16000.0,,
conditional,80,ESI-ALNS,stage2_component_collection_j_j,24,21,8,16000.0,16000.0,16000.0,16000.0
common,80,ESI-ALNS,stage2_component_collection_j_j,24,2,1,16000.0,16000.0,,
paired,80,GR-MR,stage2_component_collection_j_j,24,2,1,0.0,0.0,,
paired,80,FTR-NM,stage2_component_collection_j_j,24,2,1,0.0,0.0,,
paired,80,RGA-MR,stage2_component_collection_j_j,24,2,1,0.0,0.0,,
paired,80,B-ALNS,stage2_component_collection_j_j,24,21,8,0.0,0.0,0.0,0.0
conditional,80,GR-MR,stage2_component_flight_j_j,8,1,1,243700.5092415101,243700.5092415101,,
common,80,GR-MR,stage2_component_flight_j_j,24,2,1,243700.5092415101,243700.5092415101,,
conditional,80,FTR-NM,stage2_component_flight_j_j,8,1,1,239123.87459793844,239123.87459793844,,
common,80,FTR-NM,stage2_component_flight_j_j,24,2,1,239123.87459793844,239123.87459793844,,
conditional,80,RGA-MR,stage2_component_flight_j_j,24,3,1,243700.5092415101,243700.5092415101,,
common,80,RGA-MR,stage2_component_flight_j_j,24,2,1,243700.5092415101,243700.5092415101,,
conditional,80,B-ALNS,stage2_component_flight_j_j,24,21,8,205708.9776972977,206246.66590701503,199245.39092897016,212931.29463749772
common,80,B-ALNS,stage2_component_flight_j_j,24,2,1,190435.56992547633,190435.56992547633,,
conditional,80,ESI-ALNS,stage2_component_flight_j_j,24,21,8,204529.9463027109,204906.57195637847,198475.29454514245,210937.8148387016
common,80,ESI-ALNS,stage2_component_flight_j_j,24,2,1,190394.74506850858,190394.74506850858,,
paired,80,GR-MR,stage2_component_flight_j_j,24,2,1,-53305.76417300152,-53305.76417300152,,
paired,80,FTR-NM,stage2_component_flight_j_j,24,2,1,-48729.12952942986,-48729.12952942986,,
paired,80,RGA-MR,stage2_component_flight_j_j,24,2,1,-53305.76417300152,-53305.76417300152,,
paired,80,B-ALNS,stage2_component_flight_j_j,24,21,8,-1179.0313945867942,-1340.0939506365753,-2369.780472372339,-253.06853670058592
conditional,80,GR-MR,stage2_component_local_compute_j_j,8,1,1,1125.1069899323109,1125.1069899323109,,
common,80,GR-MR,stage2_component_local_compute_j_j,24,2,1,1125.1069899323109,1125.1069899323109,,
conditional,80,FTR-NM,stage2_component_local_compute_j_j,8,1,1,1115.6763716570256,1115.6763716570256,,
common,80,FTR-NM,stage2_component_local_compute_j_j,24,2,1,1115.6763716570256,1115.6763716570256,,
conditional,80,RGA-MR,stage2_component_local_compute_j_j,24,3,1,1125.1069899323109,1125.1069899323109,,
common,80,RGA-MR,stage2_component_local_compute_j_j,24,2,1,1125.1069899323109,1125.1069899323109,,
conditional,80,B-ALNS,stage2_component_local_compute_j_j,24,21,8,1082.1490616310807,1085.2164014192572,1036.6332011214781,1126.6254104049692
common,80,B-ALNS,stage2_component_local_compute_j_j,24,2,1,1081.309696190303,1081.309696190303,,
conditional,80,ESI-ALNS,stage2_component_local_compute_j_j,24,21,8,1086.9893851026277,1087.9592871326936,1046.6145540143502,1123.0646691714178
common,80,ESI-ALNS,stage2_component_local_compute_j_j,24,2,1,1081.3096963565529,1081.3096963565529,,
paired,80,GR-MR,stage2_component_local_compute_j_j,24,2,1,-43.797293575757976,-43.797293575757976,,
paired,80,FTR-NM,stage2_component_local_compute_j_j,24,2,1,-34.36667530047271,-34.36667530047271,,
paired,80,RGA-MR,stage2_component_local_compute_j_j,24,2,1,-43.797293575757976,-43.797293575757976,,
paired,80,B-ALNS,stage2_component_local_compute_j_j,24,21,8,4.8403234715470145,2.742885713436343,-5.647967394717805,15.599663021257067
conditional,80,GR-MR,stage2_component_transmit_j_j,8,1,1,0.968013528243343,0.968013528243343,,
common,80,GR-MR,stage2_component_transmit_j_j,24,2,1,0.968013528243343,0.968013528243343,,
conditional,80,FTR-NM,stage2_component_transmit_j_j,8,1,1,1.0947108676519952,1.0947108676519952,,
common,80,FTR-NM,stage2_component_transmit_j_j,24,2,1,1.0947108676519952,1.0947108676519952,,
conditional,80,RGA-MR,stage2_component_transmit_j_j,24,3,1,0.968013528243343,0.968013528243343,,
common,80,RGA-MR,stage2_component_transmit_j_j,24,2,1,0.968013528243343,0.968013528243343,,
conditional,80,B-ALNS,stage2_component_transmit_j_j,24,21,8,1.3085921890115668,1.3365404406649792,1.1245924255336257,1.475874524711445
common,80,B-ALNS,stage2_component_transmit_j_j,24,2,1,1.3286023160975655,1.3286023160975655,,
conditional,80,ESI-ALNS,stage2_component_transmit_j_j,24,21,8,1.1886259547662061,1.2106840540790422,1.028529797994136,1.344071769239424
common,80,ESI-ALNS,stage2_component_transmit_j_j,24,2,1,1.2234577429727351,1.2234577429727351,,
paired,80,GR-MR,stage2_component_transmit_j_j,24,2,1,0.25544421472939216,0.25544421472939216,,
paired,80,FTR-NM,stage2_component_transmit_j_j,24,2,1,0.12874687532073992,0.12874687532073992,,
paired,80,RGA-MR,stage2_component_transmit_j_j,24,2,1,0.25544421472939216,0.25544421472939216,,
paired,80,B-ALNS,stage2_component_transmit_j_j,24,21,8,-0.11996623424536068,-0.1258563865859369,-0.20731552211795576,-0.03690067839345037
conditional,80,GR-MR,stage2_component_upload_hover_j_j,8,1,1,1936.0270564866855,1936.0270564866855,,
common,80,GR-MR,stage2_component_upload_hover_j_j,24,2,1,1936.0270564866855,1936.0270564866855,,
conditional,80,FTR-NM,stage2_component_upload_hover_j_j,8,1,1,2189.4217353039903,2189.4217353039903,,
common,80,FTR-NM,stage2_component_upload_hover_j_j,24,2,1,2189.4217353039903,2189.4217353039903,,
conditional,80,RGA-MR,stage2_component_upload_hover_j_j,24,3,1,1936.0270564866855,1936.0270564866855,,
common,80,RGA-MR,stage2_component_upload_hover_j_j,24,2,1,1936.0270564866855,1936.0270564866855,,
conditional,80,B-ALNS,stage2_component_upload_hover_j_j,24,21,8,2617.1843780231334,2673.080881329958,2249.184851067251,2951.74904942289
common,80,B-ALNS,stage2_component_upload_hover_j_j,24,2,1,2657.204632195131,2657.204632195131,,
conditional,80,ESI-ALNS,stage2_component_upload_hover_j_j,24,21,8,2377.2519095324124,2421.3681081580844,2057.059595988272,2688.143538478848
common,80,ESI-ALNS,stage2_component_upload_hover_j_j,24,2,1,2446.91548594547,2446.91548594547,,
paired,80,GR-MR,stage2_component_upload_hover_j_j,24,2,1,510.8884294587847,510.8884294587847,,
paired,80,FTR-NM,stage2_component_upload_hover_j_j,24,2,1,257.4937506414799,257.4937506414799,,
paired,80,RGA-MR,stage2_component_upload_hover_j_j,24,2,1,510.8884294587847,510.8884294587847,,
paired,80,B-ALNS,stage2_component_upload_hover_j_j,24,21,8,-239.93246849072133,-251.7127731718738,-414.6310442359114,-73.80135678690068
conditional,80,GR-MR,stage2_energy_j,8,1,1,262762.61130145733,262762.61130145733,,
common,80,GR-MR,stage2_energy_j,24,2,1,262762.61130145733,262762.61130145733,,
conditional,80,FTR-NM,stage2_energy_j,8,1,1,258430.06741576712,258430.06741576712,,
common,80,FTR-NM,stage2_energy_j,24,2,1,258430.06741576712,258430.06741576712,,
conditional,80,RGA-MR,stage2_energy_j,24,3,1,262762.61130145733,262762.61130145733,,
common,80,RGA-MR,stage2_energy_j,24,2,1,262762.61130145733,262762.61130145733,,
conditional,80,B-ALNS,stage2_energy_j,24,21,8,225409.6197291409,226006.29973020492,218948.24494269353,232700.26483890743
common,80,B-ALNS,stage2_energy_j,24,2,1,210175.41285617786,210175.41285617786,,
conditional,80,ESI-ALNS,stage2_energy_j,24,21,8,223995.3762233007,224417.11003572334,218031.69808071165,230313.49771782145
common,80,ESI-ALNS,stage2_energy_j,24,2,1,209924.19370855356,209924.19370855356,,
paired,80,GR-MR,stage2_energy_j,24,2,1,-52838.417592903774,-52838.417592903774,,
paired,80,FTR-NM,stage2_energy_j,24,2,1,-48505.873707213555,-48505.873707213555,,
paired,80,RGA-MR,stage2_energy_j,24,2,1,-52838.417592903774,-52838.417592903774,,
paired,80,B-ALNS,stage2_energy_j,24,21,8,-1414.2435058402116,-1589.1896944815983,-2680.3727515228647,-422.05937231086745
conditional,80,GR-MR,stage2_replay_s,8,1,1,0.5824256310000067,0.5824256310000067,,
common,80,GR-MR,stage2_replay_s,24,2,1,0.5824256310000067,0.5824256310000067,,
conditional,80,FTR-NM,stage2_replay_s,8,1,1,0.5941541119999982,0.5941541119999982,,
common,80,FTR-NM,stage2_replay_s,24,2,1,0.5941541119999982,0.5941541119999982,,
conditional,80,RGA-MR,stage2_replay_s,24,3,1,0.5477325979999961,0.5477325979999961,,
common,80,RGA-MR,stage2_replay_s,24,2,1,0.572658766999993,0.572658766999993,,
conditional,80,B-ALNS,stage2_replay_s,24,21,8,1.1263021403749984,1.1174654109999989,0.9475672635416645,1.2943176381562487
common,80,B-ALNS,stage2_replay_s,24,2,1,1.2967629480000014,1.2967629480000014,,
conditional,80,ESI-ALNS,stage2_replay_s,24,21,8,0.9396195394999994,0.9153753792380949,0.8341505525260419,1.0534261346937488
common,80,ESI-ALNS,stage2_replay_s,24,2,1,1.2491373099999947,1.2491373099999947,,
paired,80,GR-MR,stage2_replay_s,24,2,1,0.6667116789999881,0.6667116789999881,,
paired,80,FTR-NM,stage2_replay_s,24,2,1,0.6549831979999965,0.6549831979999965,,
paired,80,RGA-MR,stage2_replay_s,24,2,1,0.6764785430000018,0.6764785430000018,,
paired,80,B-ALNS,stage2_replay_s,24,21,8,-0.18668260087499888,-0.20209003176190385,-0.38647958368853996,0.02125308251145745
conditional,80,GR-MR,total_distance_m,8,1,1,13538.917180083896,13538.917180083896,,
common,80,GR-MR,total_distance_m,24,2,1,13538.917180083896,13538.917180083896,,
conditional,80,FTR-NM,total_distance_m,8,1,1,13284.65969988547,13284.65969988547,,
common,80,FTR-NM,total_distance_m,24,2,1,13284.65969988547,13284.65969988547,,
conditional,80,RGA-MR,total_distance_m,24,3,1,13538.917180083896,13538.917180083896,,
common,80,RGA-MR,total_distance_m,24,2,1,13538.917180083896,13538.917180083896,,
conditional,80,B-ALNS,total_distance_m,24,21,8,11428.27653873876,11458.14810594528,11069.188384942785,11829.516368749872
common,80,B-ALNS,total_distance_m,24,2,1,10579.753884748685,10579.753884748685,,
conditional,80,ESI-ALNS,total_distance_m,24,21,8,11362.77479459505,11383.698442021026,11026.405252507913,11718.767491038976
common,80,ESI-ALNS,total_distance_m,24,2,1,10577.485837139364,10577.485837139364,,
paired,80,GR-MR,total_distance_m,24,2,1,-2961.431342944531,-2961.431342944531,,
paired,80,FTR-NM,total_distance_m,24,2,1,-2707.1738627461045,-2707.1738627461045,,
paired,80,RGA-MR,total_distance_m,24,2,1,-2961.431342944531,-2961.431342944531,,
paired,80,B-ALNS,total_distance_m,24,21,8,-65.50174414371058,-74.44966392425401,-131.65447068735193,-14.059363150032425
conditional,80,GR-MR,total_to_resources_s,8,0,0,,,,
common,80,GR-MR,total_to_resources_s,24,0,0,,,,
conditional,80,FTR-NM,total_to_resources_s,8,0,0,,,,
common,80,FTR-NM,total_to_resources_s,24,0,0,,,,
conditional,80,RGA-MR,total_to_resources_s,24,0,0,,,,
common,80,RGA-MR,total_to_resources_s,24,0,0,,,,
conditional,80,B-ALNS,total_to_resources_s,24,0,0,,,,
common,80,B-ALNS,total_to_resources_s,24,0,0,,,,
conditional,80,ESI-ALNS,total_to_resources_s,24,0,0,,,,
common,80,ESI-ALNS,total_to_resources_s,24,0,0,,,,
paired,80,GR-MR,total_to_resources_s,24,0,0,,,,
paired,80,FTR-NM,total_to_resources_s,24,0,0,,,,
paired,80,RGA-MR,total_to_resources_s,24,0,0,,,,
paired,80,B-ALNS,total_to_resources_s,24,0,0,,,,
conditional,80,GR-MR,total_with_audit_s,8,0,0,,,,
common,80,GR-MR,total_with_audit_s,24,0,0,,,,
conditional,80,FTR-NM,total_with_audit_s,8,0,0,,,,
common,80,FTR-NM,total_with_audit_s,24,0,0,,,,
conditional,80,RGA-MR,total_with_audit_s,24,0,0,,,,
common,80,RGA-MR,total_with_audit_s,24,0,0,,,,
conditional,80,B-ALNS,total_with_audit_s,24,0,0,,,,
common,80,B-ALNS,total_with_audit_s,24,0,0,,,,
conditional,80,ESI-ALNS,total_with_audit_s,24,0,0,,,,
common,80,ESI-ALNS,total_with_audit_s,24,0,0,,,,
paired,80,GR-MR,total_with_audit_s,24,0,0,,,,
paired,80,FTR-NM,total_with_audit_s,24,0,0,,,,
paired,80,RGA-MR,total_with_audit_s,24,0,0,,,,
paired,80,B-ALNS,total_with_audit_s,24,0,0,,,,
