scope,tasks,method,metric,scenario_seed,observations,mean
conditional,30,GR-MR,both_stages_qualified_rate,45,1,1.0
conditional,30,GR-MR,both_stages_qualified_rate,46,1,1.0
conditional,30,GR-MR,both_stages_qualified_rate,47,1,1.0
conditional,30,GR-MR,both_stages_qualified_rate,48,1,1.0
conditional,30,GR-MR,both_stages_qualified_rate,49,1,1.0
conditional,30,GR-MR,both_stages_qualified_rate,50,1,1.0
conditional,30,GR-MR,both_stages_qualified_rate,51,1,1.0
conditional,30,GR-MR,both_stages_qualified_rate,52,1,1.0
common,30,GR-MR,both_stages_qualified_rate,45,3,1.0
common,30,GR-MR,both_stages_qualified_rate,46,3,1.0
common,30,GR-MR,both_stages_qualified_rate,47,3,1.0
common,30,GR-MR,both_stages_qualified_rate,48,3,1.0
common,30,GR-MR,both_stages_qualified_rate,49,3,1.0
common,30,GR-MR,both_stages_qualified_rate,50,3,1.0
common,30,GR-MR,both_stages_qualified_rate,51,3,1.0
common,30,GR-MR,both_stages_qualified_rate,52,3,1.0
conditional,30,FTR-NM,both_stages_qualified_rate,45,1,1.0
conditional,30,FTR-NM,both_stages_qualified_rate,46,1,1.0
conditional,30,FTR-NM,both_stages_qualified_rate,47,1,1.0
conditional,30,FTR-NM,both_stages_qualified_rate,48,1,1.0
conditional,30,FTR-NM,both_stages_qualified_rate,49,1,1.0
conditional,30,FTR-NM,both_stages_qualified_rate,50,1,1.0
conditional,30,FTR-NM,both_stages_qualified_rate,51,1,1.0
conditional,30,FTR-NM,both_stages_qualified_rate,52,1,1.0
common,30,FTR-NM,both_stages_qualified_rate,45,3,1.0
common,30,FTR-NM,both_stages_qualified_rate,46,3,1.0
common,30,FTR-NM,both_stages_qualified_rate,47,3,1.0
common,30,FTR-NM,both_stages_qualified_rate,48,3,1.0
common,30,FTR-NM,both_stages_qualified_rate,49,3,1.0
common,30,FTR-NM,both_stages_qualified_rate,50,3,1.0
common,30,FTR-NM,both_stages_qualified_rate,51,3,1.0
common,30,FTR-NM,both_stages_qualified_rate,52,3,1.0
conditional,30,RGA-MR,both_stages_qualified_rate,45,3,1.0
conditional,30,RGA-MR,both_stages_qualified_rate,46,3,1.0
conditional,30,RGA-MR,both_stages_qualified_rate,47,3,1.0
conditional,30,RGA-MR,both_stages_qualified_rate,48,3,1.0
conditional,30,RGA-MR,both_stages_qualified_rate,49,3,1.0
conditional,30,RGA-MR,both_stages_qualified_rate,50,3,1.0
conditional,30,RGA-MR,both_stages_qualified_rate,51,3,1.0
conditional,30,RGA-MR,both_stages_qualified_rate,52,3,1.0
common,30,RGA-MR,both_stages_qualified_rate,45,3,1.0
common,30,RGA-MR,both_stages_qualified_rate,46,3,1.0
common,30,RGA-MR,both_stages_qualified_rate,47,3,1.0
common,30,RGA-MR,both_stages_qualified_rate,48,3,1.0
common,30,RGA-MR,both_stages_qualified_rate,49,3,1.0
common,30,RGA-MR,both_stages_qualified_rate,50,3,1.0
common,30,RGA-MR,both_stages_qualified_rate,51,3,1.0
common,30,RGA-MR,both_stages_qualified_rate,52,3,1.0
conditional,30,B-ALNS,both_stages_qualified_rate,45,3,1.0
conditional,30,B-ALNS,both_stages_qualified_rate,46,3,0.6666666666666666
conditional,30,B-ALNS,both_stages_qualified_rate,47,3,1.0
conditional,30,B-ALNS,both_stages_qualified_rate,48,3,1.0
conditional,30,B-ALNS,both_stages_qualified_rate,49,3,1.0
conditional,30,B-ALNS,both_stages_qualified_rate,50,3,1.0
conditional,30,B-ALNS,both_stages_qualified_rate,51,3,1.0
conditional,30,B-ALNS,both_stages_qualified_rate,52,3,1.0
common,30,B-ALNS,both_stages_qualified_rate,45,3,1.0
common,30,B-ALNS,both_stages_qualified_rate,46,3,0.6666666666666666
common,30,B-ALNS,both_stages_qualified_rate,47,3,1.0
common,30,B-ALNS,both_stages_qualified_rate,48,3,1.0
common,30,B-ALNS,both_stages_qualified_rate,49,3,1.0
common,30,B-ALNS,both_stages_qualified_rate,50,3,1.0
common,30,B-ALNS,both_stages_qualified_rate,51,3,1.0
common,30,B-ALNS,both_stages_qualified_rate,52,3,1.0
conditional,30,ESI-ALNS,both_stages_qualified_rate,45,3,1.0
conditional,30,ESI-ALNS,both_stages_qualified_rate,46,3,0.6666666666666666
conditional,30,ESI-ALNS,both_stages_qualified_rate,47,3,1.0
conditional,30,ESI-ALNS,both_stages_qualified_rate,48,3,1.0
conditional,30,ESI-ALNS,both_stages_qualified_rate,49,3,1.0
conditional,30,ESI-ALNS,both_stages_qualified_rate,50,3,1.0
conditional,30,ESI-ALNS,both_stages_qualified_rate,51,3,1.0
conditional,30,ESI-ALNS,both_stages_qualified_rate,52,3,1.0
common,30,ESI-ALNS,both_stages_qualified_rate,45,3,1.0
common,30,ESI-ALNS,both_stages_qualified_rate,46,3,0.6666666666666666
common,30,ESI-ALNS,both_stages_qualified_rate,47,3,1.0
common,30,ESI-ALNS,both_stages_qualified_rate,48,3,1.0
common,30,ESI-ALNS,both_stages_qualified_rate,49,3,1.0
common,30,ESI-ALNS,both_stages_qualified_rate,50,3,1.0
common,30,ESI-ALNS,both_stages_qualified_rate,51,3,1.0
common,30,ESI-ALNS,both_stages_qualified_rate,52,3,1.0
paired,30,GR-MR,both_stages_qualified_rate,45,3,0.0
paired,30,GR-MR,both_stages_qualified_rate,46,3,-0.3333333333333333
paired,30,GR-MR,both_stages_qualified_rate,47,3,0.0
paired,30,GR-MR,both_stages_qualified_rate,48,3,0.0
paired,30,GR-MR,both_stages_qualified_rate,49,3,0.0
paired,30,GR-MR,both_stages_qualified_rate,50,3,0.0
paired,30,GR-MR,both_stages_qualified_rate,51,3,0.0
paired,30,GR-MR,both_stages_qualified_rate,52,3,0.0
paired,30,FTR-NM,both_stages_qualified_rate,45,3,0.0
paired,30,FTR-NM,both_stages_qualified_rate,46,3,-0.3333333333333333
paired,30,FTR-NM,both_stages_qualified_rate,47,3,0.0
paired,30,FTR-NM,both_stages_qualified_rate,48,3,0.0
paired,30,FTR-NM,both_stages_qualified_rate,49,3,0.0
paired,30,FTR-NM,both_stages_qualified_rate,50,3,0.0
paired,30,FTR-NM,both_stages_qualified_rate,51,3,0.0
paired,30,FTR-NM,both_stages_qualified_rate,52,3,0.0
paired,30,RGA-MR,both_stages_qualified_rate,45,3,0.0
paired,30,RGA-MR,both_stages_qualified_rate,46,3,-0.3333333333333333
paired,30,RGA-MR,both_stages_qualified_rate,47,3,0.0
paired,30,RGA-MR,both_stages_qualified_rate,48,3,0.0
paired,30,RGA-MR,both_stages_qualified_rate,49,3,0.0
paired,30,RGA-MR,both_stages_qualified_rate,50,3,0.0
paired,30,RGA-MR,both_stages_qualified_rate,51,3,0.0
paired,30,RGA-MR,both_stages_qualified_rate,52,3,0.0
paired,30,B-ALNS,both_stages_qualified_rate,45,3,0.0
paired,30,B-ALNS,both_stages_qualified_rate,46,3,0.0
paired,30,B-ALNS,both_stages_qualified_rate,47,3,0.0
paired,30,B-ALNS,both_stages_qualified_rate,48,3,0.0
paired,30,B-ALNS,both_stages_qualified_rate,49,3,0.0
paired,30,B-ALNS,both_stages_qualified_rate,50,3,0.0
paired,30,B-ALNS,both_stages_qualified_rate,51,3,0.0
paired,30,B-ALNS,both_stages_qualified_rate,52,3,0.0
conditional,30,GR-MR,contacts,45,1,0.0
conditional,30,GR-MR,contacts,46,1,0.0
conditional,30,GR-MR,contacts,47,1,0.0
conditional,30,GR-MR,contacts,48,1,0.0
conditional,30,GR-MR,contacts,49,1,0.0
conditional,30,GR-MR,contacts,50,1,0.0
conditional,30,GR-MR,contacts,51,1,0.0
conditional,30,GR-MR,contacts,52,1,0.0
common,30,GR-MR,contacts,45,3,0.0
common,30,GR-MR,contacts,46,2,0.0
common,30,GR-MR,contacts,47,3,0.0
common,30,GR-MR,contacts,48,3,0.0
common,30,GR-MR,contacts,49,3,0.0
common,30,GR-MR,contacts,50,3,0.0
common,30,GR-MR,contacts,51,3,0.0
common,30,GR-MR,contacts,52,3,0.0
conditional,30,FTR-NM,contacts,45,1,0.0
conditional,30,FTR-NM,contacts,46,1,0.0
conditional,30,FTR-NM,contacts,47,1,0.0
conditional,30,FTR-NM,contacts,48,1,0.0
conditional,30,FTR-NM,contacts,49,1,0.0
conditional,30,FTR-NM,contacts,50,1,0.0
conditional,30,FTR-NM,contacts,51,1,0.0
conditional,30,FTR-NM,contacts,52,1,0.0
common,30,FTR-NM,contacts,45,3,0.0
common,30,FTR-NM,contacts,46,2,0.0
common,30,FTR-NM,contacts,47,3,0.0
common,30,FTR-NM,contacts,48,3,0.0
common,30,FTR-NM,contacts,49,3,0.0
common,30,FTR-NM,contacts,50,3,0.0
common,30,FTR-NM,contacts,51,3,0.0
common,30,FTR-NM,contacts,52,3,0.0
conditional,30,RGA-MR,contacts,45,3,0.0
conditional,30,RGA-MR,contacts,46,3,0.0
conditional,30,RGA-MR,contacts,47,3,0.0
conditional,30,RGA-MR,contacts,48,3,0.0
conditional,30,RGA-MR,contacts,49,3,0.0
conditional,30,RGA-MR,contacts,50,3,0.0
conditional,30,RGA-MR,contacts,51,3,0.0
conditional,30,RGA-MR,contacts,52,3,0.0
common,30,RGA-MR,contacts,45,3,0.0
common,30,RGA-MR,contacts,46,2,0.0
common,30,RGA-MR,contacts,47,3,0.0
common,30,RGA-MR,contacts,48,3,0.0
common,30,RGA-MR,contacts,49,3,0.0
common,30,RGA-MR,contacts,50,3,0.0
common,30,RGA-MR,contacts,51,3,0.0
common,30,RGA-MR,contacts,52,3,0.0
conditional,30,B-ALNS,contacts,45,3,1.3333333333333333
conditional,30,B-ALNS,contacts,46,2,0.0
conditional,30,B-ALNS,contacts,47,3,2.0
conditional,30,B-ALNS,contacts,48,3,0.0
conditional,30,B-ALNS,contacts,49,3,1.0
conditional,30,B-ALNS,contacts,50,3,2.6666666666666665
conditional,30,B-ALNS,contacts,51,3,1.3333333333333333
conditional,30,B-ALNS,contacts,52,3,2.3333333333333335
common,30,B-ALNS,contacts,45,3,1.3333333333333333
common,30,B-ALNS,contacts,46,2,0.0
common,30,B-ALNS,contacts,47,3,2.0
common,30,B-ALNS,contacts,48,3,0.0
common,30,B-ALNS,contacts,49,3,1.0
common,30,B-ALNS,contacts,50,3,2.6666666666666665
common,30,B-ALNS,contacts,51,3,1.3333333333333333
common,30,B-ALNS,contacts,52,3,2.3333333333333335
conditional,30,ESI-ALNS,contacts,45,3,1.3333333333333333
conditional,30,ESI-ALNS,contacts,46,2,0.5
conditional,30,ESI-ALNS,contacts,47,3,2.0
conditional,30,ESI-ALNS,contacts,48,3,0.3333333333333333
conditional,30,ESI-ALNS,contacts,49,3,1.3333333333333333
conditional,30,ESI-ALNS,contacts,50,3,2.3333333333333335
conditional,30,ESI-ALNS,contacts,51,3,1.3333333333333333
conditional,30,ESI-ALNS,contacts,52,3,2.3333333333333335
common,30,ESI-ALNS,contacts,45,3,1.3333333333333333
common,30,ESI-ALNS,contacts,46,2,0.5
common,30,ESI-ALNS,contacts,47,3,2.0
common,30,ESI-ALNS,contacts,48,3,0.3333333333333333
common,30,ESI-ALNS,contacts,49,3,1.3333333333333333
common,30,ESI-ALNS,contacts,50,3,2.3333333333333335
common,30,ESI-ALNS,contacts,51,3,1.3333333333333333
common,30,ESI-ALNS,contacts,52,3,2.3333333333333335
paired,30,GR-MR,contacts,45,3,1.3333333333333333
paired,30,GR-MR,contacts,46,2,0.5
paired,30,GR-MR,contacts,47,3,2.0
paired,30,GR-MR,contacts,48,3,0.3333333333333333
paired,30,GR-MR,contacts,49,3,1.3333333333333333
paired,30,GR-MR,contacts,50,3,2.3333333333333335
paired,30,GR-MR,contacts,51,3,1.3333333333333333
paired,30,GR-MR,contacts,52,3,2.3333333333333335
paired,30,FTR-NM,contacts,45,3,1.3333333333333333
paired,30,FTR-NM,contacts,46,2,0.5
paired,30,FTR-NM,contacts,47,3,2.0
paired,30,FTR-NM,contacts,48,3,0.3333333333333333
paired,30,FTR-NM,contacts,49,3,1.3333333333333333
paired,30,FTR-NM,contacts,50,3,2.3333333333333335
paired,30,FTR-NM,contacts,51,3,1.3333333333333333
paired,30,FTR-NM,contacts,52,3,2.3333333333333335
paired,30,RGA-MR,contacts,45,3,1.3333333333333333
paired,30,RGA-MR,contacts,46,2,0.5
paired,30,RGA-MR,contacts,47,3,2.0
paired,30,RGA-MR,contacts,48,3,0.3333333333333333
paired,30,RGA-MR,contacts,49,3,1.3333333333333333
paired,30,RGA-MR,contacts,50,3,2.3333333333333335
paired,30,RGA-MR,contacts,51,3,1.3333333333333333
paired,30,RGA-MR,contacts,52,3,2.3333333333333335
paired,30,B-ALNS,contacts,45,3,0.0
paired,30,B-ALNS,contacts,46,2,0.5
paired,30,B-ALNS,contacts,47,3,0.0
paired,30,B-ALNS,contacts,48,3,0.3333333333333333
paired,30,B-ALNS,contacts,49,3,0.3333333333333333
paired,30,B-ALNS,contacts,50,3,-0.3333333333333333
paired,30,B-ALNS,contacts,51,3,0.0
paired,30,B-ALNS,contacts,52,3,0.0
conditional,30,GR-MR,cpu_stage2_minus_stage1,45,1,0.0
conditional,30,GR-MR,cpu_stage2_minus_stage1,46,1,0.0
conditional,30,GR-MR,cpu_stage2_minus_stage1,47,1,0.0
conditional,30,GR-MR,cpu_stage2_minus_stage1,48,1,0.0
conditional,30,GR-MR,cpu_stage2_minus_stage1,49,1,0.0
conditional,30,GR-MR,cpu_stage2_minus_stage1,50,1,0.0
conditional,30,GR-MR,cpu_stage2_minus_stage1,51,1,0.0
conditional,30,GR-MR,cpu_stage2_minus_stage1,52,1,0.0
common,30,GR-MR,cpu_stage2_minus_stage1,45,3,0.0
common,30,GR-MR,cpu_stage2_minus_stage1,46,2,0.0
common,30,GR-MR,cpu_stage2_minus_stage1,47,3,0.0
common,30,GR-MR,cpu_stage2_minus_stage1,48,3,0.0
common,30,GR-MR,cpu_stage2_minus_stage1,49,3,0.0
common,30,GR-MR,cpu_stage2_minus_stage1,50,3,0.0
common,30,GR-MR,cpu_stage2_minus_stage1,51,3,0.0
common,30,GR-MR,cpu_stage2_minus_stage1,52,3,0.0
conditional,30,FTR-NM,cpu_stage2_minus_stage1,45,1,0.0
conditional,30,FTR-NM,cpu_stage2_minus_stage1,46,1,0.0
conditional,30,FTR-NM,cpu_stage2_minus_stage1,47,1,0.0
conditional,30,FTR-NM,cpu_stage2_minus_stage1,48,1,0.0
conditional,30,FTR-NM,cpu_stage2_minus_stage1,49,1,0.0
conditional,30,FTR-NM,cpu_stage2_minus_stage1,50,1,0.0
conditional,30,FTR-NM,cpu_stage2_minus_stage1,51,1,0.0
conditional,30,FTR-NM,cpu_stage2_minus_stage1,52,1,0.0
common,30,FTR-NM,cpu_stage2_minus_stage1,45,3,0.0
common,30,FTR-NM,cpu_stage2_minus_stage1,46,2,0.0
common,30,FTR-NM,cpu_stage2_minus_stage1,47,3,0.0
common,30,FTR-NM,cpu_stage2_minus_stage1,48,3,0.0
common,30,FTR-NM,cpu_stage2_minus_stage1,49,3,0.0
common,30,FTR-NM,cpu_stage2_minus_stage1,50,3,0.0
common,30,FTR-NM,cpu_stage2_minus_stage1,51,3,0.0
common,30,FTR-NM,cpu_stage2_minus_stage1,52,3,0.0
conditional,30,RGA-MR,cpu_stage2_minus_stage1,45,3,0.0
conditional,30,RGA-MR,cpu_stage2_minus_stage1,46,3,0.0
conditional,30,RGA-MR,cpu_stage2_minus_stage1,47,3,0.0
conditional,30,RGA-MR,cpu_stage2_minus_stage1,48,3,0.0
conditional,30,RGA-MR,cpu_stage2_minus_stage1,49,3,0.0
conditional,30,RGA-MR,cpu_stage2_minus_stage1,50,3,0.0
conditional,30,RGA-MR,cpu_stage2_minus_stage1,51,3,0.0
conditional,30,RGA-MR,cpu_stage2_minus_stage1,52,3,0.0
common,30,RGA-MR,cpu_stage2_minus_stage1,45,3,0.0
common,30,RGA-MR,cpu_stage2_minus_stage1,46,2,0.0
common,30,RGA-MR,cpu_stage2_minus_stage1,47,3,0.0
common,30,RGA-MR,cpu_stage2_minus_stage1,48,3,0.0
common,30,RGA-MR,cpu_stage2_minus_stage1,49,3,0.0
common,30,RGA-MR,cpu_stage2_minus_stage1,50,3,0.0
common,30,RGA-MR,cpu_stage2_minus_stage1,51,3,0.0
common,30,RGA-MR,cpu_stage2_minus_stage1,52,3,0.0
conditional,30,B-ALNS,cpu_stage2_minus_stage1,45,3,-0.39002431738197757
conditional,30,B-ALNS,cpu_stage2_minus_stage1,46,2,0.0
conditional,30,B-ALNS,cpu_stage2_minus_stage1,47,3,-0.40470599955322545
conditional,30,B-ALNS,cpu_stage2_minus_stage1,48,3,0.0
conditional,30,B-ALNS,cpu_stage2_minus_stage1,49,3,-0.24399107014104957
conditional,30,B-ALNS,cpu_stage2_minus_stage1,50,3,-0.810020977579907
conditional,30,B-ALNS,cpu_stage2_minus_stage1,51,3,-0.5038207825160779
conditional,30,B-ALNS,cpu_stage2_minus_stage1,52,3,-0.8234449507314523
common,30,B-ALNS,cpu_stage2_minus_stage1,45,3,-0.39002431738197757
common,30,B-ALNS,cpu_stage2_minus_stage1,46,2,0.0
common,30,B-ALNS,cpu_stage2_minus_stage1,47,3,-0.40470599955322545
common,30,B-ALNS,cpu_stage2_minus_stage1,48,3,0.0
common,30,B-ALNS,cpu_stage2_minus_stage1,49,3,-0.24399107014104957
common,30,B-ALNS,cpu_stage2_minus_stage1,50,3,-0.810020977579907
common,30,B-ALNS,cpu_stage2_minus_stage1,51,3,-0.5038207825160779
common,30,B-ALNS,cpu_stage2_minus_stage1,52,3,-0.8234449507314523
conditional,30,ESI-ALNS,cpu_stage2_minus_stage1,45,3,-0.39002431738197757
conditional,30,ESI-ALNS,cpu_stage2_minus_stage1,46,2,-0.26034954136440386
conditional,30,ESI-ALNS,cpu_stage2_minus_stage1,47,3,-0.40470599955322545
conditional,30,ESI-ALNS,cpu_stage2_minus_stage1,48,3,-0.20056982076727428
conditional,30,ESI-ALNS,cpu_stage2_minus_stage1,49,3,-0.3569472489914675
conditional,30,ESI-ALNS,cpu_stage2_minus_stage1,50,3,-0.8110364888709162
conditional,30,ESI-ALNS,cpu_stage2_minus_stage1,51,3,-0.5038207825160779
conditional,30,ESI-ALNS,cpu_stage2_minus_stage1,52,3,-0.9409778069900023
common,30,ESI-ALNS,cpu_stage2_minus_stage1,45,3,-0.39002431738197757
common,30,ESI-ALNS,cpu_stage2_minus_stage1,46,2,-0.26034954136440386
common,30,ESI-ALNS,cpu_stage2_minus_stage1,47,3,-0.40470599955322545
common,30,ESI-ALNS,cpu_stage2_minus_stage1,48,3,-0.20056982076727428
common,30,ESI-ALNS,cpu_stage2_minus_stage1,49,3,-0.3569472489914675
common,30,ESI-ALNS,cpu_stage2_minus_stage1,50,3,-0.8110364888709162
common,30,ESI-ALNS,cpu_stage2_minus_stage1,51,3,-0.5038207825160779
common,30,ESI-ALNS,cpu_stage2_minus_stage1,52,3,-0.9409778069900023
paired,30,GR-MR,cpu_stage2_minus_stage1,45,3,-0.39002431738197757
paired,30,GR-MR,cpu_stage2_minus_stage1,46,2,-0.26034954136440386
paired,30,GR-MR,cpu_stage2_minus_stage1,47,3,-0.40470599955322545
paired,30,GR-MR,cpu_stage2_minus_stage1,48,3,-0.20056982076727428
paired,30,GR-MR,cpu_stage2_minus_stage1,49,3,-0.3569472489914675
paired,30,GR-MR,cpu_stage2_minus_stage1,50,3,-0.8110364888709162
paired,30,GR-MR,cpu_stage2_minus_stage1,51,3,-0.5038207825160779
paired,30,GR-MR,cpu_stage2_minus_stage1,52,3,-0.9409778069900023
paired,30,FTR-NM,cpu_stage2_minus_stage1,45,3,-0.39002431738197757
paired,30,FTR-NM,cpu_stage2_minus_stage1,46,2,-0.26034954136440386
paired,30,FTR-NM,cpu_stage2_minus_stage1,47,3,-0.40470599955322545
paired,30,FTR-NM,cpu_stage2_minus_stage1,48,3,-0.20056982076727428
paired,30,FTR-NM,cpu_stage2_minus_stage1,49,3,-0.3569472489914675
paired,30,FTR-NM,cpu_stage2_minus_stage1,50,3,-0.8110364888709162
paired,30,FTR-NM,cpu_stage2_minus_stage1,51,3,-0.5038207825160779
paired,30,FTR-NM,cpu_stage2_minus_stage1,52,3,-0.9409778069900023
paired,30,RGA-MR,cpu_stage2_minus_stage1,45,3,-0.39002431738197757
paired,30,RGA-MR,cpu_stage2_minus_stage1,46,2,-0.26034954136440386
paired,30,RGA-MR,cpu_stage2_minus_stage1,47,3,-0.40470599955322545
paired,30,RGA-MR,cpu_stage2_minus_stage1,48,3,-0.20056982076727428
paired,30,RGA-MR,cpu_stage2_minus_stage1,49,3,-0.3569472489914675
paired,30,RGA-MR,cpu_stage2_minus_stage1,50,3,-0.8110364888709162
paired,30,RGA-MR,cpu_stage2_minus_stage1,51,3,-0.5038207825160779
paired,30,RGA-MR,cpu_stage2_minus_stage1,52,3,-0.9409778069900023
paired,30,B-ALNS,cpu_stage2_minus_stage1,45,3,0.0
paired,30,B-ALNS,cpu_stage2_minus_stage1,46,2,-0.26034954136440386
paired,30,B-ALNS,cpu_stage2_minus_stage1,47,3,0.0
paired,30,B-ALNS,cpu_stage2_minus_stage1,48,3,-0.20056982076727428
paired,30,B-ALNS,cpu_stage2_minus_stage1,49,3,-0.11295617885041793
paired,30,B-ALNS,cpu_stage2_minus_stage1,50,3,-0.0010155112910092228
paired,30,B-ALNS,cpu_stage2_minus_stage1,51,3,0.0
paired,30,B-ALNS,cpu_stage2_minus_stage1,52,3,-0.1175328562585501
conditional,30,GR-MR,energy_stage2_minus_stage1_j,45,1,0.1740787514427211
conditional,30,GR-MR,energy_stage2_minus_stage1_j,46,1,0.15370646136580035
conditional,30,GR-MR,energy_stage2_minus_stage1_j,47,1,0.17046562329051085
conditional,30,GR-MR,energy_stage2_minus_stage1_j,48,1,0.1556107031647116
conditional,30,GR-MR,energy_stage2_minus_stage1_j,49,1,0.15356122283264995
conditional,30,GR-MR,energy_stage2_minus_stage1_j,50,1,0.153750170575222
conditional,30,GR-MR,energy_stage2_minus_stage1_j,51,1,0.17313233314780518
conditional,30,GR-MR,energy_stage2_minus_stage1_j,52,1,0.1791466474533081
common,30,GR-MR,energy_stage2_minus_stage1_j,45,3,0.1740787514427211
common,30,GR-MR,energy_stage2_minus_stage1_j,46,2,0.15370646136580035
common,30,GR-MR,energy_stage2_minus_stage1_j,47,3,0.17046562329051085
common,30,GR-MR,energy_stage2_minus_stage1_j,48,3,0.1556107031647116
common,30,GR-MR,energy_stage2_minus_stage1_j,49,3,0.15356122283264995
common,30,GR-MR,energy_stage2_minus_stage1_j,50,3,0.153750170575222
common,30,GR-MR,energy_stage2_minus_stage1_j,51,3,0.17313233314780518
common,30,GR-MR,energy_stage2_minus_stage1_j,52,3,0.1791466474533081
conditional,30,FTR-NM,energy_stage2_minus_stage1_j,45,1,0.1740787514427211
conditional,30,FTR-NM,energy_stage2_minus_stage1_j,46,1,0.15370646136580035
conditional,30,FTR-NM,energy_stage2_minus_stage1_j,47,1,0.17046562329051085
conditional,30,FTR-NM,energy_stage2_minus_stage1_j,48,1,0.1556107031647116
conditional,30,FTR-NM,energy_stage2_minus_stage1_j,49,1,0.15356122283264995
conditional,30,FTR-NM,energy_stage2_minus_stage1_j,50,1,0.153750170575222
conditional,30,FTR-NM,energy_stage2_minus_stage1_j,51,1,0.17313233314780518
conditional,30,FTR-NM,energy_stage2_minus_stage1_j,52,1,0.1791466474533081
common,30,FTR-NM,energy_stage2_minus_stage1_j,45,3,0.1740787514427211
common,30,FTR-NM,energy_stage2_minus_stage1_j,46,2,0.15370646136580035
common,30,FTR-NM,energy_stage2_minus_stage1_j,47,3,0.17046562329051085
common,30,FTR-NM,energy_stage2_minus_stage1_j,48,3,0.1556107031647116
common,30,FTR-NM,energy_stage2_minus_stage1_j,49,3,0.15356122283264995
common,30,FTR-NM,energy_stage2_minus_stage1_j,50,3,0.153750170575222
common,30,FTR-NM,energy_stage2_minus_stage1_j,51,3,0.17313233314780518
common,30,FTR-NM,energy_stage2_minus_stage1_j,52,3,0.1791466474533081
conditional,30,RGA-MR,energy_stage2_minus_stage1_j,45,3,0.16913684112175056
conditional,30,RGA-MR,energy_stage2_minus_stage1_j,46,3,0.15266959241125733
conditional,30,RGA-MR,energy_stage2_minus_stage1_j,47,3,0.16932885545732765
conditional,30,RGA-MR,energy_stage2_minus_stage1_j,48,3,0.154127989691915
conditional,30,RGA-MR,energy_stage2_minus_stage1_j,49,3,0.1482473678382424
conditional,30,RGA-MR,energy_stage2_minus_stage1_j,50,3,0.153750170575222
conditional,30,RGA-MR,energy_stage2_minus_stage1_j,51,3,0.17205732130484344
conditional,30,RGA-MR,energy_stage2_minus_stage1_j,52,3,0.17711184757839268
common,30,RGA-MR,energy_stage2_minus_stage1_j,45,3,0.16913684112175056
common,30,RGA-MR,energy_stage2_minus_stage1_j,46,2,0.15370646136580035
common,30,RGA-MR,energy_stage2_minus_stage1_j,47,3,0.16932885545732765
common,30,RGA-MR,energy_stage2_minus_stage1_j,48,3,0.154127989691915
common,30,RGA-MR,energy_stage2_minus_stage1_j,49,3,0.1482473678382424
common,30,RGA-MR,energy_stage2_minus_stage1_j,50,3,0.153750170575222
common,30,RGA-MR,energy_stage2_minus_stage1_j,51,3,0.17205732130484344
common,30,RGA-MR,energy_stage2_minus_stage1_j,52,3,0.17711184757839268
conditional,30,B-ALNS,energy_stage2_minus_stage1_j,45,3,0.10273027557317012
conditional,30,B-ALNS,energy_stage2_minus_stage1_j,46,2,0.106261891691247
conditional,30,B-ALNS,energy_stage2_minus_stage1_j,47,3,0.10078007164702285
conditional,30,B-ALNS,energy_stage2_minus_stage1_j,48,3,0.08298118076830481
conditional,30,B-ALNS,energy_stage2_minus_stage1_j,49,3,0.10482388946305339
conditional,30,B-ALNS,energy_stage2_minus_stage1_j,50,3,0.09376229927875102
conditional,30,B-ALNS,energy_stage2_minus_stage1_j,51,3,0.10751599069529523
conditional,30,B-ALNS,energy_stage2_minus_stage1_j,52,3,0.10036131162875488
common,30,B-ALNS,energy_stage2_minus_stage1_j,45,3,0.10273027557317012
common,30,B-ALNS,energy_stage2_minus_stage1_j,46,2,0.106261891691247
common,30,B-ALNS,energy_stage2_minus_stage1_j,47,3,0.10078007164702285
common,30,B-ALNS,energy_stage2_minus_stage1_j,48,3,0.08298118076830481
common,30,B-ALNS,energy_stage2_minus_stage1_j,49,3,0.10482388946305339
common,30,B-ALNS,energy_stage2_minus_stage1_j,50,3,0.09376229927875102
common,30,B-ALNS,energy_stage2_minus_stage1_j,51,3,0.10751599069529523
common,30,B-ALNS,energy_stage2_minus_stage1_j,52,3,0.10036131162875488
conditional,30,ESI-ALNS,energy_stage2_minus_stage1_j,45,3,0.10273027557317012
conditional,30,ESI-ALNS,energy_stage2_minus_stage1_j,46,2,0.10602659059804864
conditional,30,ESI-ALNS,energy_stage2_minus_stage1_j,47,3,0.10078007164702285
conditional,30,ESI-ALNS,energy_stage2_minus_stage1_j,48,3,0.08034494108869694
conditional,30,ESI-ALNS,energy_stage2_minus_stage1_j,49,3,0.10392559883863821
conditional,30,ESI-ALNS,energy_stage2_minus_stage1_j,50,3,0.09361172928765882
conditional,30,ESI-ALNS,energy_stage2_minus_stage1_j,51,3,0.10751599069529523
conditional,30,ESI-ALNS,energy_stage2_minus_stage1_j,52,3,0.099856646421055
common,30,ESI-ALNS,energy_stage2_minus_stage1_j,45,3,0.10273027557317012
common,30,ESI-ALNS,energy_stage2_minus_stage1_j,46,2,0.10602659059804864
common,30,ESI-ALNS,energy_stage2_minus_stage1_j,47,3,0.10078007164702285
common,30,ESI-ALNS,energy_stage2_minus_stage1_j,48,3,0.08034494108869694
common,30,ESI-ALNS,energy_stage2_minus_stage1_j,49,3,0.10392559883863821
common,30,ESI-ALNS,energy_stage2_minus_stage1_j,50,3,0.09361172928765882
common,30,ESI-ALNS,energy_stage2_minus_stage1_j,51,3,0.10751599069529523
common,30,ESI-ALNS,energy_stage2_minus_stage1_j,52,3,0.099856646421055
paired,30,GR-MR,energy_stage2_minus_stage1_j,45,3,-0.071348475869551
paired,30,GR-MR,energy_stage2_minus_stage1_j,46,2,-0.04767987076775171
paired,30,GR-MR,energy_stage2_minus_stage1_j,47,3,-0.069685551643488
paired,30,GR-MR,energy_stage2_minus_stage1_j,48,3,-0.07526576207601465
paired,30,GR-MR,energy_stage2_minus_stage1_j,49,3,-0.049635623994011745
paired,30,GR-MR,energy_stage2_minus_stage1_j,50,3,-0.06013844128756318
paired,30,GR-MR,energy_stage2_minus_stage1_j,51,3,-0.06561634245250995
paired,30,GR-MR,energy_stage2_minus_stage1_j,52,3,-0.0792900010322531
paired,30,FTR-NM,energy_stage2_minus_stage1_j,45,3,-0.071348475869551
paired,30,FTR-NM,energy_stage2_minus_stage1_j,46,2,-0.04767987076775171
paired,30,FTR-NM,energy_stage2_minus_stage1_j,47,3,-0.069685551643488
paired,30,FTR-NM,energy_stage2_minus_stage1_j,48,3,-0.07526576207601465
paired,30,FTR-NM,energy_stage2_minus_stage1_j,49,3,-0.049635623994011745
paired,30,FTR-NM,energy_stage2_minus_stage1_j,50,3,-0.06013844128756318
paired,30,FTR-NM,energy_stage2_minus_stage1_j,51,3,-0.06561634245250995
paired,30,FTR-NM,energy_stage2_minus_stage1_j,52,3,-0.0792900010322531
paired,30,RGA-MR,energy_stage2_minus_stage1_j,45,3,-0.06640656554858045
paired,30,RGA-MR,energy_stage2_minus_stage1_j,46,2,-0.04767987076775171
paired,30,RGA-MR,energy_stage2_minus_stage1_j,47,3,-0.06854878381030478
paired,30,RGA-MR,energy_stage2_minus_stage1_j,48,3,-0.07378304860321805
paired,30,RGA-MR,energy_stage2_minus_stage1_j,49,3,-0.044321768999604196
paired,30,RGA-MR,energy_stage2_minus_stage1_j,50,3,-0.06013844128756318
paired,30,RGA-MR,energy_stage2_minus_stage1_j,51,3,-0.06454133060954821
paired,30,RGA-MR,energy_stage2_minus_stage1_j,52,3,-0.07725520115733768
paired,30,B-ALNS,energy_stage2_minus_stage1_j,45,3,0.0
paired,30,B-ALNS,energy_stage2_minus_stage1_j,46,2,-0.000235301093198359
paired,30,B-ALNS,energy_stage2_minus_stage1_j,47,3,0.0
paired,30,B-ALNS,energy_stage2_minus_stage1_j,48,3,-0.0026362396796078733
paired,30,B-ALNS,energy_stage2_minus_stage1_j,49,3,-0.0008982906244151915
paired,30,B-ALNS,energy_stage2_minus_stage1_j,50,3,-0.0001505699910921976
paired,30,B-ALNS,energy_stage2_minus_stage1_j,51,3,0.0
paired,30,B-ALNS,energy_stage2_minus_stage1_j,52,3,-0.0005046652076998726
conditional,30,GR-MR,mean_delay_s,45,1,180.66934788026336
conditional,30,GR-MR,mean_delay_s,46,1,183.45632883121414
conditional,30,GR-MR,mean_delay_s,47,1,185.09125873143176
conditional,30,GR-MR,mean_delay_s,48,1,219.73408151964736
conditional,30,GR-MR,mean_delay_s,49,1,199.45982770060897
conditional,30,GR-MR,mean_delay_s,50,1,210.67761145164852
conditional,30,GR-MR,mean_delay_s,51,1,200.18058825948287
conditional,30,GR-MR,mean_delay_s,52,1,195.00423488462494
common,30,GR-MR,mean_delay_s,45,3,180.66934788026336
common,30,GR-MR,mean_delay_s,46,2,183.45632883121414
common,30,GR-MR,mean_delay_s,47,3,185.09125873143176
common,30,GR-MR,mean_delay_s,48,3,219.73408151964736
common,30,GR-MR,mean_delay_s,49,3,199.45982770060897
common,30,GR-MR,mean_delay_s,50,3,210.67761145164852
common,30,GR-MR,mean_delay_s,51,3,200.18058825948287
common,30,GR-MR,mean_delay_s,52,3,195.00423488462494
conditional,30,FTR-NM,mean_delay_s,45,1,180.66934788026336
conditional,30,FTR-NM,mean_delay_s,46,1,183.45632883121414
conditional,30,FTR-NM,mean_delay_s,47,1,185.09125873143176
conditional,30,FTR-NM,mean_delay_s,48,1,219.73408151964736
conditional,30,FTR-NM,mean_delay_s,49,1,199.45982770060897
conditional,30,FTR-NM,mean_delay_s,50,1,210.67761145164852
conditional,30,FTR-NM,mean_delay_s,51,1,200.18058825948287
conditional,30,FTR-NM,mean_delay_s,52,1,195.00423488462494
common,30,FTR-NM,mean_delay_s,45,3,180.66934788026336
common,30,FTR-NM,mean_delay_s,46,2,183.45632883121414
common,30,FTR-NM,mean_delay_s,47,3,185.09125873143176
common,30,FTR-NM,mean_delay_s,48,3,219.73408151964736
common,30,FTR-NM,mean_delay_s,49,3,199.45982770060897
common,30,FTR-NM,mean_delay_s,50,3,210.67761145164852
common,30,FTR-NM,mean_delay_s,51,3,200.18058825948287
common,30,FTR-NM,mean_delay_s,52,3,195.00423488462494
conditional,30,RGA-MR,mean_delay_s,45,3,184.7382686335176
conditional,30,RGA-MR,mean_delay_s,46,3,183.52190444925625
conditional,30,RGA-MR,mean_delay_s,47,3,185.16075987559694
conditional,30,RGA-MR,mean_delay_s,48,3,220.62328614446108
conditional,30,RGA-MR,mean_delay_s,49,3,204.76594272302054
conditional,30,RGA-MR,mean_delay_s,50,3,210.67761145164852
conditional,30,RGA-MR,mean_delay_s,51,3,201.9999333283747
conditional,30,RGA-MR,mean_delay_s,52,3,197.52918326356306
common,30,RGA-MR,mean_delay_s,45,3,184.7382686335176
common,30,RGA-MR,mean_delay_s,46,2,183.45632883121414
common,30,RGA-MR,mean_delay_s,47,3,185.16075987559694
common,30,RGA-MR,mean_delay_s,48,3,220.62328614446108
common,30,RGA-MR,mean_delay_s,49,3,204.76594272302054
common,30,RGA-MR,mean_delay_s,50,3,210.67761145164852
common,30,RGA-MR,mean_delay_s,51,3,201.9999333283747
common,30,RGA-MR,mean_delay_s,52,3,197.52918326356306
conditional,30,B-ALNS,mean_delay_s,45,3,190.01109946293525
conditional,30,B-ALNS,mean_delay_s,46,2,178.09282760380512
conditional,30,B-ALNS,mean_delay_s,47,3,208.58445905269772
conditional,30,B-ALNS,mean_delay_s,48,3,192.52258773507202
conditional,30,B-ALNS,mean_delay_s,49,3,203.16536032212974
conditional,30,B-ALNS,mean_delay_s,50,3,213.41151878753027
conditional,30,B-ALNS,mean_delay_s,51,3,230.28611950942096
conditional,30,B-ALNS,mean_delay_s,52,3,206.1930204947684
common,30,B-ALNS,mean_delay_s,45,3,190.01109946293525
common,30,B-ALNS,mean_delay_s,46,2,178.09282760380512
common,30,B-ALNS,mean_delay_s,47,3,208.58445905269772
common,30,B-ALNS,mean_delay_s,48,3,192.52258773507202
common,30,B-ALNS,mean_delay_s,49,3,203.16536032212974
common,30,B-ALNS,mean_delay_s,50,3,213.41151878753027
common,30,B-ALNS,mean_delay_s,51,3,230.28611950942096
common,30,B-ALNS,mean_delay_s,52,3,206.1930204947684
conditional,30,ESI-ALNS,mean_delay_s,45,3,190.01109946293525
conditional,30,ESI-ALNS,mean_delay_s,46,2,184.13927578368518
conditional,30,ESI-ALNS,mean_delay_s,47,3,208.58445905269772
conditional,30,ESI-ALNS,mean_delay_s,48,3,192.5738009893426
conditional,30,ESI-ALNS,mean_delay_s,49,3,208.70048269310453
conditional,30,ESI-ALNS,mean_delay_s,50,3,213.134934796984
conditional,30,ESI-ALNS,mean_delay_s,51,3,230.28611950942096
conditional,30,ESI-ALNS,mean_delay_s,52,3,205.8830479478684
common,30,ESI-ALNS,mean_delay_s,45,3,190.01109946293525
common,30,ESI-ALNS,mean_delay_s,46,2,184.13927578368518
common,30,ESI-ALNS,mean_delay_s,47,3,208.58445905269772
common,30,ESI-ALNS,mean_delay_s,48,3,192.5738009893426
common,30,ESI-ALNS,mean_delay_s,49,3,208.70048269310453
common,30,ESI-ALNS,mean_delay_s,50,3,213.134934796984
common,30,ESI-ALNS,mean_delay_s,51,3,230.28611950942096
common,30,ESI-ALNS,mean_delay_s,52,3,205.8830479478684
paired,30,GR-MR,mean_delay_s,45,3,9.341751582671899
paired,30,GR-MR,mean_delay_s,46,2,0.6829469524710419
paired,30,GR-MR,mean_delay_s,47,3,23.49320032126596
paired,30,GR-MR,mean_delay_s,48,3,-27.16028053030476
paired,30,GR-MR,mean_delay_s,49,3,9.240654992495573
paired,30,GR-MR,mean_delay_s,50,3,2.457323345335491
paired,30,GR-MR,mean_delay_s,51,3,30.105531249938082
paired,30,GR-MR,mean_delay_s,52,3,10.878813063243447
paired,30,FTR-NM,mean_delay_s,45,3,9.341751582671899
paired,30,FTR-NM,mean_delay_s,46,2,0.6829469524710419
paired,30,FTR-NM,mean_delay_s,47,3,23.49320032126596
paired,30,FTR-NM,mean_delay_s,48,3,-27.16028053030476
paired,30,FTR-NM,mean_delay_s,49,3,9.240654992495573
paired,30,FTR-NM,mean_delay_s,50,3,2.457323345335491
paired,30,FTR-NM,mean_delay_s,51,3,30.105531249938082
paired,30,FTR-NM,mean_delay_s,52,3,10.878813063243447
paired,30,RGA-MR,mean_delay_s,45,3,5.272830829417653
paired,30,RGA-MR,mean_delay_s,46,2,0.6829469524710419
paired,30,RGA-MR,mean_delay_s,47,3,23.423699177100797
paired,30,RGA-MR,mean_delay_s,48,3,-28.049485155118465
paired,30,RGA-MR,mean_delay_s,49,3,3.9345399700839985
paired,30,RGA-MR,mean_delay_s,50,3,2.457323345335491
paired,30,RGA-MR,mean_delay_s,51,3,28.286186181046236
paired,30,RGA-MR,mean_delay_s,52,3,8.353864684305316
paired,30,B-ALNS,mean_delay_s,45,3,0.0
paired,30,B-ALNS,mean_delay_s,46,2,6.046448179880059
paired,30,B-ALNS,mean_delay_s,47,3,0.0
paired,30,B-ALNS,mean_delay_s,48,3,0.051213254270569074
paired,30,B-ALNS,mean_delay_s,49,3,5.5351223709748
paired,30,B-ALNS,mean_delay_s,50,3,-0.2765839905462523
paired,30,B-ALNS,mean_delay_s,51,3,0.0
paired,30,B-ALNS,mean_delay_s,52,3,-0.30997254690003234
conditional,30,GR-MR,min_deadline_slack_s,45,1,0.037638702435742744
conditional,30,GR-MR,min_deadline_slack_s,46,1,0.03307293882801332
conditional,30,GR-MR,min_deadline_slack_s,47,1,0.061524087941620564
conditional,30,GR-MR,min_deadline_slack_s,48,1,0.32928549781183847
conditional,30,GR-MR,min_deadline_slack_s,49,1,0.06065359310639451
conditional,30,GR-MR,min_deadline_slack_s,50,1,0.04627677051064438
conditional,30,GR-MR,min_deadline_slack_s,51,1,0.04041528225764068
conditional,30,GR-MR,min_deadline_slack_s,52,1,0.08625168120903481
common,30,GR-MR,min_deadline_slack_s,45,3,0.037638702435742744
common,30,GR-MR,min_deadline_slack_s,46,2,0.03307293882801332
common,30,GR-MR,min_deadline_slack_s,47,3,0.061524087941620564
common,30,GR-MR,min_deadline_slack_s,48,3,0.32928549781183847
common,30,GR-MR,min_deadline_slack_s,49,3,0.06065359310639451
common,30,GR-MR,min_deadline_slack_s,50,3,0.04627677051064438
common,30,GR-MR,min_deadline_slack_s,51,3,0.04041528225764068
common,30,GR-MR,min_deadline_slack_s,52,3,0.08625168120903481
conditional,30,FTR-NM,min_deadline_slack_s,45,1,0.037638702435742744
conditional,30,FTR-NM,min_deadline_slack_s,46,1,0.03307293882801332
conditional,30,FTR-NM,min_deadline_slack_s,47,1,0.061524087941620564
conditional,30,FTR-NM,min_deadline_slack_s,48,1,0.32928549781183847
conditional,30,FTR-NM,min_deadline_slack_s,49,1,0.06065359310639451
conditional,30,FTR-NM,min_deadline_slack_s,50,1,0.04627677051064438
conditional,30,FTR-NM,min_deadline_slack_s,51,1,0.04041528225764068
conditional,30,FTR-NM,min_deadline_slack_s,52,1,0.08625168120903481
common,30,FTR-NM,min_deadline_slack_s,45,3,0.037638702435742744
common,30,FTR-NM,min_deadline_slack_s,46,2,0.03307293882801332
common,30,FTR-NM,min_deadline_slack_s,47,3,0.061524087941620564
common,30,FTR-NM,min_deadline_slack_s,48,3,0.32928549781183847
common,30,FTR-NM,min_deadline_slack_s,49,3,0.06065359310639451
common,30,FTR-NM,min_deadline_slack_s,50,3,0.04627677051064438
common,30,FTR-NM,min_deadline_slack_s,51,3,0.04041528225764068
common,30,FTR-NM,min_deadline_slack_s,52,3,0.08625168120903481
conditional,30,RGA-MR,min_deadline_slack_s,45,3,0.03527032380789782
conditional,30,RGA-MR,min_deadline_slack_s,46,3,0.03307973620980912
conditional,30,RGA-MR,min_deadline_slack_s,47,3,0.06170601426002046
conditional,30,RGA-MR,min_deadline_slack_s,48,3,0.3277870316180345
conditional,30,RGA-MR,min_deadline_slack_s,49,3,0.05843483670768516
conditional,30,RGA-MR,min_deadline_slack_s,50,3,0.04627677051064438
conditional,30,RGA-MR,min_deadline_slack_s,51,3,0.0401250159858364
conditional,30,RGA-MR,min_deadline_slack_s,52,3,0.07122782449486446
common,30,RGA-MR,min_deadline_slack_s,45,3,0.03527032380789782
common,30,RGA-MR,min_deadline_slack_s,46,2,0.03307293882801332
common,30,RGA-MR,min_deadline_slack_s,47,3,0.06170601426002046
common,30,RGA-MR,min_deadline_slack_s,48,3,0.3277870316180345
common,30,RGA-MR,min_deadline_slack_s,49,3,0.05843483670768516
common,30,RGA-MR,min_deadline_slack_s,50,3,0.04627677051064438
common,30,RGA-MR,min_deadline_slack_s,51,3,0.0401250159858364
common,30,RGA-MR,min_deadline_slack_s,52,3,0.07122782449486446
conditional,30,B-ALNS,min_deadline_slack_s,45,3,0.007132974592688394
conditional,30,B-ALNS,min_deadline_slack_s,46,2,0.018040951634247904
conditional,30,B-ALNS,min_deadline_slack_s,47,3,3.620812094595749e-09
conditional,30,B-ALNS,min_deadline_slack_s,48,3,0.025146755928725877
conditional,30,B-ALNS,min_deadline_slack_s,49,3,0.008244970977671073
conditional,30,B-ALNS,min_deadline_slack_s,50,3,-2.206093085987959e-10
conditional,30,B-ALNS,min_deadline_slack_s,51,3,2.361912265769206e-08
conditional,30,B-ALNS,min_deadline_slack_s,52,3,1.6750050235714298e-09
common,30,B-ALNS,min_deadline_slack_s,45,3,0.007132974592688394
common,30,B-ALNS,min_deadline_slack_s,46,2,0.018040951634247904
common,30,B-ALNS,min_deadline_slack_s,47,3,3.620812094595749e-09
common,30,B-ALNS,min_deadline_slack_s,48,3,0.025146755928725877
common,30,B-ALNS,min_deadline_slack_s,49,3,0.008244970977671073
common,30,B-ALNS,min_deadline_slack_s,50,3,-2.206093085987959e-10
common,30,B-ALNS,min_deadline_slack_s,51,3,2.361912265769206e-08
common,30,B-ALNS,min_deadline_slack_s,52,3,1.6750050235714298e-09
conditional,30,ESI-ALNS,min_deadline_slack_s,45,3,0.007132974592688394
conditional,30,ESI-ALNS,min_deadline_slack_s,46,2,0.00807490029947644
conditional,30,ESI-ALNS,min_deadline_slack_s,47,3,3.620812094595749e-09
conditional,30,ESI-ALNS,min_deadline_slack_s,48,3,0.01654484856938628
conditional,30,ESI-ALNS,min_deadline_slack_s,49,3,1.7203168075260084e-08
conditional,30,ESI-ALNS,min_deadline_slack_s,50,3,-3.1246827347786166e-10
conditional,30,ESI-ALNS,min_deadline_slack_s,51,3,2.361912265769206e-08
conditional,30,ESI-ALNS,min_deadline_slack_s,52,3,1.6262333701888565e-09
common,30,ESI-ALNS,min_deadline_slack_s,45,3,0.007132974592688394
common,30,ESI-ALNS,min_deadline_slack_s,46,2,0.00807490029947644
common,30,ESI-ALNS,min_deadline_slack_s,47,3,3.620812094595749e-09
common,30,ESI-ALNS,min_deadline_slack_s,48,3,0.01654484856938628
common,30,ESI-ALNS,min_deadline_slack_s,49,3,1.7203168075260084e-08
common,30,ESI-ALNS,min_deadline_slack_s,50,3,-3.1246827347786166e-10
common,30,ESI-ALNS,min_deadline_slack_s,51,3,2.361912265769206e-08
common,30,ESI-ALNS,min_deadline_slack_s,52,3,1.6262333701888565e-09
paired,30,GR-MR,min_deadline_slack_s,45,3,-0.03050572784305435
paired,30,GR-MR,min_deadline_slack_s,46,2,-0.02499803852853688
paired,30,GR-MR,min_deadline_slack_s,47,3,-0.06152408432080847
paired,30,GR-MR,min_deadline_slack_s,48,3,-0.3127406492424522
paired,30,GR-MR,min_deadline_slack_s,49,3,-0.06065357590322643
paired,30,GR-MR,min_deadline_slack_s,50,3,-0.046276770823112656
paired,30,GR-MR,min_deadline_slack_s,51,3,-0.040415258638518026
paired,30,GR-MR,min_deadline_slack_s,52,3,-0.08625167958280144
paired,30,FTR-NM,min_deadline_slack_s,45,3,-0.03050572784305435
paired,30,FTR-NM,min_deadline_slack_s,46,2,-0.02499803852853688
paired,30,FTR-NM,min_deadline_slack_s,47,3,-0.06152408432080847
paired,30,FTR-NM,min_deadline_slack_s,48,3,-0.3127406492424522
paired,30,FTR-NM,min_deadline_slack_s,49,3,-0.06065357590322643
paired,30,FTR-NM,min_deadline_slack_s,50,3,-0.046276770823112656
paired,30,FTR-NM,min_deadline_slack_s,51,3,-0.040415258638518026
paired,30,FTR-NM,min_deadline_slack_s,52,3,-0.08625167958280144
paired,30,RGA-MR,min_deadline_slack_s,45,3,-0.028137349215209422
paired,30,RGA-MR,min_deadline_slack_s,46,2,-0.02499803852853688
paired,30,RGA-MR,min_deadline_slack_s,47,3,-0.061706010639208365
paired,30,RGA-MR,min_deadline_slack_s,48,3,-0.31124218304864826
paired,30,RGA-MR,min_deadline_slack_s,49,3,-0.05843481950451709
paired,30,RGA-MR,min_deadline_slack_s,50,3,-0.046276770823112656
paired,30,RGA-MR,min_deadline_slack_s,51,3,-0.04012499236671374
paired,30,RGA-MR,min_deadline_slack_s,52,3,-0.0712278228686311
paired,30,B-ALNS,min_deadline_slack_s,45,3,0.0
paired,30,B-ALNS,min_deadline_slack_s,46,2,-0.009966051334771464
paired,30,B-ALNS,min_deadline_slack_s,47,3,0.0
paired,30,B-ALNS,min_deadline_slack_s,48,3,-0.008601907359339597
paired,30,B-ALNS,min_deadline_slack_s,49,3,-0.008244953774502998
paired,30,B-ALNS,min_deadline_slack_s,50,3,-9.185896487906575e-11
paired,30,B-ALNS,min_deadline_slack_s,51,3,0.0
paired,30,B-ALNS,min_deadline_slack_s,52,3,-4.8771653382573277e-11
conditional,30,GR-MR,normalized_mec_cpu,45,1,0.0
conditional,30,GR-MR,normalized_mec_cpu,46,1,0.0
conditional,30,GR-MR,normalized_mec_cpu,47,1,0.0
conditional,30,GR-MR,normalized_mec_cpu,48,1,0.0
conditional,30,GR-MR,normalized_mec_cpu,49,1,0.0
conditional,30,GR-MR,normalized_mec_cpu,50,1,0.0
conditional,30,GR-MR,normalized_mec_cpu,51,1,0.0
conditional,30,GR-MR,normalized_mec_cpu,52,1,0.0
common,30,GR-MR,normalized_mec_cpu,45,3,0.0
common,30,GR-MR,normalized_mec_cpu,46,2,0.0
common,30,GR-MR,normalized_mec_cpu,47,3,0.0
common,30,GR-MR,normalized_mec_cpu,48,3,0.0
common,30,GR-MR,normalized_mec_cpu,49,3,0.0
common,30,GR-MR,normalized_mec_cpu,50,3,0.0
common,30,GR-MR,normalized_mec_cpu,51,3,0.0
common,30,GR-MR,normalized_mec_cpu,52,3,0.0
conditional,30,FTR-NM,normalized_mec_cpu,45,1,0.0
conditional,30,FTR-NM,normalized_mec_cpu,46,1,0.0
conditional,30,FTR-NM,normalized_mec_cpu,47,1,0.0
conditional,30,FTR-NM,normalized_mec_cpu,48,1,0.0
conditional,30,FTR-NM,normalized_mec_cpu,49,1,0.0
conditional,30,FTR-NM,normalized_mec_cpu,50,1,0.0
conditional,30,FTR-NM,normalized_mec_cpu,51,1,0.0
conditional,30,FTR-NM,normalized_mec_cpu,52,1,0.0
common,30,FTR-NM,normalized_mec_cpu,45,3,0.0
common,30,FTR-NM,normalized_mec_cpu,46,2,0.0
common,30,FTR-NM,normalized_mec_cpu,47,3,0.0
common,30,FTR-NM,normalized_mec_cpu,48,3,0.0
common,30,FTR-NM,normalized_mec_cpu,49,3,0.0
common,30,FTR-NM,normalized_mec_cpu,50,3,0.0
common,30,FTR-NM,normalized_mec_cpu,51,3,0.0
common,30,FTR-NM,normalized_mec_cpu,52,3,0.0
conditional,30,RGA-MR,normalized_mec_cpu,45,3,0.0
conditional,30,RGA-MR,normalized_mec_cpu,46,3,0.0
conditional,30,RGA-MR,normalized_mec_cpu,47,3,0.0
conditional,30,RGA-MR,normalized_mec_cpu,48,3,0.0
conditional,30,RGA-MR,normalized_mec_cpu,49,3,0.0
conditional,30,RGA-MR,normalized_mec_cpu,50,3,0.0
conditional,30,RGA-MR,normalized_mec_cpu,51,3,0.0
conditional,30,RGA-MR,normalized_mec_cpu,52,3,0.0
common,30,RGA-MR,normalized_mec_cpu,45,3,0.0
common,30,RGA-MR,normalized_mec_cpu,46,2,0.0
common,30,RGA-MR,normalized_mec_cpu,47,3,0.0
common,30,RGA-MR,normalized_mec_cpu,48,3,0.0
common,30,RGA-MR,normalized_mec_cpu,49,3,0.0
common,30,RGA-MR,normalized_mec_cpu,50,3,0.0
common,30,RGA-MR,normalized_mec_cpu,51,3,0.0
common,30,RGA-MR,normalized_mec_cpu,52,3,0.0
conditional,30,B-ALNS,normalized_mec_cpu,45,3,0.48067138404147647
conditional,30,B-ALNS,normalized_mec_cpu,46,2,0.0
conditional,30,B-ALNS,normalized_mec_cpu,47,3,0.8004363434418823
conditional,30,B-ALNS,normalized_mec_cpu,48,3,0.0
conditional,30,B-ALNS,normalized_mec_cpu,49,3,0.33453280746852226
conditional,30,B-ALNS,normalized_mec_cpu,50,3,0.9453853184797524
conditional,30,B-ALNS,normalized_mec_cpu,51,3,0.3078375554387833
conditional,30,B-ALNS,normalized_mec_cpu,52,3,0.549987094954573
common,30,B-ALNS,normalized_mec_cpu,45,3,0.48067138404147647
common,30,B-ALNS,normalized_mec_cpu,46,2,0.0
common,30,B-ALNS,normalized_mec_cpu,47,3,0.8004363434418823
common,30,B-ALNS,normalized_mec_cpu,48,3,0.0
common,30,B-ALNS,normalized_mec_cpu,49,3,0.33453280746852226
common,30,B-ALNS,normalized_mec_cpu,50,3,0.9453853184797524
common,30,B-ALNS,normalized_mec_cpu,51,3,0.3078375554387833
common,30,B-ALNS,normalized_mec_cpu,52,3,0.549987094954573
conditional,30,ESI-ALNS,normalized_mec_cpu,45,3,0.48067138404147647
conditional,30,ESI-ALNS,normalized_mec_cpu,46,2,0.147076298338986
conditional,30,ESI-ALNS,normalized_mec_cpu,47,3,0.8004363434418823
conditional,30,ESI-ALNS,normalized_mec_cpu,48,3,0.0582332985678693
conditional,30,ESI-ALNS,normalized_mec_cpu,49,3,0.5133108716801659
conditional,30,ESI-ALNS,normalized_mec_cpu,50,3,0.9415166323029112
conditional,30,ESI-ALNS,normalized_mec_cpu,51,3,0.3078375554387833
conditional,30,ESI-ALNS,normalized_mec_cpu,52,3,0.3908837021449394
common,30,ESI-ALNS,normalized_mec_cpu,45,3,0.48067138404147647
common,30,ESI-ALNS,normalized_mec_cpu,46,2,0.147076298338986
common,30,ESI-ALNS,normalized_mec_cpu,47,3,0.8004363434418823
common,30,ESI-ALNS,normalized_mec_cpu,48,3,0.0582332985678693
common,30,ESI-ALNS,normalized_mec_cpu,49,3,0.5133108716801659
common,30,ESI-ALNS,normalized_mec_cpu,50,3,0.9415166323029112
common,30,ESI-ALNS,normalized_mec_cpu,51,3,0.3078375554387833
common,30,ESI-ALNS,normalized_mec_cpu,52,3,0.3908837021449394
paired,30,GR-MR,normalized_mec_cpu,45,3,0.48067138404147647
paired,30,GR-MR,normalized_mec_cpu,46,2,0.147076298338986
paired,30,GR-MR,normalized_mec_cpu,47,3,0.8004363434418823
paired,30,GR-MR,normalized_mec_cpu,48,3,0.0582332985678693
paired,30,GR-MR,normalized_mec_cpu,49,3,0.5133108716801659
paired,30,GR-MR,normalized_mec_cpu,50,3,0.9415166323029112
paired,30,GR-MR,normalized_mec_cpu,51,3,0.3078375554387833
paired,30,GR-MR,normalized_mec_cpu,52,3,0.3908837021449394
paired,30,FTR-NM,normalized_mec_cpu,45,3,0.48067138404147647
paired,30,FTR-NM,normalized_mec_cpu,46,2,0.147076298338986
paired,30,FTR-NM,normalized_mec_cpu,47,3,0.8004363434418823
paired,30,FTR-NM,normalized_mec_cpu,48,3,0.0582332985678693
paired,30,FTR-NM,normalized_mec_cpu,49,3,0.5133108716801659
paired,30,FTR-NM,normalized_mec_cpu,50,3,0.9415166323029112
paired,30,FTR-NM,normalized_mec_cpu,51,3,0.3078375554387833
paired,30,FTR-NM,normalized_mec_cpu,52,3,0.3908837021449394
paired,30,RGA-MR,normalized_mec_cpu,45,3,0.48067138404147647
paired,30,RGA-MR,normalized_mec_cpu,46,2,0.147076298338986
paired,30,RGA-MR,normalized_mec_cpu,47,3,0.8004363434418823
paired,30,RGA-MR,normalized_mec_cpu,48,3,0.0582332985678693
paired,30,RGA-MR,normalized_mec_cpu,49,3,0.5133108716801659
paired,30,RGA-MR,normalized_mec_cpu,50,3,0.9415166323029112
paired,30,RGA-MR,normalized_mec_cpu,51,3,0.3078375554387833
paired,30,RGA-MR,normalized_mec_cpu,52,3,0.3908837021449394
paired,30,B-ALNS,normalized_mec_cpu,45,3,0.0
paired,30,B-ALNS,normalized_mec_cpu,46,2,0.147076298338986
paired,30,B-ALNS,normalized_mec_cpu,47,3,0.0
paired,30,B-ALNS,normalized_mec_cpu,48,3,0.0582332985678693
paired,30,B-ALNS,normalized_mec_cpu,49,3,0.17877806421164358
paired,30,B-ALNS,normalized_mec_cpu,50,3,-0.0038686861768412553
paired,30,B-ALNS,normalized_mec_cpu,51,3,0.0
paired,30,B-ALNS,normalized_mec_cpu,52,3,-0.15910339280963362
conditional,30,GR-MR,offload_ratio,45,1,0.0
conditional,30,GR-MR,offload_ratio,46,1,0.0
conditional,30,GR-MR,offload_ratio,47,1,0.0
conditional,30,GR-MR,offload_ratio,48,1,0.0
conditional,30,GR-MR,offload_ratio,49,1,0.0
conditional,30,GR-MR,offload_ratio,50,1,0.0
conditional,30,GR-MR,offload_ratio,51,1,0.0
conditional,30,GR-MR,offload_ratio,52,1,0.0
common,30,GR-MR,offload_ratio,45,3,0.0
common,30,GR-MR,offload_ratio,46,2,0.0
common,30,GR-MR,offload_ratio,47,3,0.0
common,30,GR-MR,offload_ratio,48,3,0.0
common,30,GR-MR,offload_ratio,49,3,0.0
common,30,GR-MR,offload_ratio,50,3,0.0
common,30,GR-MR,offload_ratio,51,3,0.0
common,30,GR-MR,offload_ratio,52,3,0.0
conditional,30,FTR-NM,offload_ratio,45,1,0.0
conditional,30,FTR-NM,offload_ratio,46,1,0.0
conditional,30,FTR-NM,offload_ratio,47,1,0.0
conditional,30,FTR-NM,offload_ratio,48,1,0.0
conditional,30,FTR-NM,offload_ratio,49,1,0.0
conditional,30,FTR-NM,offload_ratio,50,1,0.0
conditional,30,FTR-NM,offload_ratio,51,1,0.0
conditional,30,FTR-NM,offload_ratio,52,1,0.0
common,30,FTR-NM,offload_ratio,45,3,0.0
common,30,FTR-NM,offload_ratio,46,2,0.0
common,30,FTR-NM,offload_ratio,47,3,0.0
common,30,FTR-NM,offload_ratio,48,3,0.0
common,30,FTR-NM,offload_ratio,49,3,0.0
common,30,FTR-NM,offload_ratio,50,3,0.0
common,30,FTR-NM,offload_ratio,51,3,0.0
common,30,FTR-NM,offload_ratio,52,3,0.0
conditional,30,RGA-MR,offload_ratio,45,3,0.0
conditional,30,RGA-MR,offload_ratio,46,3,0.0
conditional,30,RGA-MR,offload_ratio,47,3,0.0
conditional,30,RGA-MR,offload_ratio,48,3,0.0
conditional,30,RGA-MR,offload_ratio,49,3,0.0
conditional,30,RGA-MR,offload_ratio,50,3,0.0
conditional,30,RGA-MR,offload_ratio,51,3,0.0
conditional,30,RGA-MR,offload_ratio,52,3,0.0
common,30,RGA-MR,offload_ratio,45,3,0.0
common,30,RGA-MR,offload_ratio,46,2,0.0
common,30,RGA-MR,offload_ratio,47,3,0.0
common,30,RGA-MR,offload_ratio,48,3,0.0
common,30,RGA-MR,offload_ratio,49,3,0.0
common,30,RGA-MR,offload_ratio,50,3,0.0
common,30,RGA-MR,offload_ratio,51,3,0.0
common,30,RGA-MR,offload_ratio,52,3,0.0
conditional,30,B-ALNS,offload_ratio,45,3,0.06666666666666667
conditional,30,B-ALNS,offload_ratio,46,2,0.0
conditional,30,B-ALNS,offload_ratio,47,3,0.08888888888888889
conditional,30,B-ALNS,offload_ratio,48,3,0.0
conditional,30,B-ALNS,offload_ratio,49,3,0.03333333333333333
conditional,30,B-ALNS,offload_ratio,50,3,0.16666666666666666
conditional,30,B-ALNS,offload_ratio,51,3,0.05555555555555556
conditional,30,B-ALNS,offload_ratio,52,3,0.08888888888888889
common,30,B-ALNS,offload_ratio,45,3,0.06666666666666667
common,30,B-ALNS,offload_ratio,46,2,0.0
common,30,B-ALNS,offload_ratio,47,3,0.08888888888888889
common,30,B-ALNS,offload_ratio,48,3,0.0
common,30,B-ALNS,offload_ratio,49,3,0.03333333333333333
common,30,B-ALNS,offload_ratio,50,3,0.16666666666666666
common,30,B-ALNS,offload_ratio,51,3,0.05555555555555556
common,30,B-ALNS,offload_ratio,52,3,0.08888888888888889
conditional,30,ESI-ALNS,offload_ratio,45,3,0.06666666666666667
conditional,30,ESI-ALNS,offload_ratio,46,2,0.016666666666666666
conditional,30,ESI-ALNS,offload_ratio,47,3,0.08888888888888889
conditional,30,ESI-ALNS,offload_ratio,48,3,0.011111111111111112
conditional,30,ESI-ALNS,offload_ratio,49,3,0.044444444444444446
conditional,30,ESI-ALNS,offload_ratio,50,3,0.15555555555555556
conditional,30,ESI-ALNS,offload_ratio,51,3,0.05555555555555556
conditional,30,ESI-ALNS,offload_ratio,52,3,0.07777777777777778
common,30,ESI-ALNS,offload_ratio,45,3,0.06666666666666667
common,30,ESI-ALNS,offload_ratio,46,2,0.016666666666666666
common,30,ESI-ALNS,offload_ratio,47,3,0.08888888888888889
common,30,ESI-ALNS,offload_ratio,48,3,0.011111111111111112
common,30,ESI-ALNS,offload_ratio,49,3,0.044444444444444446
common,30,ESI-ALNS,offload_ratio,50,3,0.15555555555555556
common,30,ESI-ALNS,offload_ratio,51,3,0.05555555555555556
common,30,ESI-ALNS,offload_ratio,52,3,0.07777777777777778
paired,30,GR-MR,offload_ratio,45,3,0.06666666666666667
paired,30,GR-MR,offload_ratio,46,2,0.016666666666666666
paired,30,GR-MR,offload_ratio,47,3,0.08888888888888889
paired,30,GR-MR,offload_ratio,48,3,0.011111111111111112
paired,30,GR-MR,offload_ratio,49,3,0.044444444444444446
paired,30,GR-MR,offload_ratio,50,3,0.15555555555555556
paired,30,GR-MR,offload_ratio,51,3,0.05555555555555556
paired,30,GR-MR,offload_ratio,52,3,0.07777777777777778
paired,30,FTR-NM,offload_ratio,45,3,0.06666666666666667
paired,30,FTR-NM,offload_ratio,46,2,0.016666666666666666
paired,30,FTR-NM,offload_ratio,47,3,0.08888888888888889
paired,30,FTR-NM,offload_ratio,48,3,0.011111111111111112
paired,30,FTR-NM,offload_ratio,49,3,0.044444444444444446
paired,30,FTR-NM,offload_ratio,50,3,0.15555555555555556
paired,30,FTR-NM,offload_ratio,51,3,0.05555555555555556
paired,30,FTR-NM,offload_ratio,52,3,0.07777777777777778
paired,30,RGA-MR,offload_ratio,45,3,0.06666666666666667
paired,30,RGA-MR,offload_ratio,46,2,0.016666666666666666
paired,30,RGA-MR,offload_ratio,47,3,0.08888888888888889
paired,30,RGA-MR,offload_ratio,48,3,0.011111111111111112
paired,30,RGA-MR,offload_ratio,49,3,0.044444444444444446
paired,30,RGA-MR,offload_ratio,50,3,0.15555555555555556
paired,30,RGA-MR,offload_ratio,51,3,0.05555555555555556
paired,30,RGA-MR,offload_ratio,52,3,0.07777777777777778
paired,30,B-ALNS,offload_ratio,45,3,0.0
paired,30,B-ALNS,offload_ratio,46,2,0.016666666666666666
paired,30,B-ALNS,offload_ratio,47,3,0.0
paired,30,B-ALNS,offload_ratio,48,3,0.011111111111111112
paired,30,B-ALNS,offload_ratio,49,3,0.011111111111111112
paired,30,B-ALNS,offload_ratio,50,3,-0.011111111111111108
paired,30,B-ALNS,offload_ratio,51,3,0.0
paired,30,B-ALNS,offload_ratio,52,3,-0.011111111111111108
conditional,30,GR-MR,original_construction_search_s,45,1,0.007169337999997083
conditional,30,GR-MR,original_construction_search_s,46,1,0.007855753000001187
conditional,30,GR-MR,original_construction_search_s,47,1,0.008228916999996727
conditional,30,GR-MR,original_construction_search_s,48,1,0.008687439999988555
conditional,30,GR-MR,original_construction_search_s,49,1,0.004232547999997394
conditional,30,GR-MR,original_construction_search_s,50,1,0.009275907999992228
conditional,30,GR-MR,original_construction_search_s,51,1,0.009200225999997258
conditional,30,GR-MR,original_construction_search_s,52,1,0.007911287999974093
common,30,GR-MR,original_construction_search_s,45,3,0.007169337999997083
common,30,GR-MR,original_construction_search_s,46,3,0.007855753000001187
common,30,GR-MR,original_construction_search_s,47,3,0.008228916999996727
common,30,GR-MR,original_construction_search_s,48,3,0.008687439999988555
common,30,GR-MR,original_construction_search_s,49,3,0.004232547999997394
common,30,GR-MR,original_construction_search_s,50,3,0.009275907999992228
common,30,GR-MR,original_construction_search_s,51,3,0.009200225999997258
common,30,GR-MR,original_construction_search_s,52,3,0.007911287999974093
conditional,30,FTR-NM,original_construction_search_s,45,1,0.007318729999994389
conditional,30,FTR-NM,original_construction_search_s,46,1,0.008077289999995685
conditional,30,FTR-NM,original_construction_search_s,47,1,0.00864694500000951
conditional,30,FTR-NM,original_construction_search_s,48,1,0.00880833700000494
conditional,30,FTR-NM,original_construction_search_s,49,1,0.004388091999999233
conditional,30,FTR-NM,original_construction_search_s,50,1,0.009300012999993612
conditional,30,FTR-NM,original_construction_search_s,51,1,0.009360589000003472
conditional,30,FTR-NM,original_construction_search_s,52,1,0.007974302999997462
common,30,FTR-NM,original_construction_search_s,45,3,0.007318729999994389
common,30,FTR-NM,original_construction_search_s,46,3,0.008077289999995685
common,30,FTR-NM,original_construction_search_s,47,3,0.00864694500000951
common,30,FTR-NM,original_construction_search_s,48,3,0.00880833700000494
common,30,FTR-NM,original_construction_search_s,49,3,0.004388091999999233
common,30,FTR-NM,original_construction_search_s,50,3,0.009300012999993612
common,30,FTR-NM,original_construction_search_s,51,3,0.009360589000003472
common,30,FTR-NM,original_construction_search_s,52,3,0.007974302999997462
conditional,30,RGA-MR,original_construction_search_s,45,3,2.8803989896666664
conditional,30,RGA-MR,original_construction_search_s,46,3,3.912636540000001
conditional,30,RGA-MR,original_construction_search_s,47,3,3.767096684000004
conditional,30,RGA-MR,original_construction_search_s,48,3,1.0378286583333345
conditional,30,RGA-MR,original_construction_search_s,49,3,0.9766233649999995
conditional,30,RGA-MR,original_construction_search_s,50,3,2.4938723763333335
conditional,30,RGA-MR,original_construction_search_s,51,3,3.226092731666663
conditional,30,RGA-MR,original_construction_search_s,52,3,3.8825267176666594
common,30,RGA-MR,original_construction_search_s,45,3,2.8803989896666664
common,30,RGA-MR,original_construction_search_s,46,3,3.912636540000001
common,30,RGA-MR,original_construction_search_s,47,3,3.767096684000004
common,30,RGA-MR,original_construction_search_s,48,3,1.0378286583333345
common,30,RGA-MR,original_construction_search_s,49,3,0.9766233649999995
common,30,RGA-MR,original_construction_search_s,50,3,2.4938723763333335
common,30,RGA-MR,original_construction_search_s,51,3,3.226092731666663
common,30,RGA-MR,original_construction_search_s,52,3,3.8825267176666594
conditional,30,B-ALNS,original_construction_search_s,45,3,2.196513830666665
conditional,30,B-ALNS,original_construction_search_s,46,3,1.1639094573333348
conditional,30,B-ALNS,original_construction_search_s,47,3,2.8531720076666622
conditional,30,B-ALNS,original_construction_search_s,48,3,0.9586916113333169
conditional,30,B-ALNS,original_construction_search_s,49,3,1.1746009739999994
conditional,30,B-ALNS,original_construction_search_s,50,3,3.3424505299999936
conditional,30,B-ALNS,original_construction_search_s,51,3,2.8446340489999975
conditional,30,B-ALNS,original_construction_search_s,52,3,2.2554715049999743
common,30,B-ALNS,original_construction_search_s,45,3,2.196513830666665
common,30,B-ALNS,original_construction_search_s,46,3,1.1639094573333348
common,30,B-ALNS,original_construction_search_s,47,3,2.8531720076666622
common,30,B-ALNS,original_construction_search_s,48,3,0.9586916113333169
common,30,B-ALNS,original_construction_search_s,49,3,1.1746009739999994
common,30,B-ALNS,original_construction_search_s,50,3,3.3424505299999936
common,30,B-ALNS,original_construction_search_s,51,3,2.8446340489999975
common,30,B-ALNS,original_construction_search_s,52,3,2.2554715049999743
conditional,30,ESI-ALNS,original_construction_search_s,45,3,3.2243787976666645
conditional,30,ESI-ALNS,original_construction_search_s,46,3,4.004292428666671
conditional,30,ESI-ALNS,original_construction_search_s,47,3,4.205578617999994
conditional,30,ESI-ALNS,original_construction_search_s,48,3,2.86167795099999
conditional,30,ESI-ALNS,original_construction_search_s,49,3,2.6788738203333295
conditional,30,ESI-ALNS,original_construction_search_s,50,3,5.09122788099999
conditional,30,ESI-ALNS,original_construction_search_s,51,3,4.382159663999997
conditional,30,ESI-ALNS,original_construction_search_s,52,3,3.9429401849999786
common,30,ESI-ALNS,original_construction_search_s,45,3,3.2243787976666645
common,30,ESI-ALNS,original_construction_search_s,46,3,4.004292428666671
common,30,ESI-ALNS,original_construction_search_s,47,3,4.205578617999994
common,30,ESI-ALNS,original_construction_search_s,48,3,2.86167795099999
common,30,ESI-ALNS,original_construction_search_s,49,3,2.6788738203333295
common,30,ESI-ALNS,original_construction_search_s,50,3,5.09122788099999
common,30,ESI-ALNS,original_construction_search_s,51,3,4.382159663999997
common,30,ESI-ALNS,original_construction_search_s,52,3,3.9429401849999786
paired,30,GR-MR,original_construction_search_s,45,3,3.2172094596666674
paired,30,GR-MR,original_construction_search_s,46,3,3.99643667566667
paired,30,GR-MR,original_construction_search_s,47,3,4.197349700999998
paired,30,GR-MR,original_construction_search_s,48,3,2.8529905110000016
paired,30,GR-MR,original_construction_search_s,49,3,2.674641272333332
paired,30,GR-MR,original_construction_search_s,50,3,5.081951972999998
paired,30,GR-MR,original_construction_search_s,51,3,4.372959438
paired,30,GR-MR,original_construction_search_s,52,3,3.9350288970000045
paired,30,FTR-NM,original_construction_search_s,45,3,3.21706006766667
paired,30,FTR-NM,original_construction_search_s,46,3,3.9962151386666753
paired,30,FTR-NM,original_construction_search_s,47,3,4.196931672999985
paired,30,FTR-NM,original_construction_search_s,48,3,2.852869613999985
paired,30,FTR-NM,original_construction_search_s,49,3,2.6744857283333303
paired,30,FTR-NM,original_construction_search_s,50,3,5.081927867999997
paired,30,FTR-NM,original_construction_search_s,51,3,4.372799074999993
paired,30,FTR-NM,original_construction_search_s,52,3,3.934965881999981
paired,30,RGA-MR,original_construction_search_s,45,3,0.3439798079999979
paired,30,RGA-MR,original_construction_search_s,46,3,0.0916558886666697
paired,30,RGA-MR,original_construction_search_s,47,3,0.4384819339999903
paired,30,RGA-MR,original_construction_search_s,48,3,1.8238492926666556
paired,30,RGA-MR,original_construction_search_s,49,3,1.7022504553333302
paired,30,RGA-MR,original_construction_search_s,50,3,2.5973555046666568
paired,30,RGA-MR,original_construction_search_s,51,3,1.156066932333334
paired,30,RGA-MR,original_construction_search_s,52,3,0.060413467333319204
paired,30,B-ALNS,original_construction_search_s,45,3,1.0278649669999993
paired,30,B-ALNS,original_construction_search_s,46,3,2.840382971333336
paired,30,B-ALNS,original_construction_search_s,47,3,1.3524066103333325
paired,30,B-ALNS,original_construction_search_s,48,3,1.902986339666673
paired,30,B-ALNS,original_construction_search_s,49,3,1.5042728463333301
paired,30,B-ALNS,original_construction_search_s,50,3,1.7487773509999964
paired,30,B-ALNS,original_construction_search_s,51,3,1.5375256149999998
paired,30,B-ALNS,original_construction_search_s,52,3,1.6874686800000045
conditional,30,GR-MR,original_independent_audit_s,45,1,0.0020030989999995086
conditional,30,GR-MR,original_independent_audit_s,46,1,0.002709563000010462
conditional,30,GR-MR,original_independent_audit_s,47,1,0.002703651000018681
conditional,30,GR-MR,original_independent_audit_s,48,1,0.0026805659999951104
conditional,30,GR-MR,original_independent_audit_s,49,1,0.0014799359999955186
conditional,30,GR-MR,original_independent_audit_s,50,1,0.002865605000003768
conditional,30,GR-MR,original_independent_audit_s,51,1,0.0027951980000011645
conditional,30,GR-MR,original_independent_audit_s,52,1,0.0025738599999840517
common,30,GR-MR,original_independent_audit_s,45,3,0.0020030989999995086
common,30,GR-MR,original_independent_audit_s,46,3,0.002709563000010462
common,30,GR-MR,original_independent_audit_s,47,3,0.002703651000018681
common,30,GR-MR,original_independent_audit_s,48,3,0.0026805659999951104
common,30,GR-MR,original_independent_audit_s,49,3,0.0014799359999955186
common,30,GR-MR,original_independent_audit_s,50,3,0.002865605000003768
common,30,GR-MR,original_independent_audit_s,51,3,0.0027951980000011645
common,30,GR-MR,original_independent_audit_s,52,3,0.0025738599999840517
conditional,30,FTR-NM,original_independent_audit_s,45,1,0.0020475950000005128
conditional,30,FTR-NM,original_independent_audit_s,46,1,0.0026489850000004367
conditional,30,FTR-NM,original_independent_audit_s,47,1,0.002714871999984325
conditional,30,FTR-NM,original_independent_audit_s,48,1,0.0026826529999937065
conditional,30,FTR-NM,original_independent_audit_s,49,1,0.0014785839999973405
conditional,30,FTR-NM,original_independent_audit_s,50,1,0.0029715140000021734
conditional,30,FTR-NM,original_independent_audit_s,51,1,0.002778767999998877
conditional,30,FTR-NM,original_independent_audit_s,52,1,0.002674753000007968
common,30,FTR-NM,original_independent_audit_s,45,3,0.0020475950000005128
common,30,FTR-NM,original_independent_audit_s,46,3,0.0026489850000004367
common,30,FTR-NM,original_independent_audit_s,47,3,0.002714871999984325
common,30,FTR-NM,original_independent_audit_s,48,3,0.0026826529999937065
common,30,FTR-NM,original_independent_audit_s,49,3,0.0014785839999973405
common,30,FTR-NM,original_independent_audit_s,50,3,0.0029715140000021734
common,30,FTR-NM,original_independent_audit_s,51,3,0.002778767999998877
common,30,FTR-NM,original_independent_audit_s,52,3,0.002674753000007968
conditional,30,RGA-MR,original_independent_audit_s,45,3,0.002042920333333124
conditional,30,RGA-MR,original_independent_audit_s,46,3,0.002673184666664478
conditional,30,RGA-MR,original_independent_audit_s,47,3,0.0027071879999975104
conditional,30,RGA-MR,original_independent_audit_s,48,3,0.0027416003333324093
conditional,30,RGA-MR,original_independent_audit_s,49,3,0.0015401830000006573
conditional,30,RGA-MR,original_independent_audit_s,50,3,0.002805141000000807
conditional,30,RGA-MR,original_independent_audit_s,51,3,0.0028000436666673068
conditional,30,RGA-MR,original_independent_audit_s,52,3,0.0025736136666599427
common,30,RGA-MR,original_independent_audit_s,45,3,0.002042920333333124
common,30,RGA-MR,original_independent_audit_s,46,3,0.002673184666664478
common,30,RGA-MR,original_independent_audit_s,47,3,0.0027071879999975104
common,30,RGA-MR,original_independent_audit_s,48,3,0.0027416003333324093
common,30,RGA-MR,original_independent_audit_s,49,3,0.0015401830000006573
common,30,RGA-MR,original_independent_audit_s,50,3,0.002805141000000807
common,30,RGA-MR,original_independent_audit_s,51,3,0.0028000436666673068
common,30,RGA-MR,original_independent_audit_s,52,3,0.0025736136666599427
conditional,30,B-ALNS,original_independent_audit_s,45,3,0.0023971903333356672
conditional,30,B-ALNS,original_independent_audit_s,46,3,0.002493089999996793
conditional,30,B-ALNS,original_independent_audit_s,47,3,0.004211676666670883
conditional,30,B-ALNS,original_independent_audit_s,48,3,0.002716683999992142
conditional,30,B-ALNS,original_independent_audit_s,49,3,0.0017240820000002561
conditional,30,B-ALNS,original_independent_audit_s,50,3,0.003705203666662271
conditional,30,B-ALNS,original_independent_audit_s,51,3,0.003450059666668892
conditional,30,B-ALNS,original_independent_audit_s,52,3,0.0033767026666566835
common,30,B-ALNS,original_independent_audit_s,45,3,0.0023971903333356672
common,30,B-ALNS,original_independent_audit_s,46,3,0.002493089999996793
common,30,B-ALNS,original_independent_audit_s,47,3,0.004211676666670883
common,30,B-ALNS,original_independent_audit_s,48,3,0.002716683999992142
common,30,B-ALNS,original_independent_audit_s,49,3,0.0017240820000002561
common,30,B-ALNS,original_independent_audit_s,50,3,0.003705203666662271
common,30,B-ALNS,original_independent_audit_s,51,3,0.003450059666668892
common,30,B-ALNS,original_independent_audit_s,52,3,0.0033767026666566835
conditional,30,ESI-ALNS,original_independent_audit_s,45,3,0.002379150000002994
conditional,30,ESI-ALNS,original_independent_audit_s,46,3,0.002663778000001097
conditional,30,ESI-ALNS,original_independent_audit_s,47,3,0.0036269876666684317
conditional,30,ESI-ALNS,original_independent_audit_s,48,3,0.0029513700000052268
conditional,30,ESI-ALNS,original_independent_audit_s,49,3,0.0018254903333314587
conditional,30,ESI-ALNS,original_independent_audit_s,50,3,0.0038078799999989124
conditional,30,ESI-ALNS,original_independent_audit_s,51,3,0.0033253573333311692
conditional,30,ESI-ALNS,original_independent_audit_s,52,3,0.003372970333335464
common,30,ESI-ALNS,original_independent_audit_s,45,3,0.002379150000002994
common,30,ESI-ALNS,original_independent_audit_s,46,3,0.002663778000001097
common,30,ESI-ALNS,original_independent_audit_s,47,3,0.0036269876666684317
common,30,ESI-ALNS,original_independent_audit_s,48,3,0.0029513700000052268
common,30,ESI-ALNS,original_independent_audit_s,49,3,0.0018254903333314587
common,30,ESI-ALNS,original_independent_audit_s,50,3,0.0038078799999989124
common,30,ESI-ALNS,original_independent_audit_s,51,3,0.0033253573333311692
common,30,ESI-ALNS,original_independent_audit_s,52,3,0.003372970333335464
paired,30,GR-MR,original_independent_audit_s,45,3,0.00037605100000348557
paired,30,GR-MR,original_independent_audit_s,46,3,-4.578500000936477e-05
paired,30,GR-MR,original_independent_audit_s,47,3,0.0009233366666497508
paired,30,GR-MR,original_independent_audit_s,48,3,0.0002708040000101164
paired,30,GR-MR,original_independent_audit_s,49,3,0.0003455543333359401
paired,30,GR-MR,original_independent_audit_s,50,3,0.0009422749999951444
paired,30,GR-MR,original_independent_audit_s,51,3,0.0005301593333300048
paired,30,GR-MR,original_independent_audit_s,52,3,0.0007991103333514123
paired,30,FTR-NM,original_independent_audit_s,45,3,0.0003315550000024814
paired,30,FTR-NM,original_independent_audit_s,46,3,1.4793000000660564e-05
paired,30,FTR-NM,original_independent_audit_s,47,3,0.0009121156666841065
paired,30,FTR-NM,original_independent_audit_s,48,3,0.0002687170000115202
paired,30,FTR-NM,original_independent_audit_s,49,3,0.00034690633333411824
paired,30,FTR-NM,original_independent_audit_s,50,3,0.0008363659999967391
paired,30,FTR-NM,original_independent_audit_s,51,3,0.0005465893333322924
paired,30,FTR-NM,original_independent_audit_s,52,3,0.0006982173333274962
paired,30,RGA-MR,original_independent_audit_s,45,3,0.00033622966666987014
paired,30,RGA-MR,original_independent_audit_s,46,3,-9.406666663380747e-06
paired,30,RGA-MR,original_independent_audit_s,47,3,0.0009197996666709211
paired,30,RGA-MR,original_independent_audit_s,48,3,0.00020976966667281735
paired,30,RGA-MR,original_independent_audit_s,49,3,0.0002853073333308013
paired,30,RGA-MR,original_independent_audit_s,50,3,0.0010027389999981058
paired,30,RGA-MR,original_independent_audit_s,51,3,0.0005253136666638625
paired,30,RGA-MR,original_independent_audit_s,52,3,0.0007993566666755214
paired,30,B-ALNS,original_independent_audit_s,45,3,-1.8040333332673224e-05
paired,30,B-ALNS,original_independent_audit_s,46,3,0.00017068800000430429
paired,30,B-ALNS,original_independent_audit_s,47,3,-0.0005846890000024511
paired,30,B-ALNS,original_independent_audit_s,48,3,0.0002346860000130846
paired,30,B-ALNS,original_independent_audit_s,49,3,0.00010140833333120251
paired,30,B-ALNS,original_independent_audit_s,50,3,0.00010267633333664132
paired,30,B-ALNS,original_independent_audit_s,51,3,-0.00012470233333772285
paired,30,B-ALNS,original_independent_audit_s,52,3,-3.732333321219509e-06
conditional,30,GR-MR,original_initialization_s,45,1,0.007169337999997083
conditional,30,GR-MR,original_initialization_s,46,1,0.007855753000001187
conditional,30,GR-MR,original_initialization_s,47,1,0.008228916999996727
conditional,30,GR-MR,original_initialization_s,48,1,0.008687439999988555
conditional,30,GR-MR,original_initialization_s,49,1,0.004232547999997394
conditional,30,GR-MR,original_initialization_s,50,1,0.009275907999992228
conditional,30,GR-MR,original_initialization_s,51,1,0.009200225999997258
conditional,30,GR-MR,original_initialization_s,52,1,0.007911287999974093
common,30,GR-MR,original_initialization_s,45,3,0.007169337999997083
common,30,GR-MR,original_initialization_s,46,3,0.007855753000001187
common,30,GR-MR,original_initialization_s,47,3,0.008228916999996727
common,30,GR-MR,original_initialization_s,48,3,0.008687439999988555
common,30,GR-MR,original_initialization_s,49,3,0.004232547999997394
common,30,GR-MR,original_initialization_s,50,3,0.009275907999992228
common,30,GR-MR,original_initialization_s,51,3,0.009200225999997258
common,30,GR-MR,original_initialization_s,52,3,0.007911287999974093
conditional,30,FTR-NM,original_initialization_s,45,1,0.007318729999994389
conditional,30,FTR-NM,original_initialization_s,46,1,0.008077289999995685
conditional,30,FTR-NM,original_initialization_s,47,1,0.00864694500000951
conditional,30,FTR-NM,original_initialization_s,48,1,0.00880833700000494
conditional,30,FTR-NM,original_initialization_s,49,1,0.004388091999999233
conditional,30,FTR-NM,original_initialization_s,50,1,0.009300012999993612
conditional,30,FTR-NM,original_initialization_s,51,1,0.009360589000003472
conditional,30,FTR-NM,original_initialization_s,52,1,0.007974302999997462
common,30,FTR-NM,original_initialization_s,45,3,0.007318729999994389
common,30,FTR-NM,original_initialization_s,46,3,0.008077289999995685
common,30,FTR-NM,original_initialization_s,47,3,0.00864694500000951
common,30,FTR-NM,original_initialization_s,48,3,0.00880833700000494
common,30,FTR-NM,original_initialization_s,49,3,0.004388091999999233
common,30,FTR-NM,original_initialization_s,50,3,0.009300012999993612
common,30,FTR-NM,original_initialization_s,51,3,0.009360589000003472
common,30,FTR-NM,original_initialization_s,52,3,0.007974302999997462
conditional,30,RGA-MR,original_initialization_s,45,3,0.0
conditional,30,RGA-MR,original_initialization_s,46,3,0.0
conditional,30,RGA-MR,original_initialization_s,47,3,0.0
conditional,30,RGA-MR,original_initialization_s,48,3,0.0
conditional,30,RGA-MR,original_initialization_s,49,3,0.0
conditional,30,RGA-MR,original_initialization_s,50,3,0.0
conditional,30,RGA-MR,original_initialization_s,51,3,0.0
conditional,30,RGA-MR,original_initialization_s,52,3,0.0
common,30,RGA-MR,original_initialization_s,45,3,0.0
common,30,RGA-MR,original_initialization_s,46,3,0.0
common,30,RGA-MR,original_initialization_s,47,3,0.0
common,30,RGA-MR,original_initialization_s,48,3,0.0
common,30,RGA-MR,original_initialization_s,49,3,0.0
common,30,RGA-MR,original_initialization_s,50,3,0.0
common,30,RGA-MR,original_initialization_s,51,3,0.0
common,30,RGA-MR,original_initialization_s,52,3,0.0
conditional,30,B-ALNS,original_initialization_s,45,3,0.007169337999997083
conditional,30,B-ALNS,original_initialization_s,46,3,0.007855753000001187
conditional,30,B-ALNS,original_initialization_s,47,3,0.008228916999996727
conditional,30,B-ALNS,original_initialization_s,48,3,0.008687439999988555
conditional,30,B-ALNS,original_initialization_s,49,3,0.004232547999997394
conditional,30,B-ALNS,original_initialization_s,50,3,0.009275907999992228
conditional,30,B-ALNS,original_initialization_s,51,3,0.009200225999997258
conditional,30,B-ALNS,original_initialization_s,52,3,0.007911287999974093
common,30,B-ALNS,original_initialization_s,45,3,0.007169337999997083
common,30,B-ALNS,original_initialization_s,46,3,0.007855753000001187
common,30,B-ALNS,original_initialization_s,47,3,0.008228916999996727
common,30,B-ALNS,original_initialization_s,48,3,0.008687439999988555
common,30,B-ALNS,original_initialization_s,49,3,0.004232547999997394
common,30,B-ALNS,original_initialization_s,50,3,0.009275907999992228
common,30,B-ALNS,original_initialization_s,51,3,0.009200225999997258
common,30,B-ALNS,original_initialization_s,52,3,0.007911287999974093
conditional,30,ESI-ALNS,original_initialization_s,45,3,0.007169337999997083
conditional,30,ESI-ALNS,original_initialization_s,46,3,0.007855753000001187
conditional,30,ESI-ALNS,original_initialization_s,47,3,0.008228916999996727
conditional,30,ESI-ALNS,original_initialization_s,48,3,0.008687439999988555
conditional,30,ESI-ALNS,original_initialization_s,49,3,0.004232547999997394
conditional,30,ESI-ALNS,original_initialization_s,50,3,0.009275907999992228
conditional,30,ESI-ALNS,original_initialization_s,51,3,0.009200225999997258
conditional,30,ESI-ALNS,original_initialization_s,52,3,0.007911287999974093
common,30,ESI-ALNS,original_initialization_s,45,3,0.007169337999997083
common,30,ESI-ALNS,original_initialization_s,46,3,0.007855753000001187
common,30,ESI-ALNS,original_initialization_s,47,3,0.008228916999996727
common,30,ESI-ALNS,original_initialization_s,48,3,0.008687439999988555
common,30,ESI-ALNS,original_initialization_s,49,3,0.004232547999997394
common,30,ESI-ALNS,original_initialization_s,50,3,0.009275907999992228
common,30,ESI-ALNS,original_initialization_s,51,3,0.009200225999997258
common,30,ESI-ALNS,original_initialization_s,52,3,0.007911287999974093
paired,30,GR-MR,original_initialization_s,45,3,0.0
paired,30,GR-MR,original_initialization_s,46,3,0.0
paired,30,GR-MR,original_initialization_s,47,3,0.0
paired,30,GR-MR,original_initialization_s,48,3,0.0
paired,30,GR-MR,original_initialization_s,49,3,0.0
paired,30,GR-MR,original_initialization_s,50,3,0.0
paired,30,GR-MR,original_initialization_s,51,3,0.0
paired,30,GR-MR,original_initialization_s,52,3,0.0
paired,30,FTR-NM,original_initialization_s,45,3,-0.0001493919999973059
paired,30,FTR-NM,original_initialization_s,46,3,-0.00022153699999449827
paired,30,FTR-NM,original_initialization_s,47,3,-0.0004180280000127823
paired,30,FTR-NM,original_initialization_s,48,3,-0.00012089700001638448
paired,30,FTR-NM,original_initialization_s,49,3,-0.00015554400000183932
paired,30,FTR-NM,original_initialization_s,50,3,-2.410500000138427e-05
paired,30,FTR-NM,original_initialization_s,51,3,-0.00016036300000621395
paired,30,FTR-NM,original_initialization_s,52,3,-6.30150000233698e-05
paired,30,RGA-MR,original_initialization_s,45,3,0.007169337999997083
paired,30,RGA-MR,original_initialization_s,46,3,0.007855753000001187
paired,30,RGA-MR,original_initialization_s,47,3,0.008228916999996727
paired,30,RGA-MR,original_initialization_s,48,3,0.008687439999988555
paired,30,RGA-MR,original_initialization_s,49,3,0.004232547999997394
paired,30,RGA-MR,original_initialization_s,50,3,0.009275907999992228
paired,30,RGA-MR,original_initialization_s,51,3,0.009200225999997258
paired,30,RGA-MR,original_initialization_s,52,3,0.007911287999974093
paired,30,B-ALNS,original_initialization_s,45,3,0.0
paired,30,B-ALNS,original_initialization_s,46,3,0.0
paired,30,B-ALNS,original_initialization_s,47,3,0.0
paired,30,B-ALNS,original_initialization_s,48,3,0.0
paired,30,B-ALNS,original_initialization_s,49,3,0.0
paired,30,B-ALNS,original_initialization_s,50,3,0.0
paired,30,B-ALNS,original_initialization_s,51,3,0.0
paired,30,B-ALNS,original_initialization_s,52,3,0.0
conditional,30,GR-MR,original_resource_recompute_s,45,1,0.24576719699999927
conditional,30,GR-MR,original_resource_recompute_s,46,1,0.3415370029999991
conditional,30,GR-MR,original_resource_recompute_s,47,1,0.4228986020000036
conditional,30,GR-MR,original_resource_recompute_s,48,1,0.4170824670000002
conditional,30,GR-MR,original_resource_recompute_s,49,1,0.1809976440000014
conditional,30,GR-MR,original_resource_recompute_s,50,1,0.4220179629999947
conditional,30,GR-MR,original_resource_recompute_s,51,1,0.4267232440000015
conditional,30,GR-MR,original_resource_recompute_s,52,1,0.37192470700000513
common,30,GR-MR,original_resource_recompute_s,45,3,0.24576719699999927
common,30,GR-MR,original_resource_recompute_s,46,3,0.3415370029999991
common,30,GR-MR,original_resource_recompute_s,47,3,0.4228986020000036
common,30,GR-MR,original_resource_recompute_s,48,3,0.4170824670000002
common,30,GR-MR,original_resource_recompute_s,49,3,0.1809976440000014
common,30,GR-MR,original_resource_recompute_s,50,3,0.4220179629999947
common,30,GR-MR,original_resource_recompute_s,51,3,0.4267232440000015
common,30,GR-MR,original_resource_recompute_s,52,3,0.37192470700000513
conditional,30,FTR-NM,original_resource_recompute_s,45,1,0.24249423300000217
conditional,30,FTR-NM,original_resource_recompute_s,46,1,0.4170213549999957
conditional,30,FTR-NM,original_resource_recompute_s,47,1,0.3654403370000239
conditional,30,FTR-NM,original_resource_recompute_s,48,1,0.3574402699999979
conditional,30,FTR-NM,original_resource_recompute_s,49,1,0.1778582960000037
conditional,30,FTR-NM,original_resource_recompute_s,50,1,2.4054207259999956
conditional,30,FTR-NM,original_resource_recompute_s,51,1,0.3665179380000012
conditional,30,FTR-NM,original_resource_recompute_s,52,1,2.3609323670000038
common,30,FTR-NM,original_resource_recompute_s,45,3,0.24249423300000217
common,30,FTR-NM,original_resource_recompute_s,46,3,0.4170213549999957
common,30,FTR-NM,original_resource_recompute_s,47,3,0.3654403370000239
common,30,FTR-NM,original_resource_recompute_s,48,3,0.3574402699999979
common,30,FTR-NM,original_resource_recompute_s,49,3,0.1778582960000037
common,30,FTR-NM,original_resource_recompute_s,50,3,2.4054207259999956
common,30,FTR-NM,original_resource_recompute_s,51,3,0.3665179380000012
common,30,FTR-NM,original_resource_recompute_s,52,3,2.3609323670000038
conditional,30,RGA-MR,original_resource_recompute_s,45,3,0.26095080499999784
conditional,30,RGA-MR,original_resource_recompute_s,46,3,0.3368718496666669
conditional,30,RGA-MR,original_resource_recompute_s,47,3,0.36108417566665213
conditional,30,RGA-MR,original_resource_recompute_s,48,3,1.030951674000003
conditional,30,RGA-MR,original_resource_recompute_s,49,3,0.20931165700000065
conditional,30,RGA-MR,original_resource_recompute_s,50,3,0.3915969170000011
conditional,30,RGA-MR,original_resource_recompute_s,51,3,1.0767601706666692
conditional,30,RGA-MR,original_resource_recompute_s,52,3,0.3246832490000031
common,30,RGA-MR,original_resource_recompute_s,45,3,0.26095080499999784
common,30,RGA-MR,original_resource_recompute_s,46,3,0.3368718496666669
common,30,RGA-MR,original_resource_recompute_s,47,3,0.36108417566665213
common,30,RGA-MR,original_resource_recompute_s,48,3,1.030951674000003
common,30,RGA-MR,original_resource_recompute_s,49,3,0.20931165700000065
common,30,RGA-MR,original_resource_recompute_s,50,3,0.3915969170000011
common,30,RGA-MR,original_resource_recompute_s,51,3,1.0767601706666692
common,30,RGA-MR,original_resource_recompute_s,52,3,0.3246832490000031
conditional,30,B-ALNS,original_resource_recompute_s,45,3,0.5352218869999987
conditional,30,B-ALNS,original_resource_recompute_s,46,3,1.4265326536666667
conditional,30,B-ALNS,original_resource_recompute_s,47,3,2.931332809333327
conditional,30,B-ALNS,original_resource_recompute_s,48,3,0.3563335869999946
conditional,30,B-ALNS,original_resource_recompute_s,49,3,0.18759254166666986
conditional,30,B-ALNS,original_resource_recompute_s,50,3,1.8810071450000028
conditional,30,B-ALNS,original_resource_recompute_s,51,3,0.6859899210000009
conditional,30,B-ALNS,original_resource_recompute_s,52,3,0.607205694333326
common,30,B-ALNS,original_resource_recompute_s,45,3,0.5352218869999987
common,30,B-ALNS,original_resource_recompute_s,46,3,1.4265326536666667
common,30,B-ALNS,original_resource_recompute_s,47,3,2.931332809333327
common,30,B-ALNS,original_resource_recompute_s,48,3,0.3563335869999946
common,30,B-ALNS,original_resource_recompute_s,49,3,0.18759254166666986
common,30,B-ALNS,original_resource_recompute_s,50,3,1.8810071450000028
common,30,B-ALNS,original_resource_recompute_s,51,3,0.6859899210000009
common,30,B-ALNS,original_resource_recompute_s,52,3,0.607205694333326
conditional,30,ESI-ALNS,original_resource_recompute_s,45,3,0.5577801123333378
conditional,30,ESI-ALNS,original_resource_recompute_s,46,3,1.4363378589999982
conditional,30,ESI-ALNS,original_resource_recompute_s,47,3,2.956826802000004
conditional,30,ESI-ALNS,original_resource_recompute_s,48,3,1.6466964496666634
conditional,30,ESI-ALNS,original_resource_recompute_s,49,3,0.9244026403333336
conditional,30,ESI-ALNS,original_resource_recompute_s,50,3,1.5184545883333342
conditional,30,ESI-ALNS,original_resource_recompute_s,51,3,0.680275921666663
conditional,30,ESI-ALNS,original_resource_recompute_s,52,3,0.8167490626666639
common,30,ESI-ALNS,original_resource_recompute_s,45,3,0.5577801123333378
common,30,ESI-ALNS,original_resource_recompute_s,46,3,1.4363378589999982
common,30,ESI-ALNS,original_resource_recompute_s,47,3,2.956826802000004
common,30,ESI-ALNS,original_resource_recompute_s,48,3,1.6466964496666634
common,30,ESI-ALNS,original_resource_recompute_s,49,3,0.9244026403333336
common,30,ESI-ALNS,original_resource_recompute_s,50,3,1.5184545883333342
common,30,ESI-ALNS,original_resource_recompute_s,51,3,0.680275921666663
common,30,ESI-ALNS,original_resource_recompute_s,52,3,0.8167490626666639
paired,30,GR-MR,original_resource_recompute_s,45,3,0.31201291533333847
paired,30,GR-MR,original_resource_recompute_s,46,3,1.094800855999999
paired,30,GR-MR,original_resource_recompute_s,47,3,2.5339282000000005
paired,30,GR-MR,original_resource_recompute_s,48,3,1.2296139826666632
paired,30,GR-MR,original_resource_recompute_s,49,3,0.7434049963333322
paired,30,GR-MR,original_resource_recompute_s,50,3,1.0964366253333395
paired,30,GR-MR,original_resource_recompute_s,51,3,0.25355267766666145
paired,30,GR-MR,original_resource_recompute_s,52,3,0.44482435566665873
paired,30,FTR-NM,original_resource_recompute_s,45,3,0.3152858793333356
paired,30,FTR-NM,original_resource_recompute_s,46,3,1.0193165040000025
paired,30,FTR-NM,original_resource_recompute_s,47,3,2.5913864649999803
paired,30,FTR-NM,original_resource_recompute_s,48,3,1.2892561796666655
paired,30,FTR-NM,original_resource_recompute_s,49,3,0.74654434433333
paired,30,FTR-NM,original_resource_recompute_s,50,3,-0.8869661376666613
paired,30,FTR-NM,original_resource_recompute_s,51,3,0.31375798366666174
paired,30,FTR-NM,original_resource_recompute_s,52,3,-1.54418330433334
paired,30,RGA-MR,original_resource_recompute_s,45,3,0.2968293073333399
paired,30,RGA-MR,original_resource_recompute_s,46,3,1.0994660093333313
paired,30,RGA-MR,original_resource_recompute_s,47,3,2.5957426263333523
paired,30,RGA-MR,original_resource_recompute_s,48,3,0.6157447756666604
paired,30,RGA-MR,original_resource_recompute_s,49,3,0.715090983333333
paired,30,RGA-MR,original_resource_recompute_s,50,3,1.1268576713333331
paired,30,RGA-MR,original_resource_recompute_s,51,3,-0.3964842490000062
paired,30,RGA-MR,original_resource_recompute_s,52,3,0.49206581366666075
paired,30,B-ALNS,original_resource_recompute_s,45,3,0.022558225333339028
paired,30,B-ALNS,original_resource_recompute_s,46,3,0.009805205333331438
paired,30,B-ALNS,original_resource_recompute_s,47,3,0.02549399266667744
paired,30,B-ALNS,original_resource_recompute_s,48,3,1.2903628626666688
paired,30,B-ALNS,original_resource_recompute_s,49,3,0.7368100986666638
paired,30,B-ALNS,original_resource_recompute_s,50,3,-0.3625525566666686
paired,30,B-ALNS,original_resource_recompute_s,51,3,-0.005713999333337938
paired,30,B-ALNS,original_resource_recompute_s,52,3,0.20954336833333778
conditional,30,GR-MR,original_search_s,45,1,0.0
conditional,30,GR-MR,original_search_s,46,1,0.0
conditional,30,GR-MR,original_search_s,47,1,0.0
conditional,30,GR-MR,original_search_s,48,1,0.0
conditional,30,GR-MR,original_search_s,49,1,0.0
conditional,30,GR-MR,original_search_s,50,1,0.0
conditional,30,GR-MR,original_search_s,51,1,0.0
conditional,30,GR-MR,original_search_s,52,1,0.0
common,30,GR-MR,original_search_s,45,3,0.0
common,30,GR-MR,original_search_s,46,3,0.0
common,30,GR-MR,original_search_s,47,3,0.0
common,30,GR-MR,original_search_s,48,3,0.0
common,30,GR-MR,original_search_s,49,3,0.0
common,30,GR-MR,original_search_s,50,3,0.0
common,30,GR-MR,original_search_s,51,3,0.0
common,30,GR-MR,original_search_s,52,3,0.0
conditional,30,FTR-NM,original_search_s,45,1,0.0
conditional,30,FTR-NM,original_search_s,46,1,0.0
conditional,30,FTR-NM,original_search_s,47,1,0.0
conditional,30,FTR-NM,original_search_s,48,1,0.0
conditional,30,FTR-NM,original_search_s,49,1,0.0
conditional,30,FTR-NM,original_search_s,50,1,0.0
conditional,30,FTR-NM,original_search_s,51,1,0.0
conditional,30,FTR-NM,original_search_s,52,1,0.0
common,30,FTR-NM,original_search_s,45,3,0.0
common,30,FTR-NM,original_search_s,46,3,0.0
common,30,FTR-NM,original_search_s,47,3,0.0
common,30,FTR-NM,original_search_s,48,3,0.0
common,30,FTR-NM,original_search_s,49,3,0.0
common,30,FTR-NM,original_search_s,50,3,0.0
common,30,FTR-NM,original_search_s,51,3,0.0
common,30,FTR-NM,original_search_s,52,3,0.0
conditional,30,RGA-MR,original_search_s,45,3,2.8803989896666664
conditional,30,RGA-MR,original_search_s,46,3,3.912636540000001
conditional,30,RGA-MR,original_search_s,47,3,3.767096684000004
conditional,30,RGA-MR,original_search_s,48,3,1.0378286583333345
conditional,30,RGA-MR,original_search_s,49,3,0.9766233649999995
conditional,30,RGA-MR,original_search_s,50,3,2.4938723763333335
conditional,30,RGA-MR,original_search_s,51,3,3.226092731666663
conditional,30,RGA-MR,original_search_s,52,3,3.8825267176666594
common,30,RGA-MR,original_search_s,45,3,2.8803989896666664
common,30,RGA-MR,original_search_s,46,3,3.912636540000001
common,30,RGA-MR,original_search_s,47,3,3.767096684000004
common,30,RGA-MR,original_search_s,48,3,1.0378286583333345
common,30,RGA-MR,original_search_s,49,3,0.9766233649999995
common,30,RGA-MR,original_search_s,50,3,2.4938723763333335
common,30,RGA-MR,original_search_s,51,3,3.226092731666663
common,30,RGA-MR,original_search_s,52,3,3.8825267176666594
conditional,30,B-ALNS,original_search_s,45,3,2.189344492666668
conditional,30,B-ALNS,original_search_s,46,3,1.1560537043333337
conditional,30,B-ALNS,original_search_s,47,3,2.8449430906666655
conditional,30,B-ALNS,original_search_s,48,3,0.9500041713333284
conditional,30,B-ALNS,original_search_s,49,3,1.170368426000002
conditional,30,B-ALNS,original_search_s,50,3,3.3331746220000014
conditional,30,B-ALNS,original_search_s,51,3,2.8354338230000002
conditional,30,B-ALNS,original_search_s,52,3,2.247560217
common,30,B-ALNS,original_search_s,45,3,2.189344492666668
common,30,B-ALNS,original_search_s,46,3,1.1560537043333337
common,30,B-ALNS,original_search_s,47,3,2.8449430906666655
common,30,B-ALNS,original_search_s,48,3,0.9500041713333284
common,30,B-ALNS,original_search_s,49,3,1.170368426000002
common,30,B-ALNS,original_search_s,50,3,3.3331746220000014
common,30,B-ALNS,original_search_s,51,3,2.8354338230000002
common,30,B-ALNS,original_search_s,52,3,2.247560217
conditional,30,ESI-ALNS,original_search_s,45,3,3.2172094596666674
conditional,30,ESI-ALNS,original_search_s,46,3,3.99643667566667
conditional,30,ESI-ALNS,original_search_s,47,3,4.197349700999998
conditional,30,ESI-ALNS,original_search_s,48,3,2.8529905110000016
conditional,30,ESI-ALNS,original_search_s,49,3,2.674641272333332
conditional,30,ESI-ALNS,original_search_s,50,3,5.081951972999998
conditional,30,ESI-ALNS,original_search_s,51,3,4.372959438
conditional,30,ESI-ALNS,original_search_s,52,3,3.9350288970000045
common,30,ESI-ALNS,original_search_s,45,3,3.2172094596666674
common,30,ESI-ALNS,original_search_s,46,3,3.99643667566667
common,30,ESI-ALNS,original_search_s,47,3,4.197349700999998
common,30,ESI-ALNS,original_search_s,48,3,2.8529905110000016
common,30,ESI-ALNS,original_search_s,49,3,2.674641272333332
common,30,ESI-ALNS,original_search_s,50,3,5.081951972999998
common,30,ESI-ALNS,original_search_s,51,3,4.372959438
common,30,ESI-ALNS,original_search_s,52,3,3.9350288970000045
paired,30,GR-MR,original_search_s,45,3,3.2172094596666674
paired,30,GR-MR,original_search_s,46,3,3.99643667566667
paired,30,GR-MR,original_search_s,47,3,4.197349700999998
paired,30,GR-MR,original_search_s,48,3,2.8529905110000016
paired,30,GR-MR,original_search_s,49,3,2.674641272333332
paired,30,GR-MR,original_search_s,50,3,5.081951972999998
paired,30,GR-MR,original_search_s,51,3,4.372959438
paired,30,GR-MR,original_search_s,52,3,3.9350288970000045
paired,30,FTR-NM,original_search_s,45,3,3.2172094596666674
paired,30,FTR-NM,original_search_s,46,3,3.99643667566667
paired,30,FTR-NM,original_search_s,47,3,4.197349700999998
paired,30,FTR-NM,original_search_s,48,3,2.8529905110000016
paired,30,FTR-NM,original_search_s,49,3,2.674641272333332
paired,30,FTR-NM,original_search_s,50,3,5.081951972999998
paired,30,FTR-NM,original_search_s,51,3,4.372959438
paired,30,FTR-NM,original_search_s,52,3,3.9350288970000045
paired,30,RGA-MR,original_search_s,45,3,0.3368104700000008
paired,30,RGA-MR,original_search_s,46,3,0.08380013566666851
paired,30,RGA-MR,original_search_s,47,3,0.4302530169999936
paired,30,RGA-MR,original_search_s,48,3,1.815161852666667
paired,30,RGA-MR,original_search_s,49,3,1.6980179073333328
paired,30,RGA-MR,original_search_s,50,3,2.5880795966666645
paired,30,RGA-MR,original_search_s,51,3,1.1468667063333366
paired,30,RGA-MR,original_search_s,52,3,0.05250217933334511
paired,30,B-ALNS,original_search_s,45,3,1.0278649669999993
paired,30,B-ALNS,original_search_s,46,3,2.840382971333336
paired,30,B-ALNS,original_search_s,47,3,1.3524066103333325
paired,30,B-ALNS,original_search_s,48,3,1.902986339666673
paired,30,B-ALNS,original_search_s,49,3,1.5042728463333301
paired,30,B-ALNS,original_search_s,50,3,1.7487773509999964
paired,30,B-ALNS,original_search_s,51,3,1.5375256149999998
paired,30,B-ALNS,original_search_s,52,3,1.6874686800000045
conditional,30,GR-MR,original_total_to_resources_s,45,1,0.25293653499999635
conditional,30,GR-MR,original_total_to_resources_s,46,1,0.3493927560000003
conditional,30,GR-MR,original_total_to_resources_s,47,1,0.43112751900000035
conditional,30,GR-MR,original_total_to_resources_s,48,1,0.42576990699998873
conditional,30,GR-MR,original_total_to_resources_s,49,1,0.1852301919999988
conditional,30,GR-MR,original_total_to_resources_s,50,1,0.43129387099998695
conditional,30,GR-MR,original_total_to_resources_s,51,1,0.43592346999999876
conditional,30,GR-MR,original_total_to_resources_s,52,1,0.3798359949999792
common,30,GR-MR,original_total_to_resources_s,45,3,0.25293653499999635
common,30,GR-MR,original_total_to_resources_s,46,3,0.3493927560000003
common,30,GR-MR,original_total_to_resources_s,47,3,0.43112751900000035
common,30,GR-MR,original_total_to_resources_s,48,3,0.42576990699998873
common,30,GR-MR,original_total_to_resources_s,49,3,0.1852301919999988
common,30,GR-MR,original_total_to_resources_s,50,3,0.43129387099998695
common,30,GR-MR,original_total_to_resources_s,51,3,0.43592346999999876
common,30,GR-MR,original_total_to_resources_s,52,3,0.3798359949999792
conditional,30,FTR-NM,original_total_to_resources_s,45,1,0.24981296299999656
conditional,30,FTR-NM,original_total_to_resources_s,46,1,0.4250986449999914
conditional,30,FTR-NM,original_total_to_resources_s,47,1,0.3740872820000334
conditional,30,FTR-NM,original_total_to_resources_s,48,1,0.36624860700000283
conditional,30,FTR-NM,original_total_to_resources_s,49,1,0.18224638800000292
conditional,30,FTR-NM,original_total_to_resources_s,50,1,2.414720738999989
conditional,30,FTR-NM,original_total_to_resources_s,51,1,0.3758785270000047
conditional,30,FTR-NM,original_total_to_resources_s,52,1,2.368906670000001
common,30,FTR-NM,original_total_to_resources_s,45,3,0.24981296299999656
common,30,FTR-NM,original_total_to_resources_s,46,3,0.4250986449999914
common,30,FTR-NM,original_total_to_resources_s,47,3,0.3740872820000334
common,30,FTR-NM,original_total_to_resources_s,48,3,0.36624860700000283
common,30,FTR-NM,original_total_to_resources_s,49,3,0.18224638800000292
common,30,FTR-NM,original_total_to_resources_s,50,3,2.414720738999989
common,30,FTR-NM,original_total_to_resources_s,51,3,0.3758785270000047
common,30,FTR-NM,original_total_to_resources_s,52,3,2.368906670000001
conditional,30,RGA-MR,original_total_to_resources_s,45,3,3.1413497946666644
conditional,30,RGA-MR,original_total_to_resources_s,46,3,4.249508389666668
conditional,30,RGA-MR,original_total_to_resources_s,47,3,4.1281808596666565
conditional,30,RGA-MR,original_total_to_resources_s,48,3,2.0687803323333376
conditional,30,RGA-MR,original_total_to_resources_s,49,3,1.185935022
conditional,30,RGA-MR,original_total_to_resources_s,50,3,2.8854692933333346
conditional,30,RGA-MR,original_total_to_resources_s,51,3,4.302852902333332
conditional,30,RGA-MR,original_total_to_resources_s,52,3,4.207209966666663
common,30,RGA-MR,original_total_to_resources_s,45,3,3.1413497946666644
common,30,RGA-MR,original_total_to_resources_s,46,3,4.249508389666668
common,30,RGA-MR,original_total_to_resources_s,47,3,4.1281808596666565
common,30,RGA-MR,original_total_to_resources_s,48,3,2.0687803323333376
common,30,RGA-MR,original_total_to_resources_s,49,3,1.185935022
common,30,RGA-MR,original_total_to_resources_s,50,3,2.8854692933333346
common,30,RGA-MR,original_total_to_resources_s,51,3,4.302852902333332
common,30,RGA-MR,original_total_to_resources_s,52,3,4.207209966666663
conditional,30,B-ALNS,original_total_to_resources_s,45,3,2.731735717666664
conditional,30,B-ALNS,original_total_to_resources_s,46,3,2.5904421110000015
conditional,30,B-ALNS,original_total_to_resources_s,47,3,5.784504816999989
conditional,30,B-ALNS,original_total_to_resources_s,48,3,1.3150251983333117
conditional,30,B-ALNS,original_total_to_resources_s,49,3,1.3621935156666691
conditional,30,B-ALNS,original_total_to_resources_s,50,3,5.223457674999996
conditional,30,B-ALNS,original_total_to_resources_s,51,3,3.5306239699999984
conditional,30,B-ALNS,original_total_to_resources_s,52,3,2.8626771993333002
common,30,B-ALNS,original_total_to_resources_s,45,3,2.731735717666664
common,30,B-ALNS,original_total_to_resources_s,46,3,2.5904421110000015
common,30,B-ALNS,original_total_to_resources_s,47,3,5.784504816999989
common,30,B-ALNS,original_total_to_resources_s,48,3,1.3150251983333117
common,30,B-ALNS,original_total_to_resources_s,49,3,1.3621935156666691
common,30,B-ALNS,original_total_to_resources_s,50,3,5.223457674999996
common,30,B-ALNS,original_total_to_resources_s,51,3,3.5306239699999984
common,30,B-ALNS,original_total_to_resources_s,52,3,2.8626771993333002
conditional,30,ESI-ALNS,original_total_to_resources_s,45,3,3.782158910000002
conditional,30,ESI-ALNS,original_total_to_resources_s,46,3,5.440630287666669
conditional,30,ESI-ALNS,original_total_to_resources_s,47,3,7.162405419999999
conditional,30,ESI-ALNS,original_total_to_resources_s,48,3,4.5083744006666535
conditional,30,ESI-ALNS,original_total_to_resources_s,49,3,3.603276460666663
conditional,30,ESI-ALNS,original_total_to_resources_s,50,3,6.6096824693333245
conditional,30,ESI-ALNS,original_total_to_resources_s,51,3,5.06243558566666
conditional,30,ESI-ALNS,original_total_to_resources_s,52,3,4.759689247666643
common,30,ESI-ALNS,original_total_to_resources_s,45,3,3.782158910000002
common,30,ESI-ALNS,original_total_to_resources_s,46,3,5.440630287666669
common,30,ESI-ALNS,original_total_to_resources_s,47,3,7.162405419999999
common,30,ESI-ALNS,original_total_to_resources_s,48,3,4.5083744006666535
common,30,ESI-ALNS,original_total_to_resources_s,49,3,3.603276460666663
common,30,ESI-ALNS,original_total_to_resources_s,50,3,6.6096824693333245
common,30,ESI-ALNS,original_total_to_resources_s,51,3,5.06243558566666
common,30,ESI-ALNS,original_total_to_resources_s,52,3,4.759689247666643
paired,30,GR-MR,original_total_to_resources_s,45,3,3.5292223750000056
paired,30,GR-MR,original_total_to_resources_s,46,3,5.0912375316666685
paired,30,GR-MR,original_total_to_resources_s,47,3,6.731277900999999
paired,30,GR-MR,original_total_to_resources_s,48,3,4.082604493666665
paired,30,GR-MR,original_total_to_resources_s,49,3,3.4180462686666644
paired,30,GR-MR,original_total_to_resources_s,50,3,6.1783885983333375
paired,30,GR-MR,original_total_to_resources_s,51,3,4.626512115666661
paired,30,GR-MR,original_total_to_resources_s,52,3,4.379853252666663
paired,30,FTR-NM,original_total_to_resources_s,45,3,3.5323459470000054
paired,30,FTR-NM,original_total_to_resources_s,46,3,5.015531642666677
paired,30,FTR-NM,original_total_to_resources_s,47,3,6.7883181379999655
paired,30,FTR-NM,original_total_to_resources_s,48,3,4.142125793666651
paired,30,FTR-NM,original_total_to_resources_s,49,3,3.4210300726666603
paired,30,FTR-NM,original_total_to_resources_s,50,3,4.194961730333335
paired,30,FTR-NM,original_total_to_resources_s,51,3,4.686557058666655
paired,30,FTR-NM,original_total_to_resources_s,52,3,2.3907825776666414
paired,30,RGA-MR,original_total_to_resources_s,45,3,0.6408091153333378
paired,30,RGA-MR,original_total_to_resources_s,46,3,1.1911218980000011
paired,30,RGA-MR,original_total_to_resources_s,47,3,3.0342245603333424
paired,30,RGA-MR,original_total_to_resources_s,48,3,2.439594068333316
paired,30,RGA-MR,original_total_to_resources_s,49,3,2.417341438666663
paired,30,RGA-MR,original_total_to_resources_s,50,3,3.72421317599999
paired,30,RGA-MR,original_total_to_resources_s,51,3,0.7595826833333277
paired,30,RGA-MR,original_total_to_resources_s,52,3,0.55247928099998
paired,30,B-ALNS,original_total_to_resources_s,45,3,1.0504231923333383
paired,30,B-ALNS,original_total_to_resources_s,46,3,2.8501881766666677
paired,30,B-ALNS,original_total_to_resources_s,47,3,1.37790060300001
paired,30,B-ALNS,original_total_to_resources_s,48,3,3.193349202333342
paired,30,B-ALNS,original_total_to_resources_s,49,3,2.241082944999994
paired,30,B-ALNS,original_total_to_resources_s,50,3,1.3862247943333277
paired,30,B-ALNS,original_total_to_resources_s,51,3,1.531811615666662
paired,30,B-ALNS,original_total_to_resources_s,52,3,1.8970120483333421
conditional,30,GR-MR,original_total_with_audit_s,45,1,0.25493963399999586
conditional,30,GR-MR,original_total_with_audit_s,46,1,0.35210231900001077
conditional,30,GR-MR,original_total_with_audit_s,47,1,0.43383117000001903
conditional,30,GR-MR,original_total_with_audit_s,48,1,0.42845047299998384
conditional,30,GR-MR,original_total_with_audit_s,49,1,0.1867101279999943
conditional,30,GR-MR,original_total_with_audit_s,50,1,0.4341594759999907
conditional,30,GR-MR,original_total_with_audit_s,51,1,0.4387186679999999
conditional,30,GR-MR,original_total_with_audit_s,52,1,0.3824098549999633
common,30,GR-MR,original_total_with_audit_s,45,3,0.25493963399999586
common,30,GR-MR,original_total_with_audit_s,46,3,0.35210231900001077
common,30,GR-MR,original_total_with_audit_s,47,3,0.43383117000001903
common,30,GR-MR,original_total_with_audit_s,48,3,0.42845047299998384
common,30,GR-MR,original_total_with_audit_s,49,3,0.1867101279999943
common,30,GR-MR,original_total_with_audit_s,50,3,0.4341594759999907
common,30,GR-MR,original_total_with_audit_s,51,3,0.4387186679999999
common,30,GR-MR,original_total_with_audit_s,52,3,0.3824098549999633
conditional,30,FTR-NM,original_total_with_audit_s,45,1,0.25186055799999707
conditional,30,FTR-NM,original_total_with_audit_s,46,1,0.42774762999999183
conditional,30,FTR-NM,original_total_with_audit_s,47,1,0.3768021540000177
conditional,30,FTR-NM,original_total_with_audit_s,48,1,0.36893125999999654
conditional,30,FTR-NM,original_total_with_audit_s,49,1,0.18372497200000026
conditional,30,FTR-NM,original_total_with_audit_s,50,1,2.4176922529999914
conditional,30,FTR-NM,original_total_with_audit_s,51,1,0.37865729500000356
conditional,30,FTR-NM,original_total_with_audit_s,52,1,2.371581423000009
common,30,FTR-NM,original_total_with_audit_s,45,3,0.25186055799999707
common,30,FTR-NM,original_total_with_audit_s,46,3,0.42774762999999183
common,30,FTR-NM,original_total_with_audit_s,47,3,0.3768021540000177
common,30,FTR-NM,original_total_with_audit_s,48,3,0.36893125999999654
common,30,FTR-NM,original_total_with_audit_s,49,3,0.18372497200000026
common,30,FTR-NM,original_total_with_audit_s,50,3,2.4176922529999914
common,30,FTR-NM,original_total_with_audit_s,51,3,0.37865729500000356
common,30,FTR-NM,original_total_with_audit_s,52,3,2.371581423000009
conditional,30,RGA-MR,original_total_with_audit_s,45,3,3.1433927149999974
conditional,30,RGA-MR,original_total_with_audit_s,46,3,4.252181574333332
conditional,30,RGA-MR,original_total_with_audit_s,47,3,4.130888047666654
conditional,30,RGA-MR,original_total_with_audit_s,48,3,2.07152193266667
conditional,30,RGA-MR,original_total_with_audit_s,49,3,1.1874752050000008
conditional,30,RGA-MR,original_total_with_audit_s,50,3,2.888274434333335
conditional,30,RGA-MR,original_total_with_audit_s,51,3,4.3056529459999995
conditional,30,RGA-MR,original_total_with_audit_s,52,3,4.209783580333323
common,30,RGA-MR,original_total_with_audit_s,45,3,3.1433927149999974
common,30,RGA-MR,original_total_with_audit_s,46,3,4.252181574333332
common,30,RGA-MR,original_total_with_audit_s,47,3,4.130888047666654
common,30,RGA-MR,original_total_with_audit_s,48,3,2.07152193266667
common,30,RGA-MR,original_total_with_audit_s,49,3,1.1874752050000008
common,30,RGA-MR,original_total_with_audit_s,50,3,2.888274434333335
common,30,RGA-MR,original_total_with_audit_s,51,3,4.3056529459999995
common,30,RGA-MR,original_total_with_audit_s,52,3,4.209783580333323
conditional,30,B-ALNS,original_total_with_audit_s,45,3,2.7341329079999994
conditional,30,B-ALNS,original_total_with_audit_s,46,3,2.592935200999998
conditional,30,B-ALNS,original_total_with_audit_s,47,3,5.7887164936666595
conditional,30,B-ALNS,original_total_with_audit_s,48,3,1.3177418823333038
conditional,30,B-ALNS,original_total_with_audit_s,49,3,1.3639175976666695
conditional,30,B-ALNS,original_total_with_audit_s,50,3,5.227162878666658
conditional,30,B-ALNS,original_total_with_audit_s,51,3,3.5340740296666673
conditional,30,B-ALNS,original_total_with_audit_s,52,3,2.866053901999957
common,30,B-ALNS,original_total_with_audit_s,45,3,2.7341329079999994
common,30,B-ALNS,original_total_with_audit_s,46,3,2.592935200999998
common,30,B-ALNS,original_total_with_audit_s,47,3,5.7887164936666595
common,30,B-ALNS,original_total_with_audit_s,48,3,1.3177418823333038
common,30,B-ALNS,original_total_with_audit_s,49,3,1.3639175976666695
common,30,B-ALNS,original_total_with_audit_s,50,3,5.227162878666658
common,30,B-ALNS,original_total_with_audit_s,51,3,3.5340740296666673
common,30,B-ALNS,original_total_with_audit_s,52,3,2.866053901999957
conditional,30,ESI-ALNS,original_total_with_audit_s,45,3,3.784538060000005
conditional,30,ESI-ALNS,original_total_with_audit_s,46,3,5.44329406566667
conditional,30,ESI-ALNS,original_total_with_audit_s,47,3,7.166032407666667
conditional,30,ESI-ALNS,original_total_with_audit_s,48,3,4.511325770666659
conditional,30,ESI-ALNS,original_total_with_audit_s,49,3,3.6051019509999946
conditional,30,ESI-ALNS,original_total_with_audit_s,50,3,6.613490349333323
conditional,30,ESI-ALNS,original_total_with_audit_s,51,3,5.065760942999991
conditional,30,ESI-ALNS,original_total_with_audit_s,52,3,4.763062217999978
common,30,ESI-ALNS,original_total_with_audit_s,45,3,3.784538060000005
common,30,ESI-ALNS,original_total_with_audit_s,46,3,5.44329406566667
common,30,ESI-ALNS,original_total_with_audit_s,47,3,7.166032407666667
common,30,ESI-ALNS,original_total_with_audit_s,48,3,4.511325770666659
common,30,ESI-ALNS,original_total_with_audit_s,49,3,3.6051019509999946
common,30,ESI-ALNS,original_total_with_audit_s,50,3,6.613490349333323
common,30,ESI-ALNS,original_total_with_audit_s,51,3,5.065760942999991
common,30,ESI-ALNS,original_total_with_audit_s,52,3,4.763062217999978
paired,30,GR-MR,original_total_with_audit_s,45,3,3.529598426000009
paired,30,GR-MR,original_total_with_audit_s,46,3,5.091191746666659
paired,30,GR-MR,original_total_with_audit_s,47,3,6.732201237666648
paired,30,GR-MR,original_total_with_audit_s,48,3,4.082875297666675
paired,30,GR-MR,original_total_with_audit_s,49,3,3.4183918230000003
paired,30,GR-MR,original_total_with_audit_s,50,3,6.179330873333332
paired,30,GR-MR,original_total_with_audit_s,51,3,4.627042274999991
paired,30,GR-MR,original_total_with_audit_s,52,3,4.3806523630000145
paired,30,FTR-NM,original_total_with_audit_s,45,3,3.532677502000008
paired,30,FTR-NM,original_total_with_audit_s,46,3,5.015546435666678
paired,30,FTR-NM,original_total_with_audit_s,47,3,6.789230253666649
paired,30,FTR-NM,original_total_with_audit_s,48,3,4.142394510666662
paired,30,FTR-NM,original_total_with_audit_s,49,3,3.4213769789999944
paired,30,FTR-NM,original_total_with_audit_s,50,3,4.1957980963333315
paired,30,FTR-NM,original_total_with_audit_s,51,3,4.6871036479999875
paired,30,FTR-NM,original_total_with_audit_s,52,3,2.391480794999969
paired,30,RGA-MR,original_total_with_audit_s,45,3,0.6411453450000076
paired,30,RGA-MR,original_total_with_audit_s,46,3,1.1911124913333377
paired,30,RGA-MR,original_total_with_audit_s,47,3,3.035144360000013
paired,30,RGA-MR,original_total_with_audit_s,48,3,2.439803837999989
paired,30,RGA-MR,original_total_with_audit_s,49,3,2.417626745999994
paired,30,RGA-MR,original_total_with_audit_s,50,3,3.7252159149999877
paired,30,RGA-MR,original_total_with_audit_s,51,3,0.7601079969999915
paired,30,RGA-MR,original_total_with_audit_s,52,3,0.5532786376666555
paired,30,B-ALNS,original_total_with_audit_s,45,3,1.0504051520000057
paired,30,B-ALNS,original_total_with_audit_s,46,3,2.850358864666672
paired,30,B-ALNS,original_total_with_audit_s,47,3,1.3773159140000075
paired,30,B-ALNS,original_total_with_audit_s,48,3,3.193583888333355
paired,30,B-ALNS,original_total_with_audit_s,49,3,2.2411843533333253
paired,30,B-ALNS,original_total_with_audit_s,50,3,1.3863274706666644
paired,30,B-ALNS,original_total_with_audit_s,51,3,1.5316869133333242
paired,30,B-ALNS,original_total_with_audit_s,52,3,1.897008316000021
conditional,30,GR-MR,p95_delay_s,45,1,281.2511208336098
conditional,30,GR-MR,p95_delay_s,46,1,296.4158733504123
conditional,30,GR-MR,p95_delay_s,47,1,316.19280416201065
conditional,30,GR-MR,p95_delay_s,48,1,384.0120352510832
conditional,30,GR-MR,p95_delay_s,49,1,356.6592751963411
conditional,30,GR-MR,p95_delay_s,50,1,362.7121673914975
conditional,30,GR-MR,p95_delay_s,51,1,306.0510285914539
conditional,30,GR-MR,p95_delay_s,52,1,311.17376329992084
common,30,GR-MR,p95_delay_s,45,3,281.2511208336098
common,30,GR-MR,p95_delay_s,46,2,296.4158733504123
common,30,GR-MR,p95_delay_s,47,3,316.19280416201065
common,30,GR-MR,p95_delay_s,48,3,384.0120352510832
common,30,GR-MR,p95_delay_s,49,3,356.6592751963411
common,30,GR-MR,p95_delay_s,50,3,362.7121673914975
common,30,GR-MR,p95_delay_s,51,3,306.0510285914539
common,30,GR-MR,p95_delay_s,52,3,311.17376329992084
conditional,30,FTR-NM,p95_delay_s,45,1,281.2511208336098
conditional,30,FTR-NM,p95_delay_s,46,1,296.4158733504123
conditional,30,FTR-NM,p95_delay_s,47,1,316.19280416201065
conditional,30,FTR-NM,p95_delay_s,48,1,384.0120352510832
conditional,30,FTR-NM,p95_delay_s,49,1,356.6592751963411
conditional,30,FTR-NM,p95_delay_s,50,1,362.7121673914975
conditional,30,FTR-NM,p95_delay_s,51,1,306.0510285914539
conditional,30,FTR-NM,p95_delay_s,52,1,311.17376329992084
common,30,FTR-NM,p95_delay_s,45,3,281.2511208336098
common,30,FTR-NM,p95_delay_s,46,2,296.4158733504123
common,30,FTR-NM,p95_delay_s,47,3,316.19280416201065
common,30,FTR-NM,p95_delay_s,48,3,384.0120352510832
common,30,FTR-NM,p95_delay_s,49,3,356.6592751963411
common,30,FTR-NM,p95_delay_s,50,3,362.7121673914975
common,30,FTR-NM,p95_delay_s,51,3,306.0510285914539
common,30,FTR-NM,p95_delay_s,52,3,311.17376329992084
conditional,30,RGA-MR,p95_delay_s,45,3,311.75761407207546
conditional,30,RGA-MR,p95_delay_s,46,3,296.41559709839765
conditional,30,RGA-MR,p95_delay_s,47,3,313.39214613183225
conditional,30,RGA-MR,p95_delay_s,48,3,384.06535185314675
conditional,30,RGA-MR,p95_delay_s,49,3,356.7346812089533
conditional,30,RGA-MR,p95_delay_s,50,3,362.7121673914975
conditional,30,RGA-MR,p95_delay_s,51,3,310.99375372783726
conditional,30,RGA-MR,p95_delay_s,52,3,316.2611292715721
common,30,RGA-MR,p95_delay_s,45,3,311.75761407207546
common,30,RGA-MR,p95_delay_s,46,2,296.4158733504123
common,30,RGA-MR,p95_delay_s,47,3,313.39214613183225
common,30,RGA-MR,p95_delay_s,48,3,384.06535185314675
common,30,RGA-MR,p95_delay_s,49,3,356.7346812089533
common,30,RGA-MR,p95_delay_s,50,3,362.7121673914975
common,30,RGA-MR,p95_delay_s,51,3,310.99375372783726
common,30,RGA-MR,p95_delay_s,52,3,316.2611292715721
conditional,30,B-ALNS,p95_delay_s,45,3,330.67311545864567
conditional,30,B-ALNS,p95_delay_s,46,2,328.1703898369998
conditional,30,B-ALNS,p95_delay_s,47,3,356.7145775965763
conditional,30,B-ALNS,p95_delay_s,48,3,317.8558623856523
conditional,30,B-ALNS,p95_delay_s,49,3,348.47693570526627
conditional,30,B-ALNS,p95_delay_s,50,3,331.120340359899
conditional,30,B-ALNS,p95_delay_s,51,3,375.2119439116662
conditional,30,B-ALNS,p95_delay_s,52,3,332.97088068363564
common,30,B-ALNS,p95_delay_s,45,3,330.67311545864567
common,30,B-ALNS,p95_delay_s,46,2,328.1703898369998
common,30,B-ALNS,p95_delay_s,47,3,356.7145775965763
common,30,B-ALNS,p95_delay_s,48,3,317.8558623856523
common,30,B-ALNS,p95_delay_s,49,3,348.47693570526627
common,30,B-ALNS,p95_delay_s,50,3,331.120340359899
common,30,B-ALNS,p95_delay_s,51,3,375.2119439116662
common,30,B-ALNS,p95_delay_s,52,3,332.97088068363564
conditional,30,ESI-ALNS,p95_delay_s,45,3,330.67311545864567
conditional,30,ESI-ALNS,p95_delay_s,46,2,328.21338542967953
conditional,30,ESI-ALNS,p95_delay_s,47,3,356.7145775965763
conditional,30,ESI-ALNS,p95_delay_s,48,3,317.8570395845421
conditional,30,ESI-ALNS,p95_delay_s,49,3,357.6560546870878
conditional,30,ESI-ALNS,p95_delay_s,50,3,331.12064188350917
conditional,30,ESI-ALNS,p95_delay_s,51,3,375.2119439116662
conditional,30,ESI-ALNS,p95_delay_s,52,3,332.7732173050039
common,30,ESI-ALNS,p95_delay_s,45,3,330.67311545864567
common,30,ESI-ALNS,p95_delay_s,46,2,328.21338542967953
common,30,ESI-ALNS,p95_delay_s,47,3,356.7145775965763
common,30,ESI-ALNS,p95_delay_s,48,3,317.8570395845421
common,30,ESI-ALNS,p95_delay_s,49,3,357.6560546870878
common,30,ESI-ALNS,p95_delay_s,50,3,331.12064188350917
common,30,ESI-ALNS,p95_delay_s,51,3,375.2119439116662
common,30,ESI-ALNS,p95_delay_s,52,3,332.7732173050039
paired,30,GR-MR,p95_delay_s,45,3,49.421994625035914
paired,30,GR-MR,p95_delay_s,46,2,31.79751207926722
paired,30,GR-MR,p95_delay_s,47,3,40.52177343456568
paired,30,GR-MR,p95_delay_s,48,3,-66.15499566654108
paired,30,GR-MR,p95_delay_s,49,3,0.9967794907466706
paired,30,GR-MR,p95_delay_s,50,3,-31.59152550798829
paired,30,GR-MR,p95_delay_s,51,3,69.16091532021225
paired,30,GR-MR,p95_delay_s,52,3,21.59945400508307
paired,30,FTR-NM,p95_delay_s,45,3,49.421994625035914
paired,30,FTR-NM,p95_delay_s,46,2,31.79751207926722
paired,30,FTR-NM,p95_delay_s,47,3,40.52177343456568
paired,30,FTR-NM,p95_delay_s,48,3,-66.15499566654108
paired,30,FTR-NM,p95_delay_s,49,3,0.9967794907466706
paired,30,FTR-NM,p95_delay_s,50,3,-31.59152550798829
paired,30,FTR-NM,p95_delay_s,51,3,69.16091532021225
paired,30,FTR-NM,p95_delay_s,52,3,21.59945400508307
paired,30,RGA-MR,p95_delay_s,45,3,18.915501386570213
paired,30,RGA-MR,p95_delay_s,46,2,31.79751207926722
paired,30,RGA-MR,p95_delay_s,47,3,43.32243146474409
paired,30,RGA-MR,p95_delay_s,48,3,-66.20831226860464
paired,30,RGA-MR,p95_delay_s,49,3,0.9213734781344934
paired,30,RGA-MR,p95_delay_s,50,3,-31.59152550798829
paired,30,RGA-MR,p95_delay_s,51,3,64.21819018382892
paired,30,RGA-MR,p95_delay_s,52,3,16.512088033431837
paired,30,B-ALNS,p95_delay_s,45,3,0.0
paired,30,B-ALNS,p95_delay_s,46,2,0.042995592679773154
paired,30,B-ALNS,p95_delay_s,47,3,0.0
paired,30,B-ALNS,p95_delay_s,48,3,0.0011771988898014267
paired,30,B-ALNS,p95_delay_s,49,3,9.179118981821508
paired,30,B-ALNS,p95_delay_s,50,3,0.00030152361017599105
paired,30,B-ALNS,p95_delay_s,51,3,0.0
paired,30,B-ALNS,p95_delay_s,52,3,-0.19766337863173553
conditional,30,GR-MR,stage1_energy_j,45,1,208341.73076591373
conditional,30,GR-MR,stage1_energy_j,46,1,182920.2871116352
conditional,30,GR-MR,stage1_energy_j,47,1,201159.3752890026
conditional,30,GR-MR,stage1_energy_j,48,1,182989.82858582426
conditional,30,GR-MR,stage1_energy_j,49,1,181734.4042374285
conditional,30,GR-MR,stage1_energy_j,50,1,183916.39405024247
conditional,30,GR-MR,stage1_energy_j,51,1,206069.50210363683
conditional,30,GR-MR,stage1_energy_j,52,1,213199.02158012264
common,30,GR-MR,stage1_energy_j,45,3,208341.73076591373
common,30,GR-MR,stage1_energy_j,46,2,182920.2871116352
common,30,GR-MR,stage1_energy_j,47,3,201159.3752890026
common,30,GR-MR,stage1_energy_j,48,3,182989.82858582426
common,30,GR-MR,stage1_energy_j,49,3,181734.4042374285
common,30,GR-MR,stage1_energy_j,50,3,183916.39405024247
common,30,GR-MR,stage1_energy_j,51,3,206069.50210363683
common,30,GR-MR,stage1_energy_j,52,3,213199.02158012264
conditional,30,FTR-NM,stage1_energy_j,45,1,208341.73076591373
conditional,30,FTR-NM,stage1_energy_j,46,1,182920.2871116352
conditional,30,FTR-NM,stage1_energy_j,47,1,201159.3752890026
conditional,30,FTR-NM,stage1_energy_j,48,1,182989.82858582426
conditional,30,FTR-NM,stage1_energy_j,49,1,181734.4042374285
conditional,30,FTR-NM,stage1_energy_j,50,1,183916.39405024247
conditional,30,FTR-NM,stage1_energy_j,51,1,206069.50210363683
conditional,30,FTR-NM,stage1_energy_j,52,1,213199.02158012264
common,30,FTR-NM,stage1_energy_j,45,3,208341.73076591373
common,30,FTR-NM,stage1_energy_j,46,2,182920.2871116352
common,30,FTR-NM,stage1_energy_j,47,3,201159.3752890026
common,30,FTR-NM,stage1_energy_j,48,3,182989.82858582426
common,30,FTR-NM,stage1_energy_j,49,3,181734.4042374285
common,30,FTR-NM,stage1_energy_j,50,3,183916.39405024247
common,30,FTR-NM,stage1_energy_j,51,3,206069.50210363683
common,30,FTR-NM,stage1_energy_j,52,3,213199.02158012264
conditional,30,RGA-MR,stage1_energy_j,45,3,202366.48818735304
conditional,30,RGA-MR,stage1_energy_j,46,3,182098.4007808091
conditional,30,RGA-MR,stage1_energy_j,47,3,199942.00597317243
conditional,30,RGA-MR,stage1_energy_j,48,3,181471.06144921237
conditional,30,RGA-MR,stage1_energy_j,49,3,175605.1908668735
conditional,30,RGA-MR,stage1_energy_j,50,3,183916.39405024247
conditional,30,RGA-MR,stage1_energy_j,51,3,204755.72649900778
conditional,30,RGA-MR,stage1_energy_j,52,3,210735.24103807897
common,30,RGA-MR,stage1_energy_j,45,3,202366.48818735304
common,30,RGA-MR,stage1_energy_j,46,2,182920.2871116352
common,30,RGA-MR,stage1_energy_j,47,3,199942.00597317243
common,30,RGA-MR,stage1_energy_j,48,3,181471.06144921237
common,30,RGA-MR,stage1_energy_j,49,3,175605.1908668735
common,30,RGA-MR,stage1_energy_j,50,3,183916.39405024247
common,30,RGA-MR,stage1_energy_j,51,3,204755.72649900778
common,30,RGA-MR,stage1_energy_j,52,3,210735.24103807897
conditional,30,B-ALNS,stage1_energy_j,45,3,122581.01595088119
conditional,30,B-ALNS,stage1_energy_j,46,2,125837.33369243238
conditional,30,B-ALNS,stage1_energy_j,47,3,121168.84912065553
conditional,30,B-ALNS,stage1_energy_j,48,3,99354.06150254473
conditional,30,B-ALNS,stage1_energy_j,49,3,123915.308507418
conditional,30,B-ALNS,stage1_energy_j,50,3,112900.40149634071
conditional,30,B-ALNS,stage1_energy_j,51,3,129701.68189136159
conditional,30,B-ALNS,stage1_energy_j,52,3,118712.35667975317
common,30,B-ALNS,stage1_energy_j,45,3,122581.01595088119
common,30,B-ALNS,stage1_energy_j,46,2,125837.33369243238
common,30,B-ALNS,stage1_energy_j,47,3,121168.84912065553
common,30,B-ALNS,stage1_energy_j,48,3,99354.06150254473
common,30,B-ALNS,stage1_energy_j,49,3,123915.308507418
common,30,B-ALNS,stage1_energy_j,50,3,112900.40149634071
common,30,B-ALNS,stage1_energy_j,51,3,129701.68189136159
common,30,B-ALNS,stage1_energy_j,52,3,118712.35667975317
conditional,30,ESI-ALNS,stage1_energy_j,45,3,122581.01595088119
conditional,30,ESI-ALNS,stage1_energy_j,46,2,125822.36883179794
conditional,30,ESI-ALNS,stage1_energy_j,47,3,121168.84912065553
conditional,30,ESI-ALNS,stage1_energy_j,48,3,96269.47398298237
conditional,30,ESI-ALNS,stage1_energy_j,49,3,123851.2163375573
conditional,30,ESI-ALNS,stage1_energy_j,50,3,112775.87620665372
conditional,30,ESI-ALNS,stage1_energy_j,51,3,129701.68189136159
conditional,30,ESI-ALNS,stage1_energy_j,52,3,118667.0743938952
common,30,ESI-ALNS,stage1_energy_j,45,3,122581.01595088119
common,30,ESI-ALNS,stage1_energy_j,46,2,125822.36883179794
common,30,ESI-ALNS,stage1_energy_j,47,3,121168.84912065553
common,30,ESI-ALNS,stage1_energy_j,48,3,96269.47398298237
common,30,ESI-ALNS,stage1_energy_j,49,3,123851.2163375573
common,30,ESI-ALNS,stage1_energy_j,50,3,112775.87620665372
common,30,ESI-ALNS,stage1_energy_j,51,3,129701.68189136159
common,30,ESI-ALNS,stage1_energy_j,52,3,118667.0743938952
paired,30,GR-MR,stage1_energy_j,45,3,-85760.71481503254
paired,30,GR-MR,stage1_energy_j,46,2,-57097.91827983727
paired,30,GR-MR,stage1_energy_j,47,3,-79990.52616834707
paired,30,GR-MR,stage1_energy_j,48,3,-86720.3546028419
paired,30,GR-MR,stage1_energy_j,49,3,-57883.18789987121
paired,30,GR-MR,stage1_energy_j,50,3,-71140.51784358875
paired,30,GR-MR,stage1_energy_j,51,3,-76367.82021227524
paired,30,GR-MR,stage1_energy_j,52,3,-94531.94718622745
paired,30,FTR-NM,stage1_energy_j,45,3,-85760.71481503254
paired,30,FTR-NM,stage1_energy_j,46,2,-57097.91827983727
paired,30,FTR-NM,stage1_energy_j,47,3,-79990.52616834707
paired,30,FTR-NM,stage1_energy_j,48,3,-86720.3546028419
paired,30,FTR-NM,stage1_energy_j,49,3,-57883.18789987121
paired,30,FTR-NM,stage1_energy_j,50,3,-71140.51784358875
paired,30,FTR-NM,stage1_energy_j,51,3,-76367.82021227524
paired,30,FTR-NM,stage1_energy_j,52,3,-94531.94718622745
paired,30,RGA-MR,stage1_energy_j,45,3,-79785.47223647185
paired,30,RGA-MR,stage1_energy_j,46,2,-57097.91827983727
paired,30,RGA-MR,stage1_energy_j,47,3,-78773.15685251691
paired,30,RGA-MR,stage1_energy_j,48,3,-85201.58746623
paired,30,RGA-MR,stage1_energy_j,49,3,-51753.974529316205
paired,30,RGA-MR,stage1_energy_j,50,3,-71140.51784358875
paired,30,RGA-MR,stage1_energy_j,51,3,-75054.04460764618
paired,30,RGA-MR,stage1_energy_j,52,3,-92068.16664418376
paired,30,B-ALNS,stage1_energy_j,45,3,0.0
paired,30,B-ALNS,stage1_energy_j,46,2,-14.964860634456272
paired,30,B-ALNS,stage1_energy_j,47,3,0.0
paired,30,B-ALNS,stage1_energy_j,48,3,-3084.587519562357
paired,30,B-ALNS,stage1_energy_j,49,3,-64.0921698607029
paired,30,B-ALNS,stage1_energy_j,50,3,-124.52528968699335
paired,30,B-ALNS,stage1_energy_j,51,3,0.0
paired,30,B-ALNS,stage1_energy_j,52,3,-45.282285857974784
conditional,30,GR-MR,stage1_qualified_rate,45,1,1.0
conditional,30,GR-MR,stage1_qualified_rate,46,1,1.0
conditional,30,GR-MR,stage1_qualified_rate,47,1,1.0
conditional,30,GR-MR,stage1_qualified_rate,48,1,1.0
conditional,30,GR-MR,stage1_qualified_rate,49,1,1.0
conditional,30,GR-MR,stage1_qualified_rate,50,1,1.0
conditional,30,GR-MR,stage1_qualified_rate,51,1,1.0
conditional,30,GR-MR,stage1_qualified_rate,52,1,1.0
common,30,GR-MR,stage1_qualified_rate,45,3,1.0
common,30,GR-MR,stage1_qualified_rate,46,3,1.0
common,30,GR-MR,stage1_qualified_rate,47,3,1.0
common,30,GR-MR,stage1_qualified_rate,48,3,1.0
common,30,GR-MR,stage1_qualified_rate,49,3,1.0
common,30,GR-MR,stage1_qualified_rate,50,3,1.0
common,30,GR-MR,stage1_qualified_rate,51,3,1.0
common,30,GR-MR,stage1_qualified_rate,52,3,1.0
conditional,30,FTR-NM,stage1_qualified_rate,45,1,1.0
conditional,30,FTR-NM,stage1_qualified_rate,46,1,1.0
conditional,30,FTR-NM,stage1_qualified_rate,47,1,1.0
conditional,30,FTR-NM,stage1_qualified_rate,48,1,1.0
conditional,30,FTR-NM,stage1_qualified_rate,49,1,1.0
conditional,30,FTR-NM,stage1_qualified_rate,50,1,1.0
conditional,30,FTR-NM,stage1_qualified_rate,51,1,1.0
conditional,30,FTR-NM,stage1_qualified_rate,52,1,1.0
common,30,FTR-NM,stage1_qualified_rate,45,3,1.0
common,30,FTR-NM,stage1_qualified_rate,46,3,1.0
common,30,FTR-NM,stage1_qualified_rate,47,3,1.0
common,30,FTR-NM,stage1_qualified_rate,48,3,1.0
common,30,FTR-NM,stage1_qualified_rate,49,3,1.0
common,30,FTR-NM,stage1_qualified_rate,50,3,1.0
common,30,FTR-NM,stage1_qualified_rate,51,3,1.0
common,30,FTR-NM,stage1_qualified_rate,52,3,1.0
conditional,30,RGA-MR,stage1_qualified_rate,45,3,1.0
conditional,30,RGA-MR,stage1_qualified_rate,46,3,1.0
conditional,30,RGA-MR,stage1_qualified_rate,47,3,1.0
conditional,30,RGA-MR,stage1_qualified_rate,48,3,1.0
conditional,30,RGA-MR,stage1_qualified_rate,49,3,1.0
conditional,30,RGA-MR,stage1_qualified_rate,50,3,1.0
conditional,30,RGA-MR,stage1_qualified_rate,51,3,1.0
conditional,30,RGA-MR,stage1_qualified_rate,52,3,1.0
common,30,RGA-MR,stage1_qualified_rate,45,3,1.0
common,30,RGA-MR,stage1_qualified_rate,46,3,1.0
common,30,RGA-MR,stage1_qualified_rate,47,3,1.0
common,30,RGA-MR,stage1_qualified_rate,48,3,1.0
common,30,RGA-MR,stage1_qualified_rate,49,3,1.0
common,30,RGA-MR,stage1_qualified_rate,50,3,1.0
common,30,RGA-MR,stage1_qualified_rate,51,3,1.0
common,30,RGA-MR,stage1_qualified_rate,52,3,1.0
conditional,30,B-ALNS,stage1_qualified_rate,45,3,1.0
conditional,30,B-ALNS,stage1_qualified_rate,46,3,0.6666666666666666
conditional,30,B-ALNS,stage1_qualified_rate,47,3,1.0
conditional,30,B-ALNS,stage1_qualified_rate,48,3,1.0
conditional,30,B-ALNS,stage1_qualified_rate,49,3,1.0
conditional,30,B-ALNS,stage1_qualified_rate,50,3,1.0
conditional,30,B-ALNS,stage1_qualified_rate,51,3,1.0
conditional,30,B-ALNS,stage1_qualified_rate,52,3,1.0
common,30,B-ALNS,stage1_qualified_rate,45,3,1.0
common,30,B-ALNS,stage1_qualified_rate,46,3,0.6666666666666666
common,30,B-ALNS,stage1_qualified_rate,47,3,1.0
common,30,B-ALNS,stage1_qualified_rate,48,3,1.0
common,30,B-ALNS,stage1_qualified_rate,49,3,1.0
common,30,B-ALNS,stage1_qualified_rate,50,3,1.0
common,30,B-ALNS,stage1_qualified_rate,51,3,1.0
common,30,B-ALNS,stage1_qualified_rate,52,3,1.0
conditional,30,ESI-ALNS,stage1_qualified_rate,45,3,1.0
conditional,30,ESI-ALNS,stage1_qualified_rate,46,3,0.6666666666666666
conditional,30,ESI-ALNS,stage1_qualified_rate,47,3,1.0
conditional,30,ESI-ALNS,stage1_qualified_rate,48,3,1.0
conditional,30,ESI-ALNS,stage1_qualified_rate,49,3,1.0
conditional,30,ESI-ALNS,stage1_qualified_rate,50,3,1.0
conditional,30,ESI-ALNS,stage1_qualified_rate,51,3,1.0
conditional,30,ESI-ALNS,stage1_qualified_rate,52,3,1.0
common,30,ESI-ALNS,stage1_qualified_rate,45,3,1.0
common,30,ESI-ALNS,stage1_qualified_rate,46,3,0.6666666666666666
common,30,ESI-ALNS,stage1_qualified_rate,47,3,1.0
common,30,ESI-ALNS,stage1_qualified_rate,48,3,1.0
common,30,ESI-ALNS,stage1_qualified_rate,49,3,1.0
common,30,ESI-ALNS,stage1_qualified_rate,50,3,1.0
common,30,ESI-ALNS,stage1_qualified_rate,51,3,1.0
common,30,ESI-ALNS,stage1_qualified_rate,52,3,1.0
paired,30,GR-MR,stage1_qualified_rate,45,3,0.0
paired,30,GR-MR,stage1_qualified_rate,46,3,-0.3333333333333333
paired,30,GR-MR,stage1_qualified_rate,47,3,0.0
paired,30,GR-MR,stage1_qualified_rate,48,3,0.0
paired,30,GR-MR,stage1_qualified_rate,49,3,0.0
paired,30,GR-MR,stage1_qualified_rate,50,3,0.0
paired,30,GR-MR,stage1_qualified_rate,51,3,0.0
paired,30,GR-MR,stage1_qualified_rate,52,3,0.0
paired,30,FTR-NM,stage1_qualified_rate,45,3,0.0
paired,30,FTR-NM,stage1_qualified_rate,46,3,-0.3333333333333333
paired,30,FTR-NM,stage1_qualified_rate,47,3,0.0
paired,30,FTR-NM,stage1_qualified_rate,48,3,0.0
paired,30,FTR-NM,stage1_qualified_rate,49,3,0.0
paired,30,FTR-NM,stage1_qualified_rate,50,3,0.0
paired,30,FTR-NM,stage1_qualified_rate,51,3,0.0
paired,30,FTR-NM,stage1_qualified_rate,52,3,0.0
paired,30,RGA-MR,stage1_qualified_rate,45,3,0.0
paired,30,RGA-MR,stage1_qualified_rate,46,3,-0.3333333333333333
paired,30,RGA-MR,stage1_qualified_rate,47,3,0.0
paired,30,RGA-MR,stage1_qualified_rate,48,3,0.0
paired,30,RGA-MR,stage1_qualified_rate,49,3,0.0
paired,30,RGA-MR,stage1_qualified_rate,50,3,0.0
paired,30,RGA-MR,stage1_qualified_rate,51,3,0.0
paired,30,RGA-MR,stage1_qualified_rate,52,3,0.0
paired,30,B-ALNS,stage1_qualified_rate,45,3,0.0
paired,30,B-ALNS,stage1_qualified_rate,46,3,0.0
paired,30,B-ALNS,stage1_qualified_rate,47,3,0.0
paired,30,B-ALNS,stage1_qualified_rate,48,3,0.0
paired,30,B-ALNS,stage1_qualified_rate,49,3,0.0
paired,30,B-ALNS,stage1_qualified_rate,50,3,0.0
paired,30,B-ALNS,stage1_qualified_rate,51,3,0.0
paired,30,B-ALNS,stage1_qualified_rate,52,3,0.0
conditional,30,GR-MR,stage2_component_collection_j_j,45,1,6000.0
conditional,30,GR-MR,stage2_component_collection_j_j,46,1,6000.0
conditional,30,GR-MR,stage2_component_collection_j_j,47,1,6000.0
conditional,30,GR-MR,stage2_component_collection_j_j,48,1,6000.0
conditional,30,GR-MR,stage2_component_collection_j_j,49,1,6000.0
conditional,30,GR-MR,stage2_component_collection_j_j,50,1,6000.0
conditional,30,GR-MR,stage2_component_collection_j_j,51,1,6000.0
conditional,30,GR-MR,stage2_component_collection_j_j,52,1,6000.0
common,30,GR-MR,stage2_component_collection_j_j,45,3,6000.0
common,30,GR-MR,stage2_component_collection_j_j,46,2,6000.0
common,30,GR-MR,stage2_component_collection_j_j,47,3,6000.0
common,30,GR-MR,stage2_component_collection_j_j,48,3,6000.0
common,30,GR-MR,stage2_component_collection_j_j,49,3,6000.0
common,30,GR-MR,stage2_component_collection_j_j,50,3,6000.0
common,30,GR-MR,stage2_component_collection_j_j,51,3,6000.0
common,30,GR-MR,stage2_component_collection_j_j,52,3,6000.0
conditional,30,FTR-NM,stage2_component_collection_j_j,45,1,6000.0
conditional,30,FTR-NM,stage2_component_collection_j_j,46,1,6000.0
conditional,30,FTR-NM,stage2_component_collection_j_j,47,1,6000.0
conditional,30,FTR-NM,stage2_component_collection_j_j,48,1,6000.0
conditional,30,FTR-NM,stage2_component_collection_j_j,49,1,6000.0
conditional,30,FTR-NM,stage2_component_collection_j_j,50,1,6000.0
conditional,30,FTR-NM,stage2_component_collection_j_j,51,1,6000.0
conditional,30,FTR-NM,stage2_component_collection_j_j,52,1,6000.0
common,30,FTR-NM,stage2_component_collection_j_j,45,3,6000.0
common,30,FTR-NM,stage2_component_collection_j_j,46,2,6000.0
common,30,FTR-NM,stage2_component_collection_j_j,47,3,6000.0
common,30,FTR-NM,stage2_component_collection_j_j,48,3,6000.0
common,30,FTR-NM,stage2_component_collection_j_j,49,3,6000.0
common,30,FTR-NM,stage2_component_collection_j_j,50,3,6000.0
common,30,FTR-NM,stage2_component_collection_j_j,51,3,6000.0
common,30,FTR-NM,stage2_component_collection_j_j,52,3,6000.0
conditional,30,RGA-MR,stage2_component_collection_j_j,45,3,6000.0
conditional,30,RGA-MR,stage2_component_collection_j_j,46,3,6000.0
conditional,30,RGA-MR,stage2_component_collection_j_j,47,3,6000.0
conditional,30,RGA-MR,stage2_component_collection_j_j,48,3,6000.0
conditional,30,RGA-MR,stage2_component_collection_j_j,49,3,6000.0
conditional,30,RGA-MR,stage2_component_collection_j_j,50,3,6000.0
conditional,30,RGA-MR,stage2_component_collection_j_j,51,3,6000.0
conditional,30,RGA-MR,stage2_component_collection_j_j,52,3,6000.0
common,30,RGA-MR,stage2_component_collection_j_j,45,3,6000.0
common,30,RGA-MR,stage2_component_collection_j_j,46,2,6000.0
common,30,RGA-MR,stage2_component_collection_j_j,47,3,6000.0
common,30,RGA-MR,stage2_component_collection_j_j,48,3,6000.0
common,30,RGA-MR,stage2_component_collection_j_j,49,3,6000.0
common,30,RGA-MR,stage2_component_collection_j_j,50,3,6000.0
common,30,RGA-MR,stage2_component_collection_j_j,51,3,6000.0
common,30,RGA-MR,stage2_component_collection_j_j,52,3,6000.0
conditional,30,B-ALNS,stage2_component_collection_j_j,45,3,6000.0
conditional,30,B-ALNS,stage2_component_collection_j_j,46,2,6000.0
conditional,30,B-ALNS,stage2_component_collection_j_j,47,3,6000.0
conditional,30,B-ALNS,stage2_component_collection_j_j,48,3,6000.0
conditional,30,B-ALNS,stage2_component_collection_j_j,49,3,6000.0
conditional,30,B-ALNS,stage2_component_collection_j_j,50,3,6000.0
conditional,30,B-ALNS,stage2_component_collection_j_j,51,3,6000.0
conditional,30,B-ALNS,stage2_component_collection_j_j,52,3,6000.0
common,30,B-ALNS,stage2_component_collection_j_j,45,3,6000.0
common,30,B-ALNS,stage2_component_collection_j_j,46,2,6000.0
common,30,B-ALNS,stage2_component_collection_j_j,47,3,6000.0
common,30,B-ALNS,stage2_component_collection_j_j,48,3,6000.0
common,30,B-ALNS,stage2_component_collection_j_j,49,3,6000.0
common,30,B-ALNS,stage2_component_collection_j_j,50,3,6000.0
common,30,B-ALNS,stage2_component_collection_j_j,51,3,6000.0
common,30,B-ALNS,stage2_component_collection_j_j,52,3,6000.0
conditional,30,ESI-ALNS,stage2_component_collection_j_j,45,3,6000.0
conditional,30,ESI-ALNS,stage2_component_collection_j_j,46,2,6000.0
conditional,30,ESI-ALNS,stage2_component_collection_j_j,47,3,6000.0
conditional,30,ESI-ALNS,stage2_component_collection_j_j,48,3,6000.0
conditional,30,ESI-ALNS,stage2_component_collection_j_j,49,3,6000.0
conditional,30,ESI-ALNS,stage2_component_collection_j_j,50,3,6000.0
conditional,30,ESI-ALNS,stage2_component_collection_j_j,51,3,6000.0
conditional,30,ESI-ALNS,stage2_component_collection_j_j,52,3,6000.0
common,30,ESI-ALNS,stage2_component_collection_j_j,45,3,6000.0
common,30,ESI-ALNS,stage2_component_collection_j_j,46,2,6000.0
common,30,ESI-ALNS,stage2_component_collection_j_j,47,3,6000.0
common,30,ESI-ALNS,stage2_component_collection_j_j,48,3,6000.0
common,30,ESI-ALNS,stage2_component_collection_j_j,49,3,6000.0
common,30,ESI-ALNS,stage2_component_collection_j_j,50,3,6000.0
common,30,ESI-ALNS,stage2_component_collection_j_j,51,3,6000.0
common,30,ESI-ALNS,stage2_component_collection_j_j,52,3,6000.0
paired,30,GR-MR,stage2_component_collection_j_j,45,3,0.0
paired,30,GR-MR,stage2_component_collection_j_j,46,2,0.0
paired,30,GR-MR,stage2_component_collection_j_j,47,3,0.0
paired,30,GR-MR,stage2_component_collection_j_j,48,3,0.0
paired,30,GR-MR,stage2_component_collection_j_j,49,3,0.0
paired,30,GR-MR,stage2_component_collection_j_j,50,3,0.0
paired,30,GR-MR,stage2_component_collection_j_j,51,3,0.0
paired,30,GR-MR,stage2_component_collection_j_j,52,3,0.0
paired,30,FTR-NM,stage2_component_collection_j_j,45,3,0.0
paired,30,FTR-NM,stage2_component_collection_j_j,46,2,0.0
paired,30,FTR-NM,stage2_component_collection_j_j,47,3,0.0
paired,30,FTR-NM,stage2_component_collection_j_j,48,3,0.0
paired,30,FTR-NM,stage2_component_collection_j_j,49,3,0.0
paired,30,FTR-NM,stage2_component_collection_j_j,50,3,0.0
paired,30,FTR-NM,stage2_component_collection_j_j,51,3,0.0
paired,30,FTR-NM,stage2_component_collection_j_j,52,3,0.0
paired,30,RGA-MR,stage2_component_collection_j_j,45,3,0.0
paired,30,RGA-MR,stage2_component_collection_j_j,46,2,0.0
paired,30,RGA-MR,stage2_component_collection_j_j,47,3,0.0
paired,30,RGA-MR,stage2_component_collection_j_j,48,3,0.0
paired,30,RGA-MR,stage2_component_collection_j_j,49,3,0.0
paired,30,RGA-MR,stage2_component_collection_j_j,50,3,0.0
paired,30,RGA-MR,stage2_component_collection_j_j,51,3,0.0
paired,30,RGA-MR,stage2_component_collection_j_j,52,3,0.0
paired,30,B-ALNS,stage2_component_collection_j_j,45,3,0.0
paired,30,B-ALNS,stage2_component_collection_j_j,46,2,0.0
paired,30,B-ALNS,stage2_component_collection_j_j,47,3,0.0
paired,30,B-ALNS,stage2_component_collection_j_j,48,3,0.0
paired,30,B-ALNS,stage2_component_collection_j_j,49,3,0.0
paired,30,B-ALNS,stage2_component_collection_j_j,50,3,0.0
paired,30,B-ALNS,stage2_component_collection_j_j,51,3,0.0
paired,30,B-ALNS,stage2_component_collection_j_j,52,3,0.0
conditional,30,GR-MR,stage2_component_flight_j_j,45,1,202081.51519380612
conditional,30,GR-MR,stage2_component_flight_j_j,46,1,176716.6559076726
conditional,30,GR-MR,stage2_component_flight_j_j,47,1,194937.2147847316
conditional,30,GR-MR,stage2_component_flight_j_j,48,1,176934.53652800657
conditional,30,GR-MR,stage2_component_flight_j_j,49,1,175531.4494746313
conditional,30,GR-MR,stage2_component_flight_j_j,50,1,177751.93149636724
conditional,30,GR-MR,stage2_component_flight_j_j,51,1,199792.1531604943
conditional,30,GR-MR,stage2_component_flight_j_j,52,1,207027.79411785165
common,30,GR-MR,stage2_component_flight_j_j,45,3,202081.51519380612
common,30,GR-MR,stage2_component_flight_j_j,46,2,176716.6559076726
common,30,GR-MR,stage2_component_flight_j_j,47,3,194937.2147847316
common,30,GR-MR,stage2_component_flight_j_j,48,3,176934.53652800657
common,30,GR-MR,stage2_component_flight_j_j,49,3,175531.4494746313
common,30,GR-MR,stage2_component_flight_j_j,50,3,177751.93149636724
common,30,GR-MR,stage2_component_flight_j_j,51,3,199792.1531604943
common,30,GR-MR,stage2_component_flight_j_j,52,3,207027.79411785165
conditional,30,FTR-NM,stage2_component_flight_j_j,45,1,202081.51519380612
conditional,30,FTR-NM,stage2_component_flight_j_j,46,1,176716.6559076726
conditional,30,FTR-NM,stage2_component_flight_j_j,47,1,194937.2147847316
conditional,30,FTR-NM,stage2_component_flight_j_j,48,1,176934.53652800657
conditional,30,FTR-NM,stage2_component_flight_j_j,49,1,175531.4494746313
conditional,30,FTR-NM,stage2_component_flight_j_j,50,1,177751.93149636724
conditional,30,FTR-NM,stage2_component_flight_j_j,51,1,199792.1531604943
conditional,30,FTR-NM,stage2_component_flight_j_j,52,1,207027.79411785165
common,30,FTR-NM,stage2_component_flight_j_j,45,3,202081.51519380612
common,30,FTR-NM,stage2_component_flight_j_j,46,2,176716.6559076726
common,30,FTR-NM,stage2_component_flight_j_j,47,3,194937.2147847316
common,30,FTR-NM,stage2_component_flight_j_j,48,3,176934.53652800657
common,30,FTR-NM,stage2_component_flight_j_j,49,3,175531.4494746313
common,30,FTR-NM,stage2_component_flight_j_j,50,3,177751.93149636724
common,30,FTR-NM,stage2_component_flight_j_j,51,3,199792.1531604943
common,30,FTR-NM,stage2_component_flight_j_j,52,3,207027.79411785165
conditional,30,RGA-MR,stage2_component_flight_j_j,45,3,196098.21955100793
conditional,30,RGA-MR,stage2_component_flight_j_j,46,3,175891.95646160748
conditional,30,RGA-MR,stage2_component_flight_j_j,47,3,193723.26127181173
conditional,30,RGA-MR,stage2_component_flight_j_j,48,3,175415.75936991014
conditional,30,RGA-MR,stage2_component_flight_j_j,49,3,169420.1544325834
conditional,30,RGA-MR,stage2_component_flight_j_j,50,3,177751.93149636724
conditional,30,RGA-MR,stage2_component_flight_j_j,51,3,198478.77944824807
conditional,30,RGA-MR,stage2_component_flight_j_j,52,3,204562.2935582841
common,30,RGA-MR,stage2_component_flight_j_j,45,3,196098.21955100793
common,30,RGA-MR,stage2_component_flight_j_j,46,2,176716.6559076726
common,30,RGA-MR,stage2_component_flight_j_j,47,3,193723.26127181173
common,30,RGA-MR,stage2_component_flight_j_j,48,3,175415.75936991014
common,30,RGA-MR,stage2_component_flight_j_j,49,3,169420.1544325834
common,30,RGA-MR,stage2_component_flight_j_j,50,3,177751.93149636724
common,30,RGA-MR,stage2_component_flight_j_j,51,3,198478.77944824807
common,30,RGA-MR,stage2_component_flight_j_j,52,3,204562.2935582841
conditional,30,B-ALNS,stage2_component_flight_j_j,45,3,116068.80757821351
conditional,30,B-ALNS,stage2_component_flight_j_j,46,2,119511.154615006
conditional,30,B-ALNS,stage2_component_flight_j_j,47,3,114405.61782175435
conditional,30,B-ALNS,stage2_component_flight_j_j,48,3,92990.56143154537
conditional,30,B-ALNS,stage2_component_flight_j_j,49,3,117394.9458386499
conditional,30,B-ALNS,stage2_component_flight_j_j,50,3,105869.3059077037
conditional,30,B-ALNS,stage2_component_flight_j_j,51,3,123118.22559430722
conditional,30,B-ALNS,stage2_component_flight_j_j,52,3,111884.90668293102
common,30,B-ALNS,stage2_component_flight_j_j,45,3,116068.80757821351
common,30,B-ALNS,stage2_component_flight_j_j,46,2,119511.154615006
common,30,B-ALNS,stage2_component_flight_j_j,47,3,114405.61782175435
common,30,B-ALNS,stage2_component_flight_j_j,48,3,92990.56143154537
common,30,B-ALNS,stage2_component_flight_j_j,49,3,117394.9458386499
common,30,B-ALNS,stage2_component_flight_j_j,50,3,105869.3059077037
common,30,B-ALNS,stage2_component_flight_j_j,51,3,123118.22559430722
common,30,B-ALNS,stage2_component_flight_j_j,52,3,111884.90668293102
conditional,30,ESI-ALNS,stage2_component_flight_j_j,45,3,116068.80757821351
conditional,30,ESI-ALNS,stage2_component_flight_j_j,46,2,119511.154615006
conditional,30,ESI-ALNS,stage2_component_flight_j_j,47,3,114405.61782175435
conditional,30,ESI-ALNS,stage2_component_flight_j_j,48,3,89876.58873822087
conditional,30,ESI-ALNS,stage2_component_flight_j_j,49,3,117378.09742018778
conditional,30,ESI-ALNS,stage2_component_flight_j_j,50,3,105773.08175736686
conditional,30,ESI-ALNS,stage2_component_flight_j_j,51,3,123118.22559430722
conditional,30,ESI-ALNS,stage2_component_flight_j_j,52,3,111884.90668293102
common,30,ESI-ALNS,stage2_component_flight_j_j,45,3,116068.80757821351
common,30,ESI-ALNS,stage2_component_flight_j_j,46,2,119511.154615006
common,30,ESI-ALNS,stage2_component_flight_j_j,47,3,114405.61782175435
common,30,ESI-ALNS,stage2_component_flight_j_j,48,3,89876.58873822087
common,30,ESI-ALNS,stage2_component_flight_j_j,49,3,117378.09742018778
common,30,ESI-ALNS,stage2_component_flight_j_j,50,3,105773.08175736686
common,30,ESI-ALNS,stage2_component_flight_j_j,51,3,123118.22559430722
common,30,ESI-ALNS,stage2_component_flight_j_j,52,3,111884.90668293102
paired,30,GR-MR,stage2_component_flight_j_j,45,3,-86012.7076155926
paired,30,GR-MR,stage2_component_flight_j_j,46,2,-57205.50129266659
paired,30,GR-MR,stage2_component_flight_j_j,47,3,-80531.59696297724
paired,30,GR-MR,stage2_component_flight_j_j,48,3,-87057.9477897857
paired,30,GR-MR,stage2_component_flight_j_j,49,3,-58153.35205444353
paired,30,GR-MR,stage2_component_flight_j_j,50,3,-71978.84973900038
paired,30,GR-MR,stage2_component_flight_j_j,51,3,-76673.92756618706
paired,30,GR-MR,stage2_component_flight_j_j,52,3,-95142.88743492063
paired,30,FTR-NM,stage2_component_flight_j_j,45,3,-86012.7076155926
paired,30,FTR-NM,stage2_component_flight_j_j,46,2,-57205.50129266659
paired,30,FTR-NM,stage2_component_flight_j_j,47,3,-80531.59696297724
paired,30,FTR-NM,stage2_component_flight_j_j,48,3,-87057.9477897857
paired,30,FTR-NM,stage2_component_flight_j_j,49,3,-58153.35205444353
paired,30,FTR-NM,stage2_component_flight_j_j,50,3,-71978.84973900038
paired,30,FTR-NM,stage2_component_flight_j_j,51,3,-76673.92756618706
paired,30,FTR-NM,stage2_component_flight_j_j,52,3,-95142.88743492063
paired,30,RGA-MR,stage2_component_flight_j_j,45,3,-80029.41197279443
paired,30,RGA-MR,stage2_component_flight_j_j,46,2,-57205.50129266659
paired,30,RGA-MR,stage2_component_flight_j_j,47,3,-79317.64345005738
paired,30,RGA-MR,stage2_component_flight_j_j,48,3,-85539.17063168927
paired,30,RGA-MR,stage2_component_flight_j_j,49,3,-52042.05701239561
paired,30,RGA-MR,stage2_component_flight_j_j,50,3,-71978.84973900038
paired,30,RGA-MR,stage2_component_flight_j_j,51,3,-75360.55385394086
paired,30,RGA-MR,stage2_component_flight_j_j,52,3,-92677.38687535307
paired,30,B-ALNS,stage2_component_flight_j_j,45,3,0.0
paired,30,B-ALNS,stage2_component_flight_j_j,46,2,0.0
paired,30,B-ALNS,stage2_component_flight_j_j,47,3,0.0
paired,30,B-ALNS,stage2_component_flight_j_j,48,3,-3113.972693324487
paired,30,B-ALNS,stage2_component_flight_j_j,49,3,-16.848418462124148
paired,30,B-ALNS,stage2_component_flight_j_j,50,3,-96.22415033684713
paired,30,B-ALNS,stage2_component_flight_j_j,51,3,0.0
paired,30,B-ALNS,stage2_component_flight_j_j,52,3,0.0
conditional,30,GR-MR,stage2_component_local_compute_j_j,45,1,260.38965085905835
conditional,30,GR-MR,stage2_component_local_compute_j_j,46,1,203.78491042398434
conditional,30,GR-MR,stage2_component_local_compute_j_j,47,1,222.33096989430965
conditional,30,GR-MR,stage2_component_local_compute_j_j,48,1,55.44766852084621
conditional,30,GR-MR,stage2_component_local_compute_j_j,49,1,203.10832402002575
conditional,30,GR-MR,stage2_component_local_compute_j_j,50,1,164.61630404582678
conditional,30,GR-MR,stage2_component_local_compute_j_j,51,1,277.52207547566707
conditional,30,GR-MR,stage2_component_local_compute_j_j,52,1,171.4066089184823
common,30,GR-MR,stage2_component_local_compute_j_j,45,3,260.38965085905835
common,30,GR-MR,stage2_component_local_compute_j_j,46,2,203.78491042398434
common,30,GR-MR,stage2_component_local_compute_j_j,47,3,222.33096989430965
common,30,GR-MR,stage2_component_local_compute_j_j,48,3,55.44766852084621
common,30,GR-MR,stage2_component_local_compute_j_j,49,3,203.10832402002575
common,30,GR-MR,stage2_component_local_compute_j_j,50,3,164.61630404582678
common,30,GR-MR,stage2_component_local_compute_j_j,51,3,277.52207547566707
common,30,GR-MR,stage2_component_local_compute_j_j,52,3,171.4066089184823
conditional,30,FTR-NM,stage2_component_local_compute_j_j,45,1,260.38965085905835
conditional,30,FTR-NM,stage2_component_local_compute_j_j,46,1,203.78491042398434
conditional,30,FTR-NM,stage2_component_local_compute_j_j,47,1,222.33096989430965
conditional,30,FTR-NM,stage2_component_local_compute_j_j,48,1,55.44766852084621
conditional,30,FTR-NM,stage2_component_local_compute_j_j,49,1,203.10832402002575
conditional,30,FTR-NM,stage2_component_local_compute_j_j,50,1,164.61630404582678
conditional,30,FTR-NM,stage2_component_local_compute_j_j,51,1,277.52207547566707
conditional,30,FTR-NM,stage2_component_local_compute_j_j,52,1,171.4066089184823
common,30,FTR-NM,stage2_component_local_compute_j_j,45,3,260.38965085905835
common,30,FTR-NM,stage2_component_local_compute_j_j,46,2,203.78491042398434
common,30,FTR-NM,stage2_component_local_compute_j_j,47,3,222.33096989430965
common,30,FTR-NM,stage2_component_local_compute_j_j,48,3,55.44766852084621
common,30,FTR-NM,stage2_component_local_compute_j_j,49,3,203.10832402002575
common,30,FTR-NM,stage2_component_local_compute_j_j,50,3,164.61630404582678
common,30,FTR-NM,stage2_component_local_compute_j_j,51,3,277.52207547566707
common,30,FTR-NM,stage2_component_local_compute_j_j,52,3,171.4066089184823
conditional,30,RGA-MR,stage2_component_local_compute_j_j,45,3,268.43777318622995
conditional,30,RGA-MR,stage2_component_local_compute_j_j,46,3,206.59698879407355
conditional,30,RGA-MR,stage2_component_local_compute_j_j,47,3,218.91403021617234
conditional,30,RGA-MR,stage2_component_local_compute_j_j,48,3,55.45620729191865
conditional,30,RGA-MR,stage2_component_local_compute_j_j,49,3,185.18468165795124
conditional,30,RGA-MR,stage2_component_local_compute_j_j,50,3,164.61630404582678
conditional,30,RGA-MR,stage2_component_local_compute_j_j,51,3,277.1191080809813
conditional,30,RGA-MR,stage2_component_local_compute_j_j,52,3,173.12459164246658
common,30,RGA-MR,stage2_component_local_compute_j_j,45,3,268.43777318622995
common,30,RGA-MR,stage2_component_local_compute_j_j,46,2,203.78491042398434
common,30,RGA-MR,stage2_component_local_compute_j_j,47,3,218.91403021617234
common,30,RGA-MR,stage2_component_local_compute_j_j,48,3,55.45620729191865
common,30,RGA-MR,stage2_component_local_compute_j_j,49,3,185.18468165795124
common,30,RGA-MR,stage2_component_local_compute_j_j,50,3,164.61630404582678
common,30,RGA-MR,stage2_component_local_compute_j_j,51,3,277.1191080809813
common,30,RGA-MR,stage2_component_local_compute_j_j,52,3,173.12459164246658
conditional,30,B-ALNS,stage2_component_local_compute_j_j,45,3,317.6307224386087
conditional,30,B-ALNS,stage2_component_local_compute_j_j,46,2,326.28533931807067
conditional,30,B-ALNS,stage2_component_local_compute_j_j,47,3,366.4193719997453
conditional,30,B-ALNS,stage2_component_local_compute_j_j,48,3,363.5830521801307
conditional,30,B-ALNS,stage2_component_local_compute_j_j,49,3,403.76134115224716
conditional,30,B-ALNS,stage2_component_local_compute_j_j,50,3,409.49142763339177
conditional,30,B-ALNS,stage2_component_local_compute_j_j,51,3,389.84573873937705
conditional,30,B-ALNS,stage2_component_local_compute_j_j,52,3,419.26756578988596
common,30,B-ALNS,stage2_component_local_compute_j_j,45,3,317.6307224386087
common,30,B-ALNS,stage2_component_local_compute_j_j,46,2,326.28533931807067
common,30,B-ALNS,stage2_component_local_compute_j_j,47,3,366.4193719997453
common,30,B-ALNS,stage2_component_local_compute_j_j,48,3,363.5830521801307
common,30,B-ALNS,stage2_component_local_compute_j_j,49,3,403.76134115224716
common,30,B-ALNS,stage2_component_local_compute_j_j,50,3,409.49142763339177
common,30,B-ALNS,stage2_component_local_compute_j_j,51,3,389.84573873937705
common,30,B-ALNS,stage2_component_local_compute_j_j,52,3,419.26756578988596
conditional,30,ESI-ALNS,stage2_component_local_compute_j_j,45,3,317.6307224386087
conditional,30,ESI-ALNS,stage2_component_local_compute_j_j,46,2,277.0484609915791
conditional,30,ESI-ALNS,stage2_component_local_compute_j_j,47,3,366.4193719997453
conditional,30,ESI-ALNS,stage2_component_local_compute_j_j,48,3,363.55243059552527
conditional,30,ESI-ALNS,stage2_component_local_compute_j_j,49,3,352.26772962664853
conditional,30,ESI-ALNS,stage2_component_local_compute_j_j,50,3,419.32739780951044
conditional,30,ESI-ALNS,stage2_component_local_compute_j_j,51,3,389.84573873937705
conditional,30,ESI-ALNS,stage2_component_local_compute_j_j,52,3,437.24893680099365
common,30,ESI-ALNS,stage2_component_local_compute_j_j,45,3,317.6307224386087
common,30,ESI-ALNS,stage2_component_local_compute_j_j,46,2,277.0484609915791
common,30,ESI-ALNS,stage2_component_local_compute_j_j,47,3,366.4193719997453
common,30,ESI-ALNS,stage2_component_local_compute_j_j,48,3,363.55243059552527
common,30,ESI-ALNS,stage2_component_local_compute_j_j,49,3,352.26772962664853
common,30,ESI-ALNS,stage2_component_local_compute_j_j,50,3,419.32739780951044
common,30,ESI-ALNS,stage2_component_local_compute_j_j,51,3,389.84573873937705
common,30,ESI-ALNS,stage2_component_local_compute_j_j,52,3,437.24893680099365
paired,30,GR-MR,stage2_component_local_compute_j_j,45,3,57.24107157955035
paired,30,GR-MR,stage2_component_local_compute_j_j,46,2,73.2635505675947
paired,30,GR-MR,stage2_component_local_compute_j_j,47,3,144.08840210543562
paired,30,GR-MR,stage2_component_local_compute_j_j,48,3,308.10476207467906
paired,30,GR-MR,stage2_component_local_compute_j_j,49,3,149.1594056066228
paired,30,GR-MR,stage2_component_local_compute_j_j,50,3,254.71109376368366
paired,30,GR-MR,stage2_component_local_compute_j_j,51,3,112.32366326370999
paired,30,GR-MR,stage2_component_local_compute_j_j,52,3,265.8423278825113
paired,30,FTR-NM,stage2_component_local_compute_j_j,45,3,57.24107157955035
paired,30,FTR-NM,stage2_component_local_compute_j_j,46,2,73.2635505675947
paired,30,FTR-NM,stage2_component_local_compute_j_j,47,3,144.08840210543562
paired,30,FTR-NM,stage2_component_local_compute_j_j,48,3,308.10476207467906
paired,30,FTR-NM,stage2_component_local_compute_j_j,49,3,149.1594056066228
paired,30,FTR-NM,stage2_component_local_compute_j_j,50,3,254.71109376368366
paired,30,FTR-NM,stage2_component_local_compute_j_j,51,3,112.32366326370999
paired,30,FTR-NM,stage2_component_local_compute_j_j,52,3,265.8423278825113
paired,30,RGA-MR,stage2_component_local_compute_j_j,45,3,49.192949252378774
paired,30,RGA-MR,stage2_component_local_compute_j_j,46,2,73.2635505675947
paired,30,RGA-MR,stage2_component_local_compute_j_j,47,3,147.50534178357293
paired,30,RGA-MR,stage2_component_local_compute_j_j,48,3,308.0962233036066
paired,30,RGA-MR,stage2_component_local_compute_j_j,49,3,167.08304796869731
paired,30,RGA-MR,stage2_component_local_compute_j_j,50,3,254.71109376368366
paired,30,RGA-MR,stage2_component_local_compute_j_j,51,3,112.72663065839576
paired,30,RGA-MR,stage2_component_local_compute_j_j,52,3,264.1243451585271
paired,30,B-ALNS,stage2_component_local_compute_j_j,45,3,0.0
paired,30,B-ALNS,stage2_component_local_compute_j_j,46,2,-49.23687832649165
paired,30,B-ALNS,stage2_component_local_compute_j_j,47,3,0.0
paired,30,B-ALNS,stage2_component_local_compute_j_j,48,3,-0.03062158460545561
paired,30,B-ALNS,stage2_component_local_compute_j_j,49,3,-51.49361152559859
paired,30,B-ALNS,stage2_component_local_compute_j_j,50,3,9.835970176118659
paired,30,B-ALNS,stage2_component_local_compute_j_j,51,3,0.0
paired,30,B-ALNS,stage2_component_local_compute_j_j,52,3,17.981371011107665
conditional,30,GR-MR,stage2_component_transmit_j_j,45,1,0.0
conditional,30,GR-MR,stage2_component_transmit_j_j,46,1,0.0
conditional,30,GR-MR,stage2_component_transmit_j_j,47,1,0.0
conditional,30,GR-MR,stage2_component_transmit_j_j,48,1,0.0
conditional,30,GR-MR,stage2_component_transmit_j_j,49,1,0.0
conditional,30,GR-MR,stage2_component_transmit_j_j,50,1,0.0
conditional,30,GR-MR,stage2_component_transmit_j_j,51,1,0.0
conditional,30,GR-MR,stage2_component_transmit_j_j,52,1,0.0
common,30,GR-MR,stage2_component_transmit_j_j,45,3,0.0
common,30,GR-MR,stage2_component_transmit_j_j,46,2,0.0
common,30,GR-MR,stage2_component_transmit_j_j,47,3,0.0
common,30,GR-MR,stage2_component_transmit_j_j,48,3,0.0
common,30,GR-MR,stage2_component_transmit_j_j,49,3,0.0
common,30,GR-MR,stage2_component_transmit_j_j,50,3,0.0
common,30,GR-MR,stage2_component_transmit_j_j,51,3,0.0
common,30,GR-MR,stage2_component_transmit_j_j,52,3,0.0
conditional,30,FTR-NM,stage2_component_transmit_j_j,45,1,0.0
conditional,30,FTR-NM,stage2_component_transmit_j_j,46,1,0.0
conditional,30,FTR-NM,stage2_component_transmit_j_j,47,1,0.0
conditional,30,FTR-NM,stage2_component_transmit_j_j,48,1,0.0
conditional,30,FTR-NM,stage2_component_transmit_j_j,49,1,0.0
conditional,30,FTR-NM,stage2_component_transmit_j_j,50,1,0.0
conditional,30,FTR-NM,stage2_component_transmit_j_j,51,1,0.0
conditional,30,FTR-NM,stage2_component_transmit_j_j,52,1,0.0
common,30,FTR-NM,stage2_component_transmit_j_j,45,3,0.0
common,30,FTR-NM,stage2_component_transmit_j_j,46,2,0.0
common,30,FTR-NM,stage2_component_transmit_j_j,47,3,0.0
common,30,FTR-NM,stage2_component_transmit_j_j,48,3,0.0
common,30,FTR-NM,stage2_component_transmit_j_j,49,3,0.0
common,30,FTR-NM,stage2_component_transmit_j_j,50,3,0.0
common,30,FTR-NM,stage2_component_transmit_j_j,51,3,0.0
common,30,FTR-NM,stage2_component_transmit_j_j,52,3,0.0
conditional,30,RGA-MR,stage2_component_transmit_j_j,45,3,0.0
conditional,30,RGA-MR,stage2_component_transmit_j_j,46,3,0.0
conditional,30,RGA-MR,stage2_component_transmit_j_j,47,3,0.0
conditional,30,RGA-MR,stage2_component_transmit_j_j,48,3,0.0
conditional,30,RGA-MR,stage2_component_transmit_j_j,49,3,0.0
conditional,30,RGA-MR,stage2_component_transmit_j_j,50,3,0.0
conditional,30,RGA-MR,stage2_component_transmit_j_j,51,3,0.0
conditional,30,RGA-MR,stage2_component_transmit_j_j,52,3,0.0
common,30,RGA-MR,stage2_component_transmit_j_j,45,3,0.0
common,30,RGA-MR,stage2_component_transmit_j_j,46,2,0.0
common,30,RGA-MR,stage2_component_transmit_j_j,47,3,0.0
common,30,RGA-MR,stage2_component_transmit_j_j,48,3,0.0
common,30,RGA-MR,stage2_component_transmit_j_j,49,3,0.0
common,30,RGA-MR,stage2_component_transmit_j_j,50,3,0.0
common,30,RGA-MR,stage2_component_transmit_j_j,51,3,0.0
common,30,RGA-MR,stage2_component_transmit_j_j,52,3,0.0
conditional,30,B-ALNS,stage2_component_transmit_j_j,45,3,0.09729154448008105
conditional,30,B-ALNS,stage2_component_transmit_j_j,46,2,0.0
conditional,30,B-ALNS,stage2_component_transmit_j_j,47,3,0.19835717489909785
conditional,30,B-ALNS,stage2_component_transmit_j_j,48,3,0.0
conditional,30,B-ALNS,stage2_component_transmit_j_j,49,3,0.058323913795759
conditional,30,B-ALNS,stage2_component_transmit_j_j,50,3,0.3106936148440224
conditional,30,B-ALNS,stage2_component_transmit_j_j,51,3,0.09681063183692495
conditional,30,B-ALNS,stage2_component_transmit_j_j,52,3,0.20403937648370332
common,30,B-ALNS,stage2_component_transmit_j_j,45,3,0.09729154448008105
common,30,B-ALNS,stage2_component_transmit_j_j,46,2,0.0
common,30,B-ALNS,stage2_component_transmit_j_j,47,3,0.19835717489909785
common,30,B-ALNS,stage2_component_transmit_j_j,48,3,0.0
common,30,B-ALNS,stage2_component_transmit_j_j,49,3,0.058323913795759
common,30,B-ALNS,stage2_component_transmit_j_j,50,3,0.3106936148440224
common,30,B-ALNS,stage2_component_transmit_j_j,51,3,0.09681063183692495
common,30,B-ALNS,stage2_component_transmit_j_j,52,3,0.20403937648370332
conditional,30,ESI-ALNS,stage2_component_transmit_j_j,45,3,0.09729154448008105
conditional,30,ESI-ALNS,stage2_component_transmit_j_j,46,2,0.01712732753170651
conditional,30,ESI-ALNS,stage2_component_transmit_j_j,47,3,0.19835717489909785
conditional,30,ESI-ALNS,stage2_component_transmit_j_j,48,3,0.014699229938558248
conditional,30,ESI-ALNS,stage2_component_transmit_j_j,49,3,0.06044733300434884
conditional,30,ESI-ALNS,stage2_component_transmit_j_j,50,3,0.29163451434614496
conditional,30,ESI-ALNS,stage2_component_transmit_j_j,51,3,0.09681063183692495
conditional,30,ESI-ALNS,stage2_component_transmit_j_j,52,3,0.17242310385287452
common,30,ESI-ALNS,stage2_component_transmit_j_j,45,3,0.09729154448008105
common,30,ESI-ALNS,stage2_component_transmit_j_j,46,2,0.01712732753170651
common,30,ESI-ALNS,stage2_component_transmit_j_j,47,3,0.19835717489909785
common,30,ESI-ALNS,stage2_component_transmit_j_j,48,3,0.014699229938558248
common,30,ESI-ALNS,stage2_component_transmit_j_j,49,3,0.06044733300434884
common,30,ESI-ALNS,stage2_component_transmit_j_j,50,3,0.29163451434614496
common,30,ESI-ALNS,stage2_component_transmit_j_j,51,3,0.09681063183692495
common,30,ESI-ALNS,stage2_component_transmit_j_j,52,3,0.17242310385287452
paired,30,GR-MR,stage2_component_transmit_j_j,45,3,0.09729154448008105
paired,30,GR-MR,stage2_component_transmit_j_j,46,2,0.01712732753170651
paired,30,GR-MR,stage2_component_transmit_j_j,47,3,0.19835717489909785
paired,30,GR-MR,stage2_component_transmit_j_j,48,3,0.014699229938558248
paired,30,GR-MR,stage2_component_transmit_j_j,49,3,0.06044733300434884
paired,30,GR-MR,stage2_component_transmit_j_j,50,3,0.29163451434614496
paired,30,GR-MR,stage2_component_transmit_j_j,51,3,0.09681063183692495
paired,30,GR-MR,stage2_component_transmit_j_j,52,3,0.17242310385287452
paired,30,FTR-NM,stage2_component_transmit_j_j,45,3,0.09729154448008105
paired,30,FTR-NM,stage2_component_transmit_j_j,46,2,0.01712732753170651
paired,30,FTR-NM,stage2_component_transmit_j_j,47,3,0.19835717489909785
paired,30,FTR-NM,stage2_component_transmit_j_j,48,3,0.014699229938558248
paired,30,FTR-NM,stage2_component_transmit_j_j,49,3,0.06044733300434884
paired,30,FTR-NM,stage2_component_transmit_j_j,50,3,0.29163451434614496
paired,30,FTR-NM,stage2_component_transmit_j_j,51,3,0.09681063183692495
paired,30,FTR-NM,stage2_component_transmit_j_j,52,3,0.17242310385287452
paired,30,RGA-MR,stage2_component_transmit_j_j,45,3,0.09729154448008105
paired,30,RGA-MR,stage2_component_transmit_j_j,46,2,0.01712732753170651
paired,30,RGA-MR,stage2_component_transmit_j_j,47,3,0.19835717489909785
paired,30,RGA-MR,stage2_component_transmit_j_j,48,3,0.014699229938558248
paired,30,RGA-MR,stage2_component_transmit_j_j,49,3,0.06044733300434884
paired,30,RGA-MR,stage2_component_transmit_j_j,50,3,0.29163451434614496
paired,30,RGA-MR,stage2_component_transmit_j_j,51,3,0.09681063183692495
paired,30,RGA-MR,stage2_component_transmit_j_j,52,3,0.17242310385287452
paired,30,B-ALNS,stage2_component_transmit_j_j,45,3,0.0
paired,30,B-ALNS,stage2_component_transmit_j_j,46,2,0.01712732753170651
paired,30,B-ALNS,stage2_component_transmit_j_j,47,3,0.0
paired,30,B-ALNS,stage2_component_transmit_j_j,48,3,0.014699229938558248
paired,30,B-ALNS,stage2_component_transmit_j_j,49,3,0.0021234192085898412
paired,30,B-ALNS,stage2_component_transmit_j_j,50,3,-0.019059100497877457
paired,30,B-ALNS,stage2_component_transmit_j_j,51,3,0.0
paired,30,B-ALNS,stage2_component_transmit_j_j,52,3,-0.0316162726308288
conditional,30,GR-MR,stage2_component_upload_hover_j_j,45,1,0.0
conditional,30,GR-MR,stage2_component_upload_hover_j_j,46,1,0.0
conditional,30,GR-MR,stage2_component_upload_hover_j_j,47,1,0.0
conditional,30,GR-MR,stage2_component_upload_hover_j_j,48,1,0.0
conditional,30,GR-MR,stage2_component_upload_hover_j_j,49,1,0.0
conditional,30,GR-MR,stage2_component_upload_hover_j_j,50,1,0.0
conditional,30,GR-MR,stage2_component_upload_hover_j_j,51,1,0.0
conditional,30,GR-MR,stage2_component_upload_hover_j_j,52,1,0.0
common,30,GR-MR,stage2_component_upload_hover_j_j,45,3,0.0
common,30,GR-MR,stage2_component_upload_hover_j_j,46,2,0.0
common,30,GR-MR,stage2_component_upload_hover_j_j,47,3,0.0
common,30,GR-MR,stage2_component_upload_hover_j_j,48,3,0.0
common,30,GR-MR,stage2_component_upload_hover_j_j,49,3,0.0
common,30,GR-MR,stage2_component_upload_hover_j_j,50,3,0.0
common,30,GR-MR,stage2_component_upload_hover_j_j,51,3,0.0
common,30,GR-MR,stage2_component_upload_hover_j_j,52,3,0.0
conditional,30,FTR-NM,stage2_component_upload_hover_j_j,45,1,0.0
conditional,30,FTR-NM,stage2_component_upload_hover_j_j,46,1,0.0
conditional,30,FTR-NM,stage2_component_upload_hover_j_j,47,1,0.0
conditional,30,FTR-NM,stage2_component_upload_hover_j_j,48,1,0.0
conditional,30,FTR-NM,stage2_component_upload_hover_j_j,49,1,0.0
conditional,30,FTR-NM,stage2_component_upload_hover_j_j,50,1,0.0
conditional,30,FTR-NM,stage2_component_upload_hover_j_j,51,1,0.0
conditional,30,FTR-NM,stage2_component_upload_hover_j_j,52,1,0.0
common,30,FTR-NM,stage2_component_upload_hover_j_j,45,3,0.0
common,30,FTR-NM,stage2_component_upload_hover_j_j,46,2,0.0
common,30,FTR-NM,stage2_component_upload_hover_j_j,47,3,0.0
common,30,FTR-NM,stage2_component_upload_hover_j_j,48,3,0.0
common,30,FTR-NM,stage2_component_upload_hover_j_j,49,3,0.0
common,30,FTR-NM,stage2_component_upload_hover_j_j,50,3,0.0
common,30,FTR-NM,stage2_component_upload_hover_j_j,51,3,0.0
common,30,FTR-NM,stage2_component_upload_hover_j_j,52,3,0.0
conditional,30,RGA-MR,stage2_component_upload_hover_j_j,45,3,0.0
conditional,30,RGA-MR,stage2_component_upload_hover_j_j,46,3,0.0
conditional,30,RGA-MR,stage2_component_upload_hover_j_j,47,3,0.0
conditional,30,RGA-MR,stage2_component_upload_hover_j_j,48,3,0.0
conditional,30,RGA-MR,stage2_component_upload_hover_j_j,49,3,0.0
conditional,30,RGA-MR,stage2_component_upload_hover_j_j,50,3,0.0
conditional,30,RGA-MR,stage2_component_upload_hover_j_j,51,3,0.0
conditional,30,RGA-MR,stage2_component_upload_hover_j_j,52,3,0.0
common,30,RGA-MR,stage2_component_upload_hover_j_j,45,3,0.0
common,30,RGA-MR,stage2_component_upload_hover_j_j,46,2,0.0
common,30,RGA-MR,stage2_component_upload_hover_j_j,47,3,0.0
common,30,RGA-MR,stage2_component_upload_hover_j_j,48,3,0.0
common,30,RGA-MR,stage2_component_upload_hover_j_j,49,3,0.0
common,30,RGA-MR,stage2_component_upload_hover_j_j,50,3,0.0
common,30,RGA-MR,stage2_component_upload_hover_j_j,51,3,0.0
common,30,RGA-MR,stage2_component_upload_hover_j_j,52,3,0.0
conditional,30,B-ALNS,stage2_component_upload_hover_j_j,45,3,194.5830889601621
conditional,30,B-ALNS,stage2_component_upload_hover_j_j,46,2,0.0
conditional,30,B-ALNS,stage2_component_upload_hover_j_j,47,3,396.7143497981957
conditional,30,B-ALNS,stage2_component_upload_hover_j_j,48,3,0.0
conditional,30,B-ALNS,stage2_component_upload_hover_j_j,49,3,116.64782759151798
conditional,30,B-ALNS,stage2_component_upload_hover_j_j,50,3,621.3872296880448
conditional,30,B-ALNS,stage2_component_upload_hover_j_j,51,3,193.62126367384988
conditional,30,B-ALNS,stage2_component_upload_hover_j_j,52,3,408.0787529674066
common,30,B-ALNS,stage2_component_upload_hover_j_j,45,3,194.5830889601621
common,30,B-ALNS,stage2_component_upload_hover_j_j,46,2,0.0
common,30,B-ALNS,stage2_component_upload_hover_j_j,47,3,396.7143497981957
common,30,B-ALNS,stage2_component_upload_hover_j_j,48,3,0.0
common,30,B-ALNS,stage2_component_upload_hover_j_j,49,3,116.64782759151798
common,30,B-ALNS,stage2_component_upload_hover_j_j,50,3,621.3872296880448
common,30,B-ALNS,stage2_component_upload_hover_j_j,51,3,193.62126367384988
common,30,B-ALNS,stage2_component_upload_hover_j_j,52,3,408.0787529674066
conditional,30,ESI-ALNS,stage2_component_upload_hover_j_j,45,3,194.5830889601621
conditional,30,ESI-ALNS,stage2_component_upload_hover_j_j,46,2,34.25465506341302
conditional,30,ESI-ALNS,stage2_component_upload_hover_j_j,47,3,396.7143497981957
conditional,30,ESI-ALNS,stage2_component_upload_hover_j_j,48,3,29.398459877116498
conditional,30,ESI-ALNS,stage2_component_upload_hover_j_j,49,3,120.89466600869767
conditional,30,ESI-ALNS,stage2_component_upload_hover_j_j,50,3,583.2690286922899
conditional,30,ESI-ALNS,stage2_component_upload_hover_j_j,51,3,193.62126367384988
conditional,30,ESI-ALNS,stage2_component_upload_hover_j_j,52,3,344.84620770574895
common,30,ESI-ALNS,stage2_component_upload_hover_j_j,45,3,194.5830889601621
common,30,ESI-ALNS,stage2_component_upload_hover_j_j,46,2,34.25465506341302
common,30,ESI-ALNS,stage2_component_upload_hover_j_j,47,3,396.7143497981957
common,30,ESI-ALNS,stage2_component_upload_hover_j_j,48,3,29.398459877116498
common,30,ESI-ALNS,stage2_component_upload_hover_j_j,49,3,120.89466600869767
common,30,ESI-ALNS,stage2_component_upload_hover_j_j,50,3,583.2690286922899
common,30,ESI-ALNS,stage2_component_upload_hover_j_j,51,3,193.62126367384988
common,30,ESI-ALNS,stage2_component_upload_hover_j_j,52,3,344.84620770574895
paired,30,GR-MR,stage2_component_upload_hover_j_j,45,3,194.5830889601621
paired,30,GR-MR,stage2_component_upload_hover_j_j,46,2,34.25465506341302
paired,30,GR-MR,stage2_component_upload_hover_j_j,47,3,396.7143497981957
paired,30,GR-MR,stage2_component_upload_hover_j_j,48,3,29.398459877116498
paired,30,GR-MR,stage2_component_upload_hover_j_j,49,3,120.89466600869767
paired,30,GR-MR,stage2_component_upload_hover_j_j,50,3,583.2690286922899
paired,30,GR-MR,stage2_component_upload_hover_j_j,51,3,193.62126367384988
paired,30,GR-MR,stage2_component_upload_hover_j_j,52,3,344.84620770574895
paired,30,FTR-NM,stage2_component_upload_hover_j_j,45,3,194.5830889601621
paired,30,FTR-NM,stage2_component_upload_hover_j_j,46,2,34.25465506341302
paired,30,FTR-NM,stage2_component_upload_hover_j_j,47,3,396.7143497981957
paired,30,FTR-NM,stage2_component_upload_hover_j_j,48,3,29.398459877116498
paired,30,FTR-NM,stage2_component_upload_hover_j_j,49,3,120.89466600869767
paired,30,FTR-NM,stage2_component_upload_hover_j_j,50,3,583.2690286922899
paired,30,FTR-NM,stage2_component_upload_hover_j_j,51,3,193.62126367384988
paired,30,FTR-NM,stage2_component_upload_hover_j_j,52,3,344.84620770574895
paired,30,RGA-MR,stage2_component_upload_hover_j_j,45,3,194.5830889601621
paired,30,RGA-MR,stage2_component_upload_hover_j_j,46,2,34.25465506341302
paired,30,RGA-MR,stage2_component_upload_hover_j_j,47,3,396.7143497981957
paired,30,RGA-MR,stage2_component_upload_hover_j_j,48,3,29.398459877116498
paired,30,RGA-MR,stage2_component_upload_hover_j_j,49,3,120.89466600869767
paired,30,RGA-MR,stage2_component_upload_hover_j_j,50,3,583.2690286922899
paired,30,RGA-MR,stage2_component_upload_hover_j_j,51,3,193.62126367384988
paired,30,RGA-MR,stage2_component_upload_hover_j_j,52,3,344.84620770574895
paired,30,B-ALNS,stage2_component_upload_hover_j_j,45,3,0.0
paired,30,B-ALNS,stage2_component_upload_hover_j_j,46,2,34.25465506341302
paired,30,B-ALNS,stage2_component_upload_hover_j_j,47,3,0.0
paired,30,B-ALNS,stage2_component_upload_hover_j_j,48,3,29.398459877116498
paired,30,B-ALNS,stage2_component_upload_hover_j_j,49,3,4.246838417179679
paired,30,B-ALNS,stage2_component_upload_hover_j_j,50,3,-38.11820099575491
paired,30,B-ALNS,stage2_component_upload_hover_j_j,51,3,0.0
paired,30,B-ALNS,stage2_component_upload_hover_j_j,52,3,-63.23254526165764
conditional,30,GR-MR,stage2_energy_j,45,1,208341.90484466517
conditional,30,GR-MR,stage2_energy_j,46,1,182920.44081809657
conditional,30,GR-MR,stage2_energy_j,47,1,201159.5457546259
conditional,30,GR-MR,stage2_energy_j,48,1,182989.98419652742
conditional,30,GR-MR,stage2_energy_j,49,1,181734.55779865134
conditional,30,GR-MR,stage2_energy_j,50,1,183916.54780041304
conditional,30,GR-MR,stage2_energy_j,51,1,206069.67523596997
conditional,30,GR-MR,stage2_energy_j,52,1,213199.2007267701
common,30,GR-MR,stage2_energy_j,45,3,208341.90484466517
common,30,GR-MR,stage2_energy_j,46,2,182920.44081809657
common,30,GR-MR,stage2_energy_j,47,3,201159.5457546259
common,30,GR-MR,stage2_energy_j,48,3,182989.98419652742
common,30,GR-MR,stage2_energy_j,49,3,181734.55779865134
common,30,GR-MR,stage2_energy_j,50,3,183916.54780041304
common,30,GR-MR,stage2_energy_j,51,3,206069.67523596997
common,30,GR-MR,stage2_energy_j,52,3,213199.2007267701
conditional,30,FTR-NM,stage2_energy_j,45,1,208341.90484466517
conditional,30,FTR-NM,stage2_energy_j,46,1,182920.44081809657
conditional,30,FTR-NM,stage2_energy_j,47,1,201159.5457546259
conditional,30,FTR-NM,stage2_energy_j,48,1,182989.98419652742
conditional,30,FTR-NM,stage2_energy_j,49,1,181734.55779865134
conditional,30,FTR-NM,stage2_energy_j,50,1,183916.54780041304
conditional,30,FTR-NM,stage2_energy_j,51,1,206069.67523596997
conditional,30,FTR-NM,stage2_energy_j,52,1,213199.2007267701
common,30,FTR-NM,stage2_energy_j,45,3,208341.90484466517
common,30,FTR-NM,stage2_energy_j,46,2,182920.44081809657
common,30,FTR-NM,stage2_energy_j,47,3,201159.5457546259
common,30,FTR-NM,stage2_energy_j,48,3,182989.98419652742
common,30,FTR-NM,stage2_energy_j,49,3,181734.55779865134
common,30,FTR-NM,stage2_energy_j,50,3,183916.54780041304
common,30,FTR-NM,stage2_energy_j,51,3,206069.67523596997
common,30,FTR-NM,stage2_energy_j,52,3,213199.2007267701
conditional,30,RGA-MR,stage2_energy_j,45,3,202366.65732419415
conditional,30,RGA-MR,stage2_energy_j,46,3,182098.55345040152
conditional,30,RGA-MR,stage2_energy_j,47,3,199942.1753020279
conditional,30,RGA-MR,stage2_energy_j,48,3,181471.21557720206
conditional,30,RGA-MR,stage2_energy_j,49,3,175605.33911424133
conditional,30,RGA-MR,stage2_energy_j,50,3,183916.54780041304
conditional,30,RGA-MR,stage2_energy_j,51,3,204755.89855632908
conditional,30,RGA-MR,stage2_energy_j,52,3,210735.41814992653
common,30,RGA-MR,stage2_energy_j,45,3,202366.65732419415
common,30,RGA-MR,stage2_energy_j,46,2,182920.44081809657
common,30,RGA-MR,stage2_energy_j,47,3,199942.1753020279
common,30,RGA-MR,stage2_energy_j,48,3,181471.21557720206
common,30,RGA-MR,stage2_energy_j,49,3,175605.33911424133
common,30,RGA-MR,stage2_energy_j,50,3,183916.54780041304
common,30,RGA-MR,stage2_energy_j,51,3,204755.89855632908
common,30,RGA-MR,stage2_energy_j,52,3,210735.41814992653
conditional,30,B-ALNS,stage2_energy_j,45,3,122581.11868115676
conditional,30,B-ALNS,stage2_energy_j,46,2,125837.43995432407
conditional,30,B-ALNS,stage2_energy_j,47,3,121168.94990072718
conditional,30,B-ALNS,stage2_energy_j,48,3,99354.1444837255
conditional,30,B-ALNS,stage2_energy_j,49,3,123915.41333130746
conditional,30,B-ALNS,stage2_energy_j,50,3,112900.49525863999
conditional,30,B-ALNS,stage2_energy_j,51,3,129701.78940735229
conditional,30,B-ALNS,stage2_energy_j,52,3,118712.4570410648
common,30,B-ALNS,stage2_energy_j,45,3,122581.11868115676
common,30,B-ALNS,stage2_energy_j,46,2,125837.43995432407
common,30,B-ALNS,stage2_energy_j,47,3,121168.94990072718
common,30,B-ALNS,stage2_energy_j,48,3,99354.1444837255
common,30,B-ALNS,stage2_energy_j,49,3,123915.41333130746
common,30,B-ALNS,stage2_energy_j,50,3,112900.49525863999
common,30,B-ALNS,stage2_energy_j,51,3,129701.78940735229
common,30,B-ALNS,stage2_energy_j,52,3,118712.4570410648
conditional,30,ESI-ALNS,stage2_energy_j,45,3,122581.11868115676
conditional,30,ESI-ALNS,stage2_energy_j,46,2,125822.47485838854
conditional,30,ESI-ALNS,stage2_energy_j,47,3,121168.94990072718
conditional,30,ESI-ALNS,stage2_energy_j,48,3,96269.55432792346
conditional,30,ESI-ALNS,stage2_energy_j,49,3,123851.32026315613
conditional,30,ESI-ALNS,stage2_energy_j,50,3,112775.969818383
conditional,30,ESI-ALNS,stage2_energy_j,51,3,129701.78940735229
conditional,30,ESI-ALNS,stage2_energy_j,52,3,118667.17425054162
common,30,ESI-ALNS,stage2_energy_j,45,3,122581.11868115676
common,30,ESI-ALNS,stage2_energy_j,46,2,125822.47485838854
common,30,ESI-ALNS,stage2_energy_j,47,3,121168.94990072718
common,30,ESI-ALNS,stage2_energy_j,48,3,96269.55432792346
common,30,ESI-ALNS,stage2_energy_j,49,3,123851.32026315613
common,30,ESI-ALNS,stage2_energy_j,50,3,112775.969818383
common,30,ESI-ALNS,stage2_energy_j,51,3,129701.78940735229
common,30,ESI-ALNS,stage2_energy_j,52,3,118667.17425054162
paired,30,GR-MR,stage2_energy_j,45,3,-85760.78616350841
paired,30,GR-MR,stage2_energy_j,46,2,-57097.96595970804
paired,30,GR-MR,stage2_energy_j,47,3,-79990.59585389872
paired,30,GR-MR,stage2_energy_j,48,3,-86720.42986860397
paired,30,GR-MR,stage2_energy_j,49,3,-57883.2375354952
paired,30,GR-MR,stage2_energy_j,50,3,-71140.57798203004
paired,30,GR-MR,stage2_energy_j,51,3,-76367.88582861768
paired,30,GR-MR,stage2_energy_j,52,3,-94532.02647622848
paired,30,FTR-NM,stage2_energy_j,45,3,-85760.78616350841
paired,30,FTR-NM,stage2_energy_j,46,2,-57097.96595970804
paired,30,FTR-NM,stage2_energy_j,47,3,-79990.59585389872
paired,30,FTR-NM,stage2_energy_j,48,3,-86720.42986860397
paired,30,FTR-NM,stage2_energy_j,49,3,-57883.2375354952
paired,30,FTR-NM,stage2_energy_j,50,3,-71140.57798203004
paired,30,FTR-NM,stage2_energy_j,51,3,-76367.88582861768
paired,30,FTR-NM,stage2_energy_j,52,3,-94532.02647622848
paired,30,RGA-MR,stage2_energy_j,45,3,-79785.53864303739
paired,30,RGA-MR,stage2_energy_j,46,2,-57097.96595970804
paired,30,RGA-MR,stage2_energy_j,47,3,-78773.22540130072
paired,30,RGA-MR,stage2_energy_j,48,3,-85201.66124927861
paired,30,RGA-MR,stage2_energy_j,49,3,-51754.01885108521
paired,30,RGA-MR,stage2_energy_j,50,3,-71140.57798203004
paired,30,RGA-MR,stage2_energy_j,51,3,-75054.10914897679
paired,30,RGA-MR,stage2_energy_j,52,3,-92068.24389938492
paired,30,B-ALNS,stage2_energy_j,45,3,0.0
paired,30,B-ALNS,stage2_energy_j,46,2,-14.96509593554947
paired,30,B-ALNS,stage2_energy_j,47,3,0.0
paired,30,B-ALNS,stage2_energy_j,48,3,-3084.5901558020364
paired,30,B-ALNS,stage2_energy_j,49,3,-64.09306815132732
paired,30,B-ALNS,stage2_energy_j,50,3,-124.52544025698444
paired,30,B-ALNS,stage2_energy_j,51,3,0.0
paired,30,B-ALNS,stage2_energy_j,52,3,-45.282790523182484
conditional,30,GR-MR,stage2_replay_s,45,1,0.18004336099999563
conditional,30,GR-MR,stage2_replay_s,46,1,0.2554796049999979
conditional,30,GR-MR,stage2_replay_s,47,1,0.1634697069999973
conditional,30,GR-MR,stage2_replay_s,48,1,0.16682600900000466
conditional,30,GR-MR,stage2_replay_s,49,1,0.16476912900000684
conditional,30,GR-MR,stage2_replay_s,50,1,0.1676896280000051
conditional,30,GR-MR,stage2_replay_s,51,1,0.17890352000000576
conditional,30,GR-MR,stage2_replay_s,52,1,0.16686168500000065
common,30,GR-MR,stage2_replay_s,45,3,0.18004336099999563
common,30,GR-MR,stage2_replay_s,46,2,0.2554796049999979
common,30,GR-MR,stage2_replay_s,47,3,0.1634697069999973
common,30,GR-MR,stage2_replay_s,48,3,0.16682600900000466
common,30,GR-MR,stage2_replay_s,49,3,0.16476912900000684
common,30,GR-MR,stage2_replay_s,50,3,0.1676896280000051
common,30,GR-MR,stage2_replay_s,51,3,0.17890352000000576
common,30,GR-MR,stage2_replay_s,52,3,0.16686168500000065
conditional,30,FTR-NM,stage2_replay_s,45,1,0.27267819499999746
conditional,30,FTR-NM,stage2_replay_s,46,1,0.16444245400000312
conditional,30,FTR-NM,stage2_replay_s,47,1,0.16614787500000006
conditional,30,FTR-NM,stage2_replay_s,48,1,0.165675671999999
conditional,30,FTR-NM,stage2_replay_s,49,1,0.18477062400000932
conditional,30,FTR-NM,stage2_replay_s,50,1,0.2669573519999915
conditional,30,FTR-NM,stage2_replay_s,51,1,0.2648971979999999
conditional,30,FTR-NM,stage2_replay_s,52,1,0.1635150440000075
common,30,FTR-NM,stage2_replay_s,45,3,0.27267819499999746
common,30,FTR-NM,stage2_replay_s,46,2,0.16444245400000312
common,30,FTR-NM,stage2_replay_s,47,3,0.16614787500000006
common,30,FTR-NM,stage2_replay_s,48,3,0.165675671999999
common,30,FTR-NM,stage2_replay_s,49,3,0.18477062400000932
common,30,FTR-NM,stage2_replay_s,50,3,0.2669573519999915
common,30,FTR-NM,stage2_replay_s,51,3,0.2648971979999999
common,30,FTR-NM,stage2_replay_s,52,3,0.1635150440000075
conditional,30,RGA-MR,stage2_replay_s,45,3,0.19712435566666642
conditional,30,RGA-MR,stage2_replay_s,46,3,0.16474786133333433
conditional,30,RGA-MR,stage2_replay_s,47,3,0.16516820133333235
conditional,30,RGA-MR,stage2_replay_s,48,3,0.19581594166666605
conditional,30,RGA-MR,stage2_replay_s,49,3,0.1658490846666704
conditional,30,RGA-MR,stage2_replay_s,50,3,0.19606224566666697
conditional,30,RGA-MR,stage2_replay_s,51,3,0.16459055133332848
conditional,30,RGA-MR,stage2_replay_s,52,3,0.22991834699999933
common,30,RGA-MR,stage2_replay_s,45,3,0.19712435566666642
common,30,RGA-MR,stage2_replay_s,46,2,0.16412989799999878
common,30,RGA-MR,stage2_replay_s,47,3,0.16516820133333235
common,30,RGA-MR,stage2_replay_s,48,3,0.19581594166666605
common,30,RGA-MR,stage2_replay_s,49,3,0.1658490846666704
common,30,RGA-MR,stage2_replay_s,50,3,0.19606224566666697
common,30,RGA-MR,stage2_replay_s,51,3,0.16459055133332848
common,30,RGA-MR,stage2_replay_s,52,3,0.22991834699999933
conditional,30,B-ALNS,stage2_replay_s,45,3,0.18332177466666622
conditional,30,B-ALNS,stage2_replay_s,46,2,0.1638003839999982
conditional,30,B-ALNS,stage2_replay_s,47,3,0.17214032899999646
conditional,30,B-ALNS,stage2_replay_s,48,3,0.19852218733333396
conditional,30,B-ALNS,stage2_replay_s,49,3,0.16984208733333853
conditional,30,B-ALNS,stage2_replay_s,50,3,0.20172906733334153
conditional,30,B-ALNS,stage2_replay_s,51,3,0.19939581133333206
conditional,30,B-ALNS,stage2_replay_s,52,3,0.1743131133333359
common,30,B-ALNS,stage2_replay_s,45,3,0.18332177466666622
common,30,B-ALNS,stage2_replay_s,46,2,0.1638003839999982
common,30,B-ALNS,stage2_replay_s,47,3,0.17214032899999646
common,30,B-ALNS,stage2_replay_s,48,3,0.19852218733333396
common,30,B-ALNS,stage2_replay_s,49,3,0.16984208733333853
common,30,B-ALNS,stage2_replay_s,50,3,0.20172906733334153
common,30,B-ALNS,stage2_replay_s,51,3,0.19939581133333206
common,30,B-ALNS,stage2_replay_s,52,3,0.1743131133333359
conditional,30,ESI-ALNS,stage2_replay_s,45,3,0.2051143456666651
conditional,30,ESI-ALNS,stage2_replay_s,46,2,0.25776555650000077
conditional,30,ESI-ALNS,stage2_replay_s,47,3,0.23034925299999998
conditional,30,ESI-ALNS,stage2_replay_s,48,3,0.16628979000000044
conditional,30,ESI-ALNS,stage2_replay_s,49,3,0.23005037766666447
conditional,30,ESI-ALNS,stage2_replay_s,50,3,0.1950420240000028
conditional,30,ESI-ALNS,stage2_replay_s,51,3,0.20310386933333766
conditional,30,ESI-ALNS,stage2_replay_s,52,3,0.20675917233333507
common,30,ESI-ALNS,stage2_replay_s,45,3,0.2051143456666651
common,30,ESI-ALNS,stage2_replay_s,46,2,0.25776555650000077
common,30,ESI-ALNS,stage2_replay_s,47,3,0.23034925299999998
common,30,ESI-ALNS,stage2_replay_s,48,3,0.16628979000000044
common,30,ESI-ALNS,stage2_replay_s,49,3,0.23005037766666447
common,30,ESI-ALNS,stage2_replay_s,50,3,0.1950420240000028
common,30,ESI-ALNS,stage2_replay_s,51,3,0.20310386933333766
common,30,ESI-ALNS,stage2_replay_s,52,3,0.20675917233333507
paired,30,GR-MR,stage2_replay_s,45,3,0.02507098466666946
paired,30,GR-MR,stage2_replay_s,46,2,0.0022859515000028807
paired,30,GR-MR,stage2_replay_s,47,3,0.06687954600000268
paired,30,GR-MR,stage2_replay_s,48,3,-0.0005362190000042233
paired,30,GR-MR,stage2_replay_s,49,3,0.06528124866665763
paired,30,GR-MR,stage2_replay_s,50,3,0.027352395999997725
paired,30,GR-MR,stage2_replay_s,51,3,0.02420034933333189
paired,30,GR-MR,stage2_replay_s,52,3,0.039897487333334425
paired,30,FTR-NM,stage2_replay_s,45,3,-0.06756384933333237
paired,30,FTR-NM,stage2_replay_s,46,2,0.09332310249999765
paired,30,FTR-NM,stage2_replay_s,47,3,0.06420137799999992
paired,30,FTR-NM,stage2_replay_s,48,3,0.0006141180000014401
paired,30,FTR-NM,stage2_replay_s,49,3,0.045279753666655154
paired,30,FTR-NM,stage2_replay_s,50,3,-0.07191532799998868
paired,30,FTR-NM,stage2_replay_s,51,3,-0.06179332866666224
paired,30,FTR-NM,stage2_replay_s,52,3,0.04324412833332758
paired,30,RGA-MR,stage2_replay_s,45,3,0.00798998999999867
paired,30,RGA-MR,stage2_replay_s,46,2,0.093635658500002
paired,30,RGA-MR,stage2_replay_s,47,3,0.06518105166666761
paired,30,RGA-MR,stage2_replay_s,48,3,-0.029526151666665612
paired,30,RGA-MR,stage2_replay_s,49,3,0.06420129299999407
paired,30,RGA-MR,stage2_replay_s,50,3,-0.0010202216666641561
paired,30,RGA-MR,stage2_replay_s,51,3,0.03851331800000916
paired,30,RGA-MR,stage2_replay_s,52,3,-0.023159174666664246
paired,30,B-ALNS,stage2_replay_s,45,3,0.021792570999998873
paired,30,B-ALNS,stage2_replay_s,46,2,0.09396517250000258
paired,30,B-ALNS,stage2_replay_s,47,3,0.05820892400000351
paired,30,B-ALNS,stage2_replay_s,48,3,-0.03223239733333353
paired,30,B-ALNS,stage2_replay_s,49,3,0.06020829033332594
paired,30,B-ALNS,stage2_replay_s,50,3,-0.006687043333338731
paired,30,B-ALNS,stage2_replay_s,51,3,0.003708058000005584
paired,30,B-ALNS,stage2_replay_s,52,3,0.03244605899999916
conditional,30,GR-MR,total_distance_m,45,1,11226.750844100341
conditional,30,GR-MR,total_distance_m,46,1,9817.5919948707
conditional,30,GR-MR,total_distance_m,47,1,10829.845265818421
conditional,30,GR-MR,total_distance_m,48,1,9829.696473778144
conditional,30,GR-MR,total_distance_m,49,1,9751.747193035073
conditional,30,GR-MR,total_distance_m,50,1,9875.107305353735
conditional,30,GR-MR,total_distance_m,51,1,11099.564064471906
conditional,30,GR-MR,total_distance_m,52,1,11501.544117658425
common,30,GR-MR,total_distance_m,45,3,11226.750844100341
common,30,GR-MR,total_distance_m,46,2,9817.5919948707
common,30,GR-MR,total_distance_m,47,3,10829.845265818421
common,30,GR-MR,total_distance_m,48,3,9829.696473778144
common,30,GR-MR,total_distance_m,49,3,9751.747193035073
common,30,GR-MR,total_distance_m,50,3,9875.107305353735
common,30,GR-MR,total_distance_m,51,3,11099.564064471906
common,30,GR-MR,total_distance_m,52,3,11501.544117658425
conditional,30,FTR-NM,total_distance_m,45,1,11226.750844100341
conditional,30,FTR-NM,total_distance_m,46,1,9817.5919948707
conditional,30,FTR-NM,total_distance_m,47,1,10829.845265818421
conditional,30,FTR-NM,total_distance_m,48,1,9829.696473778144
conditional,30,FTR-NM,total_distance_m,49,1,9751.747193035073
conditional,30,FTR-NM,total_distance_m,50,1,9875.107305353735
conditional,30,FTR-NM,total_distance_m,51,1,11099.564064471906
conditional,30,FTR-NM,total_distance_m,52,1,11501.544117658425
common,30,FTR-NM,total_distance_m,45,3,11226.750844100341
common,30,FTR-NM,total_distance_m,46,2,9817.5919948707
common,30,FTR-NM,total_distance_m,47,3,10829.845265818421
common,30,FTR-NM,total_distance_m,48,3,9829.696473778144
common,30,FTR-NM,total_distance_m,49,3,9751.747193035073
common,30,FTR-NM,total_distance_m,50,3,9875.107305353735
common,30,FTR-NM,total_distance_m,51,3,11099.564064471906
common,30,FTR-NM,total_distance_m,52,3,11501.544117658425
conditional,30,RGA-MR,total_distance_m,45,3,10894.345530611554
conditional,30,RGA-MR,total_distance_m,46,3,9771.775358978193
conditional,30,RGA-MR,total_distance_m,47,3,10762.403403989541
conditional,30,RGA-MR,total_distance_m,48,3,9745.31996499501
conditional,30,RGA-MR,total_distance_m,49,3,9412.230801810188
conditional,30,RGA-MR,total_distance_m,50,3,9875.107305353735
conditional,30,RGA-MR,total_distance_m,51,3,11026.598858236006
conditional,30,RGA-MR,total_distance_m,52,3,11364.571864349116
common,30,RGA-MR,total_distance_m,45,3,10894.345530611554
common,30,RGA-MR,total_distance_m,46,2,9817.5919948707
common,30,RGA-MR,total_distance_m,47,3,10762.403403989541
common,30,RGA-MR,total_distance_m,48,3,9745.31996499501
common,30,RGA-MR,total_distance_m,49,3,9412.230801810188
common,30,RGA-MR,total_distance_m,50,3,9875.107305353735
common,30,RGA-MR,total_distance_m,51,3,11026.598858236006
common,30,RGA-MR,total_distance_m,52,3,11364.571864349116
conditional,30,B-ALNS,total_distance_m,45,3,6448.267087678529
conditional,30,B-ALNS,total_distance_m,46,2,6639.508589722556
conditional,30,B-ALNS,total_distance_m,47,3,6355.8676567641305
conditional,30,B-ALNS,total_distance_m,48,3,5166.14230175252
conditional,30,B-ALNS,total_distance_m,49,3,6521.94143548055
conditional,30,B-ALNS,total_distance_m,50,3,5881.628105983539
conditional,30,B-ALNS,total_distance_m,51,3,6839.901421905957
conditional,30,B-ALNS,total_distance_m,52,3,6215.828149051723
common,30,B-ALNS,total_distance_m,45,3,6448.267087678529
common,30,B-ALNS,total_distance_m,46,2,6639.508589722556
common,30,B-ALNS,total_distance_m,47,3,6355.8676567641305
common,30,B-ALNS,total_distance_m,48,3,5166.14230175252
common,30,B-ALNS,total_distance_m,49,3,6521.94143548055
common,30,B-ALNS,total_distance_m,50,3,5881.628105983539
common,30,B-ALNS,total_distance_m,51,3,6839.901421905957
common,30,B-ALNS,total_distance_m,52,3,6215.828149051723
conditional,30,ESI-ALNS,total_distance_m,45,3,6448.267087678529
conditional,30,ESI-ALNS,total_distance_m,46,2,6639.508589722556
conditional,30,ESI-ALNS,total_distance_m,47,3,6355.8676567641305
conditional,30,ESI-ALNS,total_distance_m,48,3,4993.143818790049
conditional,30,ESI-ALNS,total_distance_m,49,3,6521.005412232655
conditional,30,ESI-ALNS,total_distance_m,50,3,5876.2823198537135
conditional,30,ESI-ALNS,total_distance_m,51,3,6839.901421905957
conditional,30,ESI-ALNS,total_distance_m,52,3,6215.828149051723
common,30,ESI-ALNS,total_distance_m,45,3,6448.267087678529
common,30,ESI-ALNS,total_distance_m,46,2,6639.508589722556
common,30,ESI-ALNS,total_distance_m,47,3,6355.8676567641305
common,30,ESI-ALNS,total_distance_m,48,3,4993.143818790049
common,30,ESI-ALNS,total_distance_m,49,3,6521.005412232655
common,30,ESI-ALNS,total_distance_m,50,3,5876.2823198537135
common,30,ESI-ALNS,total_distance_m,51,3,6839.901421905957
common,30,ESI-ALNS,total_distance_m,52,3,6215.828149051723
paired,30,GR-MR,total_distance_m,45,3,-4778.483756421812
paired,30,GR-MR,total_distance_m,46,2,-3178.083405148144
paired,30,GR-MR,total_distance_m,47,3,-4473.977609054291
paired,30,GR-MR,total_distance_m,48,3,-4836.552654988094
paired,30,GR-MR,total_distance_m,49,3,-3230.7417808024184
paired,30,GR-MR,total_distance_m,50,3,-3998.824985500021
paired,30,GR-MR,total_distance_m,51,3,-4259.662642565949
paired,30,GR-MR,total_distance_m,52,3,-5285.715968606702
paired,30,FTR-NM,total_distance_m,45,3,-4778.483756421812
paired,30,FTR-NM,total_distance_m,46,2,-3178.083405148144
paired,30,FTR-NM,total_distance_m,47,3,-4473.977609054291
paired,30,FTR-NM,total_distance_m,48,3,-4836.552654988094
paired,30,FTR-NM,total_distance_m,49,3,-3230.7417808024184
paired,30,FTR-NM,total_distance_m,50,3,-3998.824985500021
paired,30,FTR-NM,total_distance_m,51,3,-4259.662642565949
paired,30,FTR-NM,total_distance_m,52,3,-5285.715968606702
paired,30,RGA-MR,total_distance_m,45,3,-4446.078442933025
paired,30,RGA-MR,total_distance_m,46,2,-3178.083405148144
paired,30,RGA-MR,total_distance_m,47,3,-4406.535747225411
paired,30,RGA-MR,total_distance_m,48,3,-4752.17614620496
paired,30,RGA-MR,total_distance_m,49,3,-2891.225389577534
paired,30,RGA-MR,total_distance_m,50,3,-3998.824985500021
paired,30,RGA-MR,total_distance_m,51,3,-4186.697436330049
paired,30,RGA-MR,total_distance_m,52,3,-5148.743715297393
paired,30,B-ALNS,total_distance_m,45,3,0.0
paired,30,B-ALNS,total_distance_m,46,2,0.0
paired,30,B-ALNS,total_distance_m,47,3,0.0
paired,30,B-ALNS,total_distance_m,48,3,-172.99848296247123
paired,30,B-ALNS,total_distance_m,49,3,-0.9360232478960219
paired,30,B-ALNS,total_distance_m,50,3,-5.34578612982538
paired,30,B-ALNS,total_distance_m,51,3,0.0
paired,30,B-ALNS,total_distance_m,52,3,0.0
conditional,40,GR-MR,both_stages_qualified_rate,45,1,1.0
conditional,40,GR-MR,both_stages_qualified_rate,46,1,1.0
conditional,40,GR-MR,both_stages_qualified_rate,47,1,1.0
conditional,40,GR-MR,both_stages_qualified_rate,48,1,1.0
conditional,40,GR-MR,both_stages_qualified_rate,49,1,1.0
conditional,40,GR-MR,both_stages_qualified_rate,50,1,1.0
conditional,40,GR-MR,both_stages_qualified_rate,51,1,1.0
conditional,40,GR-MR,both_stages_qualified_rate,52,1,1.0
common,40,GR-MR,both_stages_qualified_rate,45,3,1.0
common,40,GR-MR,both_stages_qualified_rate,46,3,1.0
common,40,GR-MR,both_stages_qualified_rate,47,3,1.0
common,40,GR-MR,both_stages_qualified_rate,48,3,1.0
common,40,GR-MR,both_stages_qualified_rate,49,3,1.0
common,40,GR-MR,both_stages_qualified_rate,50,3,1.0
common,40,GR-MR,both_stages_qualified_rate,51,3,1.0
common,40,GR-MR,both_stages_qualified_rate,52,3,1.0
conditional,40,FTR-NM,both_stages_qualified_rate,45,1,1.0
conditional,40,FTR-NM,both_stages_qualified_rate,46,1,1.0
conditional,40,FTR-NM,both_stages_qualified_rate,47,1,1.0
conditional,40,FTR-NM,both_stages_qualified_rate,48,1,1.0
conditional,40,FTR-NM,both_stages_qualified_rate,49,1,1.0
conditional,40,FTR-NM,both_stages_qualified_rate,50,1,1.0
conditional,40,FTR-NM,both_stages_qualified_rate,51,1,1.0
conditional,40,FTR-NM,both_stages_qualified_rate,52,1,1.0
common,40,FTR-NM,both_stages_qualified_rate,45,3,1.0
common,40,FTR-NM,both_stages_qualified_rate,46,3,1.0
common,40,FTR-NM,both_stages_qualified_rate,47,3,1.0
common,40,FTR-NM,both_stages_qualified_rate,48,3,1.0
common,40,FTR-NM,both_stages_qualified_rate,49,3,1.0
common,40,FTR-NM,both_stages_qualified_rate,50,3,1.0
common,40,FTR-NM,both_stages_qualified_rate,51,3,1.0
common,40,FTR-NM,both_stages_qualified_rate,52,3,1.0
conditional,40,RGA-MR,both_stages_qualified_rate,45,3,1.0
conditional,40,RGA-MR,both_stages_qualified_rate,46,3,1.0
conditional,40,RGA-MR,both_stages_qualified_rate,47,3,1.0
conditional,40,RGA-MR,both_stages_qualified_rate,48,3,1.0
conditional,40,RGA-MR,both_stages_qualified_rate,49,3,1.0
conditional,40,RGA-MR,both_stages_qualified_rate,50,3,1.0
conditional,40,RGA-MR,both_stages_qualified_rate,51,3,1.0
conditional,40,RGA-MR,both_stages_qualified_rate,52,3,1.0
common,40,RGA-MR,both_stages_qualified_rate,45,3,1.0
common,40,RGA-MR,both_stages_qualified_rate,46,3,1.0
common,40,RGA-MR,both_stages_qualified_rate,47,3,1.0
common,40,RGA-MR,both_stages_qualified_rate,48,3,1.0
common,40,RGA-MR,both_stages_qualified_rate,49,3,1.0
common,40,RGA-MR,both_stages_qualified_rate,50,3,1.0
common,40,RGA-MR,both_stages_qualified_rate,51,3,1.0
common,40,RGA-MR,both_stages_qualified_rate,52,3,1.0
conditional,40,B-ALNS,both_stages_qualified_rate,45,3,1.0
conditional,40,B-ALNS,both_stages_qualified_rate,46,3,1.0
conditional,40,B-ALNS,both_stages_qualified_rate,47,3,1.0
conditional,40,B-ALNS,both_stages_qualified_rate,48,3,1.0
conditional,40,B-ALNS,both_stages_qualified_rate,49,3,1.0
conditional,40,B-ALNS,both_stages_qualified_rate,50,3,1.0
conditional,40,B-ALNS,both_stages_qualified_rate,51,3,1.0
conditional,40,B-ALNS,both_stages_qualified_rate,52,3,1.0
common,40,B-ALNS,both_stages_qualified_rate,45,3,1.0
common,40,B-ALNS,both_stages_qualified_rate,46,3,1.0
common,40,B-ALNS,both_stages_qualified_rate,47,3,1.0
common,40,B-ALNS,both_stages_qualified_rate,48,3,1.0
common,40,B-ALNS,both_stages_qualified_rate,49,3,1.0
common,40,B-ALNS,both_stages_qualified_rate,50,3,1.0
common,40,B-ALNS,both_stages_qualified_rate,51,3,1.0
common,40,B-ALNS,both_stages_qualified_rate,52,3,1.0
conditional,40,ESI-ALNS,both_stages_qualified_rate,45,3,1.0
conditional,40,ESI-ALNS,both_stages_qualified_rate,46,3,1.0
conditional,40,ESI-ALNS,both_stages_qualified_rate,47,3,1.0
conditional,40,ESI-ALNS,both_stages_qualified_rate,48,3,1.0
conditional,40,ESI-ALNS,both_stages_qualified_rate,49,3,1.0
conditional,40,ESI-ALNS,both_stages_qualified_rate,50,3,1.0
conditional,40,ESI-ALNS,both_stages_qualified_rate,51,3,1.0
conditional,40,ESI-ALNS,both_stages_qualified_rate,52,3,1.0
common,40,ESI-ALNS,both_stages_qualified_rate,45,3,1.0
common,40,ESI-ALNS,both_stages_qualified_rate,46,3,1.0
common,40,ESI-ALNS,both_stages_qualified_rate,47,3,1.0
common,40,ESI-ALNS,both_stages_qualified_rate,48,3,1.0
common,40,ESI-ALNS,both_stages_qualified_rate,49,3,1.0
common,40,ESI-ALNS,both_stages_qualified_rate,50,3,1.0
common,40,ESI-ALNS,both_stages_qualified_rate,51,3,1.0
common,40,ESI-ALNS,both_stages_qualified_rate,52,3,1.0
paired,40,GR-MR,both_stages_qualified_rate,45,3,0.0
paired,40,GR-MR,both_stages_qualified_rate,46,3,0.0
paired,40,GR-MR,both_stages_qualified_rate,47,3,0.0
paired,40,GR-MR,both_stages_qualified_rate,48,3,0.0
paired,40,GR-MR,both_stages_qualified_rate,49,3,0.0
paired,40,GR-MR,both_stages_qualified_rate,50,3,0.0
paired,40,GR-MR,both_stages_qualified_rate,51,3,0.0
paired,40,GR-MR,both_stages_qualified_rate,52,3,0.0
paired,40,FTR-NM,both_stages_qualified_rate,45,3,0.0
paired,40,FTR-NM,both_stages_qualified_rate,46,3,0.0
paired,40,FTR-NM,both_stages_qualified_rate,47,3,0.0
paired,40,FTR-NM,both_stages_qualified_rate,48,3,0.0
paired,40,FTR-NM,both_stages_qualified_rate,49,3,0.0
paired,40,FTR-NM,both_stages_qualified_rate,50,3,0.0
paired,40,FTR-NM,both_stages_qualified_rate,51,3,0.0
paired,40,FTR-NM,both_stages_qualified_rate,52,3,0.0
paired,40,RGA-MR,both_stages_qualified_rate,45,3,0.0
paired,40,RGA-MR,both_stages_qualified_rate,46,3,0.0
paired,40,RGA-MR,both_stages_qualified_rate,47,3,0.0
paired,40,RGA-MR,both_stages_qualified_rate,48,3,0.0
paired,40,RGA-MR,both_stages_qualified_rate,49,3,0.0
paired,40,RGA-MR,both_stages_qualified_rate,50,3,0.0
paired,40,RGA-MR,both_stages_qualified_rate,51,3,0.0
paired,40,RGA-MR,both_stages_qualified_rate,52,3,0.0
paired,40,B-ALNS,both_stages_qualified_rate,45,3,0.0
paired,40,B-ALNS,both_stages_qualified_rate,46,3,0.0
paired,40,B-ALNS,both_stages_qualified_rate,47,3,0.0
paired,40,B-ALNS,both_stages_qualified_rate,48,3,0.0
paired,40,B-ALNS,both_stages_qualified_rate,49,3,0.0
paired,40,B-ALNS,both_stages_qualified_rate,50,3,0.0
paired,40,B-ALNS,both_stages_qualified_rate,51,3,0.0
paired,40,B-ALNS,both_stages_qualified_rate,52,3,0.0
conditional,40,GR-MR,contacts,45,1,0.0
conditional,40,GR-MR,contacts,46,1,0.0
conditional,40,GR-MR,contacts,47,1,0.0
conditional,40,GR-MR,contacts,48,1,0.0
conditional,40,GR-MR,contacts,49,1,0.0
conditional,40,GR-MR,contacts,50,1,1.0
conditional,40,GR-MR,contacts,51,1,0.0
conditional,40,GR-MR,contacts,52,1,0.0
common,40,GR-MR,contacts,45,3,0.0
common,40,GR-MR,contacts,46,3,0.0
common,40,GR-MR,contacts,47,3,0.0
common,40,GR-MR,contacts,48,3,0.0
common,40,GR-MR,contacts,49,3,0.0
common,40,GR-MR,contacts,50,3,1.0
common,40,GR-MR,contacts,51,3,0.0
common,40,GR-MR,contacts,52,3,0.0
conditional,40,FTR-NM,contacts,45,1,0.0
conditional,40,FTR-NM,contacts,46,1,0.0
conditional,40,FTR-NM,contacts,47,1,0.0
conditional,40,FTR-NM,contacts,48,1,0.0
conditional,40,FTR-NM,contacts,49,1,0.0
conditional,40,FTR-NM,contacts,50,1,1.0
conditional,40,FTR-NM,contacts,51,1,0.0
conditional,40,FTR-NM,contacts,52,1,0.0
common,40,FTR-NM,contacts,45,3,0.0
common,40,FTR-NM,contacts,46,3,0.0
common,40,FTR-NM,contacts,47,3,0.0
common,40,FTR-NM,contacts,48,3,0.0
common,40,FTR-NM,contacts,49,3,0.0
common,40,FTR-NM,contacts,50,3,1.0
common,40,FTR-NM,contacts,51,3,0.0
common,40,FTR-NM,contacts,52,3,0.0
conditional,40,RGA-MR,contacts,45,3,0.0
conditional,40,RGA-MR,contacts,46,3,0.0
conditional,40,RGA-MR,contacts,47,3,0.0
conditional,40,RGA-MR,contacts,48,3,0.0
conditional,40,RGA-MR,contacts,49,3,0.0
conditional,40,RGA-MR,contacts,50,3,1.0
conditional,40,RGA-MR,contacts,51,3,0.0
conditional,40,RGA-MR,contacts,52,3,0.0
common,40,RGA-MR,contacts,45,3,0.0
common,40,RGA-MR,contacts,46,3,0.0
common,40,RGA-MR,contacts,47,3,0.0
common,40,RGA-MR,contacts,48,3,0.0
common,40,RGA-MR,contacts,49,3,0.0
common,40,RGA-MR,contacts,50,3,1.0
common,40,RGA-MR,contacts,51,3,0.0
common,40,RGA-MR,contacts,52,3,0.0
conditional,40,B-ALNS,contacts,45,3,2.0
conditional,40,B-ALNS,contacts,46,3,1.3333333333333333
conditional,40,B-ALNS,contacts,47,3,3.0
conditional,40,B-ALNS,contacts,48,3,1.6666666666666667
conditional,40,B-ALNS,contacts,49,3,1.6666666666666667
conditional,40,B-ALNS,contacts,50,3,2.0
conditional,40,B-ALNS,contacts,51,3,2.3333333333333335
conditional,40,B-ALNS,contacts,52,3,1.0
common,40,B-ALNS,contacts,45,3,2.0
common,40,B-ALNS,contacts,46,3,1.3333333333333333
common,40,B-ALNS,contacts,47,3,3.0
common,40,B-ALNS,contacts,48,3,1.6666666666666667
common,40,B-ALNS,contacts,49,3,1.6666666666666667
common,40,B-ALNS,contacts,50,3,2.0
common,40,B-ALNS,contacts,51,3,2.3333333333333335
common,40,B-ALNS,contacts,52,3,1.0
conditional,40,ESI-ALNS,contacts,45,3,2.0
conditional,40,ESI-ALNS,contacts,46,3,1.3333333333333333
conditional,40,ESI-ALNS,contacts,47,3,2.3333333333333335
conditional,40,ESI-ALNS,contacts,48,3,2.0
conditional,40,ESI-ALNS,contacts,49,3,1.6666666666666667
conditional,40,ESI-ALNS,contacts,50,3,2.0
conditional,40,ESI-ALNS,contacts,51,3,2.3333333333333335
conditional,40,ESI-ALNS,contacts,52,3,1.0
common,40,ESI-ALNS,contacts,45,3,2.0
common,40,ESI-ALNS,contacts,46,3,1.3333333333333333
common,40,ESI-ALNS,contacts,47,3,2.3333333333333335
common,40,ESI-ALNS,contacts,48,3,2.0
common,40,ESI-ALNS,contacts,49,3,1.6666666666666667
common,40,ESI-ALNS,contacts,50,3,2.0
common,40,ESI-ALNS,contacts,51,3,2.3333333333333335
common,40,ESI-ALNS,contacts,52,3,1.0
paired,40,GR-MR,contacts,45,3,2.0
paired,40,GR-MR,contacts,46,3,1.3333333333333333
paired,40,GR-MR,contacts,47,3,2.3333333333333335
paired,40,GR-MR,contacts,48,3,2.0
paired,40,GR-MR,contacts,49,3,1.6666666666666667
paired,40,GR-MR,contacts,50,3,1.0
paired,40,GR-MR,contacts,51,3,2.3333333333333335
paired,40,GR-MR,contacts,52,3,1.0
paired,40,FTR-NM,contacts,45,3,2.0
paired,40,FTR-NM,contacts,46,3,1.3333333333333333
paired,40,FTR-NM,contacts,47,3,2.3333333333333335
paired,40,FTR-NM,contacts,48,3,2.0
paired,40,FTR-NM,contacts,49,3,1.6666666666666667
paired,40,FTR-NM,contacts,50,3,1.0
paired,40,FTR-NM,contacts,51,3,2.3333333333333335
paired,40,FTR-NM,contacts,52,3,1.0
paired,40,RGA-MR,contacts,45,3,2.0
paired,40,RGA-MR,contacts,46,3,1.3333333333333333
paired,40,RGA-MR,contacts,47,3,2.3333333333333335
paired,40,RGA-MR,contacts,48,3,2.0
paired,40,RGA-MR,contacts,49,3,1.6666666666666667
paired,40,RGA-MR,contacts,50,3,1.0
paired,40,RGA-MR,contacts,51,3,2.3333333333333335
paired,40,RGA-MR,contacts,52,3,1.0
paired,40,B-ALNS,contacts,45,3,0.0
paired,40,B-ALNS,contacts,46,3,0.0
paired,40,B-ALNS,contacts,47,3,-0.6666666666666666
paired,40,B-ALNS,contacts,48,3,0.3333333333333333
paired,40,B-ALNS,contacts,49,3,0.0
paired,40,B-ALNS,contacts,50,3,0.0
paired,40,B-ALNS,contacts,51,3,0.0
paired,40,B-ALNS,contacts,52,3,0.0
conditional,40,GR-MR,cpu_stage2_minus_stage1,45,1,0.0
conditional,40,GR-MR,cpu_stage2_minus_stage1,46,1,0.0
conditional,40,GR-MR,cpu_stage2_minus_stage1,47,1,0.0
conditional,40,GR-MR,cpu_stage2_minus_stage1,48,1,0.0
conditional,40,GR-MR,cpu_stage2_minus_stage1,49,1,0.0
conditional,40,GR-MR,cpu_stage2_minus_stage1,50,1,-0.6929993913833408
conditional,40,GR-MR,cpu_stage2_minus_stage1,51,1,0.0
conditional,40,GR-MR,cpu_stage2_minus_stage1,52,1,0.0
common,40,GR-MR,cpu_stage2_minus_stage1,45,3,0.0
common,40,GR-MR,cpu_stage2_minus_stage1,46,3,0.0
common,40,GR-MR,cpu_stage2_minus_stage1,47,3,0.0
common,40,GR-MR,cpu_stage2_minus_stage1,48,3,0.0
common,40,GR-MR,cpu_stage2_minus_stage1,49,3,0.0
common,40,GR-MR,cpu_stage2_minus_stage1,50,3,-0.6929993913833408
common,40,GR-MR,cpu_stage2_minus_stage1,51,3,0.0
common,40,GR-MR,cpu_stage2_minus_stage1,52,3,0.0
conditional,40,FTR-NM,cpu_stage2_minus_stage1,45,1,0.0
conditional,40,FTR-NM,cpu_stage2_minus_stage1,46,1,0.0
conditional,40,FTR-NM,cpu_stage2_minus_stage1,47,1,0.0
conditional,40,FTR-NM,cpu_stage2_minus_stage1,48,1,0.0
conditional,40,FTR-NM,cpu_stage2_minus_stage1,49,1,0.0
conditional,40,FTR-NM,cpu_stage2_minus_stage1,50,1,-0.6960893902422549
conditional,40,FTR-NM,cpu_stage2_minus_stage1,51,1,0.0
conditional,40,FTR-NM,cpu_stage2_minus_stage1,52,1,0.0
common,40,FTR-NM,cpu_stage2_minus_stage1,45,3,0.0
common,40,FTR-NM,cpu_stage2_minus_stage1,46,3,0.0
common,40,FTR-NM,cpu_stage2_minus_stage1,47,3,0.0
common,40,FTR-NM,cpu_stage2_minus_stage1,48,3,0.0
common,40,FTR-NM,cpu_stage2_minus_stage1,49,3,0.0
common,40,FTR-NM,cpu_stage2_minus_stage1,50,3,-0.6960893902422549
common,40,FTR-NM,cpu_stage2_minus_stage1,51,3,0.0
common,40,FTR-NM,cpu_stage2_minus_stage1,52,3,0.0
conditional,40,RGA-MR,cpu_stage2_minus_stage1,45,3,0.0
conditional,40,RGA-MR,cpu_stage2_minus_stage1,46,3,0.0
conditional,40,RGA-MR,cpu_stage2_minus_stage1,47,3,0.0
conditional,40,RGA-MR,cpu_stage2_minus_stage1,48,3,0.0
conditional,40,RGA-MR,cpu_stage2_minus_stage1,49,3,0.0
conditional,40,RGA-MR,cpu_stage2_minus_stage1,50,3,-0.6929993913833408
conditional,40,RGA-MR,cpu_stage2_minus_stage1,51,3,0.0
conditional,40,RGA-MR,cpu_stage2_minus_stage1,52,3,0.0
common,40,RGA-MR,cpu_stage2_minus_stage1,45,3,0.0
common,40,RGA-MR,cpu_stage2_minus_stage1,46,3,0.0
common,40,RGA-MR,cpu_stage2_minus_stage1,47,3,0.0
common,40,RGA-MR,cpu_stage2_minus_stage1,48,3,0.0
common,40,RGA-MR,cpu_stage2_minus_stage1,49,3,0.0
common,40,RGA-MR,cpu_stage2_minus_stage1,50,3,-0.6929993913833408
common,40,RGA-MR,cpu_stage2_minus_stage1,51,3,0.0
common,40,RGA-MR,cpu_stage2_minus_stage1,52,3,0.0
conditional,40,B-ALNS,cpu_stage2_minus_stage1,45,3,-1.112223165134516
conditional,40,B-ALNS,cpu_stage2_minus_stage1,46,3,-0.43827606216184345
conditional,40,B-ALNS,cpu_stage2_minus_stage1,47,3,-0.5227442254985855
conditional,40,B-ALNS,cpu_stage2_minus_stage1,48,3,-0.3330180516123656
conditional,40,B-ALNS,cpu_stage2_minus_stage1,49,3,-0.8111350530496183
conditional,40,B-ALNS,cpu_stage2_minus_stage1,50,3,-0.4746832804582111
conditional,40,B-ALNS,cpu_stage2_minus_stage1,51,3,-0.6077948656328552
conditional,40,B-ALNS,cpu_stage2_minus_stage1,52,3,-0.4966842564480693
common,40,B-ALNS,cpu_stage2_minus_stage1,45,3,-1.112223165134516
common,40,B-ALNS,cpu_stage2_minus_stage1,46,3,-0.43827606216184345
common,40,B-ALNS,cpu_stage2_minus_stage1,47,3,-0.5227442254985855
common,40,B-ALNS,cpu_stage2_minus_stage1,48,3,-0.3330180516123656
common,40,B-ALNS,cpu_stage2_minus_stage1,49,3,-0.8111350530496183
common,40,B-ALNS,cpu_stage2_minus_stage1,50,3,-0.4746832804582111
common,40,B-ALNS,cpu_stage2_minus_stage1,51,3,-0.6077948656328552
common,40,B-ALNS,cpu_stage2_minus_stage1,52,3,-0.4966842564480693
conditional,40,ESI-ALNS,cpu_stage2_minus_stage1,45,3,-1.112223165134516
conditional,40,ESI-ALNS,cpu_stage2_minus_stage1,46,3,-0.43827606216184345
conditional,40,ESI-ALNS,cpu_stage2_minus_stage1,47,3,-0.609422078969959
conditional,40,ESI-ALNS,cpu_stage2_minus_stage1,48,3,-0.2584669517265302
conditional,40,ESI-ALNS,cpu_stage2_minus_stage1,49,3,-0.8111350530496183
conditional,40,ESI-ALNS,cpu_stage2_minus_stage1,50,3,-0.47671886893925186
conditional,40,ESI-ALNS,cpu_stage2_minus_stage1,51,3,-0.6077948656328552
conditional,40,ESI-ALNS,cpu_stage2_minus_stage1,52,3,-0.4961153119746961
common,40,ESI-ALNS,cpu_stage2_minus_stage1,45,3,-1.112223165134516
common,40,ESI-ALNS,cpu_stage2_minus_stage1,46,3,-0.43827606216184345
common,40,ESI-ALNS,cpu_stage2_minus_stage1,47,3,-0.609422078969959
common,40,ESI-ALNS,cpu_stage2_minus_stage1,48,3,-0.2584669517265302
common,40,ESI-ALNS,cpu_stage2_minus_stage1,49,3,-0.8111350530496183
common,40,ESI-ALNS,cpu_stage2_minus_stage1,50,3,-0.47671886893925186
common,40,ESI-ALNS,cpu_stage2_minus_stage1,51,3,-0.6077948656328552
common,40,ESI-ALNS,cpu_stage2_minus_stage1,52,3,-0.4961153119746961
paired,40,GR-MR,cpu_stage2_minus_stage1,45,3,-1.112223165134516
paired,40,GR-MR,cpu_stage2_minus_stage1,46,3,-0.43827606216184345
paired,40,GR-MR,cpu_stage2_minus_stage1,47,3,-0.609422078969959
paired,40,GR-MR,cpu_stage2_minus_stage1,48,3,-0.2584669517265302
paired,40,GR-MR,cpu_stage2_minus_stage1,49,3,-0.8111350530496183
paired,40,GR-MR,cpu_stage2_minus_stage1,50,3,0.2162805224440889
paired,40,GR-MR,cpu_stage2_minus_stage1,51,3,-0.6077948656328552
paired,40,GR-MR,cpu_stage2_minus_stage1,52,3,-0.4961153119746961
paired,40,FTR-NM,cpu_stage2_minus_stage1,45,3,-1.112223165134516
paired,40,FTR-NM,cpu_stage2_minus_stage1,46,3,-0.43827606216184345
paired,40,FTR-NM,cpu_stage2_minus_stage1,47,3,-0.609422078969959
paired,40,FTR-NM,cpu_stage2_minus_stage1,48,3,-0.2584669517265302
paired,40,FTR-NM,cpu_stage2_minus_stage1,49,3,-0.8111350530496183
paired,40,FTR-NM,cpu_stage2_minus_stage1,50,3,0.21937052130300305
paired,40,FTR-NM,cpu_stage2_minus_stage1,51,3,-0.6077948656328552
paired,40,FTR-NM,cpu_stage2_minus_stage1,52,3,-0.4961153119746961
paired,40,RGA-MR,cpu_stage2_minus_stage1,45,3,-1.112223165134516
paired,40,RGA-MR,cpu_stage2_minus_stage1,46,3,-0.43827606216184345
paired,40,RGA-MR,cpu_stage2_minus_stage1,47,3,-0.609422078969959
paired,40,RGA-MR,cpu_stage2_minus_stage1,48,3,-0.2584669517265302
paired,40,RGA-MR,cpu_stage2_minus_stage1,49,3,-0.8111350530496183
paired,40,RGA-MR,cpu_stage2_minus_stage1,50,3,0.2162805224440889
paired,40,RGA-MR,cpu_stage2_minus_stage1,51,3,-0.6077948656328552
paired,40,RGA-MR,cpu_stage2_minus_stage1,52,3,-0.4961153119746961
paired,40,B-ALNS,cpu_stage2_minus_stage1,45,3,0.0
paired,40,B-ALNS,cpu_stage2_minus_stage1,46,3,0.0
paired,40,B-ALNS,cpu_stage2_minus_stage1,47,3,-0.08667785347137358
paired,40,B-ALNS,cpu_stage2_minus_stage1,48,3,0.07455109988583535
paired,40,B-ALNS,cpu_stage2_minus_stage1,49,3,0.0
paired,40,B-ALNS,cpu_stage2_minus_stage1,50,3,-0.0020355884810407585
paired,40,B-ALNS,cpu_stage2_minus_stage1,51,3,0.0
paired,40,B-ALNS,cpu_stage2_minus_stage1,52,3,0.0005689444733731897
conditional,40,GR-MR,energy_stage2_minus_stage1_j,45,1,0.19589042000006884
conditional,40,GR-MR,energy_stage2_minus_stage1_j,46,1,0.16745068662567064
conditional,40,GR-MR,energy_stage2_minus_stage1_j,47,1,0.16894252185011283
conditional,40,GR-MR,energy_stage2_minus_stage1_j,48,1,0.16475068021100014
conditional,40,GR-MR,energy_stage2_minus_stage1_j,49,1,0.16997877770336345
conditional,40,GR-MR,energy_stage2_minus_stage1_j,50,1,0.17106709760264494
conditional,40,GR-MR,energy_stage2_minus_stage1_j,51,1,0.18077481939690188
conditional,40,GR-MR,energy_stage2_minus_stage1_j,52,1,0.18656028012628667
common,40,GR-MR,energy_stage2_minus_stage1_j,45,3,0.19589042000006884
common,40,GR-MR,energy_stage2_minus_stage1_j,46,3,0.16745068662567064
common,40,GR-MR,energy_stage2_minus_stage1_j,47,3,0.16894252185011283
common,40,GR-MR,energy_stage2_minus_stage1_j,48,3,0.16475068021100014
common,40,GR-MR,energy_stage2_minus_stage1_j,49,3,0.16997877770336345
common,40,GR-MR,energy_stage2_minus_stage1_j,50,3,0.17106709760264494
common,40,GR-MR,energy_stage2_minus_stage1_j,51,3,0.18077481939690188
common,40,GR-MR,energy_stage2_minus_stage1_j,52,3,0.18656028012628667
conditional,40,FTR-NM,energy_stage2_minus_stage1_j,45,1,0.19589042000006884
conditional,40,FTR-NM,energy_stage2_minus_stage1_j,46,1,0.16745068662567064
conditional,40,FTR-NM,energy_stage2_minus_stage1_j,47,1,0.16894252185011283
conditional,40,FTR-NM,energy_stage2_minus_stage1_j,48,1,0.16475068021100014
conditional,40,FTR-NM,energy_stage2_minus_stage1_j,49,1,0.16997877770336345
conditional,40,FTR-NM,energy_stage2_minus_stage1_j,50,1,0.17167538072681054
conditional,40,FTR-NM,energy_stage2_minus_stage1_j,51,1,0.18077481939690188
conditional,40,FTR-NM,energy_stage2_minus_stage1_j,52,1,0.18656028012628667
common,40,FTR-NM,energy_stage2_minus_stage1_j,45,3,0.19589042000006884
common,40,FTR-NM,energy_stage2_minus_stage1_j,46,3,0.16745068662567064
common,40,FTR-NM,energy_stage2_minus_stage1_j,47,3,0.16894252185011283
common,40,FTR-NM,energy_stage2_minus_stage1_j,48,3,0.16475068021100014
common,40,FTR-NM,energy_stage2_minus_stage1_j,49,3,0.16997877770336345
common,40,FTR-NM,energy_stage2_minus_stage1_j,50,3,0.17167538072681054
common,40,FTR-NM,energy_stage2_minus_stage1_j,51,3,0.18077481939690188
common,40,FTR-NM,energy_stage2_minus_stage1_j,52,3,0.18656028012628667
conditional,40,RGA-MR,energy_stage2_minus_stage1_j,45,3,0.1958127947000321
conditional,40,RGA-MR,energy_stage2_minus_stage1_j,46,3,0.16745068662567064
conditional,40,RGA-MR,energy_stage2_minus_stage1_j,47,3,0.16859504465052547
conditional,40,RGA-MR,energy_stage2_minus_stage1_j,48,3,0.16420283755481554
conditional,40,RGA-MR,energy_stage2_minus_stage1_j,49,3,0.16914631068357266
conditional,40,RGA-MR,energy_stage2_minus_stage1_j,50,3,0.17106709760264494
conditional,40,RGA-MR,energy_stage2_minus_stage1_j,51,3,0.18030267827756083
conditional,40,RGA-MR,energy_stage2_minus_stage1_j,52,3,0.18656028012628667
common,40,RGA-MR,energy_stage2_minus_stage1_j,45,3,0.1958127947000321
common,40,RGA-MR,energy_stage2_minus_stage1_j,46,3,0.16745068662567064
common,40,RGA-MR,energy_stage2_minus_stage1_j,47,3,0.16859504465052547
common,40,RGA-MR,energy_stage2_minus_stage1_j,48,3,0.16420283755481554
common,40,RGA-MR,energy_stage2_minus_stage1_j,49,3,0.16914631068357266
common,40,RGA-MR,energy_stage2_minus_stage1_j,50,3,0.17106709760264494
common,40,RGA-MR,energy_stage2_minus_stage1_j,51,3,0.18030267827756083
common,40,RGA-MR,energy_stage2_minus_stage1_j,52,3,0.18656028012628667
conditional,40,B-ALNS,energy_stage2_minus_stage1_j,45,3,0.11260506433124344
conditional,40,B-ALNS,energy_stage2_minus_stage1_j,46,3,0.1140217743619966
conditional,40,B-ALNS,energy_stage2_minus_stage1_j,47,3,0.1361720210600955
conditional,40,B-ALNS,energy_stage2_minus_stage1_j,48,3,0.10201926080723449
conditional,40,B-ALNS,energy_stage2_minus_stage1_j,49,3,0.11015066625744414
conditional,40,B-ALNS,energy_stage2_minus_stage1_j,50,3,0.13940473026013933
conditional,40,B-ALNS,energy_stage2_minus_stage1_j,51,3,0.14408960038175186
conditional,40,B-ALNS,energy_stage2_minus_stage1_j,52,3,0.1284068044333253
common,40,B-ALNS,energy_stage2_minus_stage1_j,45,3,0.11260506433124344
common,40,B-ALNS,energy_stage2_minus_stage1_j,46,3,0.1140217743619966
common,40,B-ALNS,energy_stage2_minus_stage1_j,47,3,0.1361720210600955
common,40,B-ALNS,energy_stage2_minus_stage1_j,48,3,0.10201926080723449
common,40,B-ALNS,energy_stage2_minus_stage1_j,49,3,0.11015066625744414
common,40,B-ALNS,energy_stage2_minus_stage1_j,50,3,0.13940473026013933
common,40,B-ALNS,energy_stage2_minus_stage1_j,51,3,0.14408960038175186
common,40,B-ALNS,energy_stage2_minus_stage1_j,52,3,0.1284068044333253
conditional,40,ESI-ALNS,energy_stage2_minus_stage1_j,45,3,0.11260506433124344
conditional,40,ESI-ALNS,energy_stage2_minus_stage1_j,46,3,0.1140217743619966
conditional,40,ESI-ALNS,energy_stage2_minus_stage1_j,47,3,0.12841627974800454
conditional,40,ESI-ALNS,energy_stage2_minus_stage1_j,48,3,0.10255035683318663
conditional,40,ESI-ALNS,energy_stage2_minus_stage1_j,49,3,0.11015066625744414
conditional,40,ESI-ALNS,energy_stage2_minus_stage1_j,50,3,0.13928430455659205
conditional,40,ESI-ALNS,energy_stage2_minus_stage1_j,51,3,0.14408960038175186
conditional,40,ESI-ALNS,energy_stage2_minus_stage1_j,52,3,0.12658693683139668
common,40,ESI-ALNS,energy_stage2_minus_stage1_j,45,3,0.11260506433124344
common,40,ESI-ALNS,energy_stage2_minus_stage1_j,46,3,0.1140217743619966
common,40,ESI-ALNS,energy_stage2_minus_stage1_j,47,3,0.12841627974800454
common,40,ESI-ALNS,energy_stage2_minus_stage1_j,48,3,0.10255035683318663
common,40,ESI-ALNS,energy_stage2_minus_stage1_j,49,3,0.11015066625744414
common,40,ESI-ALNS,energy_stage2_minus_stage1_j,50,3,0.13928430455659205
common,40,ESI-ALNS,energy_stage2_minus_stage1_j,51,3,0.14408960038175186
common,40,ESI-ALNS,energy_stage2_minus_stage1_j,52,3,0.12658693683139668
paired,40,GR-MR,energy_stage2_minus_stage1_j,45,3,-0.0832853556688254
paired,40,GR-MR,energy_stage2_minus_stage1_j,46,3,-0.05342891226367404
paired,40,GR-MR,energy_stage2_minus_stage1_j,47,3,-0.04052624210210828
paired,40,GR-MR,energy_stage2_minus_stage1_j,48,3,-0.062200323377813525
paired,40,GR-MR,energy_stage2_minus_stage1_j,49,3,-0.0598281114459193
paired,40,GR-MR,energy_stage2_minus_stage1_j,50,3,-0.03178279304605288
paired,40,GR-MR,energy_stage2_minus_stage1_j,51,3,-0.03668521901515002
paired,40,GR-MR,energy_stage2_minus_stage1_j,52,3,-0.05997334329488998
paired,40,FTR-NM,energy_stage2_minus_stage1_j,45,3,-0.0832853556688254
paired,40,FTR-NM,energy_stage2_minus_stage1_j,46,3,-0.05342891226367404
paired,40,FTR-NM,energy_stage2_minus_stage1_j,47,3,-0.04052624210210828
paired,40,FTR-NM,energy_stage2_minus_stage1_j,48,3,-0.062200323377813525
paired,40,FTR-NM,energy_stage2_minus_stage1_j,49,3,-0.0598281114459193
paired,40,FTR-NM,energy_stage2_minus_stage1_j,50,3,-0.03239107617021849
paired,40,FTR-NM,energy_stage2_minus_stage1_j,51,3,-0.03668521901515002
paired,40,FTR-NM,energy_stage2_minus_stage1_j,52,3,-0.05997334329488998
paired,40,RGA-MR,energy_stage2_minus_stage1_j,45,3,-0.08320773036878866
paired,40,RGA-MR,energy_stage2_minus_stage1_j,46,3,-0.05342891226367404
paired,40,RGA-MR,energy_stage2_minus_stage1_j,47,3,-0.040178764902520925
paired,40,RGA-MR,energy_stage2_minus_stage1_j,48,3,-0.06165248072162891
paired,40,RGA-MR,energy_stage2_minus_stage1_j,49,3,-0.058995644426128514
paired,40,RGA-MR,energy_stage2_minus_stage1_j,50,3,-0.03178279304605288
paired,40,RGA-MR,energy_stage2_minus_stage1_j,51,3,-0.036213077895808965
paired,40,RGA-MR,energy_stage2_minus_stage1_j,52,3,-0.05997334329488998
paired,40,B-ALNS,energy_stage2_minus_stage1_j,45,3,0.0
paired,40,B-ALNS,energy_stage2_minus_stage1_j,46,3,0.0
paired,40,B-ALNS,energy_stage2_minus_stage1_j,47,3,-0.007755741312090929
paired,40,B-ALNS,energy_stage2_minus_stage1_j,48,3,0.000531096025952138
paired,40,B-ALNS,energy_stage2_minus_stage1_j,49,3,0.0
paired,40,B-ALNS,energy_stage2_minus_stage1_j,50,3,-0.00012042570354727407
paired,40,B-ALNS,energy_stage2_minus_stage1_j,51,3,0.0
paired,40,B-ALNS,energy_stage2_minus_stage1_j,52,3,-0.0018198676019286115
conditional,40,GR-MR,mean_delay_s,45,1,197.677837481822
conditional,40,GR-MR,mean_delay_s,46,1,202.82885544710896
conditional,40,GR-MR,mean_delay_s,47,1,199.41676412081634
conditional,40,GR-MR,mean_delay_s,48,1,179.4393661249671
conditional,40,GR-MR,mean_delay_s,49,1,181.39943393343705
conditional,40,GR-MR,mean_delay_s,50,1,204.84107558215925
conditional,40,GR-MR,mean_delay_s,51,1,215.958891726788
conditional,40,GR-MR,mean_delay_s,52,1,217.03097862317082
common,40,GR-MR,mean_delay_s,45,3,197.677837481822
common,40,GR-MR,mean_delay_s,46,3,202.82885544710896
common,40,GR-MR,mean_delay_s,47,3,199.41676412081634
common,40,GR-MR,mean_delay_s,48,3,179.4393661249671
common,40,GR-MR,mean_delay_s,49,3,181.39943393343705
common,40,GR-MR,mean_delay_s,50,3,204.84107558215925
common,40,GR-MR,mean_delay_s,51,3,215.958891726788
common,40,GR-MR,mean_delay_s,52,3,217.03097862317082
conditional,40,FTR-NM,mean_delay_s,45,1,197.677837481822
conditional,40,FTR-NM,mean_delay_s,46,1,202.82885544710896
conditional,40,FTR-NM,mean_delay_s,47,1,199.41676412081634
conditional,40,FTR-NM,mean_delay_s,48,1,179.4393661249671
conditional,40,FTR-NM,mean_delay_s,49,1,181.39943393343705
conditional,40,FTR-NM,mean_delay_s,50,1,204.84454163876646
conditional,40,FTR-NM,mean_delay_s,51,1,215.958891726788
conditional,40,FTR-NM,mean_delay_s,52,1,217.03097862317082
common,40,FTR-NM,mean_delay_s,45,3,197.677837481822
common,40,FTR-NM,mean_delay_s,46,3,202.82885544710896
common,40,FTR-NM,mean_delay_s,47,3,199.41676412081634
common,40,FTR-NM,mean_delay_s,48,3,179.4393661249671
common,40,FTR-NM,mean_delay_s,49,3,181.39943393343705
common,40,FTR-NM,mean_delay_s,50,3,204.84454163876646
common,40,FTR-NM,mean_delay_s,51,3,215.958891726788
common,40,FTR-NM,mean_delay_s,52,3,217.03097862317082
conditional,40,RGA-MR,mean_delay_s,45,3,197.55469536764977
conditional,40,RGA-MR,mean_delay_s,46,3,202.82885544710896
conditional,40,RGA-MR,mean_delay_s,47,3,199.38055661534608
conditional,40,RGA-MR,mean_delay_s,48,3,176.92533595661394
conditional,40,RGA-MR,mean_delay_s,49,3,180.94398762658295
conditional,40,RGA-MR,mean_delay_s,50,3,204.84107558215925
conditional,40,RGA-MR,mean_delay_s,51,3,215.20491196146835
conditional,40,RGA-MR,mean_delay_s,52,3,217.03097862317082
common,40,RGA-MR,mean_delay_s,45,3,197.55469536764977
common,40,RGA-MR,mean_delay_s,46,3,202.82885544710896
common,40,RGA-MR,mean_delay_s,47,3,199.38055661534608
common,40,RGA-MR,mean_delay_s,48,3,176.92533595661394
common,40,RGA-MR,mean_delay_s,49,3,180.94398762658295
common,40,RGA-MR,mean_delay_s,50,3,204.84107558215925
common,40,RGA-MR,mean_delay_s,51,3,215.20491196146835
common,40,RGA-MR,mean_delay_s,52,3,217.03097862317082
conditional,40,B-ALNS,mean_delay_s,45,3,193.2351759588976
conditional,40,B-ALNS,mean_delay_s,46,3,197.45954944910997
conditional,40,B-ALNS,mean_delay_s,47,3,228.10011419937717
conditional,40,B-ALNS,mean_delay_s,48,3,196.20173702786352
conditional,40,B-ALNS,mean_delay_s,49,3,189.0688528010936
conditional,40,B-ALNS,mean_delay_s,50,3,196.593352267469
conditional,40,B-ALNS,mean_delay_s,51,3,224.59444567758192
conditional,40,B-ALNS,mean_delay_s,52,3,196.12421573753238
common,40,B-ALNS,mean_delay_s,45,3,193.2351759588976
common,40,B-ALNS,mean_delay_s,46,3,197.45954944910997
common,40,B-ALNS,mean_delay_s,47,3,228.10011419937717
common,40,B-ALNS,mean_delay_s,48,3,196.20173702786352
common,40,B-ALNS,mean_delay_s,49,3,189.0688528010936
common,40,B-ALNS,mean_delay_s,50,3,196.593352267469
common,40,B-ALNS,mean_delay_s,51,3,224.59444567758192
common,40,B-ALNS,mean_delay_s,52,3,196.12421573753238
conditional,40,ESI-ALNS,mean_delay_s,45,3,193.2351759588976
conditional,40,ESI-ALNS,mean_delay_s,46,3,197.45954944910997
conditional,40,ESI-ALNS,mean_delay_s,47,3,226.48931922466275
conditional,40,ESI-ALNS,mean_delay_s,48,3,201.61193144247375
conditional,40,ESI-ALNS,mean_delay_s,49,3,189.0688528010936
conditional,40,ESI-ALNS,mean_delay_s,50,3,195.20819134956926
conditional,40,ESI-ALNS,mean_delay_s,51,3,224.59444567758192
conditional,40,ESI-ALNS,mean_delay_s,52,3,193.671352573816
common,40,ESI-ALNS,mean_delay_s,45,3,193.2351759588976
common,40,ESI-ALNS,mean_delay_s,46,3,197.45954944910997
common,40,ESI-ALNS,mean_delay_s,47,3,226.48931922466275
common,40,ESI-ALNS,mean_delay_s,48,3,201.61193144247375
common,40,ESI-ALNS,mean_delay_s,49,3,189.0688528010936
common,40,ESI-ALNS,mean_delay_s,50,3,195.20819134956926
common,40,ESI-ALNS,mean_delay_s,51,3,224.59444567758192
common,40,ESI-ALNS,mean_delay_s,52,3,193.671352573816
paired,40,GR-MR,mean_delay_s,45,3,-4.442661522924396
paired,40,GR-MR,mean_delay_s,46,3,-5.369305997998983
paired,40,GR-MR,mean_delay_s,47,3,27.0725551038464
paired,40,GR-MR,mean_delay_s,48,3,22.17256531750665
paired,40,GR-MR,mean_delay_s,49,3,7.66941886765656
paired,40,GR-MR,mean_delay_s,50,3,-9.632884232589987
paired,40,GR-MR,mean_delay_s,51,3,8.635553950793897
paired,40,GR-MR,mean_delay_s,52,3,-23.35962604935483
paired,40,FTR-NM,mean_delay_s,45,3,-4.442661522924396
paired,40,FTR-NM,mean_delay_s,46,3,-5.369305997998983
paired,40,FTR-NM,mean_delay_s,47,3,27.0725551038464
paired,40,FTR-NM,mean_delay_s,48,3,22.17256531750665
paired,40,FTR-NM,mean_delay_s,49,3,7.66941886765656
paired,40,FTR-NM,mean_delay_s,50,3,-9.636350289197196
paired,40,FTR-NM,mean_delay_s,51,3,8.635553950793897
paired,40,FTR-NM,mean_delay_s,52,3,-23.35962604935483
paired,40,RGA-MR,mean_delay_s,45,3,-4.319519408752162
paired,40,RGA-MR,mean_delay_s,46,3,-5.369305997998983
paired,40,RGA-MR,mean_delay_s,47,3,27.10876260931666
paired,40,RGA-MR,mean_delay_s,48,3,24.686595485859822
paired,40,RGA-MR,mean_delay_s,49,3,8.12486517451066
paired,40,RGA-MR,mean_delay_s,50,3,-9.632884232589987
paired,40,RGA-MR,mean_delay_s,51,3,9.389533716113561
paired,40,RGA-MR,mean_delay_s,52,3,-23.35962604935483
paired,40,B-ALNS,mean_delay_s,45,3,0.0
paired,40,B-ALNS,mean_delay_s,46,3,0.0
paired,40,B-ALNS,mean_delay_s,47,3,-1.6107949747144232
paired,40,B-ALNS,mean_delay_s,48,3,5.410194414610241
paired,40,B-ALNS,mean_delay_s,49,3,0.0
paired,40,B-ALNS,mean_delay_s,50,3,-1.3851609178997155
paired,40,B-ALNS,mean_delay_s,51,3,0.0
paired,40,B-ALNS,mean_delay_s,52,3,-2.4528631637163776
conditional,40,GR-MR,min_deadline_slack_s,45,1,0.03796057443742029
conditional,40,GR-MR,min_deadline_slack_s,46,1,0.027405156641236772
conditional,40,GR-MR,min_deadline_slack_s,47,1,0.003659140030379149
conditional,40,GR-MR,min_deadline_slack_s,48,1,0.03268228704305898
conditional,40,GR-MR,min_deadline_slack_s,49,1,0.039718647925383266
conditional,40,GR-MR,min_deadline_slack_s,50,1,5.490505827765446e-10
conditional,40,GR-MR,min_deadline_slack_s,51,1,0.03704992347763891
conditional,40,GR-MR,min_deadline_slack_s,52,1,0.028520018222764065
common,40,GR-MR,min_deadline_slack_s,45,3,0.03796057443742029
common,40,GR-MR,min_deadline_slack_s,46,3,0.027405156641236772
common,40,GR-MR,min_deadline_slack_s,47,3,0.003659140030379149
common,40,GR-MR,min_deadline_slack_s,48,3,0.03268228704305898
common,40,GR-MR,min_deadline_slack_s,49,3,0.039718647925383266
common,40,GR-MR,min_deadline_slack_s,50,3,5.490505827765446e-10
common,40,GR-MR,min_deadline_slack_s,51,3,0.03704992347763891
common,40,GR-MR,min_deadline_slack_s,52,3,0.028520018222764065
conditional,40,FTR-NM,min_deadline_slack_s,45,1,0.03796057443742029
conditional,40,FTR-NM,min_deadline_slack_s,46,1,0.027405156641236772
conditional,40,FTR-NM,min_deadline_slack_s,47,1,0.003659140030379149
conditional,40,FTR-NM,min_deadline_slack_s,48,1,0.03268228704305898
conditional,40,FTR-NM,min_deadline_slack_s,49,1,0.039718647925383266
conditional,40,FTR-NM,min_deadline_slack_s,50,1,1.8364494280831423e-07
conditional,40,FTR-NM,min_deadline_slack_s,51,1,0.03704992347763891
conditional,40,FTR-NM,min_deadline_slack_s,52,1,0.028520018222764065
common,40,FTR-NM,min_deadline_slack_s,45,3,0.03796057443742029
common,40,FTR-NM,min_deadline_slack_s,46,3,0.027405156641236772
common,40,FTR-NM,min_deadline_slack_s,47,3,0.003659140030379149
common,40,FTR-NM,min_deadline_slack_s,48,3,0.03268228704305898
common,40,FTR-NM,min_deadline_slack_s,49,3,0.039718647925383266
common,40,FTR-NM,min_deadline_slack_s,50,3,1.8364494280831423e-07
common,40,FTR-NM,min_deadline_slack_s,51,3,0.03704992347763891
common,40,FTR-NM,min_deadline_slack_s,52,3,0.028520018222764065
conditional,40,RGA-MR,min_deadline_slack_s,45,3,0.03907183371675652
conditional,40,RGA-MR,min_deadline_slack_s,46,3,0.027405156641236772
conditional,40,RGA-MR,min_deadline_slack_s,47,3,0.00365166599431177
conditional,40,RGA-MR,min_deadline_slack_s,48,3,0.03193927218100612
conditional,40,RGA-MR,min_deadline_slack_s,49,3,0.036296748277133396
conditional,40,RGA-MR,min_deadline_slack_s,50,3,5.490505827765446e-10
conditional,40,RGA-MR,min_deadline_slack_s,51,3,0.03695236330808408
conditional,40,RGA-MR,min_deadline_slack_s,52,3,0.028520018222764065
common,40,RGA-MR,min_deadline_slack_s,45,3,0.03907183371675652
common,40,RGA-MR,min_deadline_slack_s,46,3,0.027405156641236772
common,40,RGA-MR,min_deadline_slack_s,47,3,0.00365166599431177
common,40,RGA-MR,min_deadline_slack_s,48,3,0.03193927218100612
common,40,RGA-MR,min_deadline_slack_s,49,3,0.036296748277133396
common,40,RGA-MR,min_deadline_slack_s,50,3,5.490505827765446e-10
common,40,RGA-MR,min_deadline_slack_s,51,3,0.03695236330808408
common,40,RGA-MR,min_deadline_slack_s,52,3,0.028520018222764065
conditional,40,B-ALNS,min_deadline_slack_s,45,3,-8.176249366442789e-08
conditional,40,B-ALNS,min_deadline_slack_s,46,3,3.290873943721332e-09
conditional,40,B-ALNS,min_deadline_slack_s,47,3,-2.2304880076262634e-07
conditional,40,B-ALNS,min_deadline_slack_s,48,3,1.985275351520007e-09
conditional,40,B-ALNS,min_deadline_slack_s,49,3,1.6046158179960912e-08
conditional,40,B-ALNS,min_deadline_slack_s,50,3,-3.7424767166764167e-07
conditional,40,B-ALNS,min_deadline_slack_s,51,3,-1.4173552168964912e-07
conditional,40,B-ALNS,min_deadline_slack_s,52,3,0.007974024820062672
common,40,B-ALNS,min_deadline_slack_s,45,3,-8.176249366442789e-08
common,40,B-ALNS,min_deadline_slack_s,46,3,3.290873943721332e-09
common,40,B-ALNS,min_deadline_slack_s,47,3,-2.2304880076262634e-07
common,40,B-ALNS,min_deadline_slack_s,48,3,1.985275351520007e-09
common,40,B-ALNS,min_deadline_slack_s,49,3,1.6046158179960912e-08
common,40,B-ALNS,min_deadline_slack_s,50,3,-3.7424767166764167e-07
common,40,B-ALNS,min_deadline_slack_s,51,3,-1.4173552168964912e-07
common,40,B-ALNS,min_deadline_slack_s,52,3,0.007974024820062672
conditional,40,ESI-ALNS,min_deadline_slack_s,45,3,-8.176249366442789e-08
conditional,40,ESI-ALNS,min_deadline_slack_s,46,3,3.290873943721332e-09
conditional,40,ESI-ALNS,min_deadline_slack_s,47,3,-5.140138152152455e-08
conditional,40,ESI-ALNS,min_deadline_slack_s,48,3,2.88082446786575e-10
conditional,40,ESI-ALNS,min_deadline_slack_s,49,3,1.6046158179960912e-08
conditional,40,ESI-ALNS,min_deadline_slack_s,50,3,-4.321933223157733e-07
conditional,40,ESI-ALNS,min_deadline_slack_s,51,3,-1.4173552168964912e-07
conditional,40,ESI-ALNS,min_deadline_slack_s,52,3,0.007974026405823528
common,40,ESI-ALNS,min_deadline_slack_s,45,3,-8.176249366442789e-08
common,40,ESI-ALNS,min_deadline_slack_s,46,3,3.290873943721332e-09
common,40,ESI-ALNS,min_deadline_slack_s,47,3,-5.140138152152455e-08
common,40,ESI-ALNS,min_deadline_slack_s,48,3,2.88082446786575e-10
common,40,ESI-ALNS,min_deadline_slack_s,49,3,1.6046158179960912e-08
common,40,ESI-ALNS,min_deadline_slack_s,50,3,-4.321933223157733e-07
common,40,ESI-ALNS,min_deadline_slack_s,51,3,-1.4173552168964912e-07
common,40,ESI-ALNS,min_deadline_slack_s,52,3,0.007974026405823528
paired,40,GR-MR,min_deadline_slack_s,45,3,-0.037960656199913956
paired,40,GR-MR,min_deadline_slack_s,46,3,-0.027405153350362827
paired,40,GR-MR,min_deadline_slack_s,47,3,-0.00365919143176067
paired,40,GR-MR,min_deadline_slack_s,48,3,-0.03268228675497653
paired,40,GR-MR,min_deadline_slack_s,49,3,-0.039718631879225086
paired,40,GR-MR,min_deadline_slack_s,50,3,-4.3274237289854983e-07
paired,40,GR-MR,min_deadline_slack_s,51,3,-0.0370500652131606
paired,40,GR-MR,min_deadline_slack_s,52,3,-0.02054599181694054
paired,40,FTR-NM,min_deadline_slack_s,45,3,-0.037960656199913956
paired,40,FTR-NM,min_deadline_slack_s,46,3,-0.027405153350362827
paired,40,FTR-NM,min_deadline_slack_s,47,3,-0.00365919143176067
paired,40,FTR-NM,min_deadline_slack_s,48,3,-0.03268228675497653
paired,40,FTR-NM,min_deadline_slack_s,49,3,-0.039718631879225086
paired,40,FTR-NM,min_deadline_slack_s,50,3,-6.158382651240876e-07
paired,40,FTR-NM,min_deadline_slack_s,51,3,-0.0370500652131606
paired,40,FTR-NM,min_deadline_slack_s,52,3,-0.02054599181694054
paired,40,RGA-MR,min_deadline_slack_s,45,3,-0.03907191547925019
paired,40,RGA-MR,min_deadline_slack_s,46,3,-0.027405153350362827
paired,40,RGA-MR,min_deadline_slack_s,47,3,-0.0036517173956932916
paired,40,RGA-MR,min_deadline_slack_s,48,3,-0.03193927189292367
paired,40,RGA-MR,min_deadline_slack_s,49,3,-0.036296732230975216
paired,40,RGA-MR,min_deadline_slack_s,50,3,-4.3274237289854983e-07
paired,40,RGA-MR,min_deadline_slack_s,51,3,-0.036952505043605775
paired,40,RGA-MR,min_deadline_slack_s,52,3,-0.02054599181694054
paired,40,B-ALNS,min_deadline_slack_s,45,3,0.0
paired,40,B-ALNS,min_deadline_slack_s,46,3,0.0
paired,40,B-ALNS,min_deadline_slack_s,47,3,1.716474192411018e-07
paired,40,B-ALNS,min_deadline_slack_s,48,3,-1.6971929047334318e-09
paired,40,B-ALNS,min_deadline_slack_s,49,3,0.0
paired,40,B-ALNS,min_deadline_slack_s,50,3,-5.7945650648131654e-08
paired,40,B-ALNS,min_deadline_slack_s,51,3,0.0
paired,40,B-ALNS,min_deadline_slack_s,52,3,1.5857608559599612e-09
conditional,40,GR-MR,normalized_mec_cpu,45,1,0.0
conditional,40,GR-MR,normalized_mec_cpu,46,1,0.0
conditional,40,GR-MR,normalized_mec_cpu,47,1,0.0
conditional,40,GR-MR,normalized_mec_cpu,48,1,0.0
conditional,40,GR-MR,normalized_mec_cpu,49,1,0.0
conditional,40,GR-MR,normalized_mec_cpu,50,1,0.025163032639759962
conditional,40,GR-MR,normalized_mec_cpu,51,1,0.0
conditional,40,GR-MR,normalized_mec_cpu,52,1,0.0
common,40,GR-MR,normalized_mec_cpu,45,3,0.0
common,40,GR-MR,normalized_mec_cpu,46,3,0.0
common,40,GR-MR,normalized_mec_cpu,47,3,0.0
common,40,GR-MR,normalized_mec_cpu,48,3,0.0
common,40,GR-MR,normalized_mec_cpu,49,3,0.0
common,40,GR-MR,normalized_mec_cpu,50,3,0.025163032639759962
common,40,GR-MR,normalized_mec_cpu,51,3,0.0
common,40,GR-MR,normalized_mec_cpu,52,3,0.0
conditional,40,FTR-NM,normalized_mec_cpu,45,1,0.0
conditional,40,FTR-NM,normalized_mec_cpu,46,1,0.0
conditional,40,FTR-NM,normalized_mec_cpu,47,1,0.0
conditional,40,FTR-NM,normalized_mec_cpu,48,1,0.0
conditional,40,FTR-NM,normalized_mec_cpu,49,1,0.0
conditional,40,FTR-NM,normalized_mec_cpu,50,1,0.02102922704273241
conditional,40,FTR-NM,normalized_mec_cpu,51,1,0.0
conditional,40,FTR-NM,normalized_mec_cpu,52,1,0.0
common,40,FTR-NM,normalized_mec_cpu,45,3,0.0
common,40,FTR-NM,normalized_mec_cpu,46,3,0.0
common,40,FTR-NM,normalized_mec_cpu,47,3,0.0
common,40,FTR-NM,normalized_mec_cpu,48,3,0.0
common,40,FTR-NM,normalized_mec_cpu,49,3,0.0
common,40,FTR-NM,normalized_mec_cpu,50,3,0.02102922704273241
common,40,FTR-NM,normalized_mec_cpu,51,3,0.0
common,40,FTR-NM,normalized_mec_cpu,52,3,0.0
conditional,40,RGA-MR,normalized_mec_cpu,45,3,0.0
conditional,40,RGA-MR,normalized_mec_cpu,46,3,0.0
conditional,40,RGA-MR,normalized_mec_cpu,47,3,0.0
conditional,40,RGA-MR,normalized_mec_cpu,48,3,0.0
conditional,40,RGA-MR,normalized_mec_cpu,49,3,0.0
conditional,40,RGA-MR,normalized_mec_cpu,50,3,0.025163032639759962
conditional,40,RGA-MR,normalized_mec_cpu,51,3,0.0
conditional,40,RGA-MR,normalized_mec_cpu,52,3,0.0
common,40,RGA-MR,normalized_mec_cpu,45,3,0.0
common,40,RGA-MR,normalized_mec_cpu,46,3,0.0
common,40,RGA-MR,normalized_mec_cpu,47,3,0.0
common,40,RGA-MR,normalized_mec_cpu,48,3,0.0
common,40,RGA-MR,normalized_mec_cpu,49,3,0.0
common,40,RGA-MR,normalized_mec_cpu,50,3,0.025163032639759962
common,40,RGA-MR,normalized_mec_cpu,51,3,0.0
common,40,RGA-MR,normalized_mec_cpu,52,3,0.0
conditional,40,B-ALNS,normalized_mec_cpu,45,3,0.49097430137186815
conditional,40,B-ALNS,normalized_mec_cpu,46,3,0.40509602025897257
conditional,40,B-ALNS,normalized_mec_cpu,47,3,0.6785283344260578
conditional,40,B-ALNS,normalized_mec_cpu,48,3,0.5604582094277416
conditional,40,B-ALNS,normalized_mec_cpu,49,3,0.23154418562034376
conditional,40,B-ALNS,normalized_mec_cpu,50,3,0.44576098002596104
conditional,40,B-ALNS,normalized_mec_cpu,51,3,0.5249761224962856
conditional,40,B-ALNS,normalized_mec_cpu,52,3,0.31585932702985553
common,40,B-ALNS,normalized_mec_cpu,45,3,0.49097430137186815
common,40,B-ALNS,normalized_mec_cpu,46,3,0.40509602025897257
common,40,B-ALNS,normalized_mec_cpu,47,3,0.6785283344260578
common,40,B-ALNS,normalized_mec_cpu,48,3,0.5604582094277416
common,40,B-ALNS,normalized_mec_cpu,49,3,0.23154418562034376
common,40,B-ALNS,normalized_mec_cpu,50,3,0.44576098002596104
common,40,B-ALNS,normalized_mec_cpu,51,3,0.5249761224962856
common,40,B-ALNS,normalized_mec_cpu,52,3,0.31585932702985553
conditional,40,ESI-ALNS,normalized_mec_cpu,45,3,0.49097430137186815
conditional,40,ESI-ALNS,normalized_mec_cpu,46,3,0.40509602025897257
conditional,40,ESI-ALNS,normalized_mec_cpu,47,3,0.5360474578618544
conditional,40,ESI-ALNS,normalized_mec_cpu,48,3,0.6673582590563539
conditional,40,ESI-ALNS,normalized_mec_cpu,49,3,0.23154418562034376
conditional,40,ESI-ALNS,normalized_mec_cpu,50,3,0.44407853758142984
conditional,40,ESI-ALNS,normalized_mec_cpu,51,3,0.5249761224962856
conditional,40,ESI-ALNS,normalized_mec_cpu,52,3,0.316319761884679
common,40,ESI-ALNS,normalized_mec_cpu,45,3,0.49097430137186815
common,40,ESI-ALNS,normalized_mec_cpu,46,3,0.40509602025897257
common,40,ESI-ALNS,normalized_mec_cpu,47,3,0.5360474578618544
common,40,ESI-ALNS,normalized_mec_cpu,48,3,0.6673582590563539
common,40,ESI-ALNS,normalized_mec_cpu,49,3,0.23154418562034376
common,40,ESI-ALNS,normalized_mec_cpu,50,3,0.44407853758142984
common,40,ESI-ALNS,normalized_mec_cpu,51,3,0.5249761224962856
common,40,ESI-ALNS,normalized_mec_cpu,52,3,0.316319761884679
paired,40,GR-MR,normalized_mec_cpu,45,3,0.49097430137186815
paired,40,GR-MR,normalized_mec_cpu,46,3,0.40509602025897257
paired,40,GR-MR,normalized_mec_cpu,47,3,0.5360474578618544
paired,40,GR-MR,normalized_mec_cpu,48,3,0.6673582590563539
paired,40,GR-MR,normalized_mec_cpu,49,3,0.23154418562034376
paired,40,GR-MR,normalized_mec_cpu,50,3,0.4189155049416699
paired,40,GR-MR,normalized_mec_cpu,51,3,0.5249761224962856
paired,40,GR-MR,normalized_mec_cpu,52,3,0.316319761884679
paired,40,FTR-NM,normalized_mec_cpu,45,3,0.49097430137186815
paired,40,FTR-NM,normalized_mec_cpu,46,3,0.40509602025897257
paired,40,FTR-NM,normalized_mec_cpu,47,3,0.5360474578618544
paired,40,FTR-NM,normalized_mec_cpu,48,3,0.6673582590563539
paired,40,FTR-NM,normalized_mec_cpu,49,3,0.23154418562034376
paired,40,FTR-NM,normalized_mec_cpu,50,3,0.42304931053869743
paired,40,FTR-NM,normalized_mec_cpu,51,3,0.5249761224962856
paired,40,FTR-NM,normalized_mec_cpu,52,3,0.316319761884679
paired,40,RGA-MR,normalized_mec_cpu,45,3,0.49097430137186815
paired,40,RGA-MR,normalized_mec_cpu,46,3,0.40509602025897257
paired,40,RGA-MR,normalized_mec_cpu,47,3,0.5360474578618544
paired,40,RGA-MR,normalized_mec_cpu,48,3,0.6673582590563539
paired,40,RGA-MR,normalized_mec_cpu,49,3,0.23154418562034376
paired,40,RGA-MR,normalized_mec_cpu,50,3,0.4189155049416699
paired,40,RGA-MR,normalized_mec_cpu,51,3,0.5249761224962856
paired,40,RGA-MR,normalized_mec_cpu,52,3,0.316319761884679
paired,40,B-ALNS,normalized_mec_cpu,45,3,0.0
paired,40,B-ALNS,normalized_mec_cpu,46,3,0.0
paired,40,B-ALNS,normalized_mec_cpu,47,3,-0.14248087656420338
paired,40,B-ALNS,normalized_mec_cpu,48,3,0.10690004962861237
paired,40,B-ALNS,normalized_mec_cpu,49,3,0.0
paired,40,B-ALNS,normalized_mec_cpu,50,3,-0.001682442444531233
paired,40,B-ALNS,normalized_mec_cpu,51,3,0.0
paired,40,B-ALNS,normalized_mec_cpu,52,3,0.0004604348548234531
conditional,40,GR-MR,offload_ratio,45,1,0.0
conditional,40,GR-MR,offload_ratio,46,1,0.0
conditional,40,GR-MR,offload_ratio,47,1,0.0
conditional,40,GR-MR,offload_ratio,48,1,0.0
conditional,40,GR-MR,offload_ratio,49,1,0.0
conditional,40,GR-MR,offload_ratio,50,1,0.025
conditional,40,GR-MR,offload_ratio,51,1,0.0
conditional,40,GR-MR,offload_ratio,52,1,0.0
common,40,GR-MR,offload_ratio,45,3,0.0
common,40,GR-MR,offload_ratio,46,3,0.0
common,40,GR-MR,offload_ratio,47,3,0.0
common,40,GR-MR,offload_ratio,48,3,0.0
common,40,GR-MR,offload_ratio,49,3,0.0
common,40,GR-MR,offload_ratio,50,3,0.025
common,40,GR-MR,offload_ratio,51,3,0.0
common,40,GR-MR,offload_ratio,52,3,0.0
conditional,40,FTR-NM,offload_ratio,45,1,0.0
conditional,40,FTR-NM,offload_ratio,46,1,0.0
conditional,40,FTR-NM,offload_ratio,47,1,0.0
conditional,40,FTR-NM,offload_ratio,48,1,0.0
conditional,40,FTR-NM,offload_ratio,49,1,0.0
conditional,40,FTR-NM,offload_ratio,50,1,0.025
conditional,40,FTR-NM,offload_ratio,51,1,0.0
conditional,40,FTR-NM,offload_ratio,52,1,0.0
common,40,FTR-NM,offload_ratio,45,3,0.0
common,40,FTR-NM,offload_ratio,46,3,0.0
common,40,FTR-NM,offload_ratio,47,3,0.0
common,40,FTR-NM,offload_ratio,48,3,0.0
common,40,FTR-NM,offload_ratio,49,3,0.0
common,40,FTR-NM,offload_ratio,50,3,0.025
common,40,FTR-NM,offload_ratio,51,3,0.0
common,40,FTR-NM,offload_ratio,52,3,0.0
conditional,40,RGA-MR,offload_ratio,45,3,0.0
conditional,40,RGA-MR,offload_ratio,46,3,0.0
conditional,40,RGA-MR,offload_ratio,47,3,0.0
conditional,40,RGA-MR,offload_ratio,48,3,0.0
conditional,40,RGA-MR,offload_ratio,49,3,0.0
conditional,40,RGA-MR,offload_ratio,50,3,0.025
conditional,40,RGA-MR,offload_ratio,51,3,0.0
conditional,40,RGA-MR,offload_ratio,52,3,0.0
common,40,RGA-MR,offload_ratio,45,3,0.0
common,40,RGA-MR,offload_ratio,46,3,0.0
common,40,RGA-MR,offload_ratio,47,3,0.0
common,40,RGA-MR,offload_ratio,48,3,0.0
common,40,RGA-MR,offload_ratio,49,3,0.0
common,40,RGA-MR,offload_ratio,50,3,0.025
common,40,RGA-MR,offload_ratio,51,3,0.0
common,40,RGA-MR,offload_ratio,52,3,0.0
conditional,40,B-ALNS,offload_ratio,45,3,0.10833333333333334
conditional,40,B-ALNS,offload_ratio,46,3,0.041666666666666664
conditional,40,B-ALNS,offload_ratio,47,3,0.125
conditional,40,B-ALNS,offload_ratio,48,3,0.05
conditional,40,B-ALNS,offload_ratio,49,3,0.05
conditional,40,B-ALNS,offload_ratio,50,3,0.075
conditional,40,B-ALNS,offload_ratio,51,3,0.075
conditional,40,B-ALNS,offload_ratio,52,3,0.025
common,40,B-ALNS,offload_ratio,45,3,0.10833333333333334
common,40,B-ALNS,offload_ratio,46,3,0.041666666666666664
common,40,B-ALNS,offload_ratio,47,3,0.125
common,40,B-ALNS,offload_ratio,48,3,0.05
common,40,B-ALNS,offload_ratio,49,3,0.05
common,40,B-ALNS,offload_ratio,50,3,0.075
common,40,B-ALNS,offload_ratio,51,3,0.075
common,40,B-ALNS,offload_ratio,52,3,0.025
conditional,40,ESI-ALNS,offload_ratio,45,3,0.10833333333333334
conditional,40,ESI-ALNS,offload_ratio,46,3,0.041666666666666664
conditional,40,ESI-ALNS,offload_ratio,47,3,0.11666666666666667
conditional,40,ESI-ALNS,offload_ratio,48,3,0.06666666666666667
conditional,40,ESI-ALNS,offload_ratio,49,3,0.05
conditional,40,ESI-ALNS,offload_ratio,50,3,0.075
conditional,40,ESI-ALNS,offload_ratio,51,3,0.075
conditional,40,ESI-ALNS,offload_ratio,52,3,0.025
common,40,ESI-ALNS,offload_ratio,45,3,0.10833333333333334
common,40,ESI-ALNS,offload_ratio,46,3,0.041666666666666664
common,40,ESI-ALNS,offload_ratio,47,3,0.11666666666666667
common,40,ESI-ALNS,offload_ratio,48,3,0.06666666666666667
common,40,ESI-ALNS,offload_ratio,49,3,0.05
common,40,ESI-ALNS,offload_ratio,50,3,0.075
common,40,ESI-ALNS,offload_ratio,51,3,0.075
common,40,ESI-ALNS,offload_ratio,52,3,0.025
paired,40,GR-MR,offload_ratio,45,3,0.10833333333333334
paired,40,GR-MR,offload_ratio,46,3,0.041666666666666664
paired,40,GR-MR,offload_ratio,47,3,0.11666666666666667
paired,40,GR-MR,offload_ratio,48,3,0.06666666666666667
paired,40,GR-MR,offload_ratio,49,3,0.05
paired,40,GR-MR,offload_ratio,50,3,0.05
paired,40,GR-MR,offload_ratio,51,3,0.075
paired,40,GR-MR,offload_ratio,52,3,0.025
paired,40,FTR-NM,offload_ratio,45,3,0.10833333333333334
paired,40,FTR-NM,offload_ratio,46,3,0.041666666666666664
paired,40,FTR-NM,offload_ratio,47,3,0.11666666666666667
paired,40,FTR-NM,offload_ratio,48,3,0.06666666666666667
paired,40,FTR-NM,offload_ratio,49,3,0.05
paired,40,FTR-NM,offload_ratio,50,3,0.05
paired,40,FTR-NM,offload_ratio,51,3,0.075
paired,40,FTR-NM,offload_ratio,52,3,0.025
paired,40,RGA-MR,offload_ratio,45,3,0.10833333333333334
paired,40,RGA-MR,offload_ratio,46,3,0.041666666666666664
paired,40,RGA-MR,offload_ratio,47,3,0.11666666666666667
paired,40,RGA-MR,offload_ratio,48,3,0.06666666666666667
paired,40,RGA-MR,offload_ratio,49,3,0.05
paired,40,RGA-MR,offload_ratio,50,3,0.05
paired,40,RGA-MR,offload_ratio,51,3,0.075
paired,40,RGA-MR,offload_ratio,52,3,0.025
paired,40,B-ALNS,offload_ratio,45,3,0.0
paired,40,B-ALNS,offload_ratio,46,3,0.0
paired,40,B-ALNS,offload_ratio,47,3,-0.008333333333333333
paired,40,B-ALNS,offload_ratio,48,3,0.016666666666666666
paired,40,B-ALNS,offload_ratio,49,3,0.0
paired,40,B-ALNS,offload_ratio,50,3,0.0
paired,40,B-ALNS,offload_ratio,51,3,0.0
paired,40,B-ALNS,offload_ratio,52,3,0.0
conditional,40,GR-MR,original_construction_search_s,45,1,0.021562549000009312
conditional,40,GR-MR,original_construction_search_s,46,1,0.016631692999993675
conditional,40,GR-MR,original_construction_search_s,47,1,0.016377630000008025
conditional,40,GR-MR,original_construction_search_s,48,1,0.01602419700000013
conditional,40,GR-MR,original_construction_search_s,49,1,0.008247165999996753
conditional,40,GR-MR,original_construction_search_s,50,1,0.03443051900000427
conditional,40,GR-MR,original_construction_search_s,51,1,0.015372606999989102
conditional,40,GR-MR,original_construction_search_s,52,1,0.017492239999995718
common,40,GR-MR,original_construction_search_s,45,3,0.021562549000009312
common,40,GR-MR,original_construction_search_s,46,3,0.016631692999993675
common,40,GR-MR,original_construction_search_s,47,3,0.016377630000008025
common,40,GR-MR,original_construction_search_s,48,3,0.01602419700000013
common,40,GR-MR,original_construction_search_s,49,3,0.008247165999996753
common,40,GR-MR,original_construction_search_s,50,3,0.03443051900000427
common,40,GR-MR,original_construction_search_s,51,3,0.015372606999989102
common,40,GR-MR,original_construction_search_s,52,3,0.017492239999995718
conditional,40,FTR-NM,original_construction_search_s,45,1,0.021875435000026755
conditional,40,FTR-NM,original_construction_search_s,46,1,0.01695650199999932
conditional,40,FTR-NM,original_construction_search_s,47,1,0.01656090900001317
conditional,40,FTR-NM,original_construction_search_s,48,1,0.016203513000007774
conditional,40,FTR-NM,original_construction_search_s,49,1,0.0084032090000008
conditional,40,FTR-NM,original_construction_search_s,50,1,0.02293940199999156
conditional,40,FTR-NM,original_construction_search_s,51,1,0.015646521999997276
conditional,40,FTR-NM,original_construction_search_s,52,1,0.017566589000011845
common,40,FTR-NM,original_construction_search_s,45,3,0.021875435000026755
common,40,FTR-NM,original_construction_search_s,46,3,0.01695650199999932
common,40,FTR-NM,original_construction_search_s,47,3,0.01656090900001317
common,40,FTR-NM,original_construction_search_s,48,3,0.016203513000007774
common,40,FTR-NM,original_construction_search_s,49,3,0.0084032090000008
common,40,FTR-NM,original_construction_search_s,50,3,0.02293940199999156
common,40,FTR-NM,original_construction_search_s,51,3,0.015646521999997276
common,40,FTR-NM,original_construction_search_s,52,3,0.017566589000011845
conditional,40,RGA-MR,original_construction_search_s,45,3,8.051446776
conditional,40,RGA-MR,original_construction_search_s,46,3,7.051931928666676
conditional,40,RGA-MR,original_construction_search_s,47,3,6.201260145666666
conditional,40,RGA-MR,original_construction_search_s,48,3,6.654801222333336
conditional,40,RGA-MR,original_construction_search_s,49,3,3.5108593309999967
conditional,40,RGA-MR,original_construction_search_s,50,3,11.750469554000004
conditional,40,RGA-MR,original_construction_search_s,51,3,6.185989719000003
conditional,40,RGA-MR,original_construction_search_s,52,3,8.321766813333321
common,40,RGA-MR,original_construction_search_s,45,3,8.051446776
common,40,RGA-MR,original_construction_search_s,46,3,7.051931928666676
common,40,RGA-MR,original_construction_search_s,47,3,6.201260145666666
common,40,RGA-MR,original_construction_search_s,48,3,6.654801222333336
common,40,RGA-MR,original_construction_search_s,49,3,3.5108593309999967
common,40,RGA-MR,original_construction_search_s,50,3,11.750469554000004
common,40,RGA-MR,original_construction_search_s,51,3,6.185989719000003
common,40,RGA-MR,original_construction_search_s,52,3,8.321766813333321
conditional,40,B-ALNS,original_construction_search_s,45,3,5.640668367333343
conditional,40,B-ALNS,original_construction_search_s,46,3,3.915726899333322
conditional,40,B-ALNS,original_construction_search_s,47,3,7.391535776666676
conditional,40,B-ALNS,original_construction_search_s,48,3,4.313808780333332
conditional,40,B-ALNS,original_construction_search_s,49,3,2.046476526333329
conditional,40,B-ALNS,original_construction_search_s,50,3,5.394472772000005
conditional,40,B-ALNS,original_construction_search_s,51,3,6.630725135333321
conditional,40,B-ALNS,original_construction_search_s,52,3,3.7095570339999804
common,40,B-ALNS,original_construction_search_s,45,3,5.640668367333343
common,40,B-ALNS,original_construction_search_s,46,3,3.915726899333322
common,40,B-ALNS,original_construction_search_s,47,3,7.391535776666676
common,40,B-ALNS,original_construction_search_s,48,3,4.313808780333332
common,40,B-ALNS,original_construction_search_s,49,3,2.046476526333329
common,40,B-ALNS,original_construction_search_s,50,3,5.394472772000005
common,40,B-ALNS,original_construction_search_s,51,3,6.630725135333321
common,40,B-ALNS,original_construction_search_s,52,3,3.7095570339999804
conditional,40,ESI-ALNS,original_construction_search_s,45,3,7.712829701333348
conditional,40,ESI-ALNS,original_construction_search_s,46,3,6.06138446766666
conditional,40,ESI-ALNS,original_construction_search_s,47,3,10.584502714666678
conditional,40,ESI-ALNS,original_construction_search_s,48,3,7.638417493666665
conditional,40,ESI-ALNS,original_construction_search_s,49,3,3.75683246733333
conditional,40,ESI-ALNS,original_construction_search_s,50,3,7.554322293333335
conditional,40,ESI-ALNS,original_construction_search_s,51,3,8.863891542999987
conditional,40,ESI-ALNS,original_construction_search_s,52,3,6.586971470333339
common,40,ESI-ALNS,original_construction_search_s,45,3,7.712829701333348
common,40,ESI-ALNS,original_construction_search_s,46,3,6.06138446766666
common,40,ESI-ALNS,original_construction_search_s,47,3,10.584502714666678
common,40,ESI-ALNS,original_construction_search_s,48,3,7.638417493666665
common,40,ESI-ALNS,original_construction_search_s,49,3,3.75683246733333
common,40,ESI-ALNS,original_construction_search_s,50,3,7.554322293333335
common,40,ESI-ALNS,original_construction_search_s,51,3,8.863891542999987
common,40,ESI-ALNS,original_construction_search_s,52,3,6.586971470333339
paired,40,GR-MR,original_construction_search_s,45,3,7.691267152333339
paired,40,GR-MR,original_construction_search_s,46,3,6.044752774666667
paired,40,GR-MR,original_construction_search_s,47,3,10.56812508466667
paired,40,GR-MR,original_construction_search_s,48,3,7.622393296666665
paired,40,GR-MR,original_construction_search_s,49,3,3.7485853013333332
paired,40,GR-MR,original_construction_search_s,50,3,7.519891774333331
paired,40,GR-MR,original_construction_search_s,51,3,8.848518935999998
paired,40,GR-MR,original_construction_search_s,52,3,6.569479230333343
paired,40,FTR-NM,original_construction_search_s,45,3,7.690954266333321
paired,40,FTR-NM,original_construction_search_s,46,3,6.044427965666661
paired,40,FTR-NM,original_construction_search_s,47,3,10.567941805666665
paired,40,FTR-NM,original_construction_search_s,48,3,7.622213980666658
paired,40,FTR-NM,original_construction_search_s,49,3,3.748429258333329
paired,40,FTR-NM,original_construction_search_s,50,3,7.531382891333344
paired,40,FTR-NM,original_construction_search_s,51,3,8.84824502099999
paired,40,FTR-NM,original_construction_search_s,52,3,6.569404881333327
paired,40,RGA-MR,original_construction_search_s,45,3,-0.3386170746666532
paired,40,RGA-MR,original_construction_search_s,46,3,-0.990547461000015
paired,40,RGA-MR,original_construction_search_s,47,3,4.383242569000013
paired,40,RGA-MR,original_construction_search_s,48,3,0.98361627133333
paired,40,RGA-MR,original_construction_search_s,49,3,0.2459731363333333
paired,40,RGA-MR,original_construction_search_s,50,3,-4.196147260666668
paired,40,RGA-MR,original_construction_search_s,51,3,2.6779018239999837
paired,40,RGA-MR,original_construction_search_s,52,3,-1.734795342999983
paired,40,B-ALNS,original_construction_search_s,45,3,2.0721613340000054
paired,40,B-ALNS,original_construction_search_s,46,3,2.145657568333339
paired,40,B-ALNS,original_construction_search_s,47,3,3.1929669380000028
paired,40,B-ALNS,original_construction_search_s,48,3,3.3246087133333333
paired,40,B-ALNS,original_construction_search_s,49,3,1.7103559410000007
paired,40,B-ALNS,original_construction_search_s,50,3,2.15984952133333
paired,40,B-ALNS,original_construction_search_s,51,3,2.2331664076666655
paired,40,B-ALNS,original_construction_search_s,52,3,2.8774144363333582
conditional,40,GR-MR,original_independent_audit_s,45,1,0.003616230000005771
conditional,40,GR-MR,original_independent_audit_s,46,1,0.0037185870000087107
conditional,40,GR-MR,original_independent_audit_s,47,1,0.0035885030000031293
conditional,40,GR-MR,original_independent_audit_s,48,1,0.0035858180000047923
conditional,40,GR-MR,original_independent_audit_s,49,1,0.0019321820000044454
conditional,40,GR-MR,original_independent_audit_s,50,1,0.0038192239999972344
conditional,40,GR-MR,original_independent_audit_s,51,1,0.003730766999993307
conditional,40,GR-MR,original_independent_audit_s,52,1,0.0035393539999972745
common,40,GR-MR,original_independent_audit_s,45,3,0.003616230000005771
common,40,GR-MR,original_independent_audit_s,46,3,0.0037185870000087107
common,40,GR-MR,original_independent_audit_s,47,3,0.0035885030000031293
common,40,GR-MR,original_independent_audit_s,48,3,0.0035858180000047923
common,40,GR-MR,original_independent_audit_s,49,3,0.0019321820000044454
common,40,GR-MR,original_independent_audit_s,50,3,0.0038192239999972344
common,40,GR-MR,original_independent_audit_s,51,3,0.003730766999993307
common,40,GR-MR,original_independent_audit_s,52,3,0.0035393539999972745
conditional,40,FTR-NM,original_independent_audit_s,45,1,0.0035738720000040303
conditional,40,FTR-NM,original_independent_audit_s,46,1,0.003610888999986628
conditional,40,FTR-NM,original_independent_audit_s,47,1,0.003416947000005166
conditional,40,FTR-NM,original_independent_audit_s,48,1,0.003575969999999984
conditional,40,FTR-NM,original_independent_audit_s,49,1,0.0019172800000006873
conditional,40,FTR-NM,original_independent_audit_s,50,1,0.003653094999990003
conditional,40,FTR-NM,original_independent_audit_s,51,1,0.0037155580000032273
conditional,40,FTR-NM,original_independent_audit_s,52,1,0.0033673929999906704
common,40,FTR-NM,original_independent_audit_s,45,3,0.0035738720000040303
common,40,FTR-NM,original_independent_audit_s,46,3,0.003610888999986628
common,40,FTR-NM,original_independent_audit_s,47,3,0.003416947000005166
common,40,FTR-NM,original_independent_audit_s,48,3,0.003575969999999984
common,40,FTR-NM,original_independent_audit_s,49,3,0.0019172800000006873
common,40,FTR-NM,original_independent_audit_s,50,3,0.003653094999990003
common,40,FTR-NM,original_independent_audit_s,51,3,0.0037155580000032273
common,40,FTR-NM,original_independent_audit_s,52,3,0.0033673929999906704
conditional,40,RGA-MR,original_independent_audit_s,45,3,0.0035790859999925337
conditional,40,RGA-MR,original_independent_audit_s,46,3,0.0036542810000052364
conditional,40,RGA-MR,original_independent_audit_s,47,3,0.0034703320000015006
conditional,40,RGA-MR,original_independent_audit_s,48,3,0.003649721666661776
conditional,40,RGA-MR,original_independent_audit_s,49,3,0.002039389666670388
conditional,40,RGA-MR,original_independent_audit_s,50,3,0.0037911586666628714
conditional,40,RGA-MR,original_independent_audit_s,51,3,0.003638430666671392
conditional,40,RGA-MR,original_independent_audit_s,52,3,0.003418444666654826
common,40,RGA-MR,original_independent_audit_s,45,3,0.0035790859999925337
common,40,RGA-MR,original_independent_audit_s,46,3,0.0036542810000052364
common,40,RGA-MR,original_independent_audit_s,47,3,0.0034703320000015006
common,40,RGA-MR,original_independent_audit_s,48,3,0.003649721666661776
common,40,RGA-MR,original_independent_audit_s,49,3,0.002039389666670388
common,40,RGA-MR,original_independent_audit_s,50,3,0.0037911586666628714
common,40,RGA-MR,original_independent_audit_s,51,3,0.003638430666671392
common,40,RGA-MR,original_independent_audit_s,52,3,0.003418444666654826
conditional,40,B-ALNS,original_independent_audit_s,45,3,0.004537037333340284
conditional,40,B-ALNS,original_independent_audit_s,46,3,0.004204418999989912
conditional,40,B-ALNS,original_independent_audit_s,47,3,0.004554204999998035
conditional,40,B-ALNS,original_independent_audit_s,48,3,0.004315151333334673
conditional,40,B-ALNS,original_independent_audit_s,49,3,0.002549446333333094
conditional,40,B-ALNS,original_independent_audit_s,50,3,0.004239020333332159
conditional,40,B-ALNS,original_independent_audit_s,51,3,0.0047776406666647135
conditional,40,B-ALNS,original_independent_audit_s,52,3,0.003937959333332704
common,40,B-ALNS,original_independent_audit_s,45,3,0.004537037333340284
common,40,B-ALNS,original_independent_audit_s,46,3,0.004204418999989912
common,40,B-ALNS,original_independent_audit_s,47,3,0.004554204999998035
common,40,B-ALNS,original_independent_audit_s,48,3,0.004315151333334673
common,40,B-ALNS,original_independent_audit_s,49,3,0.002549446333333094
common,40,B-ALNS,original_independent_audit_s,50,3,0.004239020333332159
common,40,B-ALNS,original_independent_audit_s,51,3,0.0047776406666647135
common,40,B-ALNS,original_independent_audit_s,52,3,0.003937959333332704
conditional,40,ESI-ALNS,original_independent_audit_s,45,3,0.004405171333336473
conditional,40,ESI-ALNS,original_independent_audit_s,46,3,0.0042288513333327655
conditional,40,ESI-ALNS,original_independent_audit_s,47,3,0.004394467333334262
conditional,40,ESI-ALNS,original_independent_audit_s,48,3,0.004182334000001712
conditional,40,ESI-ALNS,original_independent_audit_s,49,3,0.0024986639999985036
conditional,40,ESI-ALNS,original_independent_audit_s,50,3,0.004095300000000653
conditional,40,ESI-ALNS,original_independent_audit_s,51,3,0.004661224000003017
conditional,40,ESI-ALNS,original_independent_audit_s,52,3,0.003896978666659834
common,40,ESI-ALNS,original_independent_audit_s,45,3,0.004405171333336473
common,40,ESI-ALNS,original_independent_audit_s,46,3,0.0042288513333327655
common,40,ESI-ALNS,original_independent_audit_s,47,3,0.004394467333334262
common,40,ESI-ALNS,original_independent_audit_s,48,3,0.004182334000001712
common,40,ESI-ALNS,original_independent_audit_s,49,3,0.0024986639999985036
common,40,ESI-ALNS,original_independent_audit_s,50,3,0.004095300000000653
common,40,ESI-ALNS,original_independent_audit_s,51,3,0.004661224000003017
common,40,ESI-ALNS,original_independent_audit_s,52,3,0.003896978666659834
paired,40,GR-MR,original_independent_audit_s,45,3,0.0007889413333307024
paired,40,GR-MR,original_independent_audit_s,46,3,0.0005102643333240545
paired,40,GR-MR,original_independent_audit_s,47,3,0.0008059643333311328
paired,40,GR-MR,original_independent_audit_s,48,3,0.0005965159999969197
paired,40,GR-MR,original_independent_audit_s,49,3,0.0005664819999940581
paired,40,GR-MR,original_independent_audit_s,50,3,0.00027607600000341864
paired,40,GR-MR,original_independent_audit_s,51,3,0.0009304570000097101
paired,40,GR-MR,original_independent_audit_s,52,3,0.0003576246666625593
paired,40,FTR-NM,original_independent_audit_s,45,3,0.0008312993333324433
paired,40,FTR-NM,original_independent_audit_s,46,3,0.0006179623333461374
paired,40,FTR-NM,original_independent_audit_s,47,3,0.000977520333329096
paired,40,FTR-NM,original_independent_audit_s,48,3,0.0006063640000017282
paired,40,FTR-NM,original_independent_audit_s,49,3,0.0005813839999978162
paired,40,FTR-NM,original_independent_audit_s,50,3,0.00044220500001064994
paired,40,FTR-NM,original_independent_audit_s,51,3,0.0009456659999997896
paired,40,FTR-NM,original_independent_audit_s,52,3,0.0005295856666691634
paired,40,RGA-MR,original_independent_audit_s,45,3,0.00082608533334394
paired,40,RGA-MR,original_independent_audit_s,46,3,0.0005745703333275287
paired,40,RGA-MR,original_independent_audit_s,47,3,0.0009241353333327614
paired,40,RGA-MR,original_independent_audit_s,48,3,0.0005326123333399361
paired,40,RGA-MR,original_independent_audit_s,49,3,0.00045927433332811535
paired,40,RGA-MR,original_independent_audit_s,50,3,0.0003041413333377818
paired,40,RGA-MR,original_independent_audit_s,51,3,0.0010227933333316248
paired,40,RGA-MR,original_independent_audit_s,52,3,0.00047853400000500795
paired,40,B-ALNS,original_independent_audit_s,45,3,-0.00013186600000381077
paired,40,B-ALNS,original_independent_audit_s,46,3,2.443233334285348e-05
paired,40,B-ALNS,original_independent_audit_s,47,3,-0.00015973766666377287
paired,40,B-ALNS,original_independent_audit_s,48,3,-0.0001328173333329611
paired,40,B-ALNS,original_independent_audit_s,49,3,-5.0782333334590625e-05
paired,40,B-ALNS,original_independent_audit_s,50,3,-0.00014372033333150588
paired,40,B-ALNS,original_independent_audit_s,51,3,-0.00011641666666169688
paired,40,B-ALNS,original_independent_audit_s,52,3,-4.0980666672870335e-05
conditional,40,GR-MR,original_initialization_s,45,1,0.021562549000009312
conditional,40,GR-MR,original_initialization_s,46,1,0.016631692999993675
conditional,40,GR-MR,original_initialization_s,47,1,0.016377630000008025
conditional,40,GR-MR,original_initialization_s,48,1,0.01602419700000013
conditional,40,GR-MR,original_initialization_s,49,1,0.008247165999996753
conditional,40,GR-MR,original_initialization_s,50,1,0.03443051900000427
conditional,40,GR-MR,original_initialization_s,51,1,0.015372606999989102
conditional,40,GR-MR,original_initialization_s,52,1,0.017492239999995718
common,40,GR-MR,original_initialization_s,45,3,0.021562549000009312
common,40,GR-MR,original_initialization_s,46,3,0.016631692999993675
common,40,GR-MR,original_initialization_s,47,3,0.016377630000008025
common,40,GR-MR,original_initialization_s,48,3,0.01602419700000013
common,40,GR-MR,original_initialization_s,49,3,0.008247165999996753
common,40,GR-MR,original_initialization_s,50,3,0.03443051900000427
common,40,GR-MR,original_initialization_s,51,3,0.015372606999989102
common,40,GR-MR,original_initialization_s,52,3,0.017492239999995718
conditional,40,FTR-NM,original_initialization_s,45,1,0.021875435000026755
conditional,40,FTR-NM,original_initialization_s,46,1,0.01695650199999932
conditional,40,FTR-NM,original_initialization_s,47,1,0.01656090900001317
conditional,40,FTR-NM,original_initialization_s,48,1,0.016203513000007774
conditional,40,FTR-NM,original_initialization_s,49,1,0.0084032090000008
conditional,40,FTR-NM,original_initialization_s,50,1,0.02293940199999156
conditional,40,FTR-NM,original_initialization_s,51,1,0.015646521999997276
conditional,40,FTR-NM,original_initialization_s,52,1,0.017566589000011845
common,40,FTR-NM,original_initialization_s,45,3,0.021875435000026755
common,40,FTR-NM,original_initialization_s,46,3,0.01695650199999932
common,40,FTR-NM,original_initialization_s,47,3,0.01656090900001317
common,40,FTR-NM,original_initialization_s,48,3,0.016203513000007774
common,40,FTR-NM,original_initialization_s,49,3,0.0084032090000008
common,40,FTR-NM,original_initialization_s,50,3,0.02293940199999156
common,40,FTR-NM,original_initialization_s,51,3,0.015646521999997276
common,40,FTR-NM,original_initialization_s,52,3,0.017566589000011845
conditional,40,RGA-MR,original_initialization_s,45,3,0.0
conditional,40,RGA-MR,original_initialization_s,46,3,0.0
conditional,40,RGA-MR,original_initialization_s,47,3,0.0
conditional,40,RGA-MR,original_initialization_s,48,3,0.0
conditional,40,RGA-MR,original_initialization_s,49,3,0.0
conditional,40,RGA-MR,original_initialization_s,50,3,0.0
conditional,40,RGA-MR,original_initialization_s,51,3,0.0
conditional,40,RGA-MR,original_initialization_s,52,3,0.0
common,40,RGA-MR,original_initialization_s,45,3,0.0
common,40,RGA-MR,original_initialization_s,46,3,0.0
common,40,RGA-MR,original_initialization_s,47,3,0.0
common,40,RGA-MR,original_initialization_s,48,3,0.0
common,40,RGA-MR,original_initialization_s,49,3,0.0
common,40,RGA-MR,original_initialization_s,50,3,0.0
common,40,RGA-MR,original_initialization_s,51,3,0.0
common,40,RGA-MR,original_initialization_s,52,3,0.0
conditional,40,B-ALNS,original_initialization_s,45,3,0.021562549000009312
conditional,40,B-ALNS,original_initialization_s,46,3,0.016631692999993675
conditional,40,B-ALNS,original_initialization_s,47,3,0.016377630000008025
conditional,40,B-ALNS,original_initialization_s,48,3,0.01602419700000013
conditional,40,B-ALNS,original_initialization_s,49,3,0.008247165999996753
conditional,40,B-ALNS,original_initialization_s,50,3,0.03443051900000427
conditional,40,B-ALNS,original_initialization_s,51,3,0.015372606999989102
conditional,40,B-ALNS,original_initialization_s,52,3,0.017492239999995718
common,40,B-ALNS,original_initialization_s,45,3,0.021562549000009312
common,40,B-ALNS,original_initialization_s,46,3,0.016631692999993675
common,40,B-ALNS,original_initialization_s,47,3,0.016377630000008025
common,40,B-ALNS,original_initialization_s,48,3,0.01602419700000013
common,40,B-ALNS,original_initialization_s,49,3,0.008247165999996753
common,40,B-ALNS,original_initialization_s,50,3,0.03443051900000427
common,40,B-ALNS,original_initialization_s,51,3,0.015372606999989102
common,40,B-ALNS,original_initialization_s,52,3,0.017492239999995718
conditional,40,ESI-ALNS,original_initialization_s,45,3,0.021562549000009312
conditional,40,ESI-ALNS,original_initialization_s,46,3,0.016631692999993675
conditional,40,ESI-ALNS,original_initialization_s,47,3,0.016377630000008025
conditional,40,ESI-ALNS,original_initialization_s,48,3,0.01602419700000013
conditional,40,ESI-ALNS,original_initialization_s,49,3,0.008247165999996753
conditional,40,ESI-ALNS,original_initialization_s,50,3,0.03443051900000427
conditional,40,ESI-ALNS,original_initialization_s,51,3,0.015372606999989102
conditional,40,ESI-ALNS,original_initialization_s,52,3,0.017492239999995718
common,40,ESI-ALNS,original_initialization_s,45,3,0.021562549000009312
common,40,ESI-ALNS,original_initialization_s,46,3,0.016631692999993675
common,40,ESI-ALNS,original_initialization_s,47,3,0.016377630000008025
common,40,ESI-ALNS,original_initialization_s,48,3,0.01602419700000013
common,40,ESI-ALNS,original_initialization_s,49,3,0.008247165999996753
common,40,ESI-ALNS,original_initialization_s,50,3,0.03443051900000427
common,40,ESI-ALNS,original_initialization_s,51,3,0.015372606999989102
common,40,ESI-ALNS,original_initialization_s,52,3,0.017492239999995718
paired,40,GR-MR,original_initialization_s,45,3,0.0
paired,40,GR-MR,original_initialization_s,46,3,0.0
paired,40,GR-MR,original_initialization_s,47,3,0.0
paired,40,GR-MR,original_initialization_s,48,3,0.0
paired,40,GR-MR,original_initialization_s,49,3,0.0
paired,40,GR-MR,original_initialization_s,50,3,0.0
paired,40,GR-MR,original_initialization_s,51,3,0.0
paired,40,GR-MR,original_initialization_s,52,3,0.0
paired,40,FTR-NM,original_initialization_s,45,3,-0.0003128860000174427
paired,40,FTR-NM,original_initialization_s,46,3,-0.0003248090000056436
paired,40,FTR-NM,original_initialization_s,47,3,-0.0001832790000051432
paired,40,FTR-NM,original_initialization_s,48,3,-0.00017931600000764547
paired,40,FTR-NM,original_initialization_s,49,3,-0.00015604300000404692
paired,40,FTR-NM,original_initialization_s,50,3,0.011491117000012707
paired,40,FTR-NM,original_initialization_s,51,3,-0.0002739150000081736
paired,40,FTR-NM,original_initialization_s,52,3,-7.434900001612732e-05
paired,40,RGA-MR,original_initialization_s,45,3,0.021562549000009312
paired,40,RGA-MR,original_initialization_s,46,3,0.016631692999993675
paired,40,RGA-MR,original_initialization_s,47,3,0.016377630000008025
paired,40,RGA-MR,original_initialization_s,48,3,0.01602419700000013
paired,40,RGA-MR,original_initialization_s,49,3,0.008247165999996753
paired,40,RGA-MR,original_initialization_s,50,3,0.03443051900000427
paired,40,RGA-MR,original_initialization_s,51,3,0.015372606999989102
paired,40,RGA-MR,original_initialization_s,52,3,0.017492239999995718
paired,40,B-ALNS,original_initialization_s,45,3,0.0
paired,40,B-ALNS,original_initialization_s,46,3,0.0
paired,40,B-ALNS,original_initialization_s,47,3,0.0
paired,40,B-ALNS,original_initialization_s,48,3,0.0
paired,40,B-ALNS,original_initialization_s,49,3,0.0
paired,40,B-ALNS,original_initialization_s,50,3,0.0
paired,40,B-ALNS,original_initialization_s,51,3,0.0
paired,40,B-ALNS,original_initialization_s,52,3,0.0
conditional,40,GR-MR,original_resource_recompute_s,45,1,2.5324500059999906
conditional,40,GR-MR,original_resource_recompute_s,46,1,0.5361837639999862
conditional,40,GR-MR,original_resource_recompute_s,47,1,2.500965311999998
conditional,40,GR-MR,original_resource_recompute_s,48,1,0.5633939360000042
conditional,40,GR-MR,original_resource_recompute_s,49,1,0.24638346399999733
conditional,40,GR-MR,original_resource_recompute_s,50,1,4.448012069000001
conditional,40,GR-MR,original_resource_recompute_s,51,1,0.5178297199999946
conditional,40,GR-MR,original_resource_recompute_s,52,1,0.5481137080000167
common,40,GR-MR,original_resource_recompute_s,45,3,2.5324500059999906
common,40,GR-MR,original_resource_recompute_s,46,3,0.5361837639999862
common,40,GR-MR,original_resource_recompute_s,47,3,2.500965311999998
common,40,GR-MR,original_resource_recompute_s,48,3,0.5633939360000042
common,40,GR-MR,original_resource_recompute_s,49,3,0.24638346399999733
common,40,GR-MR,original_resource_recompute_s,50,3,4.448012069000001
common,40,GR-MR,original_resource_recompute_s,51,3,0.5178297199999946
common,40,GR-MR,original_resource_recompute_s,52,3,0.5481137080000167
conditional,40,FTR-NM,original_resource_recompute_s,45,1,0.47610136299999795
conditional,40,FTR-NM,original_resource_recompute_s,46,1,0.5380946549999805
conditional,40,FTR-NM,original_resource_recompute_s,47,1,0.5280249440000091
conditional,40,FTR-NM,original_resource_recompute_s,48,1,0.48900175800000056
conditional,40,FTR-NM,original_resource_recompute_s,49,1,0.24525258100000258
conditional,40,FTR-NM,original_resource_recompute_s,50,1,0.5236625449999934
conditional,40,FTR-NM,original_resource_recompute_s,51,1,0.5124589079999993
conditional,40,FTR-NM,original_resource_recompute_s,52,1,0.47847080600001846
common,40,FTR-NM,original_resource_recompute_s,45,3,0.47610136299999795
common,40,FTR-NM,original_resource_recompute_s,46,3,0.5380946549999805
common,40,FTR-NM,original_resource_recompute_s,47,3,0.5280249440000091
common,40,FTR-NM,original_resource_recompute_s,48,3,0.48900175800000056
common,40,FTR-NM,original_resource_recompute_s,49,3,0.24525258100000258
common,40,FTR-NM,original_resource_recompute_s,50,3,0.5236625449999934
common,40,FTR-NM,original_resource_recompute_s,51,3,0.5124589079999993
common,40,FTR-NM,original_resource_recompute_s,52,3,0.47847080600001846
conditional,40,RGA-MR,original_resource_recompute_s,45,3,0.5393914583333365
conditional,40,RGA-MR,original_resource_recompute_s,46,3,1.160692813333327
conditional,40,RGA-MR,original_resource_recompute_s,47,3,0.4729895709999994
conditional,40,RGA-MR,original_resource_recompute_s,48,3,0.5499666503333364
conditional,40,RGA-MR,original_resource_recompute_s,49,3,0.27427050566666605
conditional,40,RGA-MR,original_resource_recompute_s,50,3,2.4197754540000034
conditional,40,RGA-MR,original_resource_recompute_s,51,3,1.2390210556666712
conditional,40,RGA-MR,original_resource_recompute_s,52,3,1.1901861443333341
common,40,RGA-MR,original_resource_recompute_s,45,3,0.5393914583333365
common,40,RGA-MR,original_resource_recompute_s,46,3,1.160692813333327
common,40,RGA-MR,original_resource_recompute_s,47,3,0.4729895709999994
common,40,RGA-MR,original_resource_recompute_s,48,3,0.5499666503333364
common,40,RGA-MR,original_resource_recompute_s,49,3,0.27427050566666605
common,40,RGA-MR,original_resource_recompute_s,50,3,2.4197754540000034
common,40,RGA-MR,original_resource_recompute_s,51,3,1.2390210556666712
common,40,RGA-MR,original_resource_recompute_s,52,3,1.1901861443333341
conditional,40,B-ALNS,original_resource_recompute_s,45,3,1.5890015970000064
conditional,40,B-ALNS,original_resource_recompute_s,46,3,0.9568716983333351
conditional,40,B-ALNS,original_resource_recompute_s,47,3,2.881599644999999
conditional,40,B-ALNS,original_resource_recompute_s,48,3,0.5333403183333326
conditional,40,B-ALNS,original_resource_recompute_s,49,3,0.27640777066666544
conditional,40,B-ALNS,original_resource_recompute_s,50,3,3.052294972666663
conditional,40,B-ALNS,original_resource_recompute_s,51,3,1.392282552333332
conditional,40,B-ALNS,original_resource_recompute_s,52,3,0.872306323333324
common,40,B-ALNS,original_resource_recompute_s,45,3,1.5890015970000064
common,40,B-ALNS,original_resource_recompute_s,46,3,0.9568716983333351
common,40,B-ALNS,original_resource_recompute_s,47,3,2.881599644999999
common,40,B-ALNS,original_resource_recompute_s,48,3,0.5333403183333326
common,40,B-ALNS,original_resource_recompute_s,49,3,0.27640777066666544
common,40,B-ALNS,original_resource_recompute_s,50,3,3.052294972666663
common,40,B-ALNS,original_resource_recompute_s,51,3,1.392282552333332
common,40,B-ALNS,original_resource_recompute_s,52,3,0.872306323333324
conditional,40,ESI-ALNS,original_resource_recompute_s,45,3,1.6094255466666663
conditional,40,ESI-ALNS,original_resource_recompute_s,46,3,0.9705715836666684
conditional,40,ESI-ALNS,original_resource_recompute_s,47,3,1.5409070046666689
conditional,40,ESI-ALNS,original_resource_recompute_s,48,3,0.7254980963333347
conditional,40,ESI-ALNS,original_resource_recompute_s,49,3,0.284452479666669
conditional,40,ESI-ALNS,original_resource_recompute_s,50,3,4.047192517999998
conditional,40,ESI-ALNS,original_resource_recompute_s,51,3,1.4096319733333378
conditional,40,ESI-ALNS,original_resource_recompute_s,52,3,1.0807994919999924
common,40,ESI-ALNS,original_resource_recompute_s,45,3,1.6094255466666663
common,40,ESI-ALNS,original_resource_recompute_s,46,3,0.9705715836666684
common,40,ESI-ALNS,original_resource_recompute_s,47,3,1.5409070046666689
common,40,ESI-ALNS,original_resource_recompute_s,48,3,0.7254980963333347
common,40,ESI-ALNS,original_resource_recompute_s,49,3,0.284452479666669
common,40,ESI-ALNS,original_resource_recompute_s,50,3,4.047192517999998
common,40,ESI-ALNS,original_resource_recompute_s,51,3,1.4096319733333378
common,40,ESI-ALNS,original_resource_recompute_s,52,3,1.0807994919999924
paired,40,GR-MR,original_resource_recompute_s,45,3,-0.9230244593333244
paired,40,GR-MR,original_resource_recompute_s,46,3,0.43438781966668216
paired,40,GR-MR,original_resource_recompute_s,47,3,-0.9600583073333292
paired,40,GR-MR,original_resource_recompute_s,48,3,0.16210416033333055
paired,40,GR-MR,original_resource_recompute_s,49,3,0.038069015666671646
paired,40,GR-MR,original_resource_recompute_s,50,3,-0.4008195510000026
paired,40,GR-MR,original_resource_recompute_s,51,3,0.8918022533333433
paired,40,GR-MR,original_resource_recompute_s,52,3,0.5326857839999756
paired,40,FTR-NM,original_resource_recompute_s,45,3,1.1333241836666683
paired,40,FTR-NM,original_resource_recompute_s,46,3,0.43247692866668785
paired,40,FTR-NM,original_resource_recompute_s,47,3,1.0128820606666598
paired,40,FTR-NM,original_resource_recompute_s,48,3,0.2364963383333342
paired,40,FTR-NM,original_resource_recompute_s,49,3,0.0391998986666664
paired,40,FTR-NM,original_resource_recompute_s,50,3,3.5235299730000045
paired,40,FTR-NM,original_resource_recompute_s,51,3,0.8971730653333386
paired,40,FTR-NM,original_resource_recompute_s,52,3,0.6023286859999738
paired,40,RGA-MR,original_resource_recompute_s,45,3,1.0700340883333297
paired,40,RGA-MR,original_resource_recompute_s,46,3,-0.19012122966665856
paired,40,RGA-MR,original_resource_recompute_s,47,3,1.0679174336666695
paired,40,RGA-MR,original_resource_recompute_s,48,3,0.17553144599999845
paired,40,RGA-MR,original_resource_recompute_s,49,3,0.010181974000002944
paired,40,RGA-MR,original_resource_recompute_s,50,3,1.6274170639999948
paired,40,RGA-MR,original_resource_recompute_s,51,3,0.17061091766666672
paired,40,RGA-MR,original_resource_recompute_s,52,3,-0.10938665233334177
paired,40,B-ALNS,original_resource_recompute_s,45,3,0.020423949666659762
paired,40,B-ALNS,original_resource_recompute_s,46,3,0.013699885333333365
paired,40,B-ALNS,original_resource_recompute_s,47,3,-1.3406926403333301
paired,40,B-ALNS,original_resource_recompute_s,48,3,0.1921577780000021
paired,40,B-ALNS,original_resource_recompute_s,49,3,0.008044709000003536
paired,40,B-ALNS,original_resource_recompute_s,50,3,0.9948975453333352
paired,40,B-ALNS,original_resource_recompute_s,51,3,0.017349421000005805
paired,40,B-ALNS,original_resource_recompute_s,52,3,0.2084931686666683
conditional,40,GR-MR,original_search_s,45,1,0.0
conditional,40,GR-MR,original_search_s,46,1,0.0
conditional,40,GR-MR,original_search_s,47,1,0.0
conditional,40,GR-MR,original_search_s,48,1,0.0
conditional,40,GR-MR,original_search_s,49,1,0.0
conditional,40,GR-MR,original_search_s,50,1,0.0
conditional,40,GR-MR,original_search_s,51,1,0.0
conditional,40,GR-MR,original_search_s,52,1,0.0
common,40,GR-MR,original_search_s,45,3,0.0
common,40,GR-MR,original_search_s,46,3,0.0
common,40,GR-MR,original_search_s,47,3,0.0
common,40,GR-MR,original_search_s,48,3,0.0
common,40,GR-MR,original_search_s,49,3,0.0
common,40,GR-MR,original_search_s,50,3,0.0
common,40,GR-MR,original_search_s,51,3,0.0
common,40,GR-MR,original_search_s,52,3,0.0
conditional,40,FTR-NM,original_search_s,45,1,0.0
conditional,40,FTR-NM,original_search_s,46,1,0.0
conditional,40,FTR-NM,original_search_s,47,1,0.0
conditional,40,FTR-NM,original_search_s,48,1,0.0
conditional,40,FTR-NM,original_search_s,49,1,0.0
conditional,40,FTR-NM,original_search_s,50,1,0.0
conditional,40,FTR-NM,original_search_s,51,1,0.0
conditional,40,FTR-NM,original_search_s,52,1,0.0
common,40,FTR-NM,original_search_s,45,3,0.0
common,40,FTR-NM,original_search_s,46,3,0.0
common,40,FTR-NM,original_search_s,47,3,0.0
common,40,FTR-NM,original_search_s,48,3,0.0
common,40,FTR-NM,original_search_s,49,3,0.0
common,40,FTR-NM,original_search_s,50,3,0.0
common,40,FTR-NM,original_search_s,51,3,0.0
common,40,FTR-NM,original_search_s,52,3,0.0
conditional,40,RGA-MR,original_search_s,45,3,8.051446776
conditional,40,RGA-MR,original_search_s,46,3,7.051931928666676
conditional,40,RGA-MR,original_search_s,47,3,6.201260145666666
conditional,40,RGA-MR,original_search_s,48,3,6.654801222333336
conditional,40,RGA-MR,original_search_s,49,3,3.5108593309999967
conditional,40,RGA-MR,original_search_s,50,3,11.750469554000004
conditional,40,RGA-MR,original_search_s,51,3,6.185989719000003
conditional,40,RGA-MR,original_search_s,52,3,8.321766813333321
common,40,RGA-MR,original_search_s,45,3,8.051446776
common,40,RGA-MR,original_search_s,46,3,7.051931928666676
common,40,RGA-MR,original_search_s,47,3,6.201260145666666
common,40,RGA-MR,original_search_s,48,3,6.654801222333336
common,40,RGA-MR,original_search_s,49,3,3.5108593309999967
common,40,RGA-MR,original_search_s,50,3,11.750469554000004
common,40,RGA-MR,original_search_s,51,3,6.185989719000003
common,40,RGA-MR,original_search_s,52,3,8.321766813333321
conditional,40,B-ALNS,original_search_s,45,3,5.619105818333334
conditional,40,B-ALNS,original_search_s,46,3,3.899095206333328
conditional,40,B-ALNS,original_search_s,47,3,7.375158146666668
conditional,40,B-ALNS,original_search_s,48,3,4.297784583333332
conditional,40,B-ALNS,original_search_s,49,3,2.0382293603333324
conditional,40,B-ALNS,original_search_s,50,3,5.3600422530000005
conditional,40,B-ALNS,original_search_s,51,3,6.615352528333332
conditional,40,B-ALNS,original_search_s,52,3,3.6920647939999847
common,40,B-ALNS,original_search_s,45,3,5.619105818333334
common,40,B-ALNS,original_search_s,46,3,3.899095206333328
common,40,B-ALNS,original_search_s,47,3,7.375158146666668
common,40,B-ALNS,original_search_s,48,3,4.297784583333332
common,40,B-ALNS,original_search_s,49,3,2.0382293603333324
common,40,B-ALNS,original_search_s,50,3,5.3600422530000005
common,40,B-ALNS,original_search_s,51,3,6.615352528333332
common,40,B-ALNS,original_search_s,52,3,3.6920647939999847
conditional,40,ESI-ALNS,original_search_s,45,3,7.691267152333339
conditional,40,ESI-ALNS,original_search_s,46,3,6.044752774666667
conditional,40,ESI-ALNS,original_search_s,47,3,10.56812508466667
conditional,40,ESI-ALNS,original_search_s,48,3,7.622393296666665
conditional,40,ESI-ALNS,original_search_s,49,3,3.7485853013333332
conditional,40,ESI-ALNS,original_search_s,50,3,7.519891774333331
conditional,40,ESI-ALNS,original_search_s,51,3,8.848518935999998
conditional,40,ESI-ALNS,original_search_s,52,3,6.569479230333343
common,40,ESI-ALNS,original_search_s,45,3,7.691267152333339
common,40,ESI-ALNS,original_search_s,46,3,6.044752774666667
common,40,ESI-ALNS,original_search_s,47,3,10.56812508466667
common,40,ESI-ALNS,original_search_s,48,3,7.622393296666665
common,40,ESI-ALNS,original_search_s,49,3,3.7485853013333332
common,40,ESI-ALNS,original_search_s,50,3,7.519891774333331
common,40,ESI-ALNS,original_search_s,51,3,8.848518935999998
common,40,ESI-ALNS,original_search_s,52,3,6.569479230333343
paired,40,GR-MR,original_search_s,45,3,7.691267152333339
paired,40,GR-MR,original_search_s,46,3,6.044752774666667
paired,40,GR-MR,original_search_s,47,3,10.56812508466667
paired,40,GR-MR,original_search_s,48,3,7.622393296666665
paired,40,GR-MR,original_search_s,49,3,3.7485853013333332
paired,40,GR-MR,original_search_s,50,3,7.519891774333331
paired,40,GR-MR,original_search_s,51,3,8.848518935999998
paired,40,GR-MR,original_search_s,52,3,6.569479230333343
paired,40,FTR-NM,original_search_s,45,3,7.691267152333339
paired,40,FTR-NM,original_search_s,46,3,6.044752774666667
paired,40,FTR-NM,original_search_s,47,3,10.56812508466667
paired,40,FTR-NM,original_search_s,48,3,7.622393296666665
paired,40,FTR-NM,original_search_s,49,3,3.7485853013333332
paired,40,FTR-NM,original_search_s,50,3,7.519891774333331
paired,40,FTR-NM,original_search_s,51,3,8.848518935999998
paired,40,FTR-NM,original_search_s,52,3,6.569479230333343
paired,40,RGA-MR,original_search_s,45,3,-0.3601796236666625
paired,40,RGA-MR,original_search_s,46,3,-1.0071791540000088
paired,40,RGA-MR,original_search_s,47,3,4.366864939000005
paired,40,RGA-MR,original_search_s,48,3,0.9675920743333298
paired,40,RGA-MR,original_search_s,49,3,0.23772597033333653
paired,40,RGA-MR,original_search_s,50,3,-4.230577779666672
paired,40,RGA-MR,original_search_s,51,3,2.6625292169999946
paired,40,RGA-MR,original_search_s,52,3,-1.7522875829999787
paired,40,B-ALNS,original_search_s,45,3,2.0721613340000054
paired,40,B-ALNS,original_search_s,46,3,2.145657568333339
paired,40,B-ALNS,original_search_s,47,3,3.1929669380000028
paired,40,B-ALNS,original_search_s,48,3,3.3246087133333333
paired,40,B-ALNS,original_search_s,49,3,1.7103559410000007
paired,40,B-ALNS,original_search_s,50,3,2.15984952133333
paired,40,B-ALNS,original_search_s,51,3,2.2331664076666655
paired,40,B-ALNS,original_search_s,52,3,2.8774144363333582
conditional,40,GR-MR,original_total_to_resources_s,45,1,2.554012555
conditional,40,GR-MR,original_total_to_resources_s,46,1,0.5528154569999799
conditional,40,GR-MR,original_total_to_resources_s,47,1,2.517342942000006
conditional,40,GR-MR,original_total_to_resources_s,48,1,0.5794181330000043
conditional,40,GR-MR,original_total_to_resources_s,49,1,0.2546306299999941
conditional,40,GR-MR,original_total_to_resources_s,50,1,4.482442588000005
conditional,40,GR-MR,original_total_to_resources_s,51,1,0.5332023269999837
conditional,40,GR-MR,original_total_to_resources_s,52,1,0.5656059480000124
common,40,GR-MR,original_total_to_resources_s,45,3,2.554012555
common,40,GR-MR,original_total_to_resources_s,46,3,0.5528154569999799
common,40,GR-MR,original_total_to_resources_s,47,3,2.517342942000006
common,40,GR-MR,original_total_to_resources_s,48,3,0.5794181330000043
common,40,GR-MR,original_total_to_resources_s,49,3,0.2546306299999941
common,40,GR-MR,original_total_to_resources_s,50,3,4.482442588000005
common,40,GR-MR,original_total_to_resources_s,51,3,0.5332023269999837
common,40,GR-MR,original_total_to_resources_s,52,3,0.5656059480000124
conditional,40,FTR-NM,original_total_to_resources_s,45,1,0.4979767980000247
conditional,40,FTR-NM,original_total_to_resources_s,46,1,0.5550511569999799
conditional,40,FTR-NM,original_total_to_resources_s,47,1,0.5445858530000223
conditional,40,FTR-NM,original_total_to_resources_s,48,1,0.5052052710000083
conditional,40,FTR-NM,original_total_to_resources_s,49,1,0.2536557900000034
conditional,40,FTR-NM,original_total_to_resources_s,50,1,0.546601946999985
conditional,40,FTR-NM,original_total_to_resources_s,51,1,0.5281054299999965
conditional,40,FTR-NM,original_total_to_resources_s,52,1,0.4960373950000303
common,40,FTR-NM,original_total_to_resources_s,45,3,0.4979767980000247
common,40,FTR-NM,original_total_to_resources_s,46,3,0.5550511569999799
common,40,FTR-NM,original_total_to_resources_s,47,3,0.5445858530000223
common,40,FTR-NM,original_total_to_resources_s,48,3,0.5052052710000083
common,40,FTR-NM,original_total_to_resources_s,49,3,0.2536557900000034
common,40,FTR-NM,original_total_to_resources_s,50,3,0.546601946999985
common,40,FTR-NM,original_total_to_resources_s,51,3,0.5281054299999965
common,40,FTR-NM,original_total_to_resources_s,52,3,0.4960373950000303
conditional,40,RGA-MR,original_total_to_resources_s,45,3,8.590838234333338
conditional,40,RGA-MR,original_total_to_resources_s,46,3,8.212624742000003
conditional,40,RGA-MR,original_total_to_resources_s,47,3,6.674249716666665
conditional,40,RGA-MR,original_total_to_resources_s,48,3,7.204767872666672
conditional,40,RGA-MR,original_total_to_resources_s,49,3,3.7851298366666626
conditional,40,RGA-MR,original_total_to_resources_s,50,3,14.170245008000007
conditional,40,RGA-MR,original_total_to_resources_s,51,3,7.425010774666674
conditional,40,RGA-MR,original_total_to_resources_s,52,3,9.511952957666656
common,40,RGA-MR,original_total_to_resources_s,45,3,8.590838234333338
common,40,RGA-MR,original_total_to_resources_s,46,3,8.212624742000003
common,40,RGA-MR,original_total_to_resources_s,47,3,6.674249716666665
common,40,RGA-MR,original_total_to_resources_s,48,3,7.204767872666672
common,40,RGA-MR,original_total_to_resources_s,49,3,3.7851298366666626
common,40,RGA-MR,original_total_to_resources_s,50,3,14.170245008000007
common,40,RGA-MR,original_total_to_resources_s,51,3,7.425010774666674
common,40,RGA-MR,original_total_to_resources_s,52,3,9.511952957666656
conditional,40,B-ALNS,original_total_to_resources_s,45,3,7.2296699643333495
conditional,40,B-ALNS,original_total_to_resources_s,46,3,4.872598597666657
conditional,40,B-ALNS,original_total_to_resources_s,47,3,10.273135421666675
conditional,40,B-ALNS,original_total_to_resources_s,48,3,4.847149098666665
conditional,40,B-ALNS,original_total_to_resources_s,49,3,2.3228842969999945
conditional,40,B-ALNS,original_total_to_resources_s,50,3,8.446767744666667
conditional,40,B-ALNS,original_total_to_resources_s,51,3,8.023007687666654
conditional,40,B-ALNS,original_total_to_resources_s,52,3,4.5818633573333045
common,40,B-ALNS,original_total_to_resources_s,45,3,7.2296699643333495
common,40,B-ALNS,original_total_to_resources_s,46,3,4.872598597666657
common,40,B-ALNS,original_total_to_resources_s,47,3,10.273135421666675
common,40,B-ALNS,original_total_to_resources_s,48,3,4.847149098666665
common,40,B-ALNS,original_total_to_resources_s,49,3,2.3228842969999945
common,40,B-ALNS,original_total_to_resources_s,50,3,8.446767744666667
common,40,B-ALNS,original_total_to_resources_s,51,3,8.023007687666654
common,40,B-ALNS,original_total_to_resources_s,52,3,4.5818633573333045
conditional,40,ESI-ALNS,original_total_to_resources_s,45,3,9.322255248000014
conditional,40,ESI-ALNS,original_total_to_resources_s,46,3,7.031956051333329
conditional,40,ESI-ALNS,original_total_to_resources_s,47,3,12.125409719333348
conditional,40,ESI-ALNS,original_total_to_resources_s,48,3,8.36391559
conditional,40,ESI-ALNS,original_total_to_resources_s,49,3,4.0412849469999985
conditional,40,ESI-ALNS,original_total_to_resources_s,50,3,11.601514811333333
conditional,40,ESI-ALNS,original_total_to_resources_s,51,3,10.273523516333325
conditional,40,ESI-ALNS,original_total_to_resources_s,52,3,7.667770962333331
common,40,ESI-ALNS,original_total_to_resources_s,45,3,9.322255248000014
common,40,ESI-ALNS,original_total_to_resources_s,46,3,7.031956051333329
common,40,ESI-ALNS,original_total_to_resources_s,47,3,12.125409719333348
common,40,ESI-ALNS,original_total_to_resources_s,48,3,8.36391559
common,40,ESI-ALNS,original_total_to_resources_s,49,3,4.0412849469999985
common,40,ESI-ALNS,original_total_to_resources_s,50,3,11.601514811333333
common,40,ESI-ALNS,original_total_to_resources_s,51,3,10.273523516333325
common,40,ESI-ALNS,original_total_to_resources_s,52,3,7.667770962333331
paired,40,GR-MR,original_total_to_resources_s,45,3,6.768242693000015
paired,40,GR-MR,original_total_to_resources_s,46,3,6.479140594333349
paired,40,GR-MR,original_total_to_resources_s,47,3,9.608066777333342
paired,40,GR-MR,original_total_to_resources_s,48,3,7.784497456999996
paired,40,GR-MR,original_total_to_resources_s,49,3,3.786654317000005
paired,40,GR-MR,original_total_to_resources_s,50,3,7.119072223333329
paired,40,GR-MR,original_total_to_resources_s,51,3,9.740321189333342
paired,40,GR-MR,original_total_to_resources_s,52,3,7.102165014333319
paired,40,FTR-NM,original_total_to_resources_s,45,3,8.824278449999989
paired,40,FTR-NM,original_total_to_resources_s,46,3,6.476904894333349
paired,40,FTR-NM,original_total_to_resources_s,47,3,11.580823866333326
paired,40,FTR-NM,original_total_to_resources_s,48,3,7.858710318999992
paired,40,FTR-NM,original_total_to_resources_s,49,3,3.7876291569999956
paired,40,FTR-NM,original_total_to_resources_s,50,3,11.054912864333348
paired,40,FTR-NM,original_total_to_resources_s,51,3,9.745418086333329
paired,40,FTR-NM,original_total_to_resources_s,52,3,7.171733567333301
paired,40,RGA-MR,original_total_to_resources_s,45,3,0.7314170136666766
paired,40,RGA-MR,original_total_to_resources_s,46,3,-1.1806686906666737
paired,40,RGA-MR,original_total_to_resources_s,47,3,5.451160002666683
paired,40,RGA-MR,original_total_to_resources_s,48,3,1.1591477173333284
paired,40,RGA-MR,original_total_to_resources_s,49,3,0.2561551103333362
paired,40,RGA-MR,original_total_to_resources_s,50,3,-2.568730196666673
paired,40,RGA-MR,original_total_to_resources_s,51,3,2.8485127416666507
paired,40,RGA-MR,original_total_to_resources_s,52,3,-1.8441819953333247
paired,40,B-ALNS,original_total_to_resources_s,45,3,2.092585283666665
paired,40,B-ALNS,original_total_to_resources_s,46,3,2.159357453666672
paired,40,B-ALNS,original_total_to_resources_s,47,3,1.8522742976666724
paired,40,B-ALNS,original_total_to_resources_s,48,3,3.5167664913333354
paired,40,B-ALNS,original_total_to_resources_s,49,3,1.7184006500000042
paired,40,B-ALNS,original_total_to_resources_s,50,3,3.1547470666666655
paired,40,B-ALNS,original_total_to_resources_s,51,3,2.2505158286666713
paired,40,B-ALNS,original_total_to_resources_s,52,3,3.0859076050000263
conditional,40,GR-MR,original_total_with_audit_s,45,1,2.5576287850000057
conditional,40,GR-MR,original_total_with_audit_s,46,1,0.5565340439999886
conditional,40,GR-MR,original_total_with_audit_s,47,1,2.5209314450000093
conditional,40,GR-MR,original_total_with_audit_s,48,1,0.5830039510000091
conditional,40,GR-MR,original_total_with_audit_s,49,1,0.25656281199999853
conditional,40,GR-MR,original_total_with_audit_s,50,1,4.486261812000002
conditional,40,GR-MR,original_total_with_audit_s,51,1,0.536933093999977
conditional,40,GR-MR,original_total_with_audit_s,52,1,0.5691453020000097
common,40,GR-MR,original_total_with_audit_s,45,3,2.5576287850000057
common,40,GR-MR,original_total_with_audit_s,46,3,0.5565340439999886
common,40,GR-MR,original_total_with_audit_s,47,3,2.5209314450000093
common,40,GR-MR,original_total_with_audit_s,48,3,0.5830039510000091
common,40,GR-MR,original_total_with_audit_s,49,3,0.25656281199999853
common,40,GR-MR,original_total_with_audit_s,50,3,4.486261812000002
common,40,GR-MR,original_total_with_audit_s,51,3,0.536933093999977
common,40,GR-MR,original_total_with_audit_s,52,3,0.5691453020000097
conditional,40,FTR-NM,original_total_with_audit_s,45,1,0.5015506700000287
conditional,40,FTR-NM,original_total_with_audit_s,46,1,0.5586620459999665
conditional,40,FTR-NM,original_total_with_audit_s,47,1,0.5480028000000274
conditional,40,FTR-NM,original_total_with_audit_s,48,1,0.5087812410000083
conditional,40,FTR-NM,original_total_with_audit_s,49,1,0.25557307000000407
conditional,40,FTR-NM,original_total_with_audit_s,50,1,0.550255041999975
conditional,40,FTR-NM,original_total_with_audit_s,51,1,0.5318209879999998
conditional,40,FTR-NM,original_total_with_audit_s,52,1,0.49940478800002097
common,40,FTR-NM,original_total_with_audit_s,45,3,0.5015506700000287
common,40,FTR-NM,original_total_with_audit_s,46,3,0.5586620459999665
common,40,FTR-NM,original_total_with_audit_s,47,3,0.5480028000000274
common,40,FTR-NM,original_total_with_audit_s,48,3,0.5087812410000083
common,40,FTR-NM,original_total_with_audit_s,49,3,0.25557307000000407
common,40,FTR-NM,original_total_with_audit_s,50,3,0.550255041999975
common,40,FTR-NM,original_total_with_audit_s,51,3,0.5318209879999998
common,40,FTR-NM,original_total_with_audit_s,52,3,0.49940478800002097
conditional,40,RGA-MR,original_total_with_audit_s,45,3,8.59441732033333
conditional,40,RGA-MR,original_total_with_audit_s,46,3,8.216279023000007
conditional,40,RGA-MR,original_total_with_audit_s,47,3,6.677720048666667
conditional,40,RGA-MR,original_total_with_audit_s,48,3,7.2084175943333335
conditional,40,RGA-MR,original_total_with_audit_s,49,3,3.787169226333333
conditional,40,RGA-MR,original_total_with_audit_s,50,3,14.174036166666669
conditional,40,RGA-MR,original_total_with_audit_s,51,3,7.428649205333346
conditional,40,RGA-MR,original_total_with_audit_s,52,3,9.51537140233331
common,40,RGA-MR,original_total_with_audit_s,45,3,8.59441732033333
common,40,RGA-MR,original_total_with_audit_s,46,3,8.216279023000007
common,40,RGA-MR,original_total_with_audit_s,47,3,6.677720048666667
common,40,RGA-MR,original_total_with_audit_s,48,3,7.2084175943333335
common,40,RGA-MR,original_total_with_audit_s,49,3,3.787169226333333
common,40,RGA-MR,original_total_with_audit_s,50,3,14.174036166666669
common,40,RGA-MR,original_total_with_audit_s,51,3,7.428649205333346
common,40,RGA-MR,original_total_with_audit_s,52,3,9.51537140233331
conditional,40,B-ALNS,original_total_with_audit_s,45,3,7.2342070016666895
conditional,40,B-ALNS,original_total_with_audit_s,46,3,4.8768030166666465
conditional,40,B-ALNS,original_total_with_audit_s,47,3,10.277689626666673
conditional,40,B-ALNS,original_total_with_audit_s,48,3,4.851464249999999
conditional,40,B-ALNS,original_total_with_audit_s,49,3,2.3254337433333276
conditional,40,B-ALNS,original_total_with_audit_s,50,3,8.451006765
conditional,40,B-ALNS,original_total_with_audit_s,51,3,8.027785328333318
conditional,40,B-ALNS,original_total_with_audit_s,52,3,4.585801316666637
common,40,B-ALNS,original_total_with_audit_s,45,3,7.2342070016666895
common,40,B-ALNS,original_total_with_audit_s,46,3,4.8768030166666465
common,40,B-ALNS,original_total_with_audit_s,47,3,10.277689626666673
common,40,B-ALNS,original_total_with_audit_s,48,3,4.851464249999999
common,40,B-ALNS,original_total_with_audit_s,49,3,2.3254337433333276
common,40,B-ALNS,original_total_with_audit_s,50,3,8.451006765
common,40,B-ALNS,original_total_with_audit_s,51,3,8.027785328333318
common,40,B-ALNS,original_total_with_audit_s,52,3,4.585801316666637
conditional,40,ESI-ALNS,original_total_with_audit_s,45,3,9.32666041933335
conditional,40,ESI-ALNS,original_total_with_audit_s,46,3,7.036184902666662
conditional,40,ESI-ALNS,original_total_with_audit_s,47,3,12.129804186666682
conditional,40,ESI-ALNS,original_total_with_audit_s,48,3,8.368097924000002
conditional,40,ESI-ALNS,original_total_with_audit_s,49,3,4.043783610999998
conditional,40,ESI-ALNS,original_total_with_audit_s,50,3,11.605610111333334
conditional,40,ESI-ALNS,original_total_with_audit_s,51,3,10.278184740333328
conditional,40,ESI-ALNS,original_total_with_audit_s,52,3,7.671667940999991
common,40,ESI-ALNS,original_total_with_audit_s,45,3,9.32666041933335
common,40,ESI-ALNS,original_total_with_audit_s,46,3,7.036184902666662
common,40,ESI-ALNS,original_total_with_audit_s,47,3,12.129804186666682
common,40,ESI-ALNS,original_total_with_audit_s,48,3,8.368097924000002
common,40,ESI-ALNS,original_total_with_audit_s,49,3,4.043783610999998
common,40,ESI-ALNS,original_total_with_audit_s,50,3,11.605610111333334
common,40,ESI-ALNS,original_total_with_audit_s,51,3,10.278184740333328
common,40,ESI-ALNS,original_total_with_audit_s,52,3,7.671667940999991
paired,40,GR-MR,original_total_with_audit_s,45,3,6.769031634333345
paired,40,GR-MR,original_total_with_audit_s,46,3,6.479650858666673
paired,40,GR-MR,original_total_with_audit_s,47,3,9.608872741666673
paired,40,GR-MR,original_total_with_audit_s,48,3,7.785093972999992
paired,40,GR-MR,original_total_with_audit_s,49,3,3.7872207989999986
paired,40,GR-MR,original_total_with_audit_s,50,3,7.119348299333332
paired,40,GR-MR,original_total_with_audit_s,51,3,9.741251646333351
paired,40,GR-MR,original_total_with_audit_s,52,3,7.102522638999981
paired,40,FTR-NM,original_total_with_audit_s,45,3,8.825109749333322
paired,40,FTR-NM,original_total_with_audit_s,46,3,6.477522856666695
paired,40,FTR-NM,original_total_with_audit_s,47,3,11.581801386666655
paired,40,FTR-NM,original_total_with_audit_s,48,3,7.859316682999993
paired,40,FTR-NM,original_total_with_audit_s,49,3,3.788210540999993
paired,40,FTR-NM,original_total_with_audit_s,50,3,11.055355069333359
paired,40,FTR-NM,original_total_with_audit_s,51,3,9.746363752333329
paired,40,FTR-NM,original_total_with_audit_s,52,3,7.17226315299997
paired,40,RGA-MR,original_total_with_audit_s,45,3,0.7322430990000205
paired,40,RGA-MR,original_total_with_audit_s,46,3,-1.1800941203333462
paired,40,RGA-MR,original_total_with_audit_s,47,3,5.452084138000015
paired,40,RGA-MR,original_total_with_audit_s,48,3,1.1596803296666682
paired,40,RGA-MR,original_total_with_audit_s,49,3,0.25661438466666436
paired,40,RGA-MR,original_total_with_audit_s,50,3,-2.5684260553333353
paired,40,RGA-MR,original_total_with_audit_s,51,3,2.849535534999982
paired,40,RGA-MR,original_total_with_audit_s,52,3,-1.8437034613333196
paired,40,B-ALNS,original_total_with_audit_s,45,3,2.092453417666661
paired,40,B-ALNS,original_total_with_audit_s,46,3,2.159381886000015
paired,40,B-ALNS,original_total_with_audit_s,47,3,1.8521145600000086
paired,40,B-ALNS,original_total_with_audit_s,48,3,3.5166336740000026
paired,40,B-ALNS,original_total_with_audit_s,49,3,1.7183498676666698
paired,40,B-ALNS,original_total_with_audit_s,50,3,3.154603346333334
paired,40,B-ALNS,original_total_with_audit_s,51,3,2.2503994120000095
paired,40,B-ALNS,original_total_with_audit_s,52,3,3.0858666243333537
conditional,40,GR-MR,p95_delay_s,45,1,332.52821939409614
conditional,40,GR-MR,p95_delay_s,46,1,360.5831100604385
conditional,40,GR-MR,p95_delay_s,47,1,340.26040903441975
conditional,40,GR-MR,p95_delay_s,48,1,327.3708144580421
conditional,40,GR-MR,p95_delay_s,49,1,304.6024189648124
conditional,40,GR-MR,p95_delay_s,50,1,326.9886080485046
conditional,40,GR-MR,p95_delay_s,51,1,374.5407269818571
conditional,40,GR-MR,p95_delay_s,52,1,375.3995660688568
common,40,GR-MR,p95_delay_s,45,3,332.52821939409614
common,40,GR-MR,p95_delay_s,46,3,360.5831100604385
common,40,GR-MR,p95_delay_s,47,3,340.26040903441975
common,40,GR-MR,p95_delay_s,48,3,327.3708144580421
common,40,GR-MR,p95_delay_s,49,3,304.6024189648124
common,40,GR-MR,p95_delay_s,50,3,326.9886080485046
common,40,GR-MR,p95_delay_s,51,3,374.5407269818571
common,40,GR-MR,p95_delay_s,52,3,375.3995660688568
conditional,40,FTR-NM,p95_delay_s,45,1,332.52821939409614
conditional,40,FTR-NM,p95_delay_s,46,1,360.5831100604385
conditional,40,FTR-NM,p95_delay_s,47,1,340.26040903441975
conditional,40,FTR-NM,p95_delay_s,48,1,327.3708144580421
conditional,40,FTR-NM,p95_delay_s,49,1,304.6024189648124
conditional,40,FTR-NM,p95_delay_s,50,1,326.98920156466187
conditional,40,FTR-NM,p95_delay_s,51,1,374.5407269818571
conditional,40,FTR-NM,p95_delay_s,52,1,375.3995660688568
common,40,FTR-NM,p95_delay_s,45,3,332.52821939409614
common,40,FTR-NM,p95_delay_s,46,3,360.5831100604385
common,40,FTR-NM,p95_delay_s,47,3,340.26040903441975
common,40,FTR-NM,p95_delay_s,48,3,327.3708144580421
common,40,FTR-NM,p95_delay_s,49,3,304.6024189648124
common,40,FTR-NM,p95_delay_s,50,3,326.98920156466187
common,40,FTR-NM,p95_delay_s,51,3,374.5407269818571
common,40,FTR-NM,p95_delay_s,52,3,375.3995660688568
conditional,40,RGA-MR,p95_delay_s,45,3,332.5283169447535
conditional,40,RGA-MR,p95_delay_s,46,3,360.5831100604385
conditional,40,RGA-MR,p95_delay_s,47,3,340.2163221354608
conditional,40,RGA-MR,p95_delay_s,48,3,310.45046827772865
conditional,40,RGA-MR,p95_delay_s,49,3,305.89088500857184
conditional,40,RGA-MR,p95_delay_s,50,3,326.9886080485046
conditional,40,RGA-MR,p95_delay_s,51,3,374.5391536351842
conditional,40,RGA-MR,p95_delay_s,52,3,375.3995660688568
common,40,RGA-MR,p95_delay_s,45,3,332.5283169447535
common,40,RGA-MR,p95_delay_s,46,3,360.5831100604385
common,40,RGA-MR,p95_delay_s,47,3,340.2163221354608
common,40,RGA-MR,p95_delay_s,48,3,310.45046827772865
common,40,RGA-MR,p95_delay_s,49,3,305.89088500857184
common,40,RGA-MR,p95_delay_s,50,3,326.9886080485046
common,40,RGA-MR,p95_delay_s,51,3,374.5391536351842
common,40,RGA-MR,p95_delay_s,52,3,375.3995660688568
conditional,40,B-ALNS,p95_delay_s,45,3,318.4243645815698
conditional,40,B-ALNS,p95_delay_s,46,3,362.38638533006286
conditional,40,B-ALNS,p95_delay_s,47,3,370.0086573172911
conditional,40,B-ALNS,p95_delay_s,48,3,353.7798723397102
conditional,40,B-ALNS,p95_delay_s,49,3,329.4497647849664
conditional,40,B-ALNS,p95_delay_s,50,3,323.5336236984214
conditional,40,B-ALNS,p95_delay_s,51,3,381.31121745168446
conditional,40,B-ALNS,p95_delay_s,52,3,351.79808177997904
common,40,B-ALNS,p95_delay_s,45,3,318.4243645815698
common,40,B-ALNS,p95_delay_s,46,3,362.38638533006286
common,40,B-ALNS,p95_delay_s,47,3,370.0086573172911
common,40,B-ALNS,p95_delay_s,48,3,353.7798723397102
common,40,B-ALNS,p95_delay_s,49,3,329.4497647849664
common,40,B-ALNS,p95_delay_s,50,3,323.5336236984214
common,40,B-ALNS,p95_delay_s,51,3,381.31121745168446
common,40,B-ALNS,p95_delay_s,52,3,351.79808177997904
conditional,40,ESI-ALNS,p95_delay_s,45,3,318.4243645815698
conditional,40,ESI-ALNS,p95_delay_s,46,3,362.38638533006286
conditional,40,ESI-ALNS,p95_delay_s,47,3,362.1689280766362
conditional,40,ESI-ALNS,p95_delay_s,48,3,366.44064745588065
conditional,40,ESI-ALNS,p95_delay_s,49,3,329.4497647849664
conditional,40,ESI-ALNS,p95_delay_s,50,3,322.75249333192096
conditional,40,ESI-ALNS,p95_delay_s,51,3,381.31121745168446
conditional,40,ESI-ALNS,p95_delay_s,52,3,351.80138902447464
common,40,ESI-ALNS,p95_delay_s,45,3,318.4243645815698
common,40,ESI-ALNS,p95_delay_s,46,3,362.38638533006286
common,40,ESI-ALNS,p95_delay_s,47,3,362.1689280766362
common,40,ESI-ALNS,p95_delay_s,48,3,366.44064745588065
common,40,ESI-ALNS,p95_delay_s,49,3,329.4497647849664
common,40,ESI-ALNS,p95_delay_s,50,3,322.75249333192096
common,40,ESI-ALNS,p95_delay_s,51,3,381.31121745168446
common,40,ESI-ALNS,p95_delay_s,52,3,351.80138902447464
paired,40,GR-MR,p95_delay_s,45,3,-14.103854812526341
paired,40,GR-MR,p95_delay_s,46,3,1.8032752696243317
paired,40,GR-MR,p95_delay_s,47,3,21.908519042216426
paired,40,GR-MR,p95_delay_s,48,3,39.069832997838525
paired,40,GR-MR,p95_delay_s,49,3,24.847345820154015
paired,40,GR-MR,p95_delay_s,50,3,-4.236114716583643
paired,40,GR-MR,p95_delay_s,51,3,6.770490469827318
paired,40,GR-MR,p95_delay_s,52,3,-23.59817704438217
paired,40,FTR-NM,p95_delay_s,45,3,-14.103854812526341
paired,40,FTR-NM,p95_delay_s,46,3,1.8032752696243317
paired,40,FTR-NM,p95_delay_s,47,3,21.908519042216426
paired,40,FTR-NM,p95_delay_s,48,3,39.069832997838525
paired,40,FTR-NM,p95_delay_s,49,3,24.847345820154015
paired,40,FTR-NM,p95_delay_s,50,3,-4.236708232740909
paired,40,FTR-NM,p95_delay_s,51,3,6.770490469827318
paired,40,FTR-NM,p95_delay_s,52,3,-23.59817704438217
paired,40,RGA-MR,p95_delay_s,45,3,-14.1039523631837
paired,40,RGA-MR,p95_delay_s,46,3,1.8032752696243317
paired,40,RGA-MR,p95_delay_s,47,3,21.952605941175364
paired,40,RGA-MR,p95_delay_s,48,3,55.990179178152005
paired,40,RGA-MR,p95_delay_s,49,3,23.55887977639456
paired,40,RGA-MR,p95_delay_s,50,3,-4.236114716583643
paired,40,RGA-MR,p95_delay_s,51,3,6.772063816500217
paired,40,RGA-MR,p95_delay_s,52,3,-23.59817704438217
paired,40,B-ALNS,p95_delay_s,45,3,0.0
paired,40,B-ALNS,p95_delay_s,46,3,0.0
paired,40,B-ALNS,p95_delay_s,47,3,-7.839729240654928
paired,40,B-ALNS,p95_delay_s,48,3,12.660775116170404
paired,40,B-ALNS,p95_delay_s,49,3,0.0
paired,40,B-ALNS,p95_delay_s,50,3,-0.781130366500482
paired,40,B-ALNS,p95_delay_s,51,3,0.0
paired,40,B-ALNS,p95_delay_s,52,3,0.0033072444956019353
conditional,40,GR-MR,stage1_energy_j,45,1,232562.6169056647
conditional,40,GR-MR,stage1_energy_j,46,1,198833.20313989645
conditional,40,GR-MR,stage1_energy_j,47,1,212013.49714033664
conditional,40,GR-MR,stage1_energy_j,48,1,195275.9980818472
conditional,40,GR-MR,stage1_energy_j,49,1,201356.0565381422
conditional,40,GR-MR,stage1_energy_j,50,1,204595.6278390381
conditional,40,GR-MR,stage1_energy_j,51,1,216408.62376592692
conditional,40,GR-MR,stage1_energy_j,52,1,222965.9782072778
common,40,GR-MR,stage1_energy_j,45,3,232562.6169056647
common,40,GR-MR,stage1_energy_j,46,3,198833.20313989645
common,40,GR-MR,stage1_energy_j,47,3,212013.49714033664
common,40,GR-MR,stage1_energy_j,48,3,195275.9980818472
common,40,GR-MR,stage1_energy_j,49,3,201356.0565381422
common,40,GR-MR,stage1_energy_j,50,3,204595.6278390381
common,40,GR-MR,stage1_energy_j,51,3,216408.62376592692
common,40,GR-MR,stage1_energy_j,52,3,222965.9782072778
conditional,40,FTR-NM,stage1_energy_j,45,1,232562.6169056647
conditional,40,FTR-NM,stage1_energy_j,46,1,198833.20313989645
conditional,40,FTR-NM,stage1_energy_j,47,1,212013.49714033664
conditional,40,FTR-NM,stage1_energy_j,48,1,195275.9980818472
conditional,40,FTR-NM,stage1_energy_j,49,1,201356.0565381422
conditional,40,FTR-NM,stage1_energy_j,50,1,204703.18510098936
conditional,40,FTR-NM,stage1_energy_j,51,1,216408.62376592692
conditional,40,FTR-NM,stage1_energy_j,52,1,222965.9782072778
common,40,FTR-NM,stage1_energy_j,45,3,232562.6169056647
common,40,FTR-NM,stage1_energy_j,46,3,198833.20313989645
common,40,FTR-NM,stage1_energy_j,47,3,212013.49714033664
common,40,FTR-NM,stage1_energy_j,48,3,195275.9980818472
common,40,FTR-NM,stage1_energy_j,49,3,201356.0565381422
common,40,FTR-NM,stage1_energy_j,50,3,204703.18510098936
common,40,FTR-NM,stage1_energy_j,51,3,216408.62376592692
common,40,FTR-NM,stage1_energy_j,52,3,222965.9782072778
conditional,40,RGA-MR,stage1_energy_j,45,3,232388.2053855155
conditional,40,RGA-MR,stage1_energy_j,46,3,198833.20313989645
conditional,40,RGA-MR,stage1_energy_j,47,3,211725.75131414956
conditional,40,RGA-MR,stage1_energy_j,48,3,194813.35175239868
conditional,40,RGA-MR,stage1_energy_j,49,3,200688.17071947418
conditional,40,RGA-MR,stage1_energy_j,50,3,204595.6278390381
conditional,40,RGA-MR,stage1_energy_j,51,3,215983.3319341327
conditional,40,RGA-MR,stage1_energy_j,52,3,222965.9782072778
common,40,RGA-MR,stage1_energy_j,45,3,232388.2053855155
common,40,RGA-MR,stage1_energy_j,46,3,198833.20313989645
common,40,RGA-MR,stage1_energy_j,47,3,211725.75131414956
common,40,RGA-MR,stage1_energy_j,48,3,194813.35175239868
common,40,RGA-MR,stage1_energy_j,49,3,200688.17071947418
common,40,RGA-MR,stage1_energy_j,50,3,204595.6278390381
common,40,RGA-MR,stage1_energy_j,51,3,215983.3319341327
common,40,RGA-MR,stage1_energy_j,52,3,222965.9782072778
conditional,40,B-ALNS,stage1_energy_j,45,3,134546.05845928466
conditional,40,B-ALNS,stage1_energy_j,46,3,136632.11897234336
conditional,40,B-ALNS,stage1_energy_j,47,3,136171.90533042487
conditional,40,B-ALNS,stage1_energy_j,48,3,121769.3572697013
conditional,40,B-ALNS,stage1_energy_j,49,3,131339.72635003607
conditional,40,B-ALNS,stage1_energy_j,50,3,139404.7682704886
conditional,40,B-ALNS,stage1_energy_j,51,3,162353.81430041435
conditional,40,B-ALNS,stage1_energy_j,52,3,153348.1082915678
common,40,B-ALNS,stage1_energy_j,45,3,134546.05845928466
common,40,B-ALNS,stage1_energy_j,46,3,136632.11897234336
common,40,B-ALNS,stage1_energy_j,47,3,136171.90533042487
common,40,B-ALNS,stage1_energy_j,48,3,121769.3572697013
common,40,B-ALNS,stage1_energy_j,49,3,131339.72635003607
common,40,B-ALNS,stage1_energy_j,50,3,139404.7682704886
common,40,B-ALNS,stage1_energy_j,51,3,162353.81430041435
common,40,B-ALNS,stage1_energy_j,52,3,153348.1082915678
conditional,40,ESI-ALNS,stage1_energy_j,45,3,134546.05845928466
conditional,40,ESI-ALNS,stage1_energy_j,46,3,136632.11897234336
conditional,40,ESI-ALNS,stage1_energy_j,47,3,135902.08243155497
conditional,40,ESI-ALNS,stage1_energy_j,48,3,121706.33623945074
conditional,40,ESI-ALNS,stage1_energy_j,49,3,131339.72635003607
conditional,40,ESI-ALNS,stage1_energy_j,50,3,139284.3312699746
conditional,40,ESI-ALNS,stage1_energy_j,51,3,162353.81430041435
conditional,40,ESI-ALNS,stage1_energy_j,52,3,151475.22747919883
common,40,ESI-ALNS,stage1_energy_j,45,3,134546.05845928466
common,40,ESI-ALNS,stage1_energy_j,46,3,136632.11897234336
common,40,ESI-ALNS,stage1_energy_j,47,3,135902.08243155497
common,40,ESI-ALNS,stage1_energy_j,48,3,121706.33623945074
common,40,ESI-ALNS,stage1_energy_j,49,3,131339.72635003607
common,40,ESI-ALNS,stage1_energy_j,50,3,139284.3312699746
common,40,ESI-ALNS,stage1_energy_j,51,3,162353.81430041435
common,40,ESI-ALNS,stage1_energy_j,52,3,151475.22747919883
paired,40,GR-MR,stage1_energy_j,45,3,-98016.55844638005
paired,40,GR-MR,stage1_energy_j,46,3,-62201.08416755308
paired,40,GR-MR,stage1_energy_j,47,3,-76111.41470878165
paired,40,GR-MR,stage1_energy_j,48,3,-73569.66184239647
paired,40,GR-MR,stage1_energy_j,49,3,-70016.33018810612
paired,40,GR-MR,stage1_energy_j,50,3,-65311.29656906351
paired,40,GR-MR,stage1_energy_j,51,3,-54054.80946551257
paired,40,GR-MR,stage1_energy_j,52,3,-71490.75072807899
paired,40,FTR-NM,stage1_energy_j,45,3,-98016.55844638005
paired,40,FTR-NM,stage1_energy_j,46,3,-62201.08416755308
paired,40,FTR-NM,stage1_energy_j,47,3,-76111.41470878165
paired,40,FTR-NM,stage1_energy_j,48,3,-73569.66184239647
paired,40,FTR-NM,stage1_energy_j,49,3,-70016.33018810612
paired,40,FTR-NM,stage1_energy_j,50,3,-65418.85383101478
paired,40,FTR-NM,stage1_energy_j,51,3,-54054.80946551257
paired,40,FTR-NM,stage1_energy_j,52,3,-71490.75072807899
paired,40,RGA-MR,stage1_energy_j,45,3,-97842.14692623085
paired,40,RGA-MR,stage1_energy_j,46,3,-62201.08416755308
paired,40,RGA-MR,stage1_energy_j,47,3,-75823.66888259457
paired,40,RGA-MR,stage1_energy_j,48,3,-73107.01551294792
paired,40,RGA-MR,stage1_energy_j,49,3,-69348.44436943809
paired,40,RGA-MR,stage1_energy_j,50,3,-65311.29656906351
paired,40,RGA-MR,stage1_energy_j,51,3,-53629.51763371833
paired,40,RGA-MR,stage1_energy_j,52,3,-71490.75072807899
paired,40,B-ALNS,stage1_energy_j,45,3,0.0
paired,40,B-ALNS,stage1_energy_j,46,3,0.0
paired,40,B-ALNS,stage1_energy_j,47,3,-269.8228988698781
paired,40,B-ALNS,stage1_energy_j,48,3,-63.0210302505584
paired,40,B-ALNS,stage1_energy_j,49,3,0.0
paired,40,B-ALNS,stage1_energy_j,50,3,-120.4370005140275
paired,40,B-ALNS,stage1_energy_j,51,3,0.0
paired,40,B-ALNS,stage1_energy_j,52,3,-1872.8808123689862
conditional,40,GR-MR,stage1_qualified_rate,45,1,1.0
conditional,40,GR-MR,stage1_qualified_rate,46,1,1.0
conditional,40,GR-MR,stage1_qualified_rate,47,1,1.0
conditional,40,GR-MR,stage1_qualified_rate,48,1,1.0
conditional,40,GR-MR,stage1_qualified_rate,49,1,1.0
conditional,40,GR-MR,stage1_qualified_rate,50,1,1.0
conditional,40,GR-MR,stage1_qualified_rate,51,1,1.0
conditional,40,GR-MR,stage1_qualified_rate,52,1,1.0
common,40,GR-MR,stage1_qualified_rate,45,3,1.0
common,40,GR-MR,stage1_qualified_rate,46,3,1.0
common,40,GR-MR,stage1_qualified_rate,47,3,1.0
common,40,GR-MR,stage1_qualified_rate,48,3,1.0
common,40,GR-MR,stage1_qualified_rate,49,3,1.0
common,40,GR-MR,stage1_qualified_rate,50,3,1.0
common,40,GR-MR,stage1_qualified_rate,51,3,1.0
common,40,GR-MR,stage1_qualified_rate,52,3,1.0
conditional,40,FTR-NM,stage1_qualified_rate,45,1,1.0
conditional,40,FTR-NM,stage1_qualified_rate,46,1,1.0
conditional,40,FTR-NM,stage1_qualified_rate,47,1,1.0
conditional,40,FTR-NM,stage1_qualified_rate,48,1,1.0
conditional,40,FTR-NM,stage1_qualified_rate,49,1,1.0
conditional,40,FTR-NM,stage1_qualified_rate,50,1,1.0
conditional,40,FTR-NM,stage1_qualified_rate,51,1,1.0
conditional,40,FTR-NM,stage1_qualified_rate,52,1,1.0
common,40,FTR-NM,stage1_qualified_rate,45,3,1.0
common,40,FTR-NM,stage1_qualified_rate,46,3,1.0
common,40,FTR-NM,stage1_qualified_rate,47,3,1.0
common,40,FTR-NM,stage1_qualified_rate,48,3,1.0
common,40,FTR-NM,stage1_qualified_rate,49,3,1.0
common,40,FTR-NM,stage1_qualified_rate,50,3,1.0
common,40,FTR-NM,stage1_qualified_rate,51,3,1.0
common,40,FTR-NM,stage1_qualified_rate,52,3,1.0
conditional,40,RGA-MR,stage1_qualified_rate,45,3,1.0
conditional,40,RGA-MR,stage1_qualified_rate,46,3,1.0
conditional,40,RGA-MR,stage1_qualified_rate,47,3,1.0
conditional,40,RGA-MR,stage1_qualified_rate,48,3,1.0
conditional,40,RGA-MR,stage1_qualified_rate,49,3,1.0
conditional,40,RGA-MR,stage1_qualified_rate,50,3,1.0
conditional,40,RGA-MR,stage1_qualified_rate,51,3,1.0
conditional,40,RGA-MR,stage1_qualified_rate,52,3,1.0
common,40,RGA-MR,stage1_qualified_rate,45,3,1.0
common,40,RGA-MR,stage1_qualified_rate,46,3,1.0
common,40,RGA-MR,stage1_qualified_rate,47,3,1.0
common,40,RGA-MR,stage1_qualified_rate,48,3,1.0
common,40,RGA-MR,stage1_qualified_rate,49,3,1.0
common,40,RGA-MR,stage1_qualified_rate,50,3,1.0
common,40,RGA-MR,stage1_qualified_rate,51,3,1.0
common,40,RGA-MR,stage1_qualified_rate,52,3,1.0
conditional,40,B-ALNS,stage1_qualified_rate,45,3,1.0
conditional,40,B-ALNS,stage1_qualified_rate,46,3,1.0
conditional,40,B-ALNS,stage1_qualified_rate,47,3,1.0
conditional,40,B-ALNS,stage1_qualified_rate,48,3,1.0
conditional,40,B-ALNS,stage1_qualified_rate,49,3,1.0
conditional,40,B-ALNS,stage1_qualified_rate,50,3,1.0
conditional,40,B-ALNS,stage1_qualified_rate,51,3,1.0
conditional,40,B-ALNS,stage1_qualified_rate,52,3,1.0
common,40,B-ALNS,stage1_qualified_rate,45,3,1.0
common,40,B-ALNS,stage1_qualified_rate,46,3,1.0
common,40,B-ALNS,stage1_qualified_rate,47,3,1.0
common,40,B-ALNS,stage1_qualified_rate,48,3,1.0
common,40,B-ALNS,stage1_qualified_rate,49,3,1.0
common,40,B-ALNS,stage1_qualified_rate,50,3,1.0
common,40,B-ALNS,stage1_qualified_rate,51,3,1.0
common,40,B-ALNS,stage1_qualified_rate,52,3,1.0
conditional,40,ESI-ALNS,stage1_qualified_rate,45,3,1.0
conditional,40,ESI-ALNS,stage1_qualified_rate,46,3,1.0
conditional,40,ESI-ALNS,stage1_qualified_rate,47,3,1.0
conditional,40,ESI-ALNS,stage1_qualified_rate,48,3,1.0
conditional,40,ESI-ALNS,stage1_qualified_rate,49,3,1.0
conditional,40,ESI-ALNS,stage1_qualified_rate,50,3,1.0
conditional,40,ESI-ALNS,stage1_qualified_rate,51,3,1.0
conditional,40,ESI-ALNS,stage1_qualified_rate,52,3,1.0
common,40,ESI-ALNS,stage1_qualified_rate,45,3,1.0
common,40,ESI-ALNS,stage1_qualified_rate,46,3,1.0
common,40,ESI-ALNS,stage1_qualified_rate,47,3,1.0
common,40,ESI-ALNS,stage1_qualified_rate,48,3,1.0
common,40,ESI-ALNS,stage1_qualified_rate,49,3,1.0
common,40,ESI-ALNS,stage1_qualified_rate,50,3,1.0
common,40,ESI-ALNS,stage1_qualified_rate,51,3,1.0
common,40,ESI-ALNS,stage1_qualified_rate,52,3,1.0
paired,40,GR-MR,stage1_qualified_rate,45,3,0.0
paired,40,GR-MR,stage1_qualified_rate,46,3,0.0
paired,40,GR-MR,stage1_qualified_rate,47,3,0.0
paired,40,GR-MR,stage1_qualified_rate,48,3,0.0
paired,40,GR-MR,stage1_qualified_rate,49,3,0.0
paired,40,GR-MR,stage1_qualified_rate,50,3,0.0
paired,40,GR-MR,stage1_qualified_rate,51,3,0.0
paired,40,GR-MR,stage1_qualified_rate,52,3,0.0
paired,40,FTR-NM,stage1_qualified_rate,45,3,0.0
paired,40,FTR-NM,stage1_qualified_rate,46,3,0.0
paired,40,FTR-NM,stage1_qualified_rate,47,3,0.0
paired,40,FTR-NM,stage1_qualified_rate,48,3,0.0
paired,40,FTR-NM,stage1_qualified_rate,49,3,0.0
paired,40,FTR-NM,stage1_qualified_rate,50,3,0.0
paired,40,FTR-NM,stage1_qualified_rate,51,3,0.0
paired,40,FTR-NM,stage1_qualified_rate,52,3,0.0
paired,40,RGA-MR,stage1_qualified_rate,45,3,0.0
paired,40,RGA-MR,stage1_qualified_rate,46,3,0.0
paired,40,RGA-MR,stage1_qualified_rate,47,3,0.0
paired,40,RGA-MR,stage1_qualified_rate,48,3,0.0
paired,40,RGA-MR,stage1_qualified_rate,49,3,0.0
paired,40,RGA-MR,stage1_qualified_rate,50,3,0.0
paired,40,RGA-MR,stage1_qualified_rate,51,3,0.0
paired,40,RGA-MR,stage1_qualified_rate,52,3,0.0
paired,40,B-ALNS,stage1_qualified_rate,45,3,0.0
paired,40,B-ALNS,stage1_qualified_rate,46,3,0.0
paired,40,B-ALNS,stage1_qualified_rate,47,3,0.0
paired,40,B-ALNS,stage1_qualified_rate,48,3,0.0
paired,40,B-ALNS,stage1_qualified_rate,49,3,0.0
paired,40,B-ALNS,stage1_qualified_rate,50,3,0.0
paired,40,B-ALNS,stage1_qualified_rate,51,3,0.0
paired,40,B-ALNS,stage1_qualified_rate,52,3,0.0
conditional,40,GR-MR,stage2_component_collection_j_j,45,1,8000.0
conditional,40,GR-MR,stage2_component_collection_j_j,46,1,8000.0
conditional,40,GR-MR,stage2_component_collection_j_j,47,1,8000.0
conditional,40,GR-MR,stage2_component_collection_j_j,48,1,8000.0
conditional,40,GR-MR,stage2_component_collection_j_j,49,1,8000.0
conditional,40,GR-MR,stage2_component_collection_j_j,50,1,8000.0
conditional,40,GR-MR,stage2_component_collection_j_j,51,1,8000.0
conditional,40,GR-MR,stage2_component_collection_j_j,52,1,8000.0
common,40,GR-MR,stage2_component_collection_j_j,45,3,8000.0
common,40,GR-MR,stage2_component_collection_j_j,46,3,8000.0
common,40,GR-MR,stage2_component_collection_j_j,47,3,8000.0
common,40,GR-MR,stage2_component_collection_j_j,48,3,8000.0
common,40,GR-MR,stage2_component_collection_j_j,49,3,8000.0
common,40,GR-MR,stage2_component_collection_j_j,50,3,8000.0
common,40,GR-MR,stage2_component_collection_j_j,51,3,8000.0
common,40,GR-MR,stage2_component_collection_j_j,52,3,8000.0
conditional,40,FTR-NM,stage2_component_collection_j_j,45,1,8000.0
conditional,40,FTR-NM,stage2_component_collection_j_j,46,1,8000.0
conditional,40,FTR-NM,stage2_component_collection_j_j,47,1,8000.0
conditional,40,FTR-NM,stage2_component_collection_j_j,48,1,8000.0
conditional,40,FTR-NM,stage2_component_collection_j_j,49,1,8000.0
conditional,40,FTR-NM,stage2_component_collection_j_j,50,1,8000.0
conditional,40,FTR-NM,stage2_component_collection_j_j,51,1,8000.0
conditional,40,FTR-NM,stage2_component_collection_j_j,52,1,8000.0
common,40,FTR-NM,stage2_component_collection_j_j,45,3,8000.0
common,40,FTR-NM,stage2_component_collection_j_j,46,3,8000.0
common,40,FTR-NM,stage2_component_collection_j_j,47,3,8000.0
common,40,FTR-NM,stage2_component_collection_j_j,48,3,8000.0
common,40,FTR-NM,stage2_component_collection_j_j,49,3,8000.0
common,40,FTR-NM,stage2_component_collection_j_j,50,3,8000.0
common,40,FTR-NM,stage2_component_collection_j_j,51,3,8000.0
common,40,FTR-NM,stage2_component_collection_j_j,52,3,8000.0
conditional,40,RGA-MR,stage2_component_collection_j_j,45,3,8000.0
conditional,40,RGA-MR,stage2_component_collection_j_j,46,3,8000.0
conditional,40,RGA-MR,stage2_component_collection_j_j,47,3,8000.0
conditional,40,RGA-MR,stage2_component_collection_j_j,48,3,8000.0
conditional,40,RGA-MR,stage2_component_collection_j_j,49,3,8000.0
conditional,40,RGA-MR,stage2_component_collection_j_j,50,3,8000.0
conditional,40,RGA-MR,stage2_component_collection_j_j,51,3,8000.0
conditional,40,RGA-MR,stage2_component_collection_j_j,52,3,8000.0
common,40,RGA-MR,stage2_component_collection_j_j,45,3,8000.0
common,40,RGA-MR,stage2_component_collection_j_j,46,3,8000.0
common,40,RGA-MR,stage2_component_collection_j_j,47,3,8000.0
common,40,RGA-MR,stage2_component_collection_j_j,48,3,8000.0
common,40,RGA-MR,stage2_component_collection_j_j,49,3,8000.0
common,40,RGA-MR,stage2_component_collection_j_j,50,3,8000.0
common,40,RGA-MR,stage2_component_collection_j_j,51,3,8000.0
common,40,RGA-MR,stage2_component_collection_j_j,52,3,8000.0
conditional,40,B-ALNS,stage2_component_collection_j_j,45,3,8000.0
conditional,40,B-ALNS,stage2_component_collection_j_j,46,3,8000.0
conditional,40,B-ALNS,stage2_component_collection_j_j,47,3,8000.0
conditional,40,B-ALNS,stage2_component_collection_j_j,48,3,8000.0
conditional,40,B-ALNS,stage2_component_collection_j_j,49,3,8000.0
conditional,40,B-ALNS,stage2_component_collection_j_j,50,3,8000.0
conditional,40,B-ALNS,stage2_component_collection_j_j,51,3,8000.0
conditional,40,B-ALNS,stage2_component_collection_j_j,52,3,8000.0
common,40,B-ALNS,stage2_component_collection_j_j,45,3,8000.0
common,40,B-ALNS,stage2_component_collection_j_j,46,3,8000.0
common,40,B-ALNS,stage2_component_collection_j_j,47,3,8000.0
common,40,B-ALNS,stage2_component_collection_j_j,48,3,8000.0
common,40,B-ALNS,stage2_component_collection_j_j,49,3,8000.0
common,40,B-ALNS,stage2_component_collection_j_j,50,3,8000.0
common,40,B-ALNS,stage2_component_collection_j_j,51,3,8000.0
common,40,B-ALNS,stage2_component_collection_j_j,52,3,8000.0
conditional,40,ESI-ALNS,stage2_component_collection_j_j,45,3,8000.0
conditional,40,ESI-ALNS,stage2_component_collection_j_j,46,3,8000.0
conditional,40,ESI-ALNS,stage2_component_collection_j_j,47,3,8000.0
conditional,40,ESI-ALNS,stage2_component_collection_j_j,48,3,8000.0
conditional,40,ESI-ALNS,stage2_component_collection_j_j,49,3,8000.0
conditional,40,ESI-ALNS,stage2_component_collection_j_j,50,3,8000.0
conditional,40,ESI-ALNS,stage2_component_collection_j_j,51,3,8000.0
conditional,40,ESI-ALNS,stage2_component_collection_j_j,52,3,8000.0
common,40,ESI-ALNS,stage2_component_collection_j_j,45,3,8000.0
common,40,ESI-ALNS,stage2_component_collection_j_j,46,3,8000.0
common,40,ESI-ALNS,stage2_component_collection_j_j,47,3,8000.0
common,40,ESI-ALNS,stage2_component_collection_j_j,48,3,8000.0
common,40,ESI-ALNS,stage2_component_collection_j_j,49,3,8000.0
common,40,ESI-ALNS,stage2_component_collection_j_j,50,3,8000.0
common,40,ESI-ALNS,stage2_component_collection_j_j,51,3,8000.0
common,40,ESI-ALNS,stage2_component_collection_j_j,52,3,8000.0
paired,40,GR-MR,stage2_component_collection_j_j,45,3,0.0
paired,40,GR-MR,stage2_component_collection_j_j,46,3,0.0
paired,40,GR-MR,stage2_component_collection_j_j,47,3,0.0
paired,40,GR-MR,stage2_component_collection_j_j,48,3,0.0
paired,40,GR-MR,stage2_component_collection_j_j,49,3,0.0
paired,40,GR-MR,stage2_component_collection_j_j,50,3,0.0
paired,40,GR-MR,stage2_component_collection_j_j,51,3,0.0
paired,40,GR-MR,stage2_component_collection_j_j,52,3,0.0
paired,40,FTR-NM,stage2_component_collection_j_j,45,3,0.0
paired,40,FTR-NM,stage2_component_collection_j_j,46,3,0.0
paired,40,FTR-NM,stage2_component_collection_j_j,47,3,0.0
paired,40,FTR-NM,stage2_component_collection_j_j,48,3,0.0
paired,40,FTR-NM,stage2_component_collection_j_j,49,3,0.0
paired,40,FTR-NM,stage2_component_collection_j_j,50,3,0.0
paired,40,FTR-NM,stage2_component_collection_j_j,51,3,0.0
paired,40,FTR-NM,stage2_component_collection_j_j,52,3,0.0
paired,40,RGA-MR,stage2_component_collection_j_j,45,3,0.0
paired,40,RGA-MR,stage2_component_collection_j_j,46,3,0.0
paired,40,RGA-MR,stage2_component_collection_j_j,47,3,0.0
paired,40,RGA-MR,stage2_component_collection_j_j,48,3,0.0
paired,40,RGA-MR,stage2_component_collection_j_j,49,3,0.0
paired,40,RGA-MR,stage2_component_collection_j_j,50,3,0.0
paired,40,RGA-MR,stage2_component_collection_j_j,51,3,0.0
paired,40,RGA-MR,stage2_component_collection_j_j,52,3,0.0
paired,40,B-ALNS,stage2_component_collection_j_j,45,3,0.0
paired,40,B-ALNS,stage2_component_collection_j_j,46,3,0.0
paired,40,B-ALNS,stage2_component_collection_j_j,47,3,0.0
paired,40,B-ALNS,stage2_component_collection_j_j,48,3,0.0
paired,40,B-ALNS,stage2_component_collection_j_j,49,3,0.0
paired,40,B-ALNS,stage2_component_collection_j_j,50,3,0.0
paired,40,B-ALNS,stage2_component_collection_j_j,51,3,0.0
paired,40,B-ALNS,stage2_component_collection_j_j,52,3,0.0
conditional,40,GR-MR,stage2_component_flight_j_j,45,1,224223.54069102387
conditional,40,GR-MR,stage2_component_flight_j_j,46,1,190577.1398211207
conditional,40,GR-MR,stage2_component_flight_j_j,47,1,203556.7344951869
conditional,40,GR-MR,stage2_component_flight_j_j,48,1,186978.56010554207
conditional,40,GR-MR,stage2_component_flight_j_j,49,1,193014.72450042045
conditional,40,GR-MR,stage2_component_flight_j_j,50,1,196142.91403563772
conditional,40,GR-MR,stage2_component_flight_j_j,51,1,208031.08240202809
conditional,40,GR-MR,stage2_component_flight_j_j,52,1,214687.28508104442
common,40,GR-MR,stage2_component_flight_j_j,45,3,224223.54069102387
common,40,GR-MR,stage2_component_flight_j_j,46,3,190577.1398211207
common,40,GR-MR,stage2_component_flight_j_j,47,3,203556.7344951869
common,40,GR-MR,stage2_component_flight_j_j,48,3,186978.56010554207
common,40,GR-MR,stage2_component_flight_j_j,49,3,193014.72450042045
common,40,GR-MR,stage2_component_flight_j_j,50,3,196142.91403563772
common,40,GR-MR,stage2_component_flight_j_j,51,3,208031.08240202809
common,40,GR-MR,stage2_component_flight_j_j,52,3,214687.28508104442
conditional,40,FTR-NM,stage2_component_flight_j_j,45,1,224223.54069102387
conditional,40,FTR-NM,stage2_component_flight_j_j,46,1,190577.1398211207
conditional,40,FTR-NM,stage2_component_flight_j_j,47,1,203556.7344951869
conditional,40,FTR-NM,stage2_component_flight_j_j,48,1,186978.56010554207
conditional,40,FTR-NM,stage2_component_flight_j_j,49,1,193014.72450042045
conditional,40,FTR-NM,stage2_component_flight_j_j,50,1,196192.87855098132
conditional,40,FTR-NM,stage2_component_flight_j_j,51,1,208031.08240202809
conditional,40,FTR-NM,stage2_component_flight_j_j,52,1,214687.28508104442
common,40,FTR-NM,stage2_component_flight_j_j,45,3,224223.54069102387
common,40,FTR-NM,stage2_component_flight_j_j,46,3,190577.1398211207
common,40,FTR-NM,stage2_component_flight_j_j,47,3,203556.7344951869
common,40,FTR-NM,stage2_component_flight_j_j,48,3,186978.56010554207
common,40,FTR-NM,stage2_component_flight_j_j,49,3,193014.72450042045
common,40,FTR-NM,stage2_component_flight_j_j,50,3,196192.87855098132
common,40,FTR-NM,stage2_component_flight_j_j,51,3,208031.08240202809
common,40,FTR-NM,stage2_component_flight_j_j,52,3,214687.28508104442
conditional,40,RGA-MR,stage2_component_flight_j_j,45,3,224051.50921164252
conditional,40,RGA-MR,stage2_component_flight_j_j,46,3,190577.1398211207
conditional,40,RGA-MR,stage2_component_flight_j_j,47,3,203273.88673304586
conditional,40,RGA-MR,stage2_component_flight_j_j,48,3,186513.42501963704
conditional,40,RGA-MR,stage2_component_flight_j_j,49,3,192336.64008766017
conditional,40,RGA-MR,stage2_component_flight_j_j,50,3,196142.91403563772
conditional,40,RGA-MR,stage2_component_flight_j_j,51,3,207610.23345103292
conditional,40,RGA-MR,stage2_component_flight_j_j,52,3,214687.28508104442
common,40,RGA-MR,stage2_component_flight_j_j,45,3,224051.50921164252
common,40,RGA-MR,stage2_component_flight_j_j,46,3,190577.1398211207
common,40,RGA-MR,stage2_component_flight_j_j,47,3,203273.88673304586
common,40,RGA-MR,stage2_component_flight_j_j,48,3,186513.42501963704
common,40,RGA-MR,stage2_component_flight_j_j,49,3,192336.64008766017
common,40,RGA-MR,stage2_component_flight_j_j,50,3,196142.91403563772
common,40,RGA-MR,stage2_component_flight_j_j,51,3,207610.23345103292
common,40,RGA-MR,stage2_component_flight_j_j,52,3,214687.28508104442
conditional,40,B-ALNS,stage2_component_flight_j_j,45,3,125430.89446403849
conditional,40,B-ALNS,stage2_component_flight_j_j,46,3,127917.14181784973
conditional,40,B-ALNS,stage2_component_flight_j_j,47,3,126511.31299187102
conditional,40,B-ALNS,stage2_component_flight_j_j,48,3,113132.83092893788
conditional,40,B-ALNS,stage2_component_flight_j_j,49,3,122484.3595110248
conditional,40,B-ALNS,stage2_component_flight_j_j,50,3,130411.85761769449
conditional,40,B-ALNS,stage2_component_flight_j_j,51,3,153416.30839327417
conditional,40,B-ALNS,stage2_component_flight_j_j,52,3,144721.8803130029
common,40,B-ALNS,stage2_component_flight_j_j,45,3,125430.89446403849
common,40,B-ALNS,stage2_component_flight_j_j,46,3,127917.14181784973
common,40,B-ALNS,stage2_component_flight_j_j,47,3,126511.31299187102
common,40,B-ALNS,stage2_component_flight_j_j,48,3,113132.83092893788
common,40,B-ALNS,stage2_component_flight_j_j,49,3,122484.3595110248
common,40,B-ALNS,stage2_component_flight_j_j,50,3,130411.85761769449
common,40,B-ALNS,stage2_component_flight_j_j,51,3,153416.30839327417
common,40,B-ALNS,stage2_component_flight_j_j,52,3,144721.8803130029
conditional,40,ESI-ALNS,stage2_component_flight_j_j,45,3,125430.89446403849
conditional,40,ESI-ALNS,stage2_component_flight_j_j,46,3,127917.14181784973
conditional,40,ESI-ALNS,stage2_component_flight_j_j,47,3,126514.45191968813
conditional,40,ESI-ALNS,stage2_component_flight_j_j,48,3,113077.36754908238
conditional,40,ESI-ALNS,stage2_component_flight_j_j,49,3,122484.3595110248
conditional,40,ESI-ALNS,stage2_component_flight_j_j,50,3,130291.18867185437
conditional,40,ESI-ALNS,stage2_component_flight_j_j,51,3,153416.30839327417
conditional,40,ESI-ALNS,stage2_component_flight_j_j,52,3,142839.72897834363
common,40,ESI-ALNS,stage2_component_flight_j_j,45,3,125430.89446403849
common,40,ESI-ALNS,stage2_component_flight_j_j,46,3,127917.14181784973
common,40,ESI-ALNS,stage2_component_flight_j_j,47,3,126514.45191968813
common,40,ESI-ALNS,stage2_component_flight_j_j,48,3,113077.36754908238
common,40,ESI-ALNS,stage2_component_flight_j_j,49,3,122484.3595110248
common,40,ESI-ALNS,stage2_component_flight_j_j,50,3,130291.18867185437
common,40,ESI-ALNS,stage2_component_flight_j_j,51,3,153416.30839327417
common,40,ESI-ALNS,stage2_component_flight_j_j,52,3,142839.72897834363
paired,40,GR-MR,stage2_component_flight_j_j,45,3,-98792.64622698538
paired,40,GR-MR,stage2_component_flight_j_j,46,3,-62659.998003270994
paired,40,GR-MR,stage2_component_flight_j_j,47,3,-77042.28257549876
paired,40,GR-MR,stage2_component_flight_j_j,48,3,-73901.19255645969
paired,40,GR-MR,stage2_component_flight_j_j,49,3,-70530.36498939565
paired,40,GR-MR,stage2_component_flight_j_j,50,3,-65851.72536378335
paired,40,GR-MR,stage2_component_flight_j_j,51,3,-54614.77400875391
paired,40,GR-MR,stage2_component_flight_j_j,52,3,-71847.55610270078
paired,40,FTR-NM,stage2_component_flight_j_j,45,3,-98792.64622698538
paired,40,FTR-NM,stage2_component_flight_j_j,46,3,-62659.998003270994
paired,40,FTR-NM,stage2_component_flight_j_j,47,3,-77042.28257549876
paired,40,FTR-NM,stage2_component_flight_j_j,48,3,-73901.19255645969
paired,40,FTR-NM,stage2_component_flight_j_j,49,3,-70530.36498939565
paired,40,FTR-NM,stage2_component_flight_j_j,50,3,-65901.68987912695
paired,40,FTR-NM,stage2_component_flight_j_j,51,3,-54614.77400875391
paired,40,FTR-NM,stage2_component_flight_j_j,52,3,-71847.55610270078
paired,40,RGA-MR,stage2_component_flight_j_j,45,3,-98620.61474760402
paired,40,RGA-MR,stage2_component_flight_j_j,46,3,-62659.998003270994
paired,40,RGA-MR,stage2_component_flight_j_j,47,3,-76759.43481335772
paired,40,RGA-MR,stage2_component_flight_j_j,48,3,-73436.05747055466
paired,40,RGA-MR,stage2_component_flight_j_j,49,3,-69852.28057663538
paired,40,RGA-MR,stage2_component_flight_j_j,50,3,-65851.72536378335
paired,40,RGA-MR,stage2_component_flight_j_j,51,3,-54193.92505775876
paired,40,RGA-MR,stage2_component_flight_j_j,52,3,-71847.55610270078
paired,40,B-ALNS,stage2_component_flight_j_j,45,3,0.0
paired,40,B-ALNS,stage2_component_flight_j_j,46,3,0.0
paired,40,B-ALNS,stage2_component_flight_j_j,47,3,3.1389278171166857
paired,40,B-ALNS,stage2_component_flight_j_j,48,3,-55.463379855500534
paired,40,B-ALNS,stage2_component_flight_j_j,49,3,0.0
paired,40,B-ALNS,stage2_component_flight_j_j,50,3,-120.66894584013305
paired,40,B-ALNS,stage2_component_flight_j_j,51,3,0.0
paired,40,B-ALNS,stage2_component_flight_j_j,52,3,-1882.1513346592644
conditional,40,GR-MR,stage2_component_local_compute_j_j,45,1,339.27210506084293
conditional,40,GR-MR,stage2_component_local_compute_j_j,46,1,256.2307694623536
conditional,40,GR-MR,stage2_component_local_compute_j_j,47,1,456.93158767159787
conditional,40,GR-MR,stage2_component_local_compute_j_j,48,1,297.6027269853452
conditional,40,GR-MR,stage2_component_local_compute_j_j,49,1,341.5020164994456
conditional,40,GR-MR,stage2_component_local_compute_j_j,50,1,397.824077264254
conditional,40,GR-MR,stage2_component_local_compute_j_j,51,1,377.7221387182399
conditional,40,GR-MR,stage2_component_local_compute_j_j,52,1,278.8796865135335
common,40,GR-MR,stage2_component_local_compute_j_j,45,3,339.27210506084293
common,40,GR-MR,stage2_component_local_compute_j_j,46,3,256.2307694623536
common,40,GR-MR,stage2_component_local_compute_j_j,47,3,456.93158767159787
common,40,GR-MR,stage2_component_local_compute_j_j,48,3,297.6027269853452
common,40,GR-MR,stage2_component_local_compute_j_j,49,3,341.5020164994456
common,40,GR-MR,stage2_component_local_compute_j_j,50,3,397.824077264254
common,40,GR-MR,stage2_component_local_compute_j_j,51,3,377.7221387182399
common,40,GR-MR,stage2_component_local_compute_j_j,52,3,278.8796865135335
conditional,40,FTR-NM,stage2_component_local_compute_j_j,45,1,339.27210506084293
conditional,40,FTR-NM,stage2_component_local_compute_j_j,46,1,256.2307694623536
conditional,40,FTR-NM,stage2_component_local_compute_j_j,47,1,456.93158767159787
conditional,40,FTR-NM,stage2_component_local_compute_j_j,48,1,297.6027269853452
conditional,40,FTR-NM,stage2_component_local_compute_j_j,49,1,341.5020164994456
conditional,40,FTR-NM,stage2_component_local_compute_j_j,50,1,397.8246415887905
conditional,40,FTR-NM,stage2_component_local_compute_j_j,51,1,377.7221387182399
conditional,40,FTR-NM,stage2_component_local_compute_j_j,52,1,278.8796865135335
common,40,FTR-NM,stage2_component_local_compute_j_j,45,3,339.27210506084293
common,40,FTR-NM,stage2_component_local_compute_j_j,46,3,256.2307694623536
common,40,FTR-NM,stage2_component_local_compute_j_j,47,3,456.93158767159787
common,40,FTR-NM,stage2_component_local_compute_j_j,48,3,297.6027269853452
common,40,FTR-NM,stage2_component_local_compute_j_j,49,3,341.5020164994456
common,40,FTR-NM,stage2_component_local_compute_j_j,50,3,397.8246415887905
common,40,FTR-NM,stage2_component_local_compute_j_j,51,3,377.7221387182399
common,40,FTR-NM,stage2_component_local_compute_j_j,52,3,278.8796865135335
conditional,40,RGA-MR,stage2_component_local_compute_j_j,45,3,336.89198666769704
conditional,40,RGA-MR,stage2_component_local_compute_j_j,46,3,256.2307694623536
conditional,40,RGA-MR,stage2_component_local_compute_j_j,47,3,452.0331761483481
conditional,40,RGA-MR,stage2_component_local_compute_j_j,48,3,300.0909355991733
conditional,40,RGA-MR,stage2_component_local_compute_j_j,49,3,351.699778124687
conditional,40,RGA-MR,stage2_component_local_compute_j_j,50,3,397.824077264254
conditional,40,RGA-MR,stage2_component_local_compute_j_j,51,3,373.27878577803716
conditional,40,RGA-MR,stage2_component_local_compute_j_j,52,3,278.8796865135335
common,40,RGA-MR,stage2_component_local_compute_j_j,45,3,336.89198666769704
common,40,RGA-MR,stage2_component_local_compute_j_j,46,3,256.2307694623536
common,40,RGA-MR,stage2_component_local_compute_j_j,47,3,452.0331761483481
common,40,RGA-MR,stage2_component_local_compute_j_j,48,3,300.0909355991733
common,40,RGA-MR,stage2_component_local_compute_j_j,49,3,351.699778124687
common,40,RGA-MR,stage2_component_local_compute_j_j,50,3,397.824077264254
common,40,RGA-MR,stage2_component_local_compute_j_j,51,3,373.27878577803716
common,40,RGA-MR,stage2_component_local_compute_j_j,52,3,278.8796865135335
conditional,40,B-ALNS,stage2_component_local_compute_j_j,45,3,482.34756622430945
conditional,40,B-ALNS,stage2_component_local_compute_j_j,46,3,481.9945317759974
conditional,40,B-ALNS,stage2_component_local_compute_j_j,47,3,545.4994546170947
conditional,40,B-ALNS,stage2_component_local_compute_j_j,48,3,443.5106903831403
conditional,40,B-ALNS,stage2_component_local_compute_j_j,49,3,608.9955198361208
conditional,40,B-ALNS,stage2_component_local_compute_j_j,50,3,527.9885059297686
conditional,40,B-ALNS,stage2_component_local_compute_j_j,51,3,484.96631904756657
conditional,40,B-ALNS,stage2_component_local_compute_j_j,52,3,520.8835953803342
common,40,B-ALNS,stage2_component_local_compute_j_j,45,3,482.34756622430945
common,40,B-ALNS,stage2_component_local_compute_j_j,46,3,481.9945317759974
common,40,B-ALNS,stage2_component_local_compute_j_j,47,3,545.4994546170947
common,40,B-ALNS,stage2_component_local_compute_j_j,48,3,443.5106903831403
common,40,B-ALNS,stage2_component_local_compute_j_j,49,3,608.9955198361208
common,40,B-ALNS,stage2_component_local_compute_j_j,50,3,527.9885059297686
common,40,B-ALNS,stage2_component_local_compute_j_j,51,3,484.96631904756657
common,40,B-ALNS,stage2_component_local_compute_j_j,52,3,520.8835953803342
conditional,40,ESI-ALNS,stage2_component_local_compute_j_j,45,3,482.34756622430945
conditional,40,ESI-ALNS,stage2_component_local_compute_j_j,46,3,481.9945317759974
conditional,40,ESI-ALNS,stage2_component_local_compute_j_j,47,3,543.835655763953
conditional,40,ESI-ALNS,stage2_component_local_compute_j_j,48,3,404.0194112291056
conditional,40,ESI-ALNS,stage2_component_local_compute_j_j,49,3,608.9955198361208
conditional,40,ESI-ALNS,stage2_component_local_compute_j_j,50,3,528.2204504739559
conditional,40,ESI-ALNS,stage2_component_local_compute_j_j,51,3,484.96631904756657
conditional,40,ESI-ALNS,stage2_component_local_compute_j_j,52,3,530.1522957922876
common,40,ESI-ALNS,stage2_component_local_compute_j_j,45,3,482.34756622430945
common,40,ESI-ALNS,stage2_component_local_compute_j_j,46,3,481.9945317759974
common,40,ESI-ALNS,stage2_component_local_compute_j_j,47,3,543.835655763953
common,40,ESI-ALNS,stage2_component_local_compute_j_j,48,3,404.0194112291056
common,40,ESI-ALNS,stage2_component_local_compute_j_j,49,3,608.9955198361208
common,40,ESI-ALNS,stage2_component_local_compute_j_j,50,3,528.2204504739559
common,40,ESI-ALNS,stage2_component_local_compute_j_j,51,3,484.96631904756657
common,40,ESI-ALNS,stage2_component_local_compute_j_j,52,3,530.1522957922876
paired,40,GR-MR,stage2_component_local_compute_j_j,45,3,143.07546116346654
paired,40,GR-MR,stage2_component_local_compute_j_j,46,3,225.76376231364384
paired,40,GR-MR,stage2_component_local_compute_j_j,47,3,86.90406809235519
paired,40,GR-MR,stage2_component_local_compute_j_j,48,3,106.41668424376037
paired,40,GR-MR,stage2_component_local_compute_j_j,49,3,267.49350333667525
paired,40,GR-MR,stage2_component_local_compute_j_j,50,3,130.39637320970192
paired,40,GR-MR,stage2_component_local_compute_j_j,51,3,107.24418032932668
paired,40,GR-MR,stage2_component_local_compute_j_j,52,3,251.27260927875415
paired,40,FTR-NM,stage2_component_local_compute_j_j,45,3,143.07546116346654
paired,40,FTR-NM,stage2_component_local_compute_j_j,46,3,225.76376231364384
paired,40,FTR-NM,stage2_component_local_compute_j_j,47,3,86.90406809235519
paired,40,FTR-NM,stage2_component_local_compute_j_j,48,3,106.41668424376037
paired,40,FTR-NM,stage2_component_local_compute_j_j,49,3,267.49350333667525
paired,40,FTR-NM,stage2_component_local_compute_j_j,50,3,130.39580888516545
paired,40,FTR-NM,stage2_component_local_compute_j_j,51,3,107.24418032932668
paired,40,FTR-NM,stage2_component_local_compute_j_j,52,3,251.27260927875415
paired,40,RGA-MR,stage2_component_local_compute_j_j,45,3,145.45557955661243
paired,40,RGA-MR,stage2_component_local_compute_j_j,46,3,225.76376231364384
paired,40,RGA-MR,stage2_component_local_compute_j_j,47,3,91.80247961560495
paired,40,RGA-MR,stage2_component_local_compute_j_j,48,3,103.9284756299323
paired,40,RGA-MR,stage2_component_local_compute_j_j,49,3,257.29574171143383
paired,40,RGA-MR,stage2_component_local_compute_j_j,50,3,130.39637320970192
paired,40,RGA-MR,stage2_component_local_compute_j_j,51,3,111.6875332695294
paired,40,RGA-MR,stage2_component_local_compute_j_j,52,3,251.27260927875415
paired,40,B-ALNS,stage2_component_local_compute_j_j,45,3,0.0
paired,40,B-ALNS,stage2_component_local_compute_j_j,46,3,0.0
paired,40,B-ALNS,stage2_component_local_compute_j_j,47,3,-1.6637988531416188
paired,40,B-ALNS,stage2_component_local_compute_j_j,48,3,-39.49127915403469
paired,40,B-ALNS,stage2_component_local_compute_j_j,49,3,0.0
paired,40,B-ALNS,stage2_component_local_compute_j_j,50,3,0.23194454418728583
paired,40,B-ALNS,stage2_component_local_compute_j_j,51,3,0.0
paired,40,B-ALNS,stage2_component_local_compute_j_j,52,3,9.268700411953432
conditional,40,GR-MR,stage2_component_transmit_j_j,45,1,0.0
conditional,40,GR-MR,stage2_component_transmit_j_j,46,1,0.0
conditional,40,GR-MR,stage2_component_transmit_j_j,47,1,0.0
conditional,40,GR-MR,stage2_component_transmit_j_j,48,1,0.0
conditional,40,GR-MR,stage2_component_transmit_j_j,49,1,0.0
conditional,40,GR-MR,stage2_component_transmit_j_j,50,1,0.027516638297711983
conditional,40,GR-MR,stage2_component_transmit_j_j,51,1,0.0
conditional,40,GR-MR,stage2_component_transmit_j_j,52,1,0.0
common,40,GR-MR,stage2_component_transmit_j_j,45,3,0.0
common,40,GR-MR,stage2_component_transmit_j_j,46,3,0.0
common,40,GR-MR,stage2_component_transmit_j_j,47,3,0.0
common,40,GR-MR,stage2_component_transmit_j_j,48,3,0.0
common,40,GR-MR,stage2_component_transmit_j_j,49,3,0.0
common,40,GR-MR,stage2_component_transmit_j_j,50,3,0.027516638297711983
common,40,GR-MR,stage2_component_transmit_j_j,51,3,0.0
common,40,GR-MR,stage2_component_transmit_j_j,52,3,0.0
conditional,40,FTR-NM,stage2_component_transmit_j_j,45,1,0.0
conditional,40,FTR-NM,stage2_component_transmit_j_j,46,1,0.0
conditional,40,FTR-NM,stage2_component_transmit_j_j,47,1,0.0
conditional,40,FTR-NM,stage2_component_transmit_j_j,48,1,0.0
conditional,40,FTR-NM,stage2_component_transmit_j_j,49,1,0.0
conditional,40,FTR-NM,stage2_component_transmit_j_j,50,1,0.05629864257869488
conditional,40,FTR-NM,stage2_component_transmit_j_j,51,1,0.0
conditional,40,FTR-NM,stage2_component_transmit_j_j,52,1,0.0
common,40,FTR-NM,stage2_component_transmit_j_j,45,3,0.0
common,40,FTR-NM,stage2_component_transmit_j_j,46,3,0.0
common,40,FTR-NM,stage2_component_transmit_j_j,47,3,0.0
common,40,FTR-NM,stage2_component_transmit_j_j,48,3,0.0
common,40,FTR-NM,stage2_component_transmit_j_j,49,3,0.0
common,40,FTR-NM,stage2_component_transmit_j_j,50,3,0.05629864257869488
common,40,FTR-NM,stage2_component_transmit_j_j,51,3,0.0
common,40,FTR-NM,stage2_component_transmit_j_j,52,3,0.0
conditional,40,RGA-MR,stage2_component_transmit_j_j,45,3,0.0
conditional,40,RGA-MR,stage2_component_transmit_j_j,46,3,0.0
conditional,40,RGA-MR,stage2_component_transmit_j_j,47,3,0.0
conditional,40,RGA-MR,stage2_component_transmit_j_j,48,3,0.0
conditional,40,RGA-MR,stage2_component_transmit_j_j,49,3,0.0
conditional,40,RGA-MR,stage2_component_transmit_j_j,50,3,0.027516638297711983
conditional,40,RGA-MR,stage2_component_transmit_j_j,51,3,0.0
conditional,40,RGA-MR,stage2_component_transmit_j_j,52,3,0.0
common,40,RGA-MR,stage2_component_transmit_j_j,45,3,0.0
common,40,RGA-MR,stage2_component_transmit_j_j,46,3,0.0
common,40,RGA-MR,stage2_component_transmit_j_j,47,3,0.0
common,40,RGA-MR,stage2_component_transmit_j_j,48,3,0.0
common,40,RGA-MR,stage2_component_transmit_j_j,49,3,0.0
common,40,RGA-MR,stage2_component_transmit_j_j,50,3,0.027516638297711983
common,40,RGA-MR,stage2_component_transmit_j_j,51,3,0.0
common,40,RGA-MR,stage2_component_transmit_j_j,52,3,0.0
conditional,40,B-ALNS,stage2_component_transmit_j_j,45,3,0.3163063638611608
conditional,40,B-ALNS,stage2_component_transmit_j_j,46,3,0.11649007720739661
conditional,40,B-ALNS,stage2_component_transmit_j_j,47,3,0.5573358600488798
conditional,40,B-ALNS,stage2_component_transmit_j_j,48,3,0.09651057953077666
conditional,40,B-ALNS,stage2_component_transmit_j_j,49,3,0.12317914534803631
conditional,40,B-ALNS,stage2_component_transmit_j_j,50,3,0.2324145685130462
conditional,40,B-ALNS,stage2_component_transmit_j_j,51,3,0.22622872448426073
conditional,40,B-ALNS,stage2_component_transmit_j_j,52,3,0.052710039974513734
common,40,B-ALNS,stage2_component_transmit_j_j,45,3,0.3163063638611608
common,40,B-ALNS,stage2_component_transmit_j_j,46,3,0.11649007720739661
common,40,B-ALNS,stage2_component_transmit_j_j,47,3,0.5573358600488798
common,40,B-ALNS,stage2_component_transmit_j_j,48,3,0.09651057953077666
common,40,B-ALNS,stage2_component_transmit_j_j,49,3,0.12317914534803631
common,40,B-ALNS,stage2_component_transmit_j_j,50,3,0.2324145685130462
common,40,B-ALNS,stage2_component_transmit_j_j,51,3,0.22622872448426073
common,40,B-ALNS,stage2_component_transmit_j_j,52,3,0.052710039974513734
conditional,40,ESI-ALNS,stage2_component_transmit_j_j,45,3,0.3163063638611608
conditional,40,ESI-ALNS,stage2_component_transmit_j_j,46,3,0.11649007720739661
conditional,40,ESI-ALNS,stage2_component_transmit_j_j,47,3,0.42175076081091256
conditional,40,ESI-ALNS,stage2_component_transmit_j_j,48,3,0.1124696799080897
conditional,40,ESI-ALNS,stage2_component_transmit_j_j,49,3,0.12317914534803631
conditional,40,ESI-ALNS,stage2_component_transmit_j_j,50,3,0.2324145087210466
conditional,40,ESI-ALNS,stage2_component_transmit_j_j,51,3,0.22622872448426073
conditional,40,ESI-ALNS,stage2_component_transmit_j_j,52,3,0.05271004097936883
common,40,ESI-ALNS,stage2_component_transmit_j_j,45,3,0.3163063638611608
common,40,ESI-ALNS,stage2_component_transmit_j_j,46,3,0.11649007720739661
common,40,ESI-ALNS,stage2_component_transmit_j_j,47,3,0.42175076081091256
common,40,ESI-ALNS,stage2_component_transmit_j_j,48,3,0.1124696799080897
common,40,ESI-ALNS,stage2_component_transmit_j_j,49,3,0.12317914534803631
common,40,ESI-ALNS,stage2_component_transmit_j_j,50,3,0.2324145087210466
common,40,ESI-ALNS,stage2_component_transmit_j_j,51,3,0.22622872448426073
common,40,ESI-ALNS,stage2_component_transmit_j_j,52,3,0.05271004097936883
paired,40,GR-MR,stage2_component_transmit_j_j,45,3,0.3163063638611608
paired,40,GR-MR,stage2_component_transmit_j_j,46,3,0.11649007720739661
paired,40,GR-MR,stage2_component_transmit_j_j,47,3,0.42175076081091256
paired,40,GR-MR,stage2_component_transmit_j_j,48,3,0.1124696799080897
paired,40,GR-MR,stage2_component_transmit_j_j,49,3,0.12317914534803631
paired,40,GR-MR,stage2_component_transmit_j_j,50,3,0.2048978704233346
paired,40,GR-MR,stage2_component_transmit_j_j,51,3,0.22622872448426073
paired,40,GR-MR,stage2_component_transmit_j_j,52,3,0.05271004097936883
paired,40,FTR-NM,stage2_component_transmit_j_j,45,3,0.3163063638611608
paired,40,FTR-NM,stage2_component_transmit_j_j,46,3,0.11649007720739661
paired,40,FTR-NM,stage2_component_transmit_j_j,47,3,0.42175076081091256
paired,40,FTR-NM,stage2_component_transmit_j_j,48,3,0.1124696799080897
paired,40,FTR-NM,stage2_component_transmit_j_j,49,3,0.12317914534803631
paired,40,FTR-NM,stage2_component_transmit_j_j,50,3,0.17611586614235172
paired,40,FTR-NM,stage2_component_transmit_j_j,51,3,0.22622872448426073
paired,40,FTR-NM,stage2_component_transmit_j_j,52,3,0.05271004097936883
paired,40,RGA-MR,stage2_component_transmit_j_j,45,3,0.3163063638611608
paired,40,RGA-MR,stage2_component_transmit_j_j,46,3,0.11649007720739661
paired,40,RGA-MR,stage2_component_transmit_j_j,47,3,0.42175076081091256
paired,40,RGA-MR,stage2_component_transmit_j_j,48,3,0.1124696799080897
paired,40,RGA-MR,stage2_component_transmit_j_j,49,3,0.12317914534803631
paired,40,RGA-MR,stage2_component_transmit_j_j,50,3,0.2048978704233346
paired,40,RGA-MR,stage2_component_transmit_j_j,51,3,0.22622872448426073
paired,40,RGA-MR,stage2_component_transmit_j_j,52,3,0.05271004097936883
paired,40,B-ALNS,stage2_component_transmit_j_j,45,3,0.0
paired,40,B-ALNS,stage2_component_transmit_j_j,46,3,0.0
paired,40,B-ALNS,stage2_component_transmit_j_j,47,3,-0.13558509923796724
paired,40,B-ALNS,stage2_component_transmit_j_j,48,3,0.01595910037731306
paired,40,B-ALNS,stage2_component_transmit_j_j,49,3,0.0
paired,40,B-ALNS,stage2_component_transmit_j_j,50,3,-5.979199961999211e-08
paired,40,B-ALNS,stage2_component_transmit_j_j,51,3,0.0
paired,40,B-ALNS,stage2_component_transmit_j_j,52,3,1.0048550972789154e-09
conditional,40,GR-MR,stage2_component_upload_hover_j_j,45,1,0.0
conditional,40,GR-MR,stage2_component_upload_hover_j_j,46,1,0.0
conditional,40,GR-MR,stage2_component_upload_hover_j_j,47,1,0.0
conditional,40,GR-MR,stage2_component_upload_hover_j_j,48,1,0.0
conditional,40,GR-MR,stage2_component_upload_hover_j_j,49,1,0.0
conditional,40,GR-MR,stage2_component_upload_hover_j_j,50,1,55.03327659542396
conditional,40,GR-MR,stage2_component_upload_hover_j_j,51,1,0.0
conditional,40,GR-MR,stage2_component_upload_hover_j_j,52,1,0.0
common,40,GR-MR,stage2_component_upload_hover_j_j,45,3,0.0
common,40,GR-MR,stage2_component_upload_hover_j_j,46,3,0.0
common,40,GR-MR,stage2_component_upload_hover_j_j,47,3,0.0
common,40,GR-MR,stage2_component_upload_hover_j_j,48,3,0.0
common,40,GR-MR,stage2_component_upload_hover_j_j,49,3,0.0
common,40,GR-MR,stage2_component_upload_hover_j_j,50,3,55.03327659542396
common,40,GR-MR,stage2_component_upload_hover_j_j,51,3,0.0
common,40,GR-MR,stage2_component_upload_hover_j_j,52,3,0.0
conditional,40,FTR-NM,stage2_component_upload_hover_j_j,45,1,0.0
conditional,40,FTR-NM,stage2_component_upload_hover_j_j,46,1,0.0
conditional,40,FTR-NM,stage2_component_upload_hover_j_j,47,1,0.0
conditional,40,FTR-NM,stage2_component_upload_hover_j_j,48,1,0.0
conditional,40,FTR-NM,stage2_component_upload_hover_j_j,49,1,0.0
conditional,40,FTR-NM,stage2_component_upload_hover_j_j,50,1,112.59728515738976
conditional,40,FTR-NM,stage2_component_upload_hover_j_j,51,1,0.0
conditional,40,FTR-NM,stage2_component_upload_hover_j_j,52,1,0.0
common,40,FTR-NM,stage2_component_upload_hover_j_j,45,3,0.0
common,40,FTR-NM,stage2_component_upload_hover_j_j,46,3,0.0
common,40,FTR-NM,stage2_component_upload_hover_j_j,47,3,0.0
common,40,FTR-NM,stage2_component_upload_hover_j_j,48,3,0.0
common,40,FTR-NM,stage2_component_upload_hover_j_j,49,3,0.0
common,40,FTR-NM,stage2_component_upload_hover_j_j,50,3,112.59728515738976
common,40,FTR-NM,stage2_component_upload_hover_j_j,51,3,0.0
common,40,FTR-NM,stage2_component_upload_hover_j_j,52,3,0.0
conditional,40,RGA-MR,stage2_component_upload_hover_j_j,45,3,0.0
conditional,40,RGA-MR,stage2_component_upload_hover_j_j,46,3,0.0
conditional,40,RGA-MR,stage2_component_upload_hover_j_j,47,3,0.0
conditional,40,RGA-MR,stage2_component_upload_hover_j_j,48,3,0.0
conditional,40,RGA-MR,stage2_component_upload_hover_j_j,49,3,0.0
conditional,40,RGA-MR,stage2_component_upload_hover_j_j,50,3,55.03327659542396
conditional,40,RGA-MR,stage2_component_upload_hover_j_j,51,3,0.0
conditional,40,RGA-MR,stage2_component_upload_hover_j_j,52,3,0.0
common,40,RGA-MR,stage2_component_upload_hover_j_j,45,3,0.0
common,40,RGA-MR,stage2_component_upload_hover_j_j,46,3,0.0
common,40,RGA-MR,stage2_component_upload_hover_j_j,47,3,0.0
common,40,RGA-MR,stage2_component_upload_hover_j_j,48,3,0.0
common,40,RGA-MR,stage2_component_upload_hover_j_j,49,3,0.0
common,40,RGA-MR,stage2_component_upload_hover_j_j,50,3,55.03327659542396
common,40,RGA-MR,stage2_component_upload_hover_j_j,51,3,0.0
common,40,RGA-MR,stage2_component_upload_hover_j_j,52,3,0.0
conditional,40,B-ALNS,stage2_component_upload_hover_j_j,45,3,632.6127277223217
conditional,40,B-ALNS,stage2_component_upload_hover_j_j,46,3,232.98015441479322
conditional,40,B-ALNS,stage2_component_upload_hover_j_j,47,3,1114.6717200977596
conditional,40,B-ALNS,stage2_component_upload_hover_j_j,48,3,193.02115906155328
conditional,40,B-ALNS,stage2_component_upload_hover_j_j,49,3,246.35829069607263
conditional,40,B-ALNS,stage2_component_upload_hover_j_j,50,3,464.82913702609244
conditional,40,B-ALNS,stage2_component_upload_hover_j_j,51,3,452.4574489685214
conditional,40,B-ALNS,stage2_component_upload_hover_j_j,52,3,105.42007994902747
common,40,B-ALNS,stage2_component_upload_hover_j_j,45,3,632.6127277223217
common,40,B-ALNS,stage2_component_upload_hover_j_j,46,3,232.98015441479322
common,40,B-ALNS,stage2_component_upload_hover_j_j,47,3,1114.6717200977596
common,40,B-ALNS,stage2_component_upload_hover_j_j,48,3,193.02115906155328
common,40,B-ALNS,stage2_component_upload_hover_j_j,49,3,246.35829069607263
common,40,B-ALNS,stage2_component_upload_hover_j_j,50,3,464.82913702609244
common,40,B-ALNS,stage2_component_upload_hover_j_j,51,3,452.4574489685214
common,40,B-ALNS,stage2_component_upload_hover_j_j,52,3,105.42007994902747
conditional,40,ESI-ALNS,stage2_component_upload_hover_j_j,45,3,632.6127277223217
conditional,40,ESI-ALNS,stage2_component_upload_hover_j_j,46,3,232.98015441479322
conditional,40,ESI-ALNS,stage2_component_upload_hover_j_j,47,3,843.501521621825
conditional,40,ESI-ALNS,stage2_component_upload_hover_j_j,48,3,224.9393598161794
conditional,40,ESI-ALNS,stage2_component_upload_hover_j_j,49,3,246.35829069607263
conditional,40,ESI-ALNS,stage2_component_upload_hover_j_j,50,3,464.8290174420932
conditional,40,ESI-ALNS,stage2_component_upload_hover_j_j,51,3,452.4574489685214
conditional,40,ESI-ALNS,stage2_component_upload_hover_j_j,52,3,105.42008195873764
common,40,ESI-ALNS,stage2_component_upload_hover_j_j,45,3,632.6127277223217
common,40,ESI-ALNS,stage2_component_upload_hover_j_j,46,3,232.98015441479322
common,40,ESI-ALNS,stage2_component_upload_hover_j_j,47,3,843.501521621825
common,40,ESI-ALNS,stage2_component_upload_hover_j_j,48,3,224.9393598161794
common,40,ESI-ALNS,stage2_component_upload_hover_j_j,49,3,246.35829069607263
common,40,ESI-ALNS,stage2_component_upload_hover_j_j,50,3,464.8290174420932
common,40,ESI-ALNS,stage2_component_upload_hover_j_j,51,3,452.4574489685214
common,40,ESI-ALNS,stage2_component_upload_hover_j_j,52,3,105.42008195873764
paired,40,GR-MR,stage2_component_upload_hover_j_j,45,3,632.6127277223217
paired,40,GR-MR,stage2_component_upload_hover_j_j,46,3,232.98015441479322
paired,40,GR-MR,stage2_component_upload_hover_j_j,47,3,843.501521621825
paired,40,GR-MR,stage2_component_upload_hover_j_j,48,3,224.9393598161794
paired,40,GR-MR,stage2_component_upload_hover_j_j,49,3,246.35829069607263
paired,40,GR-MR,stage2_component_upload_hover_j_j,50,3,409.7957408466692
paired,40,GR-MR,stage2_component_upload_hover_j_j,51,3,452.4574489685214
paired,40,GR-MR,stage2_component_upload_hover_j_j,52,3,105.42008195873764
paired,40,FTR-NM,stage2_component_upload_hover_j_j,45,3,632.6127277223217
paired,40,FTR-NM,stage2_component_upload_hover_j_j,46,3,232.98015441479322
paired,40,FTR-NM,stage2_component_upload_hover_j_j,47,3,843.501521621825
paired,40,FTR-NM,stage2_component_upload_hover_j_j,48,3,224.9393598161794
paired,40,FTR-NM,stage2_component_upload_hover_j_j,49,3,246.35829069607263
paired,40,FTR-NM,stage2_component_upload_hover_j_j,50,3,352.2317322847034
paired,40,FTR-NM,stage2_component_upload_hover_j_j,51,3,452.4574489685214
paired,40,FTR-NM,stage2_component_upload_hover_j_j,52,3,105.42008195873764
paired,40,RGA-MR,stage2_component_upload_hover_j_j,45,3,632.6127277223217
paired,40,RGA-MR,stage2_component_upload_hover_j_j,46,3,232.98015441479322
paired,40,RGA-MR,stage2_component_upload_hover_j_j,47,3,843.501521621825
paired,40,RGA-MR,stage2_component_upload_hover_j_j,48,3,224.9393598161794
paired,40,RGA-MR,stage2_component_upload_hover_j_j,49,3,246.35829069607263
paired,40,RGA-MR,stage2_component_upload_hover_j_j,50,3,409.7957408466692
paired,40,RGA-MR,stage2_component_upload_hover_j_j,51,3,452.4574489685214
paired,40,RGA-MR,stage2_component_upload_hover_j_j,52,3,105.42008195873764
paired,40,B-ALNS,stage2_component_upload_hover_j_j,45,3,0.0
paired,40,B-ALNS,stage2_component_upload_hover_j_j,46,3,0.0
paired,40,B-ALNS,stage2_component_upload_hover_j_j,47,3,-271.1701984759346
paired,40,B-ALNS,stage2_component_upload_hover_j_j,48,3,31.918200754626124
paired,40,B-ALNS,stage2_component_upload_hover_j_j,49,3,0.0
paired,40,B-ALNS,stage2_component_upload_hover_j_j,50,3,-0.0001195839992457574
paired,40,B-ALNS,stage2_component_upload_hover_j_j,51,3,0.0
paired,40,B-ALNS,stage2_component_upload_hover_j_j,52,3,2.0097101772383517e-06
conditional,40,GR-MR,stage2_energy_j,45,1,232562.8127960847
conditional,40,GR-MR,stage2_energy_j,46,1,198833.37059058307
conditional,40,GR-MR,stage2_energy_j,47,1,212013.6660828585
conditional,40,GR-MR,stage2_energy_j,48,1,195276.16283252742
conditional,40,GR-MR,stage2_energy_j,49,1,201356.2265169199
conditional,40,GR-MR,stage2_energy_j,50,1,204595.7989061357
conditional,40,GR-MR,stage2_energy_j,51,1,216408.80454074632
conditional,40,GR-MR,stage2_energy_j,52,1,222966.16476755793
common,40,GR-MR,stage2_energy_j,45,3,232562.8127960847
common,40,GR-MR,stage2_energy_j,46,3,198833.37059058307
common,40,GR-MR,stage2_energy_j,47,3,212013.6660828585
common,40,GR-MR,stage2_energy_j,48,3,195276.16283252742
common,40,GR-MR,stage2_energy_j,49,3,201356.2265169199
common,40,GR-MR,stage2_energy_j,50,3,204595.7989061357
common,40,GR-MR,stage2_energy_j,51,3,216408.80454074632
common,40,GR-MR,stage2_energy_j,52,3,222966.16476755793
conditional,40,FTR-NM,stage2_energy_j,45,1,232562.8127960847
conditional,40,FTR-NM,stage2_energy_j,46,1,198833.37059058307
conditional,40,FTR-NM,stage2_energy_j,47,1,212013.6660828585
conditional,40,FTR-NM,stage2_energy_j,48,1,195276.16283252742
conditional,40,FTR-NM,stage2_energy_j,49,1,201356.2265169199
conditional,40,FTR-NM,stage2_energy_j,50,1,204703.35677637008
conditional,40,FTR-NM,stage2_energy_j,51,1,216408.80454074632
conditional,40,FTR-NM,stage2_energy_j,52,1,222966.16476755793
common,40,FTR-NM,stage2_energy_j,45,3,232562.8127960847
common,40,FTR-NM,stage2_energy_j,46,3,198833.37059058307
common,40,FTR-NM,stage2_energy_j,47,3,212013.6660828585
common,40,FTR-NM,stage2_energy_j,48,3,195276.16283252742
common,40,FTR-NM,stage2_energy_j,49,3,201356.2265169199
common,40,FTR-NM,stage2_energy_j,50,3,204703.35677637008
common,40,FTR-NM,stage2_energy_j,51,3,216408.80454074632
common,40,FTR-NM,stage2_energy_j,52,3,222966.16476755793
conditional,40,RGA-MR,stage2_energy_j,45,3,232388.4011983102
conditional,40,RGA-MR,stage2_energy_j,46,3,198833.37059058307
conditional,40,RGA-MR,stage2_energy_j,47,3,211725.9199091942
conditional,40,RGA-MR,stage2_energy_j,48,3,194813.51595523622
conditional,40,RGA-MR,stage2_energy_j,49,3,200688.33986578486
conditional,40,RGA-MR,stage2_energy_j,50,3,204595.7989061357
conditional,40,RGA-MR,stage2_energy_j,51,3,215983.51223681096
conditional,40,RGA-MR,stage2_energy_j,52,3,222966.16476755793
common,40,RGA-MR,stage2_energy_j,45,3,232388.4011983102
common,40,RGA-MR,stage2_energy_j,46,3,198833.37059058307
common,40,RGA-MR,stage2_energy_j,47,3,211725.9199091942
common,40,RGA-MR,stage2_energy_j,48,3,194813.51595523622
common,40,RGA-MR,stage2_energy_j,49,3,200688.33986578486
common,40,RGA-MR,stage2_energy_j,50,3,204595.7989061357
common,40,RGA-MR,stage2_energy_j,51,3,215983.51223681096
common,40,RGA-MR,stage2_energy_j,52,3,222966.16476755793
conditional,40,B-ALNS,stage2_energy_j,45,3,134546.17106434898
conditional,40,B-ALNS,stage2_energy_j,46,3,136632.23299411772
conditional,40,B-ALNS,stage2_energy_j,47,3,136172.0415024459
conditional,40,B-ALNS,stage2_energy_j,48,3,121769.45928896211
conditional,40,B-ALNS,stage2_energy_j,49,3,131339.83650070234
conditional,40,B-ALNS,stage2_energy_j,50,3,139404.90767521886
conditional,40,B-ALNS,stage2_energy_j,51,3,162353.95839001474
conditional,40,B-ALNS,stage2_energy_j,52,3,153348.23669837223
common,40,B-ALNS,stage2_energy_j,45,3,134546.17106434898
common,40,B-ALNS,stage2_energy_j,46,3,136632.23299411772
common,40,B-ALNS,stage2_energy_j,47,3,136172.0415024459
common,40,B-ALNS,stage2_energy_j,48,3,121769.45928896211
common,40,B-ALNS,stage2_energy_j,49,3,131339.83650070234
common,40,B-ALNS,stage2_energy_j,50,3,139404.90767521886
common,40,B-ALNS,stage2_energy_j,51,3,162353.95839001474
common,40,B-ALNS,stage2_energy_j,52,3,153348.23669837223
conditional,40,ESI-ALNS,stage2_energy_j,45,3,134546.17106434898
conditional,40,ESI-ALNS,stage2_energy_j,46,3,136632.23299411772
conditional,40,ESI-ALNS,stage2_energy_j,47,3,135902.21084783474
conditional,40,ESI-ALNS,stage2_energy_j,48,3,121706.43878980758
conditional,40,ESI-ALNS,stage2_energy_j,49,3,131339.83650070234
conditional,40,ESI-ALNS,stage2_energy_j,50,3,139284.47055427913
conditional,40,ESI-ALNS,stage2_energy_j,51,3,162353.95839001474
conditional,40,ESI-ALNS,stage2_energy_j,52,3,151475.35406613565
common,40,ESI-ALNS,stage2_energy_j,45,3,134546.17106434898
common,40,ESI-ALNS,stage2_energy_j,46,3,136632.23299411772
common,40,ESI-ALNS,stage2_energy_j,47,3,135902.21084783474
common,40,ESI-ALNS,stage2_energy_j,48,3,121706.43878980758
common,40,ESI-ALNS,stage2_energy_j,49,3,131339.83650070234
common,40,ESI-ALNS,stage2_energy_j,50,3,139284.47055427913
common,40,ESI-ALNS,stage2_energy_j,51,3,162353.95839001474
common,40,ESI-ALNS,stage2_energy_j,52,3,151475.35406613565
paired,40,GR-MR,stage2_energy_j,45,3,-98016.64173173571
paired,40,GR-MR,stage2_energy_j,46,3,-62201.13759646535
paired,40,GR-MR,stage2_energy_j,47,3,-76111.45523502376
paired,40,GR-MR,stage2_energy_j,48,3,-73569.72404271984
paired,40,GR-MR,stage2_energy_j,49,3,-70016.39001621757
paired,40,GR-MR,stage2_energy_j,50,3,-65311.32835185656
paired,40,GR-MR,stage2_energy_j,51,3,-54054.84615073158
paired,40,GR-MR,stage2_energy_j,52,3,-71490.81070142228
paired,40,FTR-NM,stage2_energy_j,45,3,-98016.64173173571
paired,40,FTR-NM,stage2_energy_j,46,3,-62201.13759646535
paired,40,FTR-NM,stage2_energy_j,47,3,-76111.45523502376
paired,40,FTR-NM,stage2_energy_j,48,3,-73569.72404271984
paired,40,FTR-NM,stage2_energy_j,49,3,-70016.39001621757
paired,40,FTR-NM,stage2_energy_j,50,3,-65418.88622209095
paired,40,FTR-NM,stage2_energy_j,51,3,-54054.84615073158
paired,40,FTR-NM,stage2_energy_j,52,3,-71490.81070142228
paired,40,RGA-MR,stage2_energy_j,45,3,-97842.23013396122
paired,40,RGA-MR,stage2_energy_j,46,3,-62201.13759646535
paired,40,RGA-MR,stage2_energy_j,47,3,-75823.70906135948
paired,40,RGA-MR,stage2_energy_j,48,3,-73107.07716542865
paired,40,RGA-MR,stage2_energy_j,49,3,-69348.50336508252
paired,40,RGA-MR,stage2_energy_j,50,3,-65311.32835185656
paired,40,RGA-MR,stage2_energy_j,51,3,-53629.553846796225
paired,40,RGA-MR,stage2_energy_j,52,3,-71490.81070142228
paired,40,B-ALNS,stage2_energy_j,45,3,0.0
paired,40,B-ALNS,stage2_energy_j,46,3,0.0
paired,40,B-ALNS,stage2_energy_j,47,3,-269.83065461119014
paired,40,B-ALNS,stage2_energy_j,48,3,-63.020499154532445
paired,40,B-ALNS,stage2_energy_j,49,3,0.0
paired,40,B-ALNS,stage2_energy_j,50,3,-120.43712093973106
paired,40,B-ALNS,stage2_energy_j,51,3,0.0
paired,40,B-ALNS,stage2_energy_j,52,3,-1872.8826322365883
conditional,40,GR-MR,stage2_replay_s,45,1,0.36073481000000385
conditional,40,GR-MR,stage2_replay_s,46,1,0.43840475799999723
conditional,40,GR-MR,stage2_replay_s,47,1,0.3617993220000031
conditional,40,GR-MR,stage2_replay_s,48,1,0.4242962680000062
conditional,40,GR-MR,stage2_replay_s,49,1,0.4247037210000002
conditional,40,GR-MR,stage2_replay_s,50,1,0.437167450000004
conditional,40,GR-MR,stage2_replay_s,51,1,0.3314701679999956
conditional,40,GR-MR,stage2_replay_s,52,1,0.3414591989999991
common,40,GR-MR,stage2_replay_s,45,3,0.36073481000000385
common,40,GR-MR,stage2_replay_s,46,3,0.43840475799999723
common,40,GR-MR,stage2_replay_s,47,3,0.3617993220000031
common,40,GR-MR,stage2_replay_s,48,3,0.4242962680000062
common,40,GR-MR,stage2_replay_s,49,3,0.4247037210000002
common,40,GR-MR,stage2_replay_s,50,3,0.437167450000004
common,40,GR-MR,stage2_replay_s,51,3,0.3314701679999956
common,40,GR-MR,stage2_replay_s,52,3,0.3414591989999991
conditional,40,FTR-NM,stage2_replay_s,45,1,0.33711961399999524
conditional,40,FTR-NM,stage2_replay_s,46,1,0.338011299999998
conditional,40,FTR-NM,stage2_replay_s,47,1,0.340800876000003
conditional,40,FTR-NM,stage2_replay_s,48,1,0.4216215900000009
conditional,40,FTR-NM,stage2_replay_s,49,1,0.3355123169999956
conditional,40,FTR-NM,stage2_replay_s,50,1,0.33966957799999875
conditional,40,FTR-NM,stage2_replay_s,51,1,0.3311602190000116
conditional,40,FTR-NM,stage2_replay_s,52,1,0.33276735599999085
common,40,FTR-NM,stage2_replay_s,45,3,0.33711961399999524
common,40,FTR-NM,stage2_replay_s,46,3,0.338011299999998
common,40,FTR-NM,stage2_replay_s,47,3,0.340800876000003
common,40,FTR-NM,stage2_replay_s,48,3,0.4216215900000009
common,40,FTR-NM,stage2_replay_s,49,3,0.3355123169999956
common,40,FTR-NM,stage2_replay_s,50,3,0.33966957799999875
common,40,FTR-NM,stage2_replay_s,51,3,0.3311602190000116
common,40,FTR-NM,stage2_replay_s,52,3,0.33276735599999085
conditional,40,RGA-MR,stage2_replay_s,45,3,0.3690179390000002
conditional,40,RGA-MR,stage2_replay_s,46,3,0.37374172833333574
conditional,40,RGA-MR,stage2_replay_s,47,3,0.4064722586666652
conditional,40,RGA-MR,stage2_replay_s,48,3,0.3727613276666659
conditional,40,RGA-MR,stage2_replay_s,49,3,0.3348858330000013
conditional,40,RGA-MR,stage2_replay_s,50,3,0.4129033050000099
conditional,40,RGA-MR,stage2_replay_s,51,3,0.36596635000000316
conditional,40,RGA-MR,stage2_replay_s,52,3,0.3663228666666735
common,40,RGA-MR,stage2_replay_s,45,3,0.3690179390000002
common,40,RGA-MR,stage2_replay_s,46,3,0.37374172833333574
common,40,RGA-MR,stage2_replay_s,47,3,0.4064722586666652
common,40,RGA-MR,stage2_replay_s,48,3,0.3727613276666659
common,40,RGA-MR,stage2_replay_s,49,3,0.3348858330000013
common,40,RGA-MR,stage2_replay_s,50,3,0.4129033050000099
common,40,RGA-MR,stage2_replay_s,51,3,0.36596635000000316
common,40,RGA-MR,stage2_replay_s,52,3,0.3663228666666735
conditional,40,B-ALNS,stage2_replay_s,45,3,0.5179980153333309
conditional,40,B-ALNS,stage2_replay_s,46,3,0.3716187776666686
conditional,40,B-ALNS,stage2_replay_s,47,3,0.9127659720000002
conditional,40,B-ALNS,stage2_replay_s,48,3,0.3428460623333365
conditional,40,B-ALNS,stage2_replay_s,49,3,0.33964906833332975
conditional,40,B-ALNS,stage2_replay_s,50,3,0.45961960266666796
conditional,40,B-ALNS,stage2_replay_s,51,3,0.4160442316666651
conditional,40,B-ALNS,stage2_replay_s,52,3,0.3898288203333304
common,40,B-ALNS,stage2_replay_s,45,3,0.5179980153333309
common,40,B-ALNS,stage2_replay_s,46,3,0.3716187776666686
common,40,B-ALNS,stage2_replay_s,47,3,0.9127659720000002
common,40,B-ALNS,stage2_replay_s,48,3,0.3428460623333365
common,40,B-ALNS,stage2_replay_s,49,3,0.33964906833332975
common,40,B-ALNS,stage2_replay_s,50,3,0.45961960266666796
common,40,B-ALNS,stage2_replay_s,51,3,0.4160442316666651
common,40,B-ALNS,stage2_replay_s,52,3,0.3898288203333304
conditional,40,ESI-ALNS,stage2_replay_s,45,3,0.5416307153333335
conditional,40,ESI-ALNS,stage2_replay_s,46,3,0.3773176430000002
conditional,40,ESI-ALNS,stage2_replay_s,47,3,0.33948874866666284
conditional,40,ESI-ALNS,stage2_replay_s,48,3,0.37626885066666677
conditional,40,ESI-ALNS,stage2_replay_s,49,3,0.4365419763333307
conditional,40,ESI-ALNS,stage2_replay_s,50,3,0.3796915469999978
conditional,40,ESI-ALNS,stage2_replay_s,51,3,0.38148565533333095
conditional,40,ESI-ALNS,stage2_replay_s,52,3,0.3946459476666651
common,40,ESI-ALNS,stage2_replay_s,45,3,0.5416307153333335
common,40,ESI-ALNS,stage2_replay_s,46,3,0.3773176430000002
common,40,ESI-ALNS,stage2_replay_s,47,3,0.33948874866666284
common,40,ESI-ALNS,stage2_replay_s,48,3,0.37626885066666677
common,40,ESI-ALNS,stage2_replay_s,49,3,0.4365419763333307
common,40,ESI-ALNS,stage2_replay_s,50,3,0.3796915469999978
common,40,ESI-ALNS,stage2_replay_s,51,3,0.38148565533333095
common,40,ESI-ALNS,stage2_replay_s,52,3,0.3946459476666651
paired,40,GR-MR,stage2_replay_s,45,3,0.18089590533332967
paired,40,GR-MR,stage2_replay_s,46,3,-0.06108711499999705
paired,40,GR-MR,stage2_replay_s,47,3,-0.022310573333340262
paired,40,GR-MR,stage2_replay_s,48,3,-0.04802741733333941
paired,40,GR-MR,stage2_replay_s,49,3,0.011838255333330494
paired,40,GR-MR,stage2_replay_s,50,3,-0.05747590300000619
paired,40,GR-MR,stage2_replay_s,51,3,0.05001548733333531
paired,40,GR-MR,stage2_replay_s,52,3,0.05318674866666603
paired,40,FTR-NM,stage2_replay_s,45,3,0.20451110133333827
paired,40,FTR-NM,stage2_replay_s,46,3,0.039306343000002165
paired,40,FTR-NM,stage2_replay_s,47,3,-0.001312127333340148
paired,40,FTR-NM,stage2_replay_s,48,3,-0.04535273933333409
paired,40,FTR-NM,stage2_replay_s,49,3,0.10102965933333508
paired,40,FTR-NM,stage2_replay_s,50,3,0.04002196899999907
paired,40,FTR-NM,stage2_replay_s,51,3,0.05032543633331935
paired,40,FTR-NM,stage2_replay_s,52,3,0.061878591666674275
paired,40,RGA-MR,stage2_replay_s,45,3,0.1726127763333333
paired,40,RGA-MR,stage2_replay_s,46,3,0.0035759146666644406
paired,40,RGA-MR,stage2_replay_s,47,3,-0.0669835100000024
paired,40,RGA-MR,stage2_replay_s,48,3,0.0035075230000008637
paired,40,RGA-MR,stage2_replay_s,49,3,0.1016561433333294
paired,40,RGA-MR,stage2_replay_s,50,3,-0.03321175800001205
paired,40,RGA-MR,stage2_replay_s,51,3,0.015519305333327793
paired,40,RGA-MR,stage2_replay_s,52,3,0.028323080999991628
paired,40,B-ALNS,stage2_replay_s,45,3,0.023632700000002654
paired,40,B-ALNS,stage2_replay_s,46,3,0.005698865333331564
paired,40,B-ALNS,stage2_replay_s,47,3,-0.5732772233333373
paired,40,B-ALNS,stage2_replay_s,48,3,0.03342278833333031
paired,40,B-ALNS,stage2_replay_s,49,3,0.09689290800000094
paired,40,B-ALNS,stage2_replay_s,50,3,-0.07992805566667016
paired,40,B-ALNS,stage2_replay_s,51,3,-0.03455857633333418
paired,40,B-ALNS,stage2_replay_s,52,3,0.004817127333334763
conditional,40,GR-MR,total_distance_m,45,1,12456.863371723548
conditional,40,GR-MR,total_distance_m,46,1,10587.61887895115
conditional,40,GR-MR,total_distance_m,47,1,11308.707471954827
conditional,40,GR-MR,total_distance_m,48,1,10387.697783641226
conditional,40,GR-MR,total_distance_m,49,1,10723.04025002336
conditional,40,GR-MR,total_distance_m,50,1,10896.82855753543
conditional,40,GR-MR,total_distance_m,51,1,11557.282355668227
conditional,40,GR-MR,total_distance_m,52,1,11927.071393391356
common,40,GR-MR,total_distance_m,45,3,12456.863371723548
common,40,GR-MR,total_distance_m,46,3,10587.61887895115
common,40,GR-MR,total_distance_m,47,3,11308.707471954827
common,40,GR-MR,total_distance_m,48,3,10387.697783641226
common,40,GR-MR,total_distance_m,49,3,10723.04025002336
common,40,GR-MR,total_distance_m,50,3,10896.82855753543
common,40,GR-MR,total_distance_m,51,3,11557.282355668227
common,40,GR-MR,total_distance_m,52,3,11927.071393391356
conditional,40,FTR-NM,total_distance_m,45,1,12456.863371723548
conditional,40,FTR-NM,total_distance_m,46,1,10587.61887895115
conditional,40,FTR-NM,total_distance_m,47,1,11308.707471954827
conditional,40,FTR-NM,total_distance_m,48,1,10387.697783641226
conditional,40,FTR-NM,total_distance_m,49,1,10723.04025002336
conditional,40,FTR-NM,total_distance_m,50,1,10899.604363943406
conditional,40,FTR-NM,total_distance_m,51,1,11557.282355668227
conditional,40,FTR-NM,total_distance_m,52,1,11927.071393391356
common,40,FTR-NM,total_distance_m,45,3,12456.863371723548
common,40,FTR-NM,total_distance_m,46,3,10587.61887895115
common,40,FTR-NM,total_distance_m,47,3,11308.707471954827
common,40,FTR-NM,total_distance_m,48,3,10387.697783641226
common,40,FTR-NM,total_distance_m,49,3,10723.04025002336
common,40,FTR-NM,total_distance_m,50,3,10899.604363943406
common,40,FTR-NM,total_distance_m,51,3,11557.282355668227
common,40,FTR-NM,total_distance_m,52,3,11927.071393391356
conditional,40,RGA-MR,total_distance_m,45,3,12447.306067313473
conditional,40,RGA-MR,total_distance_m,46,3,10587.61887895115
conditional,40,RGA-MR,total_distance_m,47,3,11292.993707391437
conditional,40,RGA-MR,total_distance_m,48,3,10361.856945535392
conditional,40,RGA-MR,total_distance_m,49,3,10685.3688937589
conditional,40,RGA-MR,total_distance_m,50,3,10896.82855753543
conditional,40,RGA-MR,total_distance_m,51,3,11533.901858390718
conditional,40,RGA-MR,total_distance_m,52,3,11927.071393391356
common,40,RGA-MR,total_distance_m,45,3,12447.306067313473
common,40,RGA-MR,total_distance_m,46,3,10587.61887895115
common,40,RGA-MR,total_distance_m,47,3,11292.993707391437
common,40,RGA-MR,total_distance_m,48,3,10361.856945535392
common,40,RGA-MR,total_distance_m,49,3,10685.3688937589
common,40,RGA-MR,total_distance_m,50,3,10896.82855753543
common,40,RGA-MR,total_distance_m,51,3,11533.901858390718
common,40,RGA-MR,total_distance_m,52,3,11927.071393391356
conditional,40,B-ALNS,total_distance_m,45,3,6968.383025779915
conditional,40,B-ALNS,total_distance_m,46,3,7106.507878769429
conditional,40,B-ALNS,total_distance_m,47,3,7028.406277326168
conditional,40,B-ALNS,total_distance_m,48,3,6285.157273829883
conditional,40,B-ALNS,total_distance_m,49,3,6804.686639501378
conditional,40,B-ALNS,total_distance_m,50,3,7245.103200983027
conditional,40,B-ALNS,total_distance_m,51,3,8523.128244070787
conditional,40,B-ALNS,total_distance_m,52,3,8040.1044618334945
common,40,B-ALNS,total_distance_m,45,3,6968.383025779915
common,40,B-ALNS,total_distance_m,46,3,7106.507878769429
common,40,B-ALNS,total_distance_m,47,3,7028.406277326168
common,40,B-ALNS,total_distance_m,48,3,6285.157273829883
common,40,B-ALNS,total_distance_m,49,3,6804.686639501378
common,40,B-ALNS,total_distance_m,50,3,7245.103200983027
common,40,B-ALNS,total_distance_m,51,3,8523.128244070787
common,40,B-ALNS,total_distance_m,52,3,8040.1044618334945
conditional,40,ESI-ALNS,total_distance_m,45,3,6968.383025779915
conditional,40,ESI-ALNS,total_distance_m,46,3,7106.507878769429
conditional,40,ESI-ALNS,total_distance_m,47,3,7028.580662204896
conditional,40,ESI-ALNS,total_distance_m,48,3,6282.075974949022
conditional,40,ESI-ALNS,total_distance_m,49,3,6804.686639501378
conditional,40,ESI-ALNS,total_distance_m,50,3,7238.399370658575
conditional,40,ESI-ALNS,total_distance_m,51,3,8523.128244070787
conditional,40,ESI-ALNS,total_distance_m,52,3,7935.5404987968695
common,40,ESI-ALNS,total_distance_m,45,3,6968.383025779915
common,40,ESI-ALNS,total_distance_m,46,3,7106.507878769429
common,40,ESI-ALNS,total_distance_m,47,3,7028.580662204896
common,40,ESI-ALNS,total_distance_m,48,3,6282.075974949022
common,40,ESI-ALNS,total_distance_m,49,3,6804.686639501378
common,40,ESI-ALNS,total_distance_m,50,3,7238.399370658575
common,40,ESI-ALNS,total_distance_m,51,3,8523.128244070787
common,40,ESI-ALNS,total_distance_m,52,3,7935.5404987968695
paired,40,GR-MR,total_distance_m,45,3,-5488.4803459436325
paired,40,GR-MR,total_distance_m,46,3,-3481.111000181722
paired,40,GR-MR,total_distance_m,47,3,-4280.126809749931
paired,40,GR-MR,total_distance_m,48,3,-4105.6218086922045
paired,40,GR-MR,total_distance_m,49,3,-3918.3536105219814
paired,40,GR-MR,total_distance_m,50,3,-3658.429186876854
paired,40,GR-MR,total_distance_m,51,3,-3034.154111597439
paired,40,GR-MR,total_distance_m,52,3,-3991.5308945944867
paired,40,FTR-NM,total_distance_m,45,3,-5488.4803459436325
paired,40,FTR-NM,total_distance_m,46,3,-3481.111000181722
paired,40,FTR-NM,total_distance_m,47,3,-4280.126809749931
paired,40,FTR-NM,total_distance_m,48,3,-4105.6218086922045
paired,40,FTR-NM,total_distance_m,49,3,-3918.3536105219814
paired,40,FTR-NM,total_distance_m,50,3,-3661.2049932848313
paired,40,FTR-NM,total_distance_m,51,3,-3034.154111597439
paired,40,FTR-NM,total_distance_m,52,3,-3991.5308945944867
paired,40,RGA-MR,total_distance_m,45,3,-5478.923041533557
paired,40,RGA-MR,total_distance_m,46,3,-3481.111000181722
paired,40,RGA-MR,total_distance_m,47,3,-4264.41304518654
paired,40,RGA-MR,total_distance_m,48,3,-4079.78097058637
paired,40,RGA-MR,total_distance_m,49,3,-3880.682254257521
paired,40,RGA-MR,total_distance_m,50,3,-3658.429186876854
paired,40,RGA-MR,total_distance_m,51,3,-3010.7736143199313
paired,40,RGA-MR,total_distance_m,52,3,-3991.5308945944867
paired,40,B-ALNS,total_distance_m,45,3,0.0
paired,40,B-ALNS,total_distance_m,46,3,0.0
paired,40,B-ALNS,total_distance_m,47,3,0.17438487872853634
paired,40,B-ALNS,total_distance_m,48,3,-3.081298880861444
paired,40,B-ALNS,total_distance_m,49,3,0.0
paired,40,B-ALNS,total_distance_m,50,3,-6.703830324452004
paired,40,B-ALNS,total_distance_m,51,3,0.0
paired,40,B-ALNS,total_distance_m,52,3,-104.56396303662525
conditional,50,GR-MR,both_stages_qualified_rate,45,1,1.0
conditional,50,GR-MR,both_stages_qualified_rate,46,1,1.0
conditional,50,GR-MR,both_stages_qualified_rate,47,1,0.0
conditional,50,GR-MR,both_stages_qualified_rate,48,1,1.0
conditional,50,GR-MR,both_stages_qualified_rate,49,1,1.0
conditional,50,GR-MR,both_stages_qualified_rate,50,1,1.0
conditional,50,GR-MR,both_stages_qualified_rate,51,1,1.0
conditional,50,GR-MR,both_stages_qualified_rate,52,1,1.0
common,50,GR-MR,both_stages_qualified_rate,45,3,1.0
common,50,GR-MR,both_stages_qualified_rate,46,3,1.0
common,50,GR-MR,both_stages_qualified_rate,47,3,0.0
common,50,GR-MR,both_stages_qualified_rate,48,3,1.0
common,50,GR-MR,both_stages_qualified_rate,49,3,1.0
common,50,GR-MR,both_stages_qualified_rate,50,3,1.0
common,50,GR-MR,both_stages_qualified_rate,51,3,1.0
common,50,GR-MR,both_stages_qualified_rate,52,3,1.0
conditional,50,FTR-NM,both_stages_qualified_rate,45,1,1.0
conditional,50,FTR-NM,both_stages_qualified_rate,46,1,1.0
conditional,50,FTR-NM,both_stages_qualified_rate,47,1,1.0
conditional,50,FTR-NM,both_stages_qualified_rate,48,1,1.0
conditional,50,FTR-NM,both_stages_qualified_rate,49,1,1.0
conditional,50,FTR-NM,both_stages_qualified_rate,50,1,1.0
conditional,50,FTR-NM,both_stages_qualified_rate,51,1,1.0
conditional,50,FTR-NM,both_stages_qualified_rate,52,1,1.0
common,50,FTR-NM,both_stages_qualified_rate,45,3,1.0
common,50,FTR-NM,both_stages_qualified_rate,46,3,1.0
common,50,FTR-NM,both_stages_qualified_rate,47,3,1.0
common,50,FTR-NM,both_stages_qualified_rate,48,3,1.0
common,50,FTR-NM,both_stages_qualified_rate,49,3,1.0
common,50,FTR-NM,both_stages_qualified_rate,50,3,1.0
common,50,FTR-NM,both_stages_qualified_rate,51,3,1.0
common,50,FTR-NM,both_stages_qualified_rate,52,3,1.0
conditional,50,RGA-MR,both_stages_qualified_rate,45,3,1.0
conditional,50,RGA-MR,both_stages_qualified_rate,46,3,1.0
conditional,50,RGA-MR,both_stages_qualified_rate,47,3,1.0
conditional,50,RGA-MR,both_stages_qualified_rate,48,3,1.0
conditional,50,RGA-MR,both_stages_qualified_rate,49,3,1.0
conditional,50,RGA-MR,both_stages_qualified_rate,50,3,1.0
conditional,50,RGA-MR,both_stages_qualified_rate,51,3,1.0
conditional,50,RGA-MR,both_stages_qualified_rate,52,3,1.0
common,50,RGA-MR,both_stages_qualified_rate,45,3,1.0
common,50,RGA-MR,both_stages_qualified_rate,46,3,1.0
common,50,RGA-MR,both_stages_qualified_rate,47,3,1.0
common,50,RGA-MR,both_stages_qualified_rate,48,3,1.0
common,50,RGA-MR,both_stages_qualified_rate,49,3,1.0
common,50,RGA-MR,both_stages_qualified_rate,50,3,1.0
common,50,RGA-MR,both_stages_qualified_rate,51,3,1.0
common,50,RGA-MR,both_stages_qualified_rate,52,3,1.0
conditional,50,B-ALNS,both_stages_qualified_rate,45,3,1.0
conditional,50,B-ALNS,both_stages_qualified_rate,46,3,1.0
conditional,50,B-ALNS,both_stages_qualified_rate,47,3,1.0
conditional,50,B-ALNS,both_stages_qualified_rate,48,3,1.0
conditional,50,B-ALNS,both_stages_qualified_rate,49,3,1.0
conditional,50,B-ALNS,both_stages_qualified_rate,50,3,1.0
conditional,50,B-ALNS,both_stages_qualified_rate,51,3,1.0
conditional,50,B-ALNS,both_stages_qualified_rate,52,3,1.0
common,50,B-ALNS,both_stages_qualified_rate,45,3,1.0
common,50,B-ALNS,both_stages_qualified_rate,46,3,1.0
common,50,B-ALNS,both_stages_qualified_rate,47,3,1.0
common,50,B-ALNS,both_stages_qualified_rate,48,3,1.0
common,50,B-ALNS,both_stages_qualified_rate,49,3,1.0
common,50,B-ALNS,both_stages_qualified_rate,50,3,1.0
common,50,B-ALNS,both_stages_qualified_rate,51,3,1.0
common,50,B-ALNS,both_stages_qualified_rate,52,3,1.0
conditional,50,ESI-ALNS,both_stages_qualified_rate,45,3,1.0
conditional,50,ESI-ALNS,both_stages_qualified_rate,46,3,1.0
conditional,50,ESI-ALNS,both_stages_qualified_rate,47,3,0.6666666666666666
conditional,50,ESI-ALNS,both_stages_qualified_rate,48,3,1.0
conditional,50,ESI-ALNS,both_stages_qualified_rate,49,3,1.0
conditional,50,ESI-ALNS,both_stages_qualified_rate,50,3,1.0
conditional,50,ESI-ALNS,both_stages_qualified_rate,51,3,1.0
conditional,50,ESI-ALNS,both_stages_qualified_rate,52,3,1.0
common,50,ESI-ALNS,both_stages_qualified_rate,45,3,1.0
common,50,ESI-ALNS,both_stages_qualified_rate,46,3,1.0
common,50,ESI-ALNS,both_stages_qualified_rate,47,3,0.6666666666666666
common,50,ESI-ALNS,both_stages_qualified_rate,48,3,1.0
common,50,ESI-ALNS,both_stages_qualified_rate,49,3,1.0
common,50,ESI-ALNS,both_stages_qualified_rate,50,3,1.0
common,50,ESI-ALNS,both_stages_qualified_rate,51,3,1.0
common,50,ESI-ALNS,both_stages_qualified_rate,52,3,1.0
paired,50,GR-MR,both_stages_qualified_rate,45,3,0.0
paired,50,GR-MR,both_stages_qualified_rate,46,3,0.0
paired,50,GR-MR,both_stages_qualified_rate,47,3,0.6666666666666666
paired,50,GR-MR,both_stages_qualified_rate,48,3,0.0
paired,50,GR-MR,both_stages_qualified_rate,49,3,0.0
paired,50,GR-MR,both_stages_qualified_rate,50,3,0.0
paired,50,GR-MR,both_stages_qualified_rate,51,3,0.0
paired,50,GR-MR,both_stages_qualified_rate,52,3,0.0
paired,50,FTR-NM,both_stages_qualified_rate,45,3,0.0
paired,50,FTR-NM,both_stages_qualified_rate,46,3,0.0
paired,50,FTR-NM,both_stages_qualified_rate,47,3,-0.3333333333333333
paired,50,FTR-NM,both_stages_qualified_rate,48,3,0.0
paired,50,FTR-NM,both_stages_qualified_rate,49,3,0.0
paired,50,FTR-NM,both_stages_qualified_rate,50,3,0.0
paired,50,FTR-NM,both_stages_qualified_rate,51,3,0.0
paired,50,FTR-NM,both_stages_qualified_rate,52,3,0.0
paired,50,RGA-MR,both_stages_qualified_rate,45,3,0.0
paired,50,RGA-MR,both_stages_qualified_rate,46,3,0.0
paired,50,RGA-MR,both_stages_qualified_rate,47,3,-0.3333333333333333
paired,50,RGA-MR,both_stages_qualified_rate,48,3,0.0
paired,50,RGA-MR,both_stages_qualified_rate,49,3,0.0
paired,50,RGA-MR,both_stages_qualified_rate,50,3,0.0
paired,50,RGA-MR,both_stages_qualified_rate,51,3,0.0
paired,50,RGA-MR,both_stages_qualified_rate,52,3,0.0
paired,50,B-ALNS,both_stages_qualified_rate,45,3,0.0
paired,50,B-ALNS,both_stages_qualified_rate,46,3,0.0
paired,50,B-ALNS,both_stages_qualified_rate,47,3,-0.3333333333333333
paired,50,B-ALNS,both_stages_qualified_rate,48,3,0.0
paired,50,B-ALNS,both_stages_qualified_rate,49,3,0.0
paired,50,B-ALNS,both_stages_qualified_rate,50,3,0.0
paired,50,B-ALNS,both_stages_qualified_rate,51,3,0.0
paired,50,B-ALNS,both_stages_qualified_rate,52,3,0.0
conditional,50,GR-MR,contacts,45,1,1.0
conditional,50,GR-MR,contacts,46,1,2.0
conditional,50,GR-MR,contacts,48,1,2.0
conditional,50,GR-MR,contacts,49,1,0.0
conditional,50,GR-MR,contacts,50,1,1.0
conditional,50,GR-MR,contacts,51,1,1.0
conditional,50,GR-MR,contacts,52,1,2.0
common,50,GR-MR,contacts,45,3,1.0
common,50,GR-MR,contacts,46,3,2.0
common,50,GR-MR,contacts,48,3,2.0
common,50,GR-MR,contacts,49,3,0.0
common,50,GR-MR,contacts,50,3,1.0
common,50,GR-MR,contacts,51,3,1.0
common,50,GR-MR,contacts,52,3,2.0
conditional,50,FTR-NM,contacts,45,1,1.0
conditional,50,FTR-NM,contacts,46,1,3.0
conditional,50,FTR-NM,contacts,47,1,2.0
conditional,50,FTR-NM,contacts,48,1,2.0
conditional,50,FTR-NM,contacts,49,1,0.0
conditional,50,FTR-NM,contacts,50,1,1.0
conditional,50,FTR-NM,contacts,51,1,1.0
conditional,50,FTR-NM,contacts,52,1,2.0
common,50,FTR-NM,contacts,45,3,1.0
common,50,FTR-NM,contacts,46,3,3.0
common,50,FTR-NM,contacts,48,3,2.0
common,50,FTR-NM,contacts,49,3,0.0
common,50,FTR-NM,contacts,50,3,1.0
common,50,FTR-NM,contacts,51,3,1.0
common,50,FTR-NM,contacts,52,3,2.0
conditional,50,RGA-MR,contacts,45,3,1.0
conditional,50,RGA-MR,contacts,46,3,2.0
conditional,50,RGA-MR,contacts,47,3,1.3333333333333333
conditional,50,RGA-MR,contacts,48,3,2.0
conditional,50,RGA-MR,contacts,49,3,0.3333333333333333
conditional,50,RGA-MR,contacts,50,3,1.0
conditional,50,RGA-MR,contacts,51,3,1.0
conditional,50,RGA-MR,contacts,52,3,2.0
common,50,RGA-MR,contacts,45,3,1.0
common,50,RGA-MR,contacts,46,3,2.0
common,50,RGA-MR,contacts,48,3,2.0
common,50,RGA-MR,contacts,49,3,0.3333333333333333
common,50,RGA-MR,contacts,50,3,1.0
common,50,RGA-MR,contacts,51,3,1.0
common,50,RGA-MR,contacts,52,3,2.0
conditional,50,B-ALNS,contacts,45,3,2.6666666666666665
conditional,50,B-ALNS,contacts,46,3,3.0
conditional,50,B-ALNS,contacts,47,3,3.0
conditional,50,B-ALNS,contacts,48,3,3.0
conditional,50,B-ALNS,contacts,49,3,3.6666666666666665
conditional,50,B-ALNS,contacts,50,3,1.6666666666666667
conditional,50,B-ALNS,contacts,51,3,3.3333333333333335
conditional,50,B-ALNS,contacts,52,3,3.3333333333333335
common,50,B-ALNS,contacts,45,3,2.6666666666666665
common,50,B-ALNS,contacts,46,3,3.0
common,50,B-ALNS,contacts,48,3,3.0
common,50,B-ALNS,contacts,49,3,3.6666666666666665
common,50,B-ALNS,contacts,50,3,1.6666666666666667
common,50,B-ALNS,contacts,51,3,3.3333333333333335
common,50,B-ALNS,contacts,52,3,3.3333333333333335
conditional,50,ESI-ALNS,contacts,45,3,2.3333333333333335
conditional,50,ESI-ALNS,contacts,46,3,3.0
conditional,50,ESI-ALNS,contacts,47,2,2.0
conditional,50,ESI-ALNS,contacts,48,3,2.3333333333333335
conditional,50,ESI-ALNS,contacts,49,3,3.6666666666666665
conditional,50,ESI-ALNS,contacts,50,3,1.6666666666666667
conditional,50,ESI-ALNS,contacts,51,3,3.0
conditional,50,ESI-ALNS,contacts,52,3,3.3333333333333335
common,50,ESI-ALNS,contacts,45,3,2.3333333333333335
common,50,ESI-ALNS,contacts,46,3,3.0
common,50,ESI-ALNS,contacts,48,3,2.3333333333333335
common,50,ESI-ALNS,contacts,49,3,3.6666666666666665
common,50,ESI-ALNS,contacts,50,3,1.6666666666666667
common,50,ESI-ALNS,contacts,51,3,3.0
common,50,ESI-ALNS,contacts,52,3,3.3333333333333335
paired,50,GR-MR,contacts,45,3,1.3333333333333333
paired,50,GR-MR,contacts,46,3,1.0
paired,50,GR-MR,contacts,48,3,0.3333333333333333
paired,50,GR-MR,contacts,49,3,3.6666666666666665
paired,50,GR-MR,contacts,50,3,0.6666666666666666
paired,50,GR-MR,contacts,51,3,2.0
paired,50,GR-MR,contacts,52,3,1.3333333333333333
paired,50,FTR-NM,contacts,45,3,1.3333333333333333
paired,50,FTR-NM,contacts,46,3,0.0
paired,50,FTR-NM,contacts,47,2,0.0
paired,50,FTR-NM,contacts,48,3,0.3333333333333333
paired,50,FTR-NM,contacts,49,3,3.6666666666666665
paired,50,FTR-NM,contacts,50,3,0.6666666666666666
paired,50,FTR-NM,contacts,51,3,2.0
paired,50,FTR-NM,contacts,52,3,1.3333333333333333
paired,50,RGA-MR,contacts,45,3,1.3333333333333333
paired,50,RGA-MR,contacts,46,3,1.0
paired,50,RGA-MR,contacts,47,2,1.0
paired,50,RGA-MR,contacts,48,3,0.3333333333333333
paired,50,RGA-MR,contacts,49,3,3.3333333333333335
paired,50,RGA-MR,contacts,50,3,0.6666666666666666
paired,50,RGA-MR,contacts,51,3,2.0
paired,50,RGA-MR,contacts,52,3,1.3333333333333333
paired,50,B-ALNS,contacts,45,3,-0.3333333333333333
paired,50,B-ALNS,contacts,46,3,0.0
paired,50,B-ALNS,contacts,47,2,-1.0
paired,50,B-ALNS,contacts,48,3,-0.6666666666666666
paired,50,B-ALNS,contacts,49,3,0.0
paired,50,B-ALNS,contacts,50,3,0.0
paired,50,B-ALNS,contacts,51,3,-0.3333333333333333
paired,50,B-ALNS,contacts,52,3,0.0
conditional,50,GR-MR,cpu_stage2_minus_stage1,45,1,-0.663310484270891
conditional,50,GR-MR,cpu_stage2_minus_stage1,46,1,-0.6874614918048756
conditional,50,GR-MR,cpu_stage2_minus_stage1,48,1,-1.0543263508845793
conditional,50,GR-MR,cpu_stage2_minus_stage1,49,1,0.0
conditional,50,GR-MR,cpu_stage2_minus_stage1,50,1,-0.6082113345409239
conditional,50,GR-MR,cpu_stage2_minus_stage1,51,1,-0.4368212556610049
conditional,50,GR-MR,cpu_stage2_minus_stage1,52,1,-0.08559030069700402
common,50,GR-MR,cpu_stage2_minus_stage1,45,3,-0.663310484270891
common,50,GR-MR,cpu_stage2_minus_stage1,46,3,-0.6874614918048756
common,50,GR-MR,cpu_stage2_minus_stage1,48,3,-1.0543263508845793
common,50,GR-MR,cpu_stage2_minus_stage1,49,3,0.0
common,50,GR-MR,cpu_stage2_minus_stage1,50,3,-0.6082113345409239
common,50,GR-MR,cpu_stage2_minus_stage1,51,3,-0.4368212556610049
common,50,GR-MR,cpu_stage2_minus_stage1,52,3,-0.08559030069700402
conditional,50,FTR-NM,cpu_stage2_minus_stage1,45,1,-0.6754427262335831
conditional,50,FTR-NM,cpu_stage2_minus_stage1,46,1,-0.6918852756298048
conditional,50,FTR-NM,cpu_stage2_minus_stage1,47,1,-1.3225165742855287
conditional,50,FTR-NM,cpu_stage2_minus_stage1,48,1,-1.3679807309482945
conditional,50,FTR-NM,cpu_stage2_minus_stage1,49,1,0.0
conditional,50,FTR-NM,cpu_stage2_minus_stage1,50,1,-0.6372902181359404
conditional,50,FTR-NM,cpu_stage2_minus_stage1,51,1,-0.6753547368127982
conditional,50,FTR-NM,cpu_stage2_minus_stage1,52,1,-0.5636747721568488
common,50,FTR-NM,cpu_stage2_minus_stage1,45,3,-0.6754427262335831
common,50,FTR-NM,cpu_stage2_minus_stage1,46,3,-0.6918852756298048
common,50,FTR-NM,cpu_stage2_minus_stage1,48,3,-1.3679807309482945
common,50,FTR-NM,cpu_stage2_minus_stage1,49,3,0.0
common,50,FTR-NM,cpu_stage2_minus_stage1,50,3,-0.6372902181359404
common,50,FTR-NM,cpu_stage2_minus_stage1,51,3,-0.6753547368127982
common,50,FTR-NM,cpu_stage2_minus_stage1,52,3,-0.5636747721568488
conditional,50,RGA-MR,cpu_stage2_minus_stage1,45,3,-0.663310484270891
conditional,50,RGA-MR,cpu_stage2_minus_stage1,46,3,-0.6874614918048756
conditional,50,RGA-MR,cpu_stage2_minus_stage1,47,3,-0.3973951404739015
conditional,50,RGA-MR,cpu_stage2_minus_stage1,48,3,-0.885451431450087
conditional,50,RGA-MR,cpu_stage2_minus_stage1,49,3,-0.22757413643575272
conditional,50,RGA-MR,cpu_stage2_minus_stage1,50,3,-0.6082113345409239
conditional,50,RGA-MR,cpu_stage2_minus_stage1,51,3,-0.4368212556610049
conditional,50,RGA-MR,cpu_stage2_minus_stage1,52,3,-0.085339591112272
common,50,RGA-MR,cpu_stage2_minus_stage1,45,3,-0.663310484270891
common,50,RGA-MR,cpu_stage2_minus_stage1,46,3,-0.6874614918048756
common,50,RGA-MR,cpu_stage2_minus_stage1,48,3,-0.885451431450087
common,50,RGA-MR,cpu_stage2_minus_stage1,49,3,-0.22757413643575272
common,50,RGA-MR,cpu_stage2_minus_stage1,50,3,-0.6082113345409239
common,50,RGA-MR,cpu_stage2_minus_stage1,51,3,-0.4368212556610049
common,50,RGA-MR,cpu_stage2_minus_stage1,52,3,-0.085339591112272
conditional,50,B-ALNS,cpu_stage2_minus_stage1,45,3,-0.7877869602168204
conditional,50,B-ALNS,cpu_stage2_minus_stage1,46,3,-0.7226229337622166
conditional,50,B-ALNS,cpu_stage2_minus_stage1,47,3,-0.8272241419813297
conditional,50,B-ALNS,cpu_stage2_minus_stage1,48,3,-0.8137115709060977
conditional,50,B-ALNS,cpu_stage2_minus_stage1,49,3,-1.0064971860505485
conditional,50,B-ALNS,cpu_stage2_minus_stage1,50,3,-0.6471370596248387
conditional,50,B-ALNS,cpu_stage2_minus_stage1,51,3,-0.7269096580586042
conditional,50,B-ALNS,cpu_stage2_minus_stage1,52,3,-1.1210809682364522
common,50,B-ALNS,cpu_stage2_minus_stage1,45,3,-0.7877869602168204
common,50,B-ALNS,cpu_stage2_minus_stage1,46,3,-0.7226229337622166
common,50,B-ALNS,cpu_stage2_minus_stage1,48,3,-0.8137115709060977
common,50,B-ALNS,cpu_stage2_minus_stage1,49,3,-1.0064971860505485
common,50,B-ALNS,cpu_stage2_minus_stage1,50,3,-0.6471370596248387
common,50,B-ALNS,cpu_stage2_minus_stage1,51,3,-0.7269096580586042
common,50,B-ALNS,cpu_stage2_minus_stage1,52,3,-1.1210809682364522
conditional,50,ESI-ALNS,cpu_stage2_minus_stage1,45,3,-0.671078183837788
conditional,50,ESI-ALNS,cpu_stage2_minus_stage1,46,3,-0.7226229337622166
conditional,50,ESI-ALNS,cpu_stage2_minus_stage1,47,2,-1.0842804819544685
conditional,50,ESI-ALNS,cpu_stage2_minus_stage1,48,3,-0.47548355711214935
conditional,50,ESI-ALNS,cpu_stage2_minus_stage1,49,3,-1.011119187717107
conditional,50,ESI-ALNS,cpu_stage2_minus_stage1,50,3,-0.8669041217550748
conditional,50,ESI-ALNS,cpu_stage2_minus_stage1,51,3,-0.7494754505334152
conditional,50,ESI-ALNS,cpu_stage2_minus_stage1,52,3,-1.1196664679806618
common,50,ESI-ALNS,cpu_stage2_minus_stage1,45,3,-0.671078183837788
common,50,ESI-ALNS,cpu_stage2_minus_stage1,46,3,-0.7226229337622166
common,50,ESI-ALNS,cpu_stage2_minus_stage1,48,3,-0.47548355711214935
common,50,ESI-ALNS,cpu_stage2_minus_stage1,49,3,-1.011119187717107
common,50,ESI-ALNS,cpu_stage2_minus_stage1,50,3,-0.8669041217550748
common,50,ESI-ALNS,cpu_stage2_minus_stage1,51,3,-0.7494754505334152
common,50,ESI-ALNS,cpu_stage2_minus_stage1,52,3,-1.1196664679806618
paired,50,GR-MR,cpu_stage2_minus_stage1,45,3,-0.007767699566896935
paired,50,GR-MR,cpu_stage2_minus_stage1,46,3,-0.03516144195734102
paired,50,GR-MR,cpu_stage2_minus_stage1,48,3,0.5788427937724299
paired,50,GR-MR,cpu_stage2_minus_stage1,49,3,-1.011119187717107
paired,50,GR-MR,cpu_stage2_minus_stage1,50,3,-0.25869278721415084
paired,50,GR-MR,cpu_stage2_minus_stage1,51,3,-0.3126541948724103
paired,50,GR-MR,cpu_stage2_minus_stage1,52,3,-1.0340761672836578
paired,50,FTR-NM,cpu_stage2_minus_stage1,45,3,0.004364542395795201
paired,50,FTR-NM,cpu_stage2_minus_stage1,46,3,-0.030737658132411767
paired,50,FTR-NM,cpu_stage2_minus_stage1,47,2,0.2382360923310602
paired,50,FTR-NM,cpu_stage2_minus_stage1,48,3,0.8924971738361451
paired,50,FTR-NM,cpu_stage2_minus_stage1,49,3,-1.011119187717107
paired,50,FTR-NM,cpu_stage2_minus_stage1,50,3,-0.22961390361913434
paired,50,FTR-NM,cpu_stage2_minus_stage1,51,3,-0.07412071372061697
paired,50,FTR-NM,cpu_stage2_minus_stage1,52,3,-0.5559916958238129
paired,50,RGA-MR,cpu_stage2_minus_stage1,45,3,-0.007767699566896935
paired,50,RGA-MR,cpu_stage2_minus_stage1,46,3,-0.03516144195734102
paired,50,RGA-MR,cpu_stage2_minus_stage1,47,2,-0.6907607131792451
paired,50,RGA-MR,cpu_stage2_minus_stage1,48,3,0.4099678743379376
paired,50,RGA-MR,cpu_stage2_minus_stage1,49,3,-0.7835450512813544
paired,50,RGA-MR,cpu_stage2_minus_stage1,50,3,-0.25869278721415084
paired,50,RGA-MR,cpu_stage2_minus_stage1,51,3,-0.3126541948724103
paired,50,RGA-MR,cpu_stage2_minus_stage1,52,3,-1.0343268768683898
paired,50,B-ALNS,cpu_stage2_minus_stage1,45,3,0.11670877637903247
paired,50,B-ALNS,cpu_stage2_minus_stage1,46,3,0.0
paired,50,B-ALNS,cpu_stage2_minus_stage1,47,2,-0.14202198016260165
paired,50,B-ALNS,cpu_stage2_minus_stage1,48,3,0.3382280137939483
paired,50,B-ALNS,cpu_stage2_minus_stage1,49,3,-0.004622001666558721
paired,50,B-ALNS,cpu_stage2_minus_stage1,50,3,-0.2197670621302361
paired,50,B-ALNS,cpu_stage2_minus_stage1,51,3,-0.022565792474811053
paired,50,B-ALNS,cpu_stage2_minus_stage1,52,3,0.001414500255790448
conditional,50,GR-MR,energy_stage2_minus_stage1_j,45,1,0.19539594612433575
conditional,50,GR-MR,energy_stage2_minus_stage1_j,46,1,0.19093578238971531
conditional,50,GR-MR,energy_stage2_minus_stage1_j,48,1,0.18523978954181075
conditional,50,GR-MR,energy_stage2_minus_stage1_j,49,1,0.1867004907107912
conditional,50,GR-MR,energy_stage2_minus_stage1_j,50,1,0.1816398976079654
conditional,50,GR-MR,energy_stage2_minus_stage1_j,51,1,0.19809901161352172
conditional,50,GR-MR,energy_stage2_minus_stage1_j,52,1,0.2316619362682104
common,50,GR-MR,energy_stage2_minus_stage1_j,45,3,0.19539594612433575
common,50,GR-MR,energy_stage2_minus_stage1_j,46,3,0.19093578238971531
common,50,GR-MR,energy_stage2_minus_stage1_j,48,3,0.18523978954181075
common,50,GR-MR,energy_stage2_minus_stage1_j,49,3,0.1867004907107912
common,50,GR-MR,energy_stage2_minus_stage1_j,50,3,0.1816398976079654
common,50,GR-MR,energy_stage2_minus_stage1_j,51,3,0.19809901161352172
common,50,GR-MR,energy_stage2_minus_stage1_j,52,3,0.2316619362682104
conditional,50,FTR-NM,energy_stage2_minus_stage1_j,45,1,0.19557983003323898
conditional,50,FTR-NM,energy_stage2_minus_stage1_j,46,1,0.1886567427427508
conditional,50,FTR-NM,energy_stage2_minus_stage1_j,47,1,0.19184426486026496
conditional,50,FTR-NM,energy_stage2_minus_stage1_j,48,1,0.18574010668089613
conditional,50,FTR-NM,energy_stage2_minus_stage1_j,49,1,0.1867004907107912
conditional,50,FTR-NM,energy_stage2_minus_stage1_j,50,1,0.18166799924802035
conditional,50,FTR-NM,energy_stage2_minus_stage1_j,51,1,0.20227666108985431
conditional,50,FTR-NM,energy_stage2_minus_stage1_j,52,1,0.2323039489274379
common,50,FTR-NM,energy_stage2_minus_stage1_j,45,3,0.19557983003323898
common,50,FTR-NM,energy_stage2_minus_stage1_j,46,3,0.1886567427427508
common,50,FTR-NM,energy_stage2_minus_stage1_j,48,3,0.18574010668089613
common,50,FTR-NM,energy_stage2_minus_stage1_j,49,3,0.1867004907107912
common,50,FTR-NM,energy_stage2_minus_stage1_j,50,3,0.18166799924802035
common,50,FTR-NM,energy_stage2_minus_stage1_j,51,3,0.20227666108985431
common,50,FTR-NM,energy_stage2_minus_stage1_j,52,3,0.2323039489274379
conditional,50,RGA-MR,energy_stage2_minus_stage1_j,45,3,0.19539594612433575
conditional,50,RGA-MR,energy_stage2_minus_stage1_j,46,3,0.19093578238971531
conditional,50,RGA-MR,energy_stage2_minus_stage1_j,47,3,0.21124980516227274
conditional,50,RGA-MR,energy_stage2_minus_stage1_j,48,3,0.19581687956815585
conditional,50,RGA-MR,energy_stage2_minus_stage1_j,49,3,0.18551759650775543
conditional,50,RGA-MR,energy_stage2_minus_stage1_j,50,3,0.1816398976079654
conditional,50,RGA-MR,energy_stage2_minus_stage1_j,51,3,0.19809901161352172
conditional,50,RGA-MR,energy_stage2_minus_stage1_j,52,3,0.23125170646623397
common,50,RGA-MR,energy_stage2_minus_stage1_j,45,3,0.19539594612433575
common,50,RGA-MR,energy_stage2_minus_stage1_j,46,3,0.19093578238971531
common,50,RGA-MR,energy_stage2_minus_stage1_j,48,3,0.19581687956815585
common,50,RGA-MR,energy_stage2_minus_stage1_j,49,3,0.18551759650775543
common,50,RGA-MR,energy_stage2_minus_stage1_j,50,3,0.1816398976079654
common,50,RGA-MR,energy_stage2_minus_stage1_j,51,3,0.19809901161352172
common,50,RGA-MR,energy_stage2_minus_stage1_j,52,3,0.23125170646623397
conditional,50,B-ALNS,energy_stage2_minus_stage1_j,45,3,0.16789568960666656
conditional,50,B-ALNS,energy_stage2_minus_stage1_j,46,3,0.1481255042987565
conditional,50,B-ALNS,energy_stage2_minus_stage1_j,47,3,0.16891010231726492
conditional,50,B-ALNS,energy_stage2_minus_stage1_j,48,3,0.14918730725185014
conditional,50,B-ALNS,energy_stage2_minus_stage1_j,49,3,0.15413005872202726
conditional,50,B-ALNS,energy_stage2_minus_stage1_j,50,3,0.1519547607652688
conditional,50,B-ALNS,energy_stage2_minus_stage1_j,51,3,0.16478790609592883
conditional,50,B-ALNS,energy_stage2_minus_stage1_j,52,3,0.15938997060099305
common,50,B-ALNS,energy_stage2_minus_stage1_j,45,3,0.16789568960666656
common,50,B-ALNS,energy_stage2_minus_stage1_j,46,3,0.1481255042987565
common,50,B-ALNS,energy_stage2_minus_stage1_j,48,3,0.14918730725185014
common,50,B-ALNS,energy_stage2_minus_stage1_j,49,3,0.15413005872202726
common,50,B-ALNS,energy_stage2_minus_stage1_j,50,3,0.1519547607652688
common,50,B-ALNS,energy_stage2_minus_stage1_j,51,3,0.16478790609592883
common,50,B-ALNS,energy_stage2_minus_stage1_j,52,3,0.15938997060099305
conditional,50,ESI-ALNS,energy_stage2_minus_stage1_j,45,3,0.15448326633971496
conditional,50,ESI-ALNS,energy_stage2_minus_stage1_j,46,3,0.1481255042987565
conditional,50,ESI-ALNS,energy_stage2_minus_stage1_j,47,2,0.14653779863147065
conditional,50,ESI-ALNS,energy_stage2_minus_stage1_j,48,3,0.1398381763137877
conditional,50,ESI-ALNS,energy_stage2_minus_stage1_j,49,3,0.1537092141904092
conditional,50,ESI-ALNS,energy_stage2_minus_stage1_j,50,3,0.14010779719683342
conditional,50,ESI-ALNS,energy_stage2_minus_stage1_j,51,3,0.15436077158665285
conditional,50,ESI-ALNS,energy_stage2_minus_stage1_j,52,3,0.15266970284089135
common,50,ESI-ALNS,energy_stage2_minus_stage1_j,45,3,0.15448326633971496
common,50,ESI-ALNS,energy_stage2_minus_stage1_j,46,3,0.1481255042987565
common,50,ESI-ALNS,energy_stage2_minus_stage1_j,48,3,0.1398381763137877
common,50,ESI-ALNS,energy_stage2_minus_stage1_j,49,3,0.1537092141904092
common,50,ESI-ALNS,energy_stage2_minus_stage1_j,50,3,0.14010779719683342
common,50,ESI-ALNS,energy_stage2_minus_stage1_j,51,3,0.15436077158665285
common,50,ESI-ALNS,energy_stage2_minus_stage1_j,52,3,0.15266970284089135
paired,50,GR-MR,energy_stage2_minus_stage1_j,45,3,-0.0409126797846208
paired,50,GR-MR,energy_stage2_minus_stage1_j,46,3,-0.042810278090958796
paired,50,GR-MR,energy_stage2_minus_stage1_j,48,3,-0.04540161322802305
paired,50,GR-MR,energy_stage2_minus_stage1_j,49,3,-0.032991276520381994
paired,50,GR-MR,energy_stage2_minus_stage1_j,50,3,-0.04153210041113198
paired,50,GR-MR,energy_stage2_minus_stage1_j,51,3,-0.04373824002686888
paired,50,GR-MR,energy_stage2_minus_stage1_j,52,3,-0.07899223342731905
paired,50,FTR-NM,energy_stage2_minus_stage1_j,45,3,-0.041096563693524026
paired,50,FTR-NM,energy_stage2_minus_stage1_j,46,3,-0.040531238443994276
paired,50,FTR-NM,energy_stage2_minus_stage1_j,47,2,-0.045306466228794307
paired,50,FTR-NM,energy_stage2_minus_stage1_j,48,3,-0.045901930367108434
paired,50,FTR-NM,energy_stage2_minus_stage1_j,49,3,-0.032991276520381994
paired,50,FTR-NM,energy_stage2_minus_stage1_j,50,3,-0.041560202051186934
paired,50,FTR-NM,energy_stage2_minus_stage1_j,51,3,-0.04791588950320147
paired,50,FTR-NM,energy_stage2_minus_stage1_j,52,3,-0.07963424608654653
paired,50,RGA-MR,energy_stage2_minus_stage1_j,45,3,-0.0409126797846208
paired,50,RGA-MR,energy_stage2_minus_stage1_j,46,3,-0.042810278090958796
paired,50,RGA-MR,energy_stage2_minus_stage1_j,47,2,-0.05674752673076
paired,50,RGA-MR,energy_stage2_minus_stage1_j,48,3,-0.055978703254368156
paired,50,RGA-MR,energy_stage2_minus_stage1_j,49,3,-0.03180838231734621
paired,50,RGA-MR,energy_stage2_minus_stage1_j,50,3,-0.04153210041113198
paired,50,RGA-MR,energy_stage2_minus_stage1_j,51,3,-0.04373824002686888
paired,50,RGA-MR,energy_stage2_minus_stage1_j,52,3,-0.07858200362534262
paired,50,B-ALNS,energy_stage2_minus_stage1_j,45,3,-0.013412423266951615
paired,50,B-ALNS,energy_stage2_minus_stage1_j,46,3,0.0
paired,50,B-ALNS,energy_stage2_minus_stage1_j,47,2,-0.02902545982215088
paired,50,B-ALNS,energy_stage2_minus_stage1_j,48,3,-0.009349130938062444
paired,50,B-ALNS,energy_stage2_minus_stage1_j,49,3,-0.0004208445316180587
paired,50,B-ALNS,energy_stage2_minus_stage1_j,50,3,-0.011846963568435362
paired,50,B-ALNS,energy_stage2_minus_stage1_j,51,3,-0.010427134509275978
paired,50,B-ALNS,energy_stage2_minus_stage1_j,52,3,-0.006720267760101706
conditional,50,GR-MR,mean_delay_s,45,1,212.55786862281536
conditional,50,GR-MR,mean_delay_s,46,1,205.48528876211532
conditional,50,GR-MR,mean_delay_s,48,1,213.7331024415716
conditional,50,GR-MR,mean_delay_s,49,1,199.14137996649734
conditional,50,GR-MR,mean_delay_s,50,1,196.2188829750027
conditional,50,GR-MR,mean_delay_s,51,1,204.117934392506
conditional,50,GR-MR,mean_delay_s,52,1,230.57509608972865
common,50,GR-MR,mean_delay_s,45,3,212.55786862281536
common,50,GR-MR,mean_delay_s,46,3,205.48528876211532
common,50,GR-MR,mean_delay_s,48,3,213.7331024415716
common,50,GR-MR,mean_delay_s,49,3,199.14137996649734
common,50,GR-MR,mean_delay_s,50,3,196.2188829750027
common,50,GR-MR,mean_delay_s,51,3,204.117934392506
common,50,GR-MR,mean_delay_s,52,3,230.57509608972865
conditional,50,FTR-NM,mean_delay_s,45,1,212.54815849244963
conditional,50,FTR-NM,mean_delay_s,46,1,199.2562340596049
conditional,50,FTR-NM,mean_delay_s,47,1,197.10515055987426
conditional,50,FTR-NM,mean_delay_s,48,1,216.31549483698072
conditional,50,FTR-NM,mean_delay_s,49,1,199.14137996649734
conditional,50,FTR-NM,mean_delay_s,50,1,195.9923581620975
conditional,50,FTR-NM,mean_delay_s,51,1,204.11613209664324
conditional,50,FTR-NM,mean_delay_s,52,1,230.4663720206175
common,50,FTR-NM,mean_delay_s,45,3,212.54815849244963
common,50,FTR-NM,mean_delay_s,46,3,199.2562340596049
common,50,FTR-NM,mean_delay_s,48,3,216.31549483698072
common,50,FTR-NM,mean_delay_s,49,3,199.14137996649734
common,50,FTR-NM,mean_delay_s,50,3,195.9923581620975
common,50,FTR-NM,mean_delay_s,51,3,204.11613209664324
common,50,FTR-NM,mean_delay_s,52,3,230.4663720206175
conditional,50,RGA-MR,mean_delay_s,45,3,212.55786862281536
conditional,50,RGA-MR,mean_delay_s,46,3,205.48528876211532
conditional,50,RGA-MR,mean_delay_s,47,3,199.0279308492953
conditional,50,RGA-MR,mean_delay_s,48,3,214.91868989803697
conditional,50,RGA-MR,mean_delay_s,49,3,200.63560456494108
conditional,50,RGA-MR,mean_delay_s,50,3,196.2188829750027
conditional,50,RGA-MR,mean_delay_s,51,3,204.117934392506
conditional,50,RGA-MR,mean_delay_s,52,3,230.60635897044546
common,50,RGA-MR,mean_delay_s,45,3,212.55786862281536
common,50,RGA-MR,mean_delay_s,46,3,205.48528876211532
common,50,RGA-MR,mean_delay_s,48,3,214.91868989803697
common,50,RGA-MR,mean_delay_s,49,3,200.63560456494108
common,50,RGA-MR,mean_delay_s,50,3,196.2188829750027
common,50,RGA-MR,mean_delay_s,51,3,204.117934392506
common,50,RGA-MR,mean_delay_s,52,3,230.60635897044546
conditional,50,B-ALNS,mean_delay_s,45,3,215.4431580581759
conditional,50,B-ALNS,mean_delay_s,46,3,192.82178896597426
conditional,50,B-ALNS,mean_delay_s,47,3,206.01355846851322
conditional,50,B-ALNS,mean_delay_s,48,3,214.96814500270517
conditional,50,B-ALNS,mean_delay_s,49,3,208.23015540476428
conditional,50,B-ALNS,mean_delay_s,50,3,200.95645972421391
conditional,50,B-ALNS,mean_delay_s,51,3,222.86304950996723
conditional,50,B-ALNS,mean_delay_s,52,3,220.9196284933044
common,50,B-ALNS,mean_delay_s,45,3,215.4431580581759
common,50,B-ALNS,mean_delay_s,46,3,192.82178896597426
common,50,B-ALNS,mean_delay_s,48,3,214.96814500270517
common,50,B-ALNS,mean_delay_s,49,3,208.23015540476428
common,50,B-ALNS,mean_delay_s,50,3,200.95645972421391
common,50,B-ALNS,mean_delay_s,51,3,222.86304950996723
common,50,B-ALNS,mean_delay_s,52,3,220.9196284933044
conditional,50,ESI-ALNS,mean_delay_s,45,3,216.1240693353025
conditional,50,ESI-ALNS,mean_delay_s,46,3,192.82178896597426
conditional,50,ESI-ALNS,mean_delay_s,47,2,205.51690534272808
conditional,50,ESI-ALNS,mean_delay_s,48,3,212.89808666404937
conditional,50,ESI-ALNS,mean_delay_s,49,3,208.3761505768953
conditional,50,ESI-ALNS,mean_delay_s,50,3,201.57902254065402
conditional,50,ESI-ALNS,mean_delay_s,51,3,222.51988258444948
conditional,50,ESI-ALNS,mean_delay_s,52,3,219.61566867173022
common,50,ESI-ALNS,mean_delay_s,45,3,216.1240693353025
common,50,ESI-ALNS,mean_delay_s,46,3,192.82178896597426
common,50,ESI-ALNS,mean_delay_s,48,3,212.89808666404937
common,50,ESI-ALNS,mean_delay_s,49,3,208.3761505768953
common,50,ESI-ALNS,mean_delay_s,50,3,201.57902254065402
common,50,ESI-ALNS,mean_delay_s,51,3,222.51988258444948
common,50,ESI-ALNS,mean_delay_s,52,3,219.61566867173022
paired,50,GR-MR,mean_delay_s,45,3,3.5662007124871216
paired,50,GR-MR,mean_delay_s,46,3,-12.663499796141044
paired,50,GR-MR,mean_delay_s,48,3,-0.8350157775222063
paired,50,GR-MR,mean_delay_s,49,3,9.234770610397959
paired,50,GR-MR,mean_delay_s,50,3,5.360139565651319
paired,50,GR-MR,mean_delay_s,51,3,18.40194819194348
paired,50,GR-MR,mean_delay_s,52,3,-10.959427417998436
paired,50,FTR-NM,mean_delay_s,45,3,3.575910842852854
paired,50,FTR-NM,mean_delay_s,46,3,-6.434445093630633
paired,50,FTR-NM,mean_delay_s,47,2,8.41175478285382
paired,50,FTR-NM,mean_delay_s,48,3,-3.4174081729313364
paired,50,FTR-NM,mean_delay_s,49,3,9.234770610397959
paired,50,FTR-NM,mean_delay_s,50,3,5.58666437855653
paired,50,FTR-NM,mean_delay_s,51,3,18.403750487806224
paired,50,FTR-NM,mean_delay_s,52,3,-10.850703348887302
paired,50,RGA-MR,mean_delay_s,45,3,3.5662007124871216
paired,50,RGA-MR,mean_delay_s,46,3,-12.663499796141044
paired,50,RGA-MR,mean_delay_s,47,2,5.117020328187692
paired,50,RGA-MR,mean_delay_s,48,3,-2.020603233987591
paired,50,RGA-MR,mean_delay_s,49,3,7.740546011954213
paired,50,RGA-MR,mean_delay_s,50,3,5.360139565651319
paired,50,RGA-MR,mean_delay_s,51,3,18.40194819194348
paired,50,RGA-MR,mean_delay_s,52,3,-10.990690298715245
paired,50,B-ALNS,mean_delay_s,45,3,0.6809112771265783
paired,50,B-ALNS,mean_delay_s,46,3,0.0
paired,50,B-ALNS,mean_delay_s,47,2,2.092335339370237
paired,50,B-ALNS,mean_delay_s,48,3,-2.070058338655798
paired,50,B-ALNS,mean_delay_s,49,3,0.14599517213101385
paired,50,B-ALNS,mean_delay_s,50,3,0.6225628164401087
paired,50,B-ALNS,mean_delay_s,51,3,-0.34316692551774963
paired,50,B-ALNS,mean_delay_s,52,3,-1.3039598215741819
conditional,50,GR-MR,min_deadline_slack_s,45,1,5.989988949295366e-09
conditional,50,GR-MR,min_deadline_slack_s,46,1,-1.9412027540965937e-10
conditional,50,GR-MR,min_deadline_slack_s,48,1,6.008349373587407e-11
conditional,50,GR-MR,min_deadline_slack_s,49,1,0.024474727178585454
conditional,50,GR-MR,min_deadline_slack_s,50,1,1.3504177331924438e-08
conditional,50,GR-MR,min_deadline_slack_s,51,1,-1.4269971870817244e-09
conditional,50,GR-MR,min_deadline_slack_s,52,1,-7.110547244337795e-07
common,50,GR-MR,min_deadline_slack_s,45,3,5.989988949295366e-09
common,50,GR-MR,min_deadline_slack_s,46,3,-1.9412027540965937e-10
common,50,GR-MR,min_deadline_slack_s,48,3,6.008349373587407e-11
common,50,GR-MR,min_deadline_slack_s,49,3,0.024474727178585454
common,50,GR-MR,min_deadline_slack_s,50,3,1.3504177331924438e-08
common,50,GR-MR,min_deadline_slack_s,51,3,-1.4269971870817244e-09
common,50,GR-MR,min_deadline_slack_s,52,3,-7.110547244337795e-07
conditional,50,FTR-NM,min_deadline_slack_s,45,1,3.973809725721367e-09
conditional,50,FTR-NM,min_deadline_slack_s,46,1,-8.339125656675606e-08
conditional,50,FTR-NM,min_deadline_slack_s,47,1,3.367640033502539e-08
conditional,50,FTR-NM,min_deadline_slack_s,48,1,3.8534267332579475e-08
conditional,50,FTR-NM,min_deadline_slack_s,49,1,0.024474727178585454
conditional,50,FTR-NM,min_deadline_slack_s,50,1,6.871403002151055e-09
conditional,50,FTR-NM,min_deadline_slack_s,51,1,2.26242491407902e-09
conditional,50,FTR-NM,min_deadline_slack_s,52,1,1.4488250599242747e-09
common,50,FTR-NM,min_deadline_slack_s,45,3,3.973809725721367e-09
common,50,FTR-NM,min_deadline_slack_s,46,3,-8.339125656675606e-08
common,50,FTR-NM,min_deadline_slack_s,48,3,3.8534267332579475e-08
common,50,FTR-NM,min_deadline_slack_s,49,3,0.024474727178585454
common,50,FTR-NM,min_deadline_slack_s,50,3,6.871403002151055e-09
common,50,FTR-NM,min_deadline_slack_s,51,3,2.26242491407902e-09
common,50,FTR-NM,min_deadline_slack_s,52,3,1.4488250599242747e-09
conditional,50,RGA-MR,min_deadline_slack_s,45,3,5.989988949295366e-09
conditional,50,RGA-MR,min_deadline_slack_s,46,3,-1.9412027540965937e-10
conditional,50,RGA-MR,min_deadline_slack_s,47,3,-2.7211181456247385e-08
conditional,50,RGA-MR,min_deadline_slack_s,48,3,-2.3778208439277176e-08
conditional,50,RGA-MR,min_deadline_slack_s,49,3,0.016316509019778398
conditional,50,RGA-MR,min_deadline_slack_s,50,3,1.3504177331924438e-08
conditional,50,RGA-MR,min_deadline_slack_s,51,3,-1.4269971870817244e-09
conditional,50,RGA-MR,min_deadline_slack_s,52,3,-4.913500409505408e-07
common,50,RGA-MR,min_deadline_slack_s,45,3,5.989988949295366e-09
common,50,RGA-MR,min_deadline_slack_s,46,3,-1.9412027540965937e-10
common,50,RGA-MR,min_deadline_slack_s,48,3,-2.3778208439277176e-08
common,50,RGA-MR,min_deadline_slack_s,49,3,0.016316509019778398
common,50,RGA-MR,min_deadline_slack_s,50,3,1.3504177331924438e-08
common,50,RGA-MR,min_deadline_slack_s,51,3,-1.4269971870817244e-09
common,50,RGA-MR,min_deadline_slack_s,52,3,-4.913500409505408e-07
conditional,50,B-ALNS,min_deadline_slack_s,45,3,-2.5489687989950955e-08
conditional,50,B-ALNS,min_deadline_slack_s,46,3,-5.60608176177387e-08
conditional,50,B-ALNS,min_deadline_slack_s,47,3,-1.1172483027621638e-07
conditional,50,B-ALNS,min_deadline_slack_s,48,3,-6.439209225087932e-08
conditional,50,B-ALNS,min_deadline_slack_s,49,3,-1.8650105933678182e-07
conditional,50,B-ALNS,min_deadline_slack_s,50,3,1.165365877871712e-09
conditional,50,B-ALNS,min_deadline_slack_s,51,3,-1.0437654320109384e-06
conditional,50,B-ALNS,min_deadline_slack_s,52,3,-9.411528859952038e-08
common,50,B-ALNS,min_deadline_slack_s,45,3,-2.5489687989950955e-08
common,50,B-ALNS,min_deadline_slack_s,46,3,-5.60608176177387e-08
common,50,B-ALNS,min_deadline_slack_s,48,3,-6.439209225087932e-08
common,50,B-ALNS,min_deadline_slack_s,49,3,-1.8650105933678182e-07
common,50,B-ALNS,min_deadline_slack_s,50,3,1.165365877871712e-09
common,50,B-ALNS,min_deadline_slack_s,51,3,-1.0437654320109384e-06
common,50,B-ALNS,min_deadline_slack_s,52,3,-9.411528859952038e-08
conditional,50,ESI-ALNS,min_deadline_slack_s,45,3,-2.3859513476054417e-08
conditional,50,ESI-ALNS,min_deadline_slack_s,46,3,-5.60608176177387e-08
conditional,50,ESI-ALNS,min_deadline_slack_s,47,2,-1.204739419335965e-09
conditional,50,ESI-ALNS,min_deadline_slack_s,48,3,-3.89657278295393e-08
conditional,50,ESI-ALNS,min_deadline_slack_s,49,3,-8.495167473180724e-08
conditional,50,ESI-ALNS,min_deadline_slack_s,50,3,4.3168881802557735e-09
conditional,50,ESI-ALNS,min_deadline_slack_s,51,3,1.207695277116727e-09
conditional,50,ESI-ALNS,min_deadline_slack_s,52,3,-4.000791401873964e-09
common,50,ESI-ALNS,min_deadline_slack_s,45,3,-2.3859513476054417e-08
common,50,ESI-ALNS,min_deadline_slack_s,46,3,-5.60608176177387e-08
common,50,ESI-ALNS,min_deadline_slack_s,48,3,-3.89657278295393e-08
common,50,ESI-ALNS,min_deadline_slack_s,49,3,-8.495167473180724e-08
common,50,ESI-ALNS,min_deadline_slack_s,50,3,4.3168881802557735e-09
common,50,ESI-ALNS,min_deadline_slack_s,51,3,1.207695277116727e-09
common,50,ESI-ALNS,min_deadline_slack_s,52,3,-4.000791401873964e-09
paired,50,GR-MR,min_deadline_slack_s,45,3,-2.984950242534978e-08
paired,50,GR-MR,min_deadline_slack_s,46,3,-5.586669734232904e-08
paired,50,GR-MR,min_deadline_slack_s,48,3,-3.902581132327517e-08
paired,50,GR-MR,min_deadline_slack_s,49,3,-0.024474812130260187
paired,50,GR-MR,min_deadline_slack_s,50,3,-9.187289151668665e-09
paired,50,GR-MR,min_deadline_slack_s,51,3,2.6346924641984515e-09
paired,50,GR-MR,min_deadline_slack_s,52,3,7.070539330319056e-07
paired,50,FTR-NM,min_deadline_slack_s,45,3,-2.7833323201775784e-08
paired,50,FTR-NM,min_deadline_slack_s,46,3,2.733043894901736e-08
paired,50,FTR-NM,min_deadline_slack_s,47,2,-3.4881139754361357e-08
paired,50,FTR-NM,min_deadline_slack_s,48,3,-7.749999516211877e-08
paired,50,FTR-NM,min_deadline_slack_s,49,3,-0.024474812130260187
paired,50,FTR-NM,min_deadline_slack_s,50,3,-2.5545148218952818e-09
paired,50,FTR-NM,min_deadline_slack_s,51,3,-1.0547296369622927e-09
paired,50,FTR-NM,min_deadline_slack_s,52,3,-5.4496164617982385e-09
paired,50,RGA-MR,min_deadline_slack_s,45,3,-2.984950242534978e-08
paired,50,RGA-MR,min_deadline_slack_s,46,3,-5.586669734232904e-08
paired,50,RGA-MR,min_deadline_slack_s,47,2,-1.7464145685153198e-09
paired,50,RGA-MR,min_deadline_slack_s,48,3,-1.518751939026212e-08
paired,50,RGA-MR,min_deadline_slack_s,49,3,-0.01631659397145313
paired,50,RGA-MR,min_deadline_slack_s,50,3,-9.187289151668665e-09
paired,50,RGA-MR,min_deadline_slack_s,51,3,2.6346924641984515e-09
paired,50,RGA-MR,min_deadline_slack_s,52,3,4.873492495486668e-07
paired,50,B-ALNS,min_deadline_slack_s,45,3,1.6301745138965391e-09
paired,50,B-ALNS,min_deadline_slack_s,46,3,0.0
paired,50,B-ALNS,min_deadline_slack_s,47,2,1.6523375734323054e-07
paired,50,B-ALNS,min_deadline_slack_s,48,3,2.5426364421340015e-08
paired,50,B-ALNS,min_deadline_slack_s,49,3,1.0154938460497458e-07
paired,50,B-ALNS,min_deadline_slack_s,50,3,3.1515223023840613e-09
paired,50,B-ALNS,min_deadline_slack_s,51,3,1.0449731272880551e-06
paired,50,B-ALNS,min_deadline_slack_s,52,3,9.011449719764641e-08
conditional,50,GR-MR,normalized_mec_cpu,45,1,0.052161794600254587
conditional,50,GR-MR,normalized_mec_cpu,46,1,1.0241429696403266
conditional,50,GR-MR,normalized_mec_cpu,48,1,0.5432061373149797
conditional,50,GR-MR,normalized_mec_cpu,49,1,0.0
conditional,50,GR-MR,normalized_mec_cpu,50,1,0.18318380387388378
conditional,50,GR-MR,normalized_mec_cpu,51,1,0.4132632165539906
conditional,50,GR-MR,normalized_mec_cpu,52,1,0.9021532141247481
common,50,GR-MR,normalized_mec_cpu,45,3,0.052161794600254587
common,50,GR-MR,normalized_mec_cpu,46,3,1.0241429696403266
common,50,GR-MR,normalized_mec_cpu,48,3,0.5432061373149797
common,50,GR-MR,normalized_mec_cpu,49,3,0.0
common,50,GR-MR,normalized_mec_cpu,50,3,0.18318380387388378
common,50,GR-MR,normalized_mec_cpu,51,3,0.4132632165539906
common,50,GR-MR,normalized_mec_cpu,52,3,0.9021532141247481
conditional,50,FTR-NM,normalized_mec_cpu,45,1,0.04288424327741215
conditional,50,FTR-NM,normalized_mec_cpu,46,1,1.0374445221672244
conditional,50,FTR-NM,normalized_mec_cpu,47,1,0.14140404760979852
conditional,50,FTR-NM,normalized_mec_cpu,48,1,0.06832602869737997
conditional,50,FTR-NM,normalized_mec_cpu,49,1,0.0
conditional,50,FTR-NM,normalized_mec_cpu,50,1,0.12497432818728398
conditional,50,FTR-NM,normalized_mec_cpu,51,1,0.049132173280902365
conditional,50,FTR-NM,normalized_mec_cpu,52,1,0.3394539224911589
common,50,FTR-NM,normalized_mec_cpu,45,3,0.04288424327741215
common,50,FTR-NM,normalized_mec_cpu,46,3,1.0374445221672244
common,50,FTR-NM,normalized_mec_cpu,48,3,0.06832602869737997
common,50,FTR-NM,normalized_mec_cpu,49,3,0.0
common,50,FTR-NM,normalized_mec_cpu,50,3,0.12497432818728398
common,50,FTR-NM,normalized_mec_cpu,51,3,0.049132173280902365
common,50,FTR-NM,normalized_mec_cpu,52,3,0.3394539224911589
conditional,50,RGA-MR,normalized_mec_cpu,45,3,0.052161794600254587
conditional,50,RGA-MR,normalized_mec_cpu,46,3,1.0241429696403266
conditional,50,RGA-MR,normalized_mec_cpu,47,3,0.4844826575365884
conditional,50,RGA-MR,normalized_mec_cpu,48,3,0.4800449601921681
conditional,50,RGA-MR,normalized_mec_cpu,49,3,0.010307459119554533
conditional,50,RGA-MR,normalized_mec_cpu,50,3,0.18318380387388378
conditional,50,RGA-MR,normalized_mec_cpu,51,3,0.4132632165539906
conditional,50,RGA-MR,normalized_mec_cpu,52,3,0.9021539790127605
common,50,RGA-MR,normalized_mec_cpu,45,3,0.052161794600254587
common,50,RGA-MR,normalized_mec_cpu,46,3,1.0241429696403266
common,50,RGA-MR,normalized_mec_cpu,48,3,0.4800449601921681
common,50,RGA-MR,normalized_mec_cpu,49,3,0.010307459119554533
common,50,RGA-MR,normalized_mec_cpu,50,3,0.18318380387388378
common,50,RGA-MR,normalized_mec_cpu,51,3,0.4132632165539906
common,50,RGA-MR,normalized_mec_cpu,52,3,0.9021539790127605
conditional,50,B-ALNS,normalized_mec_cpu,45,3,0.6687858969755653
conditional,50,B-ALNS,normalized_mec_cpu,46,3,0.7379315449137679
conditional,50,B-ALNS,normalized_mec_cpu,47,3,0.9220933252568732
conditional,50,B-ALNS,normalized_mec_cpu,48,3,0.3579635449565721
conditional,50,B-ALNS,normalized_mec_cpu,49,3,0.7622481838106228
conditional,50,B-ALNS,normalized_mec_cpu,50,3,0.5104563976515678
conditional,50,B-ALNS,normalized_mec_cpu,51,3,0.7666753514642703
conditional,50,B-ALNS,normalized_mec_cpu,52,3,0.5325236408809784
common,50,B-ALNS,normalized_mec_cpu,45,3,0.6687858969755653
common,50,B-ALNS,normalized_mec_cpu,46,3,0.7379315449137679
common,50,B-ALNS,normalized_mec_cpu,48,3,0.3579635449565721
common,50,B-ALNS,normalized_mec_cpu,49,3,0.7622481838106228
common,50,B-ALNS,normalized_mec_cpu,50,3,0.5104563976515678
common,50,B-ALNS,normalized_mec_cpu,51,3,0.7666753514642703
common,50,B-ALNS,normalized_mec_cpu,52,3,0.5325236408809784
conditional,50,ESI-ALNS,normalized_mec_cpu,45,3,0.7999408279428867
conditional,50,ESI-ALNS,normalized_mec_cpu,46,3,0.7379315449137679
conditional,50,ESI-ALNS,normalized_mec_cpu,47,2,0.5098866776905543
conditional,50,ESI-ALNS,normalized_mec_cpu,48,3,0.4271990705848042
conditional,50,ESI-ALNS,normalized_mec_cpu,49,3,0.7560574805426944
conditional,50,ESI-ALNS,normalized_mec_cpu,50,3,0.5145585881698883
conditional,50,ESI-ALNS,normalized_mec_cpu,51,3,0.6906128174205689
conditional,50,ESI-ALNS,normalized_mec_cpu,52,3,0.5315384757189395
common,50,ESI-ALNS,normalized_mec_cpu,45,3,0.7999408279428867
common,50,ESI-ALNS,normalized_mec_cpu,46,3,0.7379315449137679
common,50,ESI-ALNS,normalized_mec_cpu,48,3,0.4271990705848042
common,50,ESI-ALNS,normalized_mec_cpu,49,3,0.7560574805426944
common,50,ESI-ALNS,normalized_mec_cpu,50,3,0.5145585881698883
common,50,ESI-ALNS,normalized_mec_cpu,51,3,0.6906128174205689
common,50,ESI-ALNS,normalized_mec_cpu,52,3,0.5315384757189395
paired,50,GR-MR,normalized_mec_cpu,45,3,0.7477790333426321
paired,50,GR-MR,normalized_mec_cpu,46,3,-0.28621142472655875
paired,50,GR-MR,normalized_mec_cpu,48,3,-0.11600706673017547
paired,50,GR-MR,normalized_mec_cpu,49,3,0.7560574805426944
paired,50,GR-MR,normalized_mec_cpu,50,3,0.33137478429600453
paired,50,GR-MR,normalized_mec_cpu,51,3,0.27734960086657834
paired,50,GR-MR,normalized_mec_cpu,52,3,-0.3706147384058086
paired,50,FTR-NM,normalized_mec_cpu,45,3,0.7570565846654745
paired,50,FTR-NM,normalized_mec_cpu,46,3,-0.29951297725345655
paired,50,FTR-NM,normalized_mec_cpu,47,2,0.36848263008075577
paired,50,FTR-NM,normalized_mec_cpu,48,3,0.35887304188742425
paired,50,FTR-NM,normalized_mec_cpu,49,3,0.7560574805426944
paired,50,FTR-NM,normalized_mec_cpu,50,3,0.3895842599826043
paired,50,FTR-NM,normalized_mec_cpu,51,3,0.6414806441396665
paired,50,FTR-NM,normalized_mec_cpu,52,3,0.1920845532277806
paired,50,RGA-MR,normalized_mec_cpu,45,3,0.7477790333426321
paired,50,RGA-MR,normalized_mec_cpu,46,3,-0.28621142472655875
paired,50,RGA-MR,normalized_mec_cpu,47,2,0.04437382090271633
paired,50,RGA-MR,normalized_mec_cpu,48,3,-0.05284588960736384
paired,50,RGA-MR,normalized_mec_cpu,49,3,0.7457500214231398
paired,50,RGA-MR,normalized_mec_cpu,50,3,0.33137478429600453
paired,50,RGA-MR,normalized_mec_cpu,51,3,0.27734960086657834
paired,50,RGA-MR,normalized_mec_cpu,52,3,-0.37061550329382104
paired,50,B-ALNS,normalized_mec_cpu,45,3,0.1311549309673213
paired,50,B-ALNS,normalized_mec_cpu,46,3,0.0
paired,50,B-ALNS,normalized_mec_cpu,47,2,-0.2640771272775262
paired,50,B-ALNS,normalized_mec_cpu,48,3,0.0692355256282321
paired,50,B-ALNS,normalized_mec_cpu,49,3,-0.006190703267928403
paired,50,B-ALNS,normalized_mec_cpu,50,3,0.004102190518320448
paired,50,B-ALNS,normalized_mec_cpu,51,3,-0.07606253404370135
paired,50,B-ALNS,normalized_mec_cpu,52,3,-0.0009851651620388462
conditional,50,GR-MR,offload_ratio,45,1,0.02
conditional,50,GR-MR,offload_ratio,46,1,0.04
conditional,50,GR-MR,offload_ratio,48,1,0.04
conditional,50,GR-MR,offload_ratio,49,1,0.0
conditional,50,GR-MR,offload_ratio,50,1,0.04
conditional,50,GR-MR,offload_ratio,51,1,0.02
conditional,50,GR-MR,offload_ratio,52,1,0.06
common,50,GR-MR,offload_ratio,45,3,0.02
common,50,GR-MR,offload_ratio,46,3,0.04
common,50,GR-MR,offload_ratio,48,3,0.04
common,50,GR-MR,offload_ratio,49,3,0.0
common,50,GR-MR,offload_ratio,50,3,0.04
common,50,GR-MR,offload_ratio,51,3,0.02
common,50,GR-MR,offload_ratio,52,3,0.06
conditional,50,FTR-NM,offload_ratio,45,1,0.02
conditional,50,FTR-NM,offload_ratio,46,1,0.06
conditional,50,FTR-NM,offload_ratio,47,1,0.04
conditional,50,FTR-NM,offload_ratio,48,1,0.04
conditional,50,FTR-NM,offload_ratio,49,1,0.0
conditional,50,FTR-NM,offload_ratio,50,1,0.04
conditional,50,FTR-NM,offload_ratio,51,1,0.02
conditional,50,FTR-NM,offload_ratio,52,1,0.06
common,50,FTR-NM,offload_ratio,45,3,0.02
common,50,FTR-NM,offload_ratio,46,3,0.06
common,50,FTR-NM,offload_ratio,48,3,0.04
common,50,FTR-NM,offload_ratio,49,3,0.0
common,50,FTR-NM,offload_ratio,50,3,0.04
common,50,FTR-NM,offload_ratio,51,3,0.02
common,50,FTR-NM,offload_ratio,52,3,0.06
conditional,50,RGA-MR,offload_ratio,45,3,0.02
conditional,50,RGA-MR,offload_ratio,46,3,0.04
conditional,50,RGA-MR,offload_ratio,47,3,0.02666666666666667
conditional,50,RGA-MR,offload_ratio,48,3,0.04
conditional,50,RGA-MR,offload_ratio,49,3,0.006666666666666667
conditional,50,RGA-MR,offload_ratio,50,3,0.04
conditional,50,RGA-MR,offload_ratio,51,3,0.02
conditional,50,RGA-MR,offload_ratio,52,3,0.06
common,50,RGA-MR,offload_ratio,45,3,0.02
common,50,RGA-MR,offload_ratio,46,3,0.04
common,50,RGA-MR,offload_ratio,48,3,0.04
common,50,RGA-MR,offload_ratio,49,3,0.006666666666666667
common,50,RGA-MR,offload_ratio,50,3,0.04
common,50,RGA-MR,offload_ratio,51,3,0.02
common,50,RGA-MR,offload_ratio,52,3,0.06
conditional,50,B-ALNS,offload_ratio,45,3,0.09333333333333334
conditional,50,B-ALNS,offload_ratio,46,3,0.08666666666666667
conditional,50,B-ALNS,offload_ratio,47,3,0.06
conditional,50,B-ALNS,offload_ratio,48,3,0.06666666666666667
conditional,50,B-ALNS,offload_ratio,49,3,0.09333333333333334
conditional,50,B-ALNS,offload_ratio,50,3,0.06666666666666667
conditional,50,B-ALNS,offload_ratio,51,3,0.10666666666666667
conditional,50,B-ALNS,offload_ratio,52,3,0.1
common,50,B-ALNS,offload_ratio,45,3,0.09333333333333334
common,50,B-ALNS,offload_ratio,46,3,0.08666666666666667
common,50,B-ALNS,offload_ratio,48,3,0.06666666666666667
common,50,B-ALNS,offload_ratio,49,3,0.09333333333333334
common,50,B-ALNS,offload_ratio,50,3,0.06666666666666667
common,50,B-ALNS,offload_ratio,51,3,0.10666666666666667
common,50,B-ALNS,offload_ratio,52,3,0.1
conditional,50,ESI-ALNS,offload_ratio,45,3,0.1
conditional,50,ESI-ALNS,offload_ratio,46,3,0.08666666666666667
conditional,50,ESI-ALNS,offload_ratio,47,2,0.04
conditional,50,ESI-ALNS,offload_ratio,48,3,0.05333333333333334
conditional,50,ESI-ALNS,offload_ratio,49,3,0.09333333333333334
conditional,50,ESI-ALNS,offload_ratio,50,3,0.07333333333333333
conditional,50,ESI-ALNS,offload_ratio,51,3,0.09333333333333334
conditional,50,ESI-ALNS,offload_ratio,52,3,0.1
common,50,ESI-ALNS,offload_ratio,45,3,0.1
common,50,ESI-ALNS,offload_ratio,46,3,0.08666666666666667
common,50,ESI-ALNS,offload_ratio,48,3,0.05333333333333334
common,50,ESI-ALNS,offload_ratio,49,3,0.09333333333333334
common,50,ESI-ALNS,offload_ratio,50,3,0.07333333333333333
common,50,ESI-ALNS,offload_ratio,51,3,0.09333333333333334
common,50,ESI-ALNS,offload_ratio,52,3,0.1
paired,50,GR-MR,offload_ratio,45,3,0.08
paired,50,GR-MR,offload_ratio,46,3,0.04666666666666667
paired,50,GR-MR,offload_ratio,48,3,0.013333333333333334
paired,50,GR-MR,offload_ratio,49,3,0.09333333333333334
paired,50,GR-MR,offload_ratio,50,3,0.03333333333333334
paired,50,GR-MR,offload_ratio,51,3,0.07333333333333333
paired,50,GR-MR,offload_ratio,52,3,0.04000000000000001
paired,50,FTR-NM,offload_ratio,45,3,0.08
paired,50,FTR-NM,offload_ratio,46,3,0.026666666666666672
paired,50,FTR-NM,offload_ratio,47,2,0.0
paired,50,FTR-NM,offload_ratio,48,3,0.013333333333333334
paired,50,FTR-NM,offload_ratio,49,3,0.09333333333333334
paired,50,FTR-NM,offload_ratio,50,3,0.03333333333333334
paired,50,FTR-NM,offload_ratio,51,3,0.07333333333333333
paired,50,FTR-NM,offload_ratio,52,3,0.04000000000000001
paired,50,RGA-MR,offload_ratio,45,3,0.08
paired,50,RGA-MR,offload_ratio,46,3,0.04666666666666667
paired,50,RGA-MR,offload_ratio,47,2,0.02
paired,50,RGA-MR,offload_ratio,48,3,0.013333333333333334
paired,50,RGA-MR,offload_ratio,49,3,0.08666666666666667
paired,50,RGA-MR,offload_ratio,50,3,0.03333333333333334
paired,50,RGA-MR,offload_ratio,51,3,0.07333333333333333
paired,50,RGA-MR,offload_ratio,52,3,0.04000000000000001
paired,50,B-ALNS,offload_ratio,45,3,0.006666666666666665
paired,50,B-ALNS,offload_ratio,46,3,0.0
paired,50,B-ALNS,offload_ratio,47,2,-0.019999999999999997
paired,50,B-ALNS,offload_ratio,48,3,-0.013333333333333334
paired,50,B-ALNS,offload_ratio,49,3,0.0
paired,50,B-ALNS,offload_ratio,50,3,0.006666666666666668
paired,50,B-ALNS,offload_ratio,51,3,-0.01333333333333333
paired,50,B-ALNS,offload_ratio,52,3,0.0
conditional,50,GR-MR,original_construction_search_s,45,1,0.05903561199997398
conditional,50,GR-MR,original_construction_search_s,46,1,0.08031400900000563
conditional,50,GR-MR,original_construction_search_s,47,1,0.11888871600000073
conditional,50,GR-MR,original_construction_search_s,48,1,0.06639671800000002
conditional,50,GR-MR,original_construction_search_s,49,1,0.028241193999996028
conditional,50,GR-MR,original_construction_search_s,50,1,0.09189677199999835
conditional,50,GR-MR,original_construction_search_s,51,1,0.053328465000006986
conditional,50,GR-MR,original_construction_search_s,52,1,0.08144188299999655
common,50,GR-MR,original_construction_search_s,45,3,0.05903561199997398
common,50,GR-MR,original_construction_search_s,46,3,0.08031400900000563
common,50,GR-MR,original_construction_search_s,47,3,0.11888871600000073
common,50,GR-MR,original_construction_search_s,48,3,0.06639671800000002
common,50,GR-MR,original_construction_search_s,49,3,0.028241193999996028
common,50,GR-MR,original_construction_search_s,50,3,0.09189677199999835
common,50,GR-MR,original_construction_search_s,51,3,0.053328465000006986
common,50,GR-MR,original_construction_search_s,52,3,0.08144188299999655
conditional,50,FTR-NM,original_construction_search_s,45,1,0.042633066999968605
conditional,50,FTR-NM,original_construction_search_s,46,1,0.057734522000032484
conditional,50,FTR-NM,original_construction_search_s,47,1,0.054036062999990975
conditional,50,FTR-NM,original_construction_search_s,48,1,0.04325750699999986
conditional,50,FTR-NM,original_construction_search_s,49,1,0.028452897999990512
conditional,50,FTR-NM,original_construction_search_s,50,1,0.05946848799999316
conditional,50,FTR-NM,original_construction_search_s,51,1,0.03706436600002405
conditional,50,FTR-NM,original_construction_search_s,52,1,0.04854026000000289
common,50,FTR-NM,original_construction_search_s,45,3,0.042633066999968605
common,50,FTR-NM,original_construction_search_s,46,3,0.057734522000032484
common,50,FTR-NM,original_construction_search_s,47,3,0.054036062999990975
common,50,FTR-NM,original_construction_search_s,48,3,0.04325750699999986
common,50,FTR-NM,original_construction_search_s,49,3,0.028452897999990512
common,50,FTR-NM,original_construction_search_s,50,3,0.05946848799999316
common,50,FTR-NM,original_construction_search_s,51,3,0.03706436600002405
common,50,FTR-NM,original_construction_search_s,52,3,0.04854026000000289
conditional,50,RGA-MR,original_construction_search_s,45,3,13.157038203666664
conditional,50,RGA-MR,original_construction_search_s,46,3,18.097743306333342
conditional,50,RGA-MR,original_construction_search_s,47,3,17.69178925366666
conditional,50,RGA-MR,original_construction_search_s,48,3,10.742281176333336
conditional,50,RGA-MR,original_construction_search_s,49,3,16.278707658666676
conditional,50,RGA-MR,original_construction_search_s,50,3,21.691191662999998
conditional,50,RGA-MR,original_construction_search_s,51,3,11.558537268
conditional,50,RGA-MR,original_construction_search_s,52,3,12.649870851666662
common,50,RGA-MR,original_construction_search_s,45,3,13.157038203666664
common,50,RGA-MR,original_construction_search_s,46,3,18.097743306333342
common,50,RGA-MR,original_construction_search_s,47,3,17.69178925366666
common,50,RGA-MR,original_construction_search_s,48,3,10.742281176333336
common,50,RGA-MR,original_construction_search_s,49,3,16.278707658666676
common,50,RGA-MR,original_construction_search_s,50,3,21.691191662999998
common,50,RGA-MR,original_construction_search_s,51,3,11.558537268
common,50,RGA-MR,original_construction_search_s,52,3,12.649870851666662
conditional,50,B-ALNS,original_construction_search_s,45,3,14.433168303999972
conditional,50,B-ALNS,original_construction_search_s,46,3,12.589828345
conditional,50,B-ALNS,original_construction_search_s,47,3,9.381593189333335
conditional,50,B-ALNS,original_construction_search_s,48,3,4.680616665999996
conditional,50,B-ALNS,original_construction_search_s,49,3,11.300187649333331
conditional,50,B-ALNS,original_construction_search_s,50,3,11.510432562666658
conditional,50,B-ALNS,original_construction_search_s,51,3,12.062174089666678
conditional,50,B-ALNS,original_construction_search_s,52,3,6.48332778266666
common,50,B-ALNS,original_construction_search_s,45,3,14.433168303999972
common,50,B-ALNS,original_construction_search_s,46,3,12.589828345
common,50,B-ALNS,original_construction_search_s,47,3,9.381593189333335
common,50,B-ALNS,original_construction_search_s,48,3,4.680616665999996
common,50,B-ALNS,original_construction_search_s,49,3,11.300187649333331
common,50,B-ALNS,original_construction_search_s,50,3,11.510432562666658
common,50,B-ALNS,original_construction_search_s,51,3,12.062174089666678
common,50,B-ALNS,original_construction_search_s,52,3,6.48332778266666
conditional,50,ESI-ALNS,original_construction_search_s,45,3,18.734368874666654
conditional,50,ESI-ALNS,original_construction_search_s,46,3,14.723189931333337
conditional,50,ESI-ALNS,original_construction_search_s,47,3,14.883931974666671
conditional,50,ESI-ALNS,original_construction_search_s,48,3,9.34420184733333
conditional,50,ESI-ALNS,original_construction_search_s,49,3,14.961534647666666
conditional,50,ESI-ALNS,original_construction_search_s,50,3,15.15215547533333
conditional,50,ESI-ALNS,original_construction_search_s,51,3,16.61733744833333
conditional,50,ESI-ALNS,original_construction_search_s,52,3,9.130375152666666
common,50,ESI-ALNS,original_construction_search_s,45,3,18.734368874666654
common,50,ESI-ALNS,original_construction_search_s,46,3,14.723189931333337
common,50,ESI-ALNS,original_construction_search_s,47,3,14.883931974666671
common,50,ESI-ALNS,original_construction_search_s,48,3,9.34420184733333
common,50,ESI-ALNS,original_construction_search_s,49,3,14.961534647666666
common,50,ESI-ALNS,original_construction_search_s,50,3,15.15215547533333
common,50,ESI-ALNS,original_construction_search_s,51,3,16.61733744833333
common,50,ESI-ALNS,original_construction_search_s,52,3,9.130375152666666
paired,50,GR-MR,original_construction_search_s,45,3,18.67533326266668
paired,50,GR-MR,original_construction_search_s,46,3,14.642875922333332
paired,50,GR-MR,original_construction_search_s,47,3,14.76504325866667
paired,50,GR-MR,original_construction_search_s,48,3,9.27780512933333
paired,50,GR-MR,original_construction_search_s,49,3,14.93329345366667
paired,50,GR-MR,original_construction_search_s,50,3,15.060258703333332
paired,50,GR-MR,original_construction_search_s,51,3,16.564008983333323
paired,50,GR-MR,original_construction_search_s,52,3,9.04893326966667
paired,50,FTR-NM,original_construction_search_s,45,3,18.691735807666685
paired,50,FTR-NM,original_construction_search_s,46,3,14.665455409333305
paired,50,FTR-NM,original_construction_search_s,47,3,14.82989591166668
paired,50,FTR-NM,original_construction_search_s,48,3,9.30094434033333
paired,50,FTR-NM,original_construction_search_s,49,3,14.933081749666675
paired,50,FTR-NM,original_construction_search_s,50,3,15.092686987333337
paired,50,FTR-NM,original_construction_search_s,51,3,16.580273082333306
paired,50,FTR-NM,original_construction_search_s,52,3,9.081834892666663
paired,50,RGA-MR,original_construction_search_s,45,3,5.577330670999989
paired,50,RGA-MR,original_construction_search_s,46,3,-3.374553375000005
paired,50,RGA-MR,original_construction_search_s,47,3,-2.8078572789999896
paired,50,RGA-MR,original_construction_search_s,48,3,-1.398079329000005
paired,50,RGA-MR,original_construction_search_s,49,3,-1.3171730110000108
paired,50,RGA-MR,original_construction_search_s,50,3,-6.539036187666667
paired,50,RGA-MR,original_construction_search_s,51,3,5.058800180333331
paired,50,RGA-MR,original_construction_search_s,52,3,-3.5194956989999966
paired,50,B-ALNS,original_construction_search_s,45,3,4.30120057066668
paired,50,B-ALNS,original_construction_search_s,46,3,2.1333615863333364
paired,50,B-ALNS,original_construction_search_s,47,3,5.502338785333336
paired,50,B-ALNS,original_construction_search_s,48,3,4.663585181333334
paired,50,B-ALNS,original_construction_search_s,49,3,3.6613469983333338
paired,50,B-ALNS,original_construction_search_s,50,3,3.6417229126666726
paired,50,B-ALNS,original_construction_search_s,51,3,4.555163358666651
paired,50,B-ALNS,original_construction_search_s,52,3,2.647047370000005
conditional,50,GR-MR,original_independent_audit_s,45,1,0.004648845000019719
conditional,50,GR-MR,original_independent_audit_s,46,1,0.004830095000045276
conditional,50,GR-MR,original_independent_audit_s,47,1,5.321000003277732e-06
conditional,50,GR-MR,original_independent_audit_s,48,1,0.0038336899999933394
conditional,50,GR-MR,original_independent_audit_s,49,1,0.004009241000005659
conditional,50,GR-MR,original_independent_audit_s,50,1,0.004692698999974709
conditional,50,GR-MR,original_independent_audit_s,51,1,0.004549539000009872
conditional,50,GR-MR,original_independent_audit_s,52,1,0.0035218120000024555
common,50,GR-MR,original_independent_audit_s,45,3,0.004648845000019719
common,50,GR-MR,original_independent_audit_s,46,3,0.004830095000045276
common,50,GR-MR,original_independent_audit_s,47,3,5.321000003277732e-06
common,50,GR-MR,original_independent_audit_s,48,3,0.0038336899999933394
common,50,GR-MR,original_independent_audit_s,49,3,0.004009241000005659
common,50,GR-MR,original_independent_audit_s,50,3,0.004692698999974709
common,50,GR-MR,original_independent_audit_s,51,3,0.004549539000009872
common,50,GR-MR,original_independent_audit_s,52,3,0.0035218120000024555
conditional,50,FTR-NM,original_independent_audit_s,45,1,0.004839400999969712
conditional,50,FTR-NM,original_independent_audit_s,46,1,0.00508102699998858
conditional,50,FTR-NM,original_independent_audit_s,47,1,0.005071814999979551
conditional,50,FTR-NM,original_independent_audit_s,48,1,0.0037137530000066477
conditional,50,FTR-NM,original_independent_audit_s,49,1,0.00400980499998127
conditional,50,FTR-NM,original_independent_audit_s,50,1,0.004450828000003071
conditional,50,FTR-NM,original_independent_audit_s,51,1,0.00526099600000407
conditional,50,FTR-NM,original_independent_audit_s,52,1,0.003519605000001036
common,50,FTR-NM,original_independent_audit_s,45,3,0.004839400999969712
common,50,FTR-NM,original_independent_audit_s,46,3,0.00508102699998858
common,50,FTR-NM,original_independent_audit_s,47,3,0.005071814999979551
common,50,FTR-NM,original_independent_audit_s,48,3,0.0037137530000066477
common,50,FTR-NM,original_independent_audit_s,49,3,0.00400980499998127
common,50,FTR-NM,original_independent_audit_s,50,3,0.004450828000003071
common,50,FTR-NM,original_independent_audit_s,51,3,0.00526099600000407
common,50,FTR-NM,original_independent_audit_s,52,3,0.003519605000001036
conditional,50,RGA-MR,original_independent_audit_s,45,3,0.004844878000000108
conditional,50,RGA-MR,original_independent_audit_s,46,3,0.004813954666663752
conditional,50,RGA-MR,original_independent_audit_s,47,3,0.004844603999994017
conditional,50,RGA-MR,original_independent_audit_s,48,3,0.003942499999998479
conditional,50,RGA-MR,original_independent_audit_s,49,3,0.0042470529999955415
conditional,50,RGA-MR,original_independent_audit_s,50,3,0.004736349000002822
conditional,50,RGA-MR,original_independent_audit_s,51,3,0.005266204999998081
conditional,50,RGA-MR,original_independent_audit_s,52,3,0.0036454890000025366
common,50,RGA-MR,original_independent_audit_s,45,3,0.004844878000000108
common,50,RGA-MR,original_independent_audit_s,46,3,0.004813954666663752
common,50,RGA-MR,original_independent_audit_s,47,3,0.004844603999994017
common,50,RGA-MR,original_independent_audit_s,48,3,0.003942499999998479
common,50,RGA-MR,original_independent_audit_s,49,3,0.0042470529999955415
common,50,RGA-MR,original_independent_audit_s,50,3,0.004736349000002822
common,50,RGA-MR,original_independent_audit_s,51,3,0.005266204999998081
common,50,RGA-MR,original_independent_audit_s,52,3,0.0036454890000025366
conditional,50,B-ALNS,original_independent_audit_s,45,3,0.005322281333330163
conditional,50,B-ALNS,original_independent_audit_s,46,3,0.005401066333329633
conditional,50,B-ALNS,original_independent_audit_s,47,3,0.005472712666668637
conditional,50,B-ALNS,original_independent_audit_s,48,3,0.004118620666664204
conditional,50,B-ALNS,original_independent_audit_s,49,3,0.005437222333332177
conditional,50,B-ALNS,original_independent_audit_s,50,3,0.004657590999997296
conditional,50,B-ALNS,original_independent_audit_s,51,3,0.0057360633333397954
conditional,50,B-ALNS,original_independent_audit_s,52,3,0.0038712779999959443
common,50,B-ALNS,original_independent_audit_s,45,3,0.005322281333330163
common,50,B-ALNS,original_independent_audit_s,46,3,0.005401066333329633
common,50,B-ALNS,original_independent_audit_s,47,3,0.005472712666668637
common,50,B-ALNS,original_independent_audit_s,48,3,0.004118620666664204
common,50,B-ALNS,original_independent_audit_s,49,3,0.005437222333332177
common,50,B-ALNS,original_independent_audit_s,50,3,0.004657590999997296
common,50,B-ALNS,original_independent_audit_s,51,3,0.0057360633333397954
common,50,B-ALNS,original_independent_audit_s,52,3,0.0038712779999959443
conditional,50,ESI-ALNS,original_independent_audit_s,45,3,0.005282827333341326
conditional,50,ESI-ALNS,original_independent_audit_s,46,3,0.005150744666660027
conditional,50,ESI-ALNS,original_independent_audit_s,47,3,0.0043673079999990705
conditional,50,ESI-ALNS,original_independent_audit_s,48,3,0.0038499500000028775
conditional,50,ESI-ALNS,original_independent_audit_s,49,3,0.005355626666670332
conditional,50,ESI-ALNS,original_independent_audit_s,50,3,0.0047362640000064475
conditional,50,ESI-ALNS,original_independent_audit_s,51,3,0.005290714666671192
conditional,50,ESI-ALNS,original_independent_audit_s,52,3,0.003907902666663669
common,50,ESI-ALNS,original_independent_audit_s,45,3,0.005282827333341326
common,50,ESI-ALNS,original_independent_audit_s,46,3,0.005150744666660027
common,50,ESI-ALNS,original_independent_audit_s,47,3,0.0043673079999990705
common,50,ESI-ALNS,original_independent_audit_s,48,3,0.0038499500000028775
common,50,ESI-ALNS,original_independent_audit_s,49,3,0.005355626666670332
common,50,ESI-ALNS,original_independent_audit_s,50,3,0.0047362640000064475
common,50,ESI-ALNS,original_independent_audit_s,51,3,0.005290714666671192
common,50,ESI-ALNS,original_independent_audit_s,52,3,0.003907902666663669
paired,50,GR-MR,original_independent_audit_s,45,3,0.0006339823333216069
paired,50,GR-MR,original_independent_audit_s,46,3,0.0003206496666147511
paired,50,GR-MR,original_independent_audit_s,47,3,0.004361986999995793
paired,50,GR-MR,original_independent_audit_s,48,3,1.626000000953809e-05
paired,50,GR-MR,original_independent_audit_s,49,3,0.0013463856666646734
paired,50,GR-MR,original_independent_audit_s,50,3,4.356500003173854e-05
paired,50,GR-MR,original_independent_audit_s,51,3,0.0007411756666613201
paired,50,GR-MR,original_independent_audit_s,52,3,0.00038609066666121333
paired,50,FTR-NM,original_independent_audit_s,45,3,0.00044342633337161413
paired,50,FTR-NM,original_independent_audit_s,46,3,6.971766667144645e-05
paired,50,FTR-NM,original_independent_audit_s,47,3,-0.0007045069999804809
paired,50,FTR-NM,original_independent_audit_s,48,3,0.0001361969999962298
paired,50,FTR-NM,original_independent_audit_s,49,3,0.0013458216666890621
paired,50,FTR-NM,original_independent_audit_s,50,3,0.00028543600000337693
paired,50,FTR-NM,original_independent_audit_s,51,3,2.9718666667122307e-05
paired,50,FTR-NM,original_independent_audit_s,52,3,0.00038829766666263293
paired,50,RGA-MR,original_independent_audit_s,45,3,0.00043794933334121805
paired,50,RGA-MR,original_independent_audit_s,46,3,0.00033678999999627496
paired,50,RGA-MR,original_independent_audit_s,47,3,-0.00047729599999494593
paired,50,RGA-MR,original_independent_audit_s,48,3,-9.254999999560216e-05
paired,50,RGA-MR,original_independent_audit_s,49,3,0.001108573666674791
paired,50,RGA-MR,original_independent_audit_s,50,3,-8.49999963747905e-08
paired,50,RGA-MR,original_independent_audit_s,51,3,2.4509666673111496e-05
paired,50,RGA-MR,original_independent_audit_s,52,3,0.0002624136666611321
paired,50,B-ALNS,original_independent_audit_s,45,3,-3.9453999988836586e-05
paired,50,B-ALNS,original_independent_audit_s,46,3,-0.0002503216666696062
paired,50,B-ALNS,original_independent_audit_s,47,3,-0.0011054046666695665
paired,50,B-ALNS,original_independent_audit_s,48,3,-0.0002686706666613266
paired,50,B-ALNS,original_independent_audit_s,49,3,-8.159566666184521e-05
paired,50,B-ALNS,original_independent_audit_s,50,3,7.867300000915141e-05
paired,50,B-ALNS,original_independent_audit_s,51,3,-0.0004453486666686028
paired,50,B-ALNS,original_independent_audit_s,52,3,3.6624666667724647e-05
conditional,50,GR-MR,original_initialization_s,45,1,0.05903561199997398
conditional,50,GR-MR,original_initialization_s,46,1,0.08031400900000563
conditional,50,GR-MR,original_initialization_s,47,1,0.11888871600000073
conditional,50,GR-MR,original_initialization_s,48,1,0.06639671800000002
conditional,50,GR-MR,original_initialization_s,49,1,0.028241193999996028
conditional,50,GR-MR,original_initialization_s,50,1,0.09189677199999835
conditional,50,GR-MR,original_initialization_s,51,1,0.053328465000006986
conditional,50,GR-MR,original_initialization_s,52,1,0.08144188299999655
common,50,GR-MR,original_initialization_s,45,3,0.05903561199997398
common,50,GR-MR,original_initialization_s,46,3,0.08031400900000563
common,50,GR-MR,original_initialization_s,47,3,0.11888871600000073
common,50,GR-MR,original_initialization_s,48,3,0.06639671800000002
common,50,GR-MR,original_initialization_s,49,3,0.028241193999996028
common,50,GR-MR,original_initialization_s,50,3,0.09189677199999835
common,50,GR-MR,original_initialization_s,51,3,0.053328465000006986
common,50,GR-MR,original_initialization_s,52,3,0.08144188299999655
conditional,50,FTR-NM,original_initialization_s,45,1,0.042633066999968605
conditional,50,FTR-NM,original_initialization_s,46,1,0.057734522000032484
conditional,50,FTR-NM,original_initialization_s,47,1,0.054036062999990975
conditional,50,FTR-NM,original_initialization_s,48,1,0.04325750699999986
conditional,50,FTR-NM,original_initialization_s,49,1,0.028452897999990512
conditional,50,FTR-NM,original_initialization_s,50,1,0.05946848799999316
conditional,50,FTR-NM,original_initialization_s,51,1,0.03706436600002405
conditional,50,FTR-NM,original_initialization_s,52,1,0.04854026000000289
common,50,FTR-NM,original_initialization_s,45,3,0.042633066999968605
common,50,FTR-NM,original_initialization_s,46,3,0.057734522000032484
common,50,FTR-NM,original_initialization_s,47,3,0.054036062999990975
common,50,FTR-NM,original_initialization_s,48,3,0.04325750699999986
common,50,FTR-NM,original_initialization_s,49,3,0.028452897999990512
common,50,FTR-NM,original_initialization_s,50,3,0.05946848799999316
common,50,FTR-NM,original_initialization_s,51,3,0.03706436600002405
common,50,FTR-NM,original_initialization_s,52,3,0.04854026000000289
conditional,50,RGA-MR,original_initialization_s,45,3,0.0
conditional,50,RGA-MR,original_initialization_s,46,3,0.0
conditional,50,RGA-MR,original_initialization_s,47,3,0.0
conditional,50,RGA-MR,original_initialization_s,48,3,0.0
conditional,50,RGA-MR,original_initialization_s,49,3,0.0
conditional,50,RGA-MR,original_initialization_s,50,3,0.0
conditional,50,RGA-MR,original_initialization_s,51,3,0.0
conditional,50,RGA-MR,original_initialization_s,52,3,0.0
common,50,RGA-MR,original_initialization_s,45,3,0.0
common,50,RGA-MR,original_initialization_s,46,3,0.0
common,50,RGA-MR,original_initialization_s,47,3,0.0
common,50,RGA-MR,original_initialization_s,48,3,0.0
common,50,RGA-MR,original_initialization_s,49,3,0.0
common,50,RGA-MR,original_initialization_s,50,3,0.0
common,50,RGA-MR,original_initialization_s,51,3,0.0
common,50,RGA-MR,original_initialization_s,52,3,0.0
conditional,50,B-ALNS,original_initialization_s,45,3,0.05903561199997398
conditional,50,B-ALNS,original_initialization_s,46,3,0.08031400900000563
conditional,50,B-ALNS,original_initialization_s,47,3,0.11888871600000073
conditional,50,B-ALNS,original_initialization_s,48,3,0.06639671800000002
conditional,50,B-ALNS,original_initialization_s,49,3,0.028241193999996028
conditional,50,B-ALNS,original_initialization_s,50,3,0.09189677199999835
conditional,50,B-ALNS,original_initialization_s,51,3,0.053328465000006986
conditional,50,B-ALNS,original_initialization_s,52,3,0.08144188299999655
common,50,B-ALNS,original_initialization_s,45,3,0.05903561199997398
common,50,B-ALNS,original_initialization_s,46,3,0.08031400900000563
common,50,B-ALNS,original_initialization_s,47,3,0.11888871600000073
common,50,B-ALNS,original_initialization_s,48,3,0.06639671800000002
common,50,B-ALNS,original_initialization_s,49,3,0.028241193999996028
common,50,B-ALNS,original_initialization_s,50,3,0.09189677199999835
common,50,B-ALNS,original_initialization_s,51,3,0.053328465000006986
common,50,B-ALNS,original_initialization_s,52,3,0.08144188299999655
conditional,50,ESI-ALNS,original_initialization_s,45,3,0.05903561199997398
conditional,50,ESI-ALNS,original_initialization_s,46,3,0.08031400900000563
conditional,50,ESI-ALNS,original_initialization_s,47,3,0.11888871600000073
conditional,50,ESI-ALNS,original_initialization_s,48,3,0.06639671800000002
conditional,50,ESI-ALNS,original_initialization_s,49,3,0.028241193999996028
conditional,50,ESI-ALNS,original_initialization_s,50,3,0.09189677199999835
conditional,50,ESI-ALNS,original_initialization_s,51,3,0.053328465000006986
conditional,50,ESI-ALNS,original_initialization_s,52,3,0.08144188299999655
common,50,ESI-ALNS,original_initialization_s,45,3,0.05903561199997398
common,50,ESI-ALNS,original_initialization_s,46,3,0.08031400900000563
common,50,ESI-ALNS,original_initialization_s,47,3,0.11888871600000073
common,50,ESI-ALNS,original_initialization_s,48,3,0.06639671800000002
common,50,ESI-ALNS,original_initialization_s,49,3,0.028241193999996028
common,50,ESI-ALNS,original_initialization_s,50,3,0.09189677199999835
common,50,ESI-ALNS,original_initialization_s,51,3,0.053328465000006986
common,50,ESI-ALNS,original_initialization_s,52,3,0.08144188299999655
paired,50,GR-MR,original_initialization_s,45,3,0.0
paired,50,GR-MR,original_initialization_s,46,3,0.0
paired,50,GR-MR,original_initialization_s,47,3,0.0
paired,50,GR-MR,original_initialization_s,48,3,0.0
paired,50,GR-MR,original_initialization_s,49,3,0.0
paired,50,GR-MR,original_initialization_s,50,3,0.0
paired,50,GR-MR,original_initialization_s,51,3,0.0
paired,50,GR-MR,original_initialization_s,52,3,0.0
paired,50,FTR-NM,original_initialization_s,45,3,0.016402545000005375
paired,50,FTR-NM,original_initialization_s,46,3,0.022579486999973142
paired,50,FTR-NM,original_initialization_s,47,3,0.06485265300000975
paired,50,FTR-NM,original_initialization_s,48,3,0.02313921100000016
paired,50,FTR-NM,original_initialization_s,49,3,-0.00021170399999448364
paired,50,FTR-NM,original_initialization_s,50,3,0.03242828400000519
paired,50,FTR-NM,original_initialization_s,51,3,0.016264098999982934
paired,50,FTR-NM,original_initialization_s,52,3,0.03290162299999366
paired,50,RGA-MR,original_initialization_s,45,3,0.05903561199997398
paired,50,RGA-MR,original_initialization_s,46,3,0.08031400900000563
paired,50,RGA-MR,original_initialization_s,47,3,0.11888871600000073
paired,50,RGA-MR,original_initialization_s,48,3,0.06639671800000002
paired,50,RGA-MR,original_initialization_s,49,3,0.028241193999996028
paired,50,RGA-MR,original_initialization_s,50,3,0.09189677199999835
paired,50,RGA-MR,original_initialization_s,51,3,0.053328465000006986
paired,50,RGA-MR,original_initialization_s,52,3,0.08144188299999655
paired,50,B-ALNS,original_initialization_s,45,3,0.0
paired,50,B-ALNS,original_initialization_s,46,3,0.0
paired,50,B-ALNS,original_initialization_s,47,3,0.0
paired,50,B-ALNS,original_initialization_s,48,3,0.0
paired,50,B-ALNS,original_initialization_s,49,3,0.0
paired,50,B-ALNS,original_initialization_s,50,3,0.0
paired,50,B-ALNS,original_initialization_s,51,3,0.0
paired,50,B-ALNS,original_initialization_s,52,3,0.0
conditional,50,GR-MR,original_resource_recompute_s,45,1,0.5907994480000127
conditional,50,GR-MR,original_resource_recompute_s,46,1,0.6009006459999569
conditional,50,GR-MR,original_resource_recompute_s,47,1,0.00038474100000485123
conditional,50,GR-MR,original_resource_recompute_s,48,1,0.6163003059999994
conditional,50,GR-MR,original_resource_recompute_s,49,1,0.5866730939999911
conditional,50,GR-MR,original_resource_recompute_s,50,1,0.5990516650000188
conditional,50,GR-MR,original_resource_recompute_s,51,1,0.7031039740000011
conditional,50,GR-MR,original_resource_recompute_s,52,1,5.2384420039999995
common,50,GR-MR,original_resource_recompute_s,45,3,0.5907994480000127
common,50,GR-MR,original_resource_recompute_s,46,3,0.6009006459999569
common,50,GR-MR,original_resource_recompute_s,47,3,0.00038474100000485123
common,50,GR-MR,original_resource_recompute_s,48,3,0.6163003059999994
common,50,GR-MR,original_resource_recompute_s,49,3,0.5866730939999911
common,50,GR-MR,original_resource_recompute_s,50,3,0.5990516650000188
common,50,GR-MR,original_resource_recompute_s,51,3,0.7031039740000011
common,50,GR-MR,original_resource_recompute_s,52,3,5.2384420039999995
conditional,50,FTR-NM,original_resource_recompute_s,45,1,6.791896997000038
conditional,50,FTR-NM,original_resource_recompute_s,46,1,0.6586463890000118
conditional,50,FTR-NM,original_resource_recompute_s,47,1,0.7259154040000055
conditional,50,FTR-NM,original_resource_recompute_s,48,1,0.5211481840000047
conditional,50,FTR-NM,original_resource_recompute_s,49,1,0.5784151649999956
conditional,50,FTR-NM,original_resource_recompute_s,50,1,6.654776269999999
conditional,50,FTR-NM,original_resource_recompute_s,51,1,0.718064327999997
conditional,50,FTR-NM,original_resource_recompute_s,52,1,0.4390138679999964
common,50,FTR-NM,original_resource_recompute_s,45,3,6.791896997000038
common,50,FTR-NM,original_resource_recompute_s,46,3,0.6586463890000118
common,50,FTR-NM,original_resource_recompute_s,47,3,0.7259154040000055
common,50,FTR-NM,original_resource_recompute_s,48,3,0.5211481840000047
common,50,FTR-NM,original_resource_recompute_s,49,3,0.5784151649999956
common,50,FTR-NM,original_resource_recompute_s,50,3,6.654776269999999
common,50,FTR-NM,original_resource_recompute_s,51,3,0.718064327999997
common,50,FTR-NM,original_resource_recompute_s,52,3,0.4390138679999964
conditional,50,RGA-MR,original_resource_recompute_s,45,3,1.2767282303333427
conditional,50,RGA-MR,original_resource_recompute_s,46,3,1.2806634073333403
conditional,50,RGA-MR,original_resource_recompute_s,47,3,3.847243864333341
conditional,50,RGA-MR,original_resource_recompute_s,48,3,1.0368652213333316
conditional,50,RGA-MR,original_resource_recompute_s,49,3,0.6161280056666669
conditional,50,RGA-MR,original_resource_recompute_s,50,3,0.6202061133333387
conditional,50,RGA-MR,original_resource_recompute_s,51,3,1.390099534333326
conditional,50,RGA-MR,original_resource_recompute_s,52,3,3.9536392673333345
common,50,RGA-MR,original_resource_recompute_s,45,3,1.2767282303333427
common,50,RGA-MR,original_resource_recompute_s,46,3,1.2806634073333403
common,50,RGA-MR,original_resource_recompute_s,47,3,3.847243864333341
common,50,RGA-MR,original_resource_recompute_s,48,3,1.0368652213333316
common,50,RGA-MR,original_resource_recompute_s,49,3,0.6161280056666669
common,50,RGA-MR,original_resource_recompute_s,50,3,0.6202061133333387
common,50,RGA-MR,original_resource_recompute_s,51,3,1.390099534333326
common,50,RGA-MR,original_resource_recompute_s,52,3,3.9536392673333345
conditional,50,B-ALNS,original_resource_recompute_s,45,3,5.1756721426666745
conditional,50,B-ALNS,original_resource_recompute_s,46,3,1.697828825333346
conditional,50,B-ALNS,original_resource_recompute_s,47,3,3.5420541473333365
conditional,50,B-ALNS,original_resource_recompute_s,48,3,2.5588049179999928
conditional,50,B-ALNS,original_resource_recompute_s,49,3,7.1104174726666685
conditional,50,B-ALNS,original_resource_recompute_s,50,3,5.50493383366666
conditional,50,B-ALNS,original_resource_recompute_s,51,3,4.801783916000005
conditional,50,B-ALNS,original_resource_recompute_s,52,3,2.7235165550000033
common,50,B-ALNS,original_resource_recompute_s,45,3,5.1756721426666745
common,50,B-ALNS,original_resource_recompute_s,46,3,1.697828825333346
common,50,B-ALNS,original_resource_recompute_s,47,3,3.5420541473333365
common,50,B-ALNS,original_resource_recompute_s,48,3,2.5588049179999928
common,50,B-ALNS,original_resource_recompute_s,49,3,7.1104174726666685
common,50,B-ALNS,original_resource_recompute_s,50,3,5.50493383366666
common,50,B-ALNS,original_resource_recompute_s,51,3,4.801783916000005
common,50,B-ALNS,original_resource_recompute_s,52,3,2.7235165550000033
conditional,50,ESI-ALNS,original_resource_recompute_s,45,3,5.1017150183333415
conditional,50,ESI-ALNS,original_resource_recompute_s,46,3,1.6602743773333184
conditional,50,ESI-ALNS,original_resource_recompute_s,47,3,1.908375189000007
conditional,50,ESI-ALNS,original_resource_recompute_s,48,3,3.804627092000004
conditional,50,ESI-ALNS,original_resource_recompute_s,49,3,7.092129386333329
conditional,50,ESI-ALNS,original_resource_recompute_s,50,3,3.4654917443333346
conditional,50,ESI-ALNS,original_resource_recompute_s,51,3,4.967290913333329
conditional,50,ESI-ALNS,original_resource_recompute_s,52,3,2.6400987076666618
common,50,ESI-ALNS,original_resource_recompute_s,45,3,5.1017150183333415
common,50,ESI-ALNS,original_resource_recompute_s,46,3,1.6602743773333184
common,50,ESI-ALNS,original_resource_recompute_s,47,3,1.908375189000007
common,50,ESI-ALNS,original_resource_recompute_s,48,3,3.804627092000004
common,50,ESI-ALNS,original_resource_recompute_s,49,3,7.092129386333329
common,50,ESI-ALNS,original_resource_recompute_s,50,3,3.4654917443333346
common,50,ESI-ALNS,original_resource_recompute_s,51,3,4.967290913333329
common,50,ESI-ALNS,original_resource_recompute_s,52,3,2.6400987076666618
paired,50,GR-MR,original_resource_recompute_s,45,3,4.510915570333329
paired,50,GR-MR,original_resource_recompute_s,46,3,1.0593737313333615
paired,50,GR-MR,original_resource_recompute_s,47,3,1.907990448000002
paired,50,GR-MR,original_resource_recompute_s,48,3,3.1883267860000046
paired,50,GR-MR,original_resource_recompute_s,49,3,6.505456292333338
paired,50,GR-MR,original_resource_recompute_s,50,3,2.866440079333316
paired,50,GR-MR,original_resource_recompute_s,51,3,4.264186939333328
paired,50,GR-MR,original_resource_recompute_s,52,3,-2.5983432963333377
paired,50,FTR-NM,original_resource_recompute_s,45,3,-1.6901819786666958
paired,50,FTR-NM,original_resource_recompute_s,46,3,1.0016279883333066
paired,50,FTR-NM,original_resource_recompute_s,47,3,1.1824597850000014
paired,50,FTR-NM,original_resource_recompute_s,48,3,3.2834789079999993
paired,50,FTR-NM,original_resource_recompute_s,49,3,6.513714221333333
paired,50,FTR-NM,original_resource_recompute_s,50,3,-3.1892845256666646
paired,50,FTR-NM,original_resource_recompute_s,51,3,4.249226585333332
paired,50,FTR-NM,original_resource_recompute_s,52,3,2.2010848396666653
paired,50,RGA-MR,original_resource_recompute_s,45,3,3.824986787999999
paired,50,RGA-MR,original_resource_recompute_s,46,3,0.37961096999997795
paired,50,RGA-MR,original_resource_recompute_s,47,3,-1.9388686753333342
paired,50,RGA-MR,original_resource_recompute_s,48,3,2.7677618706666727
paired,50,RGA-MR,original_resource_recompute_s,49,3,6.476001380666662
paired,50,RGA-MR,original_resource_recompute_s,50,3,2.845285630999996
paired,50,RGA-MR,original_resource_recompute_s,51,3,3.5771913790000034
paired,50,RGA-MR,original_resource_recompute_s,52,3,-1.3135405596666725
paired,50,B-ALNS,original_resource_recompute_s,45,3,-0.07395712433333301
paired,50,B-ALNS,original_resource_recompute_s,46,3,-0.03755444800002768
paired,50,B-ALNS,original_resource_recompute_s,47,3,-1.6336789583333295
paired,50,B-ALNS,original_resource_recompute_s,48,3,1.2458221740000113
paired,50,B-ALNS,original_resource_recompute_s,49,3,-0.018288086333339965
paired,50,B-ALNS,original_resource_recompute_s,50,3,-2.0394420893333254
paired,50,B-ALNS,original_resource_recompute_s,51,3,0.16550699733332408
paired,50,B-ALNS,original_resource_recompute_s,52,3,-0.08341784733334141
conditional,50,GR-MR,original_search_s,45,1,0.0
conditional,50,GR-MR,original_search_s,46,1,0.0
conditional,50,GR-MR,original_search_s,47,1,0.0
conditional,50,GR-MR,original_search_s,48,1,0.0
conditional,50,GR-MR,original_search_s,49,1,0.0
conditional,50,GR-MR,original_search_s,50,1,0.0
conditional,50,GR-MR,original_search_s,51,1,0.0
conditional,50,GR-MR,original_search_s,52,1,0.0
common,50,GR-MR,original_search_s,45,3,0.0
common,50,GR-MR,original_search_s,46,3,0.0
common,50,GR-MR,original_search_s,47,3,0.0
common,50,GR-MR,original_search_s,48,3,0.0
common,50,GR-MR,original_search_s,49,3,0.0
common,50,GR-MR,original_search_s,50,3,0.0
common,50,GR-MR,original_search_s,51,3,0.0
common,50,GR-MR,original_search_s,52,3,0.0
conditional,50,FTR-NM,original_search_s,45,1,0.0
conditional,50,FTR-NM,original_search_s,46,1,0.0
conditional,50,FTR-NM,original_search_s,47,1,0.0
conditional,50,FTR-NM,original_search_s,48,1,0.0
conditional,50,FTR-NM,original_search_s,49,1,0.0
conditional,50,FTR-NM,original_search_s,50,1,0.0
conditional,50,FTR-NM,original_search_s,51,1,0.0
conditional,50,FTR-NM,original_search_s,52,1,0.0
common,50,FTR-NM,original_search_s,45,3,0.0
common,50,FTR-NM,original_search_s,46,3,0.0
common,50,FTR-NM,original_search_s,47,3,0.0
common,50,FTR-NM,original_search_s,48,3,0.0
common,50,FTR-NM,original_search_s,49,3,0.0
common,50,FTR-NM,original_search_s,50,3,0.0
common,50,FTR-NM,original_search_s,51,3,0.0
common,50,FTR-NM,original_search_s,52,3,0.0
conditional,50,RGA-MR,original_search_s,45,3,13.157038203666664
conditional,50,RGA-MR,original_search_s,46,3,18.097743306333342
conditional,50,RGA-MR,original_search_s,47,3,17.69178925366666
conditional,50,RGA-MR,original_search_s,48,3,10.742281176333336
conditional,50,RGA-MR,original_search_s,49,3,16.278707658666676
conditional,50,RGA-MR,original_search_s,50,3,21.691191662999998
conditional,50,RGA-MR,original_search_s,51,3,11.558537268
conditional,50,RGA-MR,original_search_s,52,3,12.649870851666662
common,50,RGA-MR,original_search_s,45,3,13.157038203666664
common,50,RGA-MR,original_search_s,46,3,18.097743306333342
common,50,RGA-MR,original_search_s,47,3,17.69178925366666
common,50,RGA-MR,original_search_s,48,3,10.742281176333336
common,50,RGA-MR,original_search_s,49,3,16.278707658666676
common,50,RGA-MR,original_search_s,50,3,21.691191662999998
common,50,RGA-MR,original_search_s,51,3,11.558537268
common,50,RGA-MR,original_search_s,52,3,12.649870851666662
conditional,50,B-ALNS,original_search_s,45,3,14.374132691999998
conditional,50,B-ALNS,original_search_s,46,3,12.509514335999995
conditional,50,B-ALNS,original_search_s,47,3,9.262704473333335
conditional,50,B-ALNS,original_search_s,48,3,4.614219947999996
conditional,50,B-ALNS,original_search_s,49,3,11.271946455333335
conditional,50,B-ALNS,original_search_s,50,3,11.41853579066666
conditional,50,B-ALNS,original_search_s,51,3,12.008845624666671
conditional,50,B-ALNS,original_search_s,52,3,6.401885899666664
common,50,B-ALNS,original_search_s,45,3,14.374132691999998
common,50,B-ALNS,original_search_s,46,3,12.509514335999995
common,50,B-ALNS,original_search_s,47,3,9.262704473333335
common,50,B-ALNS,original_search_s,48,3,4.614219947999996
common,50,B-ALNS,original_search_s,49,3,11.271946455333335
common,50,B-ALNS,original_search_s,50,3,11.41853579066666
common,50,B-ALNS,original_search_s,51,3,12.008845624666671
common,50,B-ALNS,original_search_s,52,3,6.401885899666664
conditional,50,ESI-ALNS,original_search_s,45,3,18.67533326266668
conditional,50,ESI-ALNS,original_search_s,46,3,14.642875922333332
conditional,50,ESI-ALNS,original_search_s,47,3,14.76504325866667
conditional,50,ESI-ALNS,original_search_s,48,3,9.27780512933333
conditional,50,ESI-ALNS,original_search_s,49,3,14.93329345366667
conditional,50,ESI-ALNS,original_search_s,50,3,15.060258703333332
conditional,50,ESI-ALNS,original_search_s,51,3,16.564008983333323
conditional,50,ESI-ALNS,original_search_s,52,3,9.04893326966667
common,50,ESI-ALNS,original_search_s,45,3,18.67533326266668
common,50,ESI-ALNS,original_search_s,46,3,14.642875922333332
common,50,ESI-ALNS,original_search_s,47,3,14.76504325866667
common,50,ESI-ALNS,original_search_s,48,3,9.27780512933333
common,50,ESI-ALNS,original_search_s,49,3,14.93329345366667
common,50,ESI-ALNS,original_search_s,50,3,15.060258703333332
common,50,ESI-ALNS,original_search_s,51,3,16.564008983333323
common,50,ESI-ALNS,original_search_s,52,3,9.04893326966667
paired,50,GR-MR,original_search_s,45,3,18.67533326266668
paired,50,GR-MR,original_search_s,46,3,14.642875922333332
paired,50,GR-MR,original_search_s,47,3,14.76504325866667
paired,50,GR-MR,original_search_s,48,3,9.27780512933333
paired,50,GR-MR,original_search_s,49,3,14.93329345366667
paired,50,GR-MR,original_search_s,50,3,15.060258703333332
paired,50,GR-MR,original_search_s,51,3,16.564008983333323
paired,50,GR-MR,original_search_s,52,3,9.04893326966667
paired,50,FTR-NM,original_search_s,45,3,18.67533326266668
paired,50,FTR-NM,original_search_s,46,3,14.642875922333332
paired,50,FTR-NM,original_search_s,47,3,14.76504325866667
paired,50,FTR-NM,original_search_s,48,3,9.27780512933333
paired,50,FTR-NM,original_search_s,49,3,14.93329345366667
paired,50,FTR-NM,original_search_s,50,3,15.060258703333332
paired,50,FTR-NM,original_search_s,51,3,16.564008983333323
paired,50,FTR-NM,original_search_s,52,3,9.04893326966667
paired,50,RGA-MR,original_search_s,45,3,5.518295059000015
paired,50,RGA-MR,original_search_s,46,3,-3.4548673840000106
paired,50,RGA-MR,original_search_s,47,3,-2.9267459949999903
paired,50,RGA-MR,original_search_s,48,3,-1.464476047000005
paired,50,RGA-MR,original_search_s,49,3,-1.3454142050000069
paired,50,RGA-MR,original_search_s,50,3,-6.630932959666666
paired,50,RGA-MR,original_search_s,51,3,5.005471715333324
paired,50,RGA-MR,original_search_s,52,3,-3.600937581999993
paired,50,B-ALNS,original_search_s,45,3,4.30120057066668
paired,50,B-ALNS,original_search_s,46,3,2.1333615863333364
paired,50,B-ALNS,original_search_s,47,3,5.502338785333336
paired,50,B-ALNS,original_search_s,48,3,4.663585181333334
paired,50,B-ALNS,original_search_s,49,3,3.6613469983333338
paired,50,B-ALNS,original_search_s,50,3,3.6417229126666726
paired,50,B-ALNS,original_search_s,51,3,4.555163358666651
paired,50,B-ALNS,original_search_s,52,3,2.647047370000005
conditional,50,GR-MR,original_total_to_resources_s,45,1,0.6498350599999867
conditional,50,GR-MR,original_total_to_resources_s,46,1,0.6812146549999625
conditional,50,GR-MR,original_total_to_resources_s,47,1,0.11927345700000558
conditional,50,GR-MR,original_total_to_resources_s,48,1,0.6826970239999994
conditional,50,GR-MR,original_total_to_resources_s,49,1,0.6149142879999872
conditional,50,GR-MR,original_total_to_resources_s,50,1,0.6909484370000172
conditional,50,GR-MR,original_total_to_resources_s,51,1,0.7564324390000081
conditional,50,GR-MR,original_total_to_resources_s,52,1,5.319883886999996
common,50,GR-MR,original_total_to_resources_s,45,3,0.6498350599999867
common,50,GR-MR,original_total_to_resources_s,46,3,0.6812146549999625
common,50,GR-MR,original_total_to_resources_s,47,3,0.11927345700000558
common,50,GR-MR,original_total_to_resources_s,48,3,0.6826970239999994
common,50,GR-MR,original_total_to_resources_s,49,3,0.6149142879999872
common,50,GR-MR,original_total_to_resources_s,50,3,0.6909484370000172
common,50,GR-MR,original_total_to_resources_s,51,3,0.7564324390000081
common,50,GR-MR,original_total_to_resources_s,52,3,5.319883886999996
conditional,50,FTR-NM,original_total_to_resources_s,45,1,6.834530064000006
conditional,50,FTR-NM,original_total_to_resources_s,46,1,0.7163809110000443
conditional,50,FTR-NM,original_total_to_resources_s,47,1,0.7799514669999965
conditional,50,FTR-NM,original_total_to_resources_s,48,1,0.5644056910000046
conditional,50,FTR-NM,original_total_to_resources_s,49,1,0.6068680629999861
conditional,50,FTR-NM,original_total_to_resources_s,50,1,6.714244757999992
conditional,50,FTR-NM,original_total_to_resources_s,51,1,0.755128694000021
conditional,50,FTR-NM,original_total_to_resources_s,52,1,0.4875541279999993
common,50,FTR-NM,original_total_to_resources_s,45,3,6.834530064000006
common,50,FTR-NM,original_total_to_resources_s,46,3,0.7163809110000443
common,50,FTR-NM,original_total_to_resources_s,47,3,0.7799514669999965
common,50,FTR-NM,original_total_to_resources_s,48,3,0.5644056910000046
common,50,FTR-NM,original_total_to_resources_s,49,3,0.6068680629999861
common,50,FTR-NM,original_total_to_resources_s,50,3,6.714244757999992
common,50,FTR-NM,original_total_to_resources_s,51,3,0.755128694000021
common,50,FTR-NM,original_total_to_resources_s,52,3,0.4875541279999993
conditional,50,RGA-MR,original_total_to_resources_s,45,3,14.433766434000006
conditional,50,RGA-MR,original_total_to_resources_s,46,3,19.37840671366668
conditional,50,RGA-MR,original_total_to_resources_s,47,3,21.539033118000003
conditional,50,RGA-MR,original_total_to_resources_s,48,3,11.779146397666667
conditional,50,RGA-MR,original_total_to_resources_s,49,3,16.894835664333343
conditional,50,RGA-MR,original_total_to_resources_s,50,3,22.311397776333337
conditional,50,RGA-MR,original_total_to_resources_s,51,3,12.948636802333326
conditional,50,RGA-MR,original_total_to_resources_s,52,3,16.603510118999996
common,50,RGA-MR,original_total_to_resources_s,45,3,14.433766434000006
common,50,RGA-MR,original_total_to_resources_s,46,3,19.37840671366668
common,50,RGA-MR,original_total_to_resources_s,47,3,21.539033118000003
common,50,RGA-MR,original_total_to_resources_s,48,3,11.779146397666667
common,50,RGA-MR,original_total_to_resources_s,49,3,16.894835664333343
common,50,RGA-MR,original_total_to_resources_s,50,3,22.311397776333337
common,50,RGA-MR,original_total_to_resources_s,51,3,12.948636802333326
common,50,RGA-MR,original_total_to_resources_s,52,3,16.603510118999996
conditional,50,B-ALNS,original_total_to_resources_s,45,3,19.608840446666647
conditional,50,B-ALNS,original_total_to_resources_s,46,3,14.287657170333347
conditional,50,B-ALNS,original_total_to_resources_s,47,3,12.92364733666667
conditional,50,B-ALNS,original_total_to_resources_s,48,3,7.239421583999989
conditional,50,B-ALNS,original_total_to_resources_s,49,3,18.410605122
conditional,50,B-ALNS,original_total_to_resources_s,50,3,17.015366396333317
conditional,50,B-ALNS,original_total_to_resources_s,51,3,16.863958005666685
conditional,50,B-ALNS,original_total_to_resources_s,52,3,9.206844337666665
common,50,B-ALNS,original_total_to_resources_s,45,3,19.608840446666647
common,50,B-ALNS,original_total_to_resources_s,46,3,14.287657170333347
common,50,B-ALNS,original_total_to_resources_s,47,3,12.92364733666667
common,50,B-ALNS,original_total_to_resources_s,48,3,7.239421583999989
common,50,B-ALNS,original_total_to_resources_s,49,3,18.410605122
common,50,B-ALNS,original_total_to_resources_s,50,3,17.015366396333317
common,50,B-ALNS,original_total_to_resources_s,51,3,16.863958005666685
common,50,B-ALNS,original_total_to_resources_s,52,3,9.206844337666665
conditional,50,ESI-ALNS,original_total_to_resources_s,45,3,23.836083892999994
conditional,50,ESI-ALNS,original_total_to_resources_s,46,3,16.383464308666657
conditional,50,ESI-ALNS,original_total_to_resources_s,47,3,16.792307163666678
conditional,50,ESI-ALNS,original_total_to_resources_s,48,3,13.148828939333335
conditional,50,ESI-ALNS,original_total_to_resources_s,49,3,22.053664033999993
conditional,50,ESI-ALNS,original_total_to_resources_s,50,3,18.617647219666665
conditional,50,ESI-ALNS,original_total_to_resources_s,51,3,21.58462836166666
conditional,50,ESI-ALNS,original_total_to_resources_s,52,3,11.770473860333327
common,50,ESI-ALNS,original_total_to_resources_s,45,3,23.836083892999994
common,50,ESI-ALNS,original_total_to_resources_s,46,3,16.383464308666657
common,50,ESI-ALNS,original_total_to_resources_s,47,3,16.792307163666678
common,50,ESI-ALNS,original_total_to_resources_s,48,3,13.148828939333335
common,50,ESI-ALNS,original_total_to_resources_s,49,3,22.053664033999993
common,50,ESI-ALNS,original_total_to_resources_s,50,3,18.617647219666665
common,50,ESI-ALNS,original_total_to_resources_s,51,3,21.58462836166666
common,50,ESI-ALNS,original_total_to_resources_s,52,3,11.770473860333327
paired,50,GR-MR,original_total_to_resources_s,45,3,23.186248833000008
paired,50,GR-MR,original_total_to_resources_s,46,3,15.702249653666692
paired,50,GR-MR,original_total_to_resources_s,47,3,16.673033706666672
paired,50,GR-MR,original_total_to_resources_s,48,3,12.466131915333335
paired,50,GR-MR,original_total_to_resources_s,49,3,21.438749746000006
paired,50,GR-MR,original_total_to_resources_s,50,3,17.926698782666648
paired,50,GR-MR,original_total_to_resources_s,51,3,20.82819592266665
paired,50,GR-MR,original_total_to_resources_s,52,3,6.450589973333332
paired,50,FTR-NM,original_total_to_resources_s,45,3,17.001553828999988
paired,50,FTR-NM,original_total_to_resources_s,46,3,15.66708339766661
paired,50,FTR-NM,original_total_to_resources_s,47,3,16.01235569666668
paired,50,FTR-NM,original_total_to_resources_s,48,3,12.58442324833333
paired,50,FTR-NM,original_total_to_resources_s,49,3,21.446795971000007
paired,50,FTR-NM,original_total_to_resources_s,50,3,11.903402461666673
paired,50,FTR-NM,original_total_to_resources_s,51,3,20.82949966766664
paired,50,FTR-NM,original_total_to_resources_s,52,3,11.282919732333328
paired,50,RGA-MR,original_total_to_resources_s,45,3,9.402317458999988
paired,50,RGA-MR,original_total_to_resources_s,46,3,-2.994942405000027
paired,50,RGA-MR,original_total_to_resources_s,47,3,-4.746725954333324
paired,50,RGA-MR,original_total_to_resources_s,48,3,1.3696825416666674
paired,50,RGA-MR,original_total_to_resources_s,49,3,5.158828369666651
paired,50,RGA-MR,original_total_to_resources_s,50,3,-3.6937505566666715
paired,50,RGA-MR,original_total_to_resources_s,51,3,8.635991559333334
paired,50,RGA-MR,original_total_to_resources_s,52,3,-4.833036258666669
paired,50,B-ALNS,original_total_to_resources_s,45,3,4.227243446333347
paired,50,B-ALNS,original_total_to_resources_s,46,3,2.0958071383333086
paired,50,B-ALNS,original_total_to_resources_s,47,3,3.8686598270000068
paired,50,B-ALNS,original_total_to_resources_s,48,3,5.909407355333346
paired,50,B-ALNS,original_total_to_resources_s,49,3,3.6430589119999937
paired,50,B-ALNS,original_total_to_resources_s,50,3,1.6022808233333474
paired,50,B-ALNS,original_total_to_resources_s,51,3,4.720670355999975
paired,50,B-ALNS,original_total_to_resources_s,52,3,2.563629522666664
conditional,50,GR-MR,original_total_with_audit_s,45,1,0.6544839050000064
conditional,50,GR-MR,original_total_with_audit_s,46,1,0.6860447500000078
conditional,50,GR-MR,original_total_with_audit_s,47,1,0.11927877800000886
conditional,50,GR-MR,original_total_with_audit_s,48,1,0.6865307139999928
conditional,50,GR-MR,original_total_with_audit_s,49,1,0.6189235289999928
conditional,50,GR-MR,original_total_with_audit_s,50,1,0.6956411359999919
conditional,50,GR-MR,original_total_with_audit_s,51,1,0.760981978000018
conditional,50,GR-MR,original_total_with_audit_s,52,1,5.3234056989999985
common,50,GR-MR,original_total_with_audit_s,45,3,0.6544839050000064
common,50,GR-MR,original_total_with_audit_s,46,3,0.6860447500000078
common,50,GR-MR,original_total_with_audit_s,47,3,0.11927877800000886
common,50,GR-MR,original_total_with_audit_s,48,3,0.6865307139999928
common,50,GR-MR,original_total_with_audit_s,49,3,0.6189235289999928
common,50,GR-MR,original_total_with_audit_s,50,3,0.6956411359999919
common,50,GR-MR,original_total_with_audit_s,51,3,0.760981978000018
common,50,GR-MR,original_total_with_audit_s,52,3,5.3234056989999985
conditional,50,FTR-NM,original_total_with_audit_s,45,1,6.839369464999976
conditional,50,FTR-NM,original_total_with_audit_s,46,1,0.7214619380000329
conditional,50,FTR-NM,original_total_with_audit_s,47,1,0.7850232819999761
conditional,50,FTR-NM,original_total_with_audit_s,48,1,0.5681194440000112
conditional,50,FTR-NM,original_total_with_audit_s,49,1,0.6108778679999673
conditional,50,FTR-NM,original_total_with_audit_s,50,1,6.7186955859999955
conditional,50,FTR-NM,original_total_with_audit_s,51,1,0.7603896900000251
conditional,50,FTR-NM,original_total_with_audit_s,52,1,0.49107373300000035
common,50,FTR-NM,original_total_with_audit_s,45,3,6.839369464999976
common,50,FTR-NM,original_total_with_audit_s,46,3,0.7214619380000329
common,50,FTR-NM,original_total_with_audit_s,47,3,0.7850232819999761
common,50,FTR-NM,original_total_with_audit_s,48,3,0.5681194440000112
common,50,FTR-NM,original_total_with_audit_s,49,3,0.6108778679999673
common,50,FTR-NM,original_total_with_audit_s,50,3,6.7186955859999955
common,50,FTR-NM,original_total_with_audit_s,51,3,0.7603896900000251
common,50,FTR-NM,original_total_with_audit_s,52,3,0.49107373300000035
conditional,50,RGA-MR,original_total_with_audit_s,45,3,14.438611312000006
conditional,50,RGA-MR,original_total_with_audit_s,46,3,19.383220668333347
conditional,50,RGA-MR,original_total_with_audit_s,47,3,21.543877721999994
conditional,50,RGA-MR,original_total_with_audit_s,48,3,11.783088897666666
conditional,50,RGA-MR,original_total_with_audit_s,49,3,16.89908271733334
conditional,50,RGA-MR,original_total_with_audit_s,50,3,22.31613412533334
conditional,50,RGA-MR,original_total_with_audit_s,51,3,12.953903007333324
conditional,50,RGA-MR,original_total_with_audit_s,52,3,16.607155608
common,50,RGA-MR,original_total_with_audit_s,45,3,14.438611312000006
common,50,RGA-MR,original_total_with_audit_s,46,3,19.383220668333347
common,50,RGA-MR,original_total_with_audit_s,47,3,21.543877721999994
common,50,RGA-MR,original_total_with_audit_s,48,3,11.783088897666666
common,50,RGA-MR,original_total_with_audit_s,49,3,16.89908271733334
common,50,RGA-MR,original_total_with_audit_s,50,3,22.31613412533334
common,50,RGA-MR,original_total_with_audit_s,51,3,12.953903007333324
common,50,RGA-MR,original_total_with_audit_s,52,3,16.607155608
conditional,50,B-ALNS,original_total_with_audit_s,45,3,19.61416272799998
conditional,50,B-ALNS,original_total_with_audit_s,46,3,14.293058236666676
conditional,50,B-ALNS,original_total_with_audit_s,47,3,12.92912004933334
conditional,50,B-ALNS,original_total_with_audit_s,48,3,7.243540204666654
conditional,50,B-ALNS,original_total_with_audit_s,49,3,18.41604234433333
conditional,50,B-ALNS,original_total_with_audit_s,50,3,17.020023987333314
conditional,50,B-ALNS,original_total_with_audit_s,51,3,16.869694069000023
conditional,50,B-ALNS,original_total_with_audit_s,52,3,9.21071561566666
common,50,B-ALNS,original_total_with_audit_s,45,3,19.61416272799998
common,50,B-ALNS,original_total_with_audit_s,46,3,14.293058236666676
common,50,B-ALNS,original_total_with_audit_s,47,3,12.92912004933334
common,50,B-ALNS,original_total_with_audit_s,48,3,7.243540204666654
common,50,B-ALNS,original_total_with_audit_s,49,3,18.41604234433333
common,50,B-ALNS,original_total_with_audit_s,50,3,17.020023987333314
common,50,B-ALNS,original_total_with_audit_s,51,3,16.869694069000023
common,50,B-ALNS,original_total_with_audit_s,52,3,9.21071561566666
conditional,50,ESI-ALNS,original_total_with_audit_s,45,3,23.841366720333337
conditional,50,ESI-ALNS,original_total_with_audit_s,46,3,16.388615053333314
conditional,50,ESI-ALNS,original_total_with_audit_s,47,3,16.796674471666677
conditional,50,ESI-ALNS,original_total_with_audit_s,48,3,13.152678889333338
conditional,50,ESI-ALNS,original_total_with_audit_s,49,3,22.059019660666664
conditional,50,ESI-ALNS,original_total_with_audit_s,50,3,18.62238348366667
conditional,50,ESI-ALNS,original_total_with_audit_s,51,3,21.58991907633333
conditional,50,ESI-ALNS,original_total_with_audit_s,52,3,11.774381762999992
common,50,ESI-ALNS,original_total_with_audit_s,45,3,23.841366720333337
common,50,ESI-ALNS,original_total_with_audit_s,46,3,16.388615053333314
common,50,ESI-ALNS,original_total_with_audit_s,47,3,16.796674471666677
common,50,ESI-ALNS,original_total_with_audit_s,48,3,13.152678889333338
common,50,ESI-ALNS,original_total_with_audit_s,49,3,22.059019660666664
common,50,ESI-ALNS,original_total_with_audit_s,50,3,18.62238348366667
common,50,ESI-ALNS,original_total_with_audit_s,51,3,21.58991907633333
common,50,ESI-ALNS,original_total_with_audit_s,52,3,11.774381762999992
paired,50,GR-MR,original_total_with_audit_s,45,3,23.18688281533333
paired,50,GR-MR,original_total_with_audit_s,46,3,15.702570303333308
paired,50,GR-MR,original_total_with_audit_s,47,3,16.677395693666668
paired,50,GR-MR,original_total_with_audit_s,48,3,12.466148175333345
paired,50,GR-MR,original_total_with_audit_s,49,3,21.44009613166667
paired,50,GR-MR,original_total_with_audit_s,50,3,17.92674234766668
paired,50,GR-MR,original_total_with_audit_s,51,3,20.828937098333313
paired,50,GR-MR,original_total_with_audit_s,52,3,6.450976063999993
paired,50,FTR-NM,original_total_with_audit_s,45,3,17.00199725533336
paired,50,FTR-NM,original_total_with_audit_s,46,3,15.667153115333283
paired,50,FTR-NM,original_total_with_audit_s,47,3,16.0116511896667
paired,50,FTR-NM,original_total_with_audit_s,48,3,12.584559445333326
paired,50,FTR-NM,original_total_with_audit_s,49,3,21.448141792666696
paired,50,FTR-NM,original_total_with_audit_s,50,3,11.903687897666677
paired,50,FTR-NM,original_total_with_audit_s,51,3,20.829529386333306
paired,50,FTR-NM,original_total_with_audit_s,52,3,11.283308029999992
paired,50,RGA-MR,original_total_with_audit_s,45,3,9.402755408333329
paired,50,RGA-MR,original_total_with_audit_s,46,3,-2.994605615000031
paired,50,RGA-MR,original_total_with_audit_s,47,3,-4.747203250333318
paired,50,RGA-MR,original_total_with_audit_s,48,3,1.3695899916666718
paired,50,RGA-MR,original_total_with_audit_s,49,3,5.159936943333325
paired,50,RGA-MR,original_total_with_audit_s,50,3,-3.693750641666668
paired,50,RGA-MR,original_total_with_audit_s,51,3,8.636016069000007
paired,50,RGA-MR,original_total_with_audit_s,52,3,-4.832773845000008
paired,50,B-ALNS,original_total_with_audit_s,45,3,4.227203992333358
paired,50,B-ALNS,original_total_with_audit_s,46,3,2.095556816666639
paired,50,B-ALNS,original_total_with_audit_s,47,3,3.867554422333337
paired,50,B-ALNS,original_total_with_audit_s,48,3,5.909138684666684
paired,50,B-ALNS,original_total_with_audit_s,49,3,3.6429773163333317
paired,50,B-ALNS,original_total_with_audit_s,50,3,1.6023594963333565
paired,50,B-ALNS,original_total_with_audit_s,51,3,4.720225007333307
paired,50,B-ALNS,original_total_with_audit_s,52,3,2.5636661473333313
conditional,50,GR-MR,p95_delay_s,45,1,365.11019494642534
conditional,50,GR-MR,p95_delay_s,46,1,356.40254924670745
conditional,50,GR-MR,p95_delay_s,48,1,400.887767570718
conditional,50,GR-MR,p95_delay_s,49,1,344.3570535862258
conditional,50,GR-MR,p95_delay_s,50,1,322.2676919679044
conditional,50,GR-MR,p95_delay_s,51,1,349.80326874373907
conditional,50,GR-MR,p95_delay_s,52,1,377.94083968249055
common,50,GR-MR,p95_delay_s,45,3,365.11019494642534
common,50,GR-MR,p95_delay_s,46,3,356.40254924670745
common,50,GR-MR,p95_delay_s,48,3,400.887767570718
common,50,GR-MR,p95_delay_s,49,3,344.3570535862258
common,50,GR-MR,p95_delay_s,50,3,322.2676919679044
common,50,GR-MR,p95_delay_s,51,3,349.80326874373907
common,50,GR-MR,p95_delay_s,52,3,377.94083968249055
conditional,50,FTR-NM,p95_delay_s,45,1,365.10859198450794
conditional,50,FTR-NM,p95_delay_s,46,1,313.6594466541166
conditional,50,FTR-NM,p95_delay_s,47,1,333.1343394411076
conditional,50,FTR-NM,p95_delay_s,48,1,408.84130555893455
conditional,50,FTR-NM,p95_delay_s,49,1,344.3570535862258
conditional,50,FTR-NM,p95_delay_s,50,1,322.2671362951835
conditional,50,FTR-NM,p95_delay_s,51,1,349.7989347059116
conditional,50,FTR-NM,p95_delay_s,52,1,377.94083593016995
common,50,FTR-NM,p95_delay_s,45,3,365.10859198450794
common,50,FTR-NM,p95_delay_s,46,3,313.6594466541166
common,50,FTR-NM,p95_delay_s,48,3,408.84130555893455
common,50,FTR-NM,p95_delay_s,49,3,344.3570535862258
common,50,FTR-NM,p95_delay_s,50,3,322.2671362951835
common,50,FTR-NM,p95_delay_s,51,3,349.7989347059116
common,50,FTR-NM,p95_delay_s,52,3,377.94083593016995
conditional,50,RGA-MR,p95_delay_s,45,3,365.11019494642534
conditional,50,RGA-MR,p95_delay_s,46,3,356.40254924670745
conditional,50,RGA-MR,p95_delay_s,47,3,339.80964004364
conditional,50,RGA-MR,p95_delay_s,48,3,403.57805502883446
conditional,50,RGA-MR,p95_delay_s,49,3,345.622305585749
conditional,50,RGA-MR,p95_delay_s,50,3,322.2676919679044
conditional,50,RGA-MR,p95_delay_s,51,3,349.80326874373907
conditional,50,RGA-MR,p95_delay_s,52,3,377.9408395481801
common,50,RGA-MR,p95_delay_s,45,3,365.11019494642534
common,50,RGA-MR,p95_delay_s,46,3,356.40254924670745
common,50,RGA-MR,p95_delay_s,48,3,403.57805502883446
common,50,RGA-MR,p95_delay_s,49,3,345.622305585749
common,50,RGA-MR,p95_delay_s,50,3,322.2676919679044
common,50,RGA-MR,p95_delay_s,51,3,349.80326874373907
common,50,RGA-MR,p95_delay_s,52,3,377.9408395481801
conditional,50,B-ALNS,p95_delay_s,45,3,357.3469197489239
conditional,50,B-ALNS,p95_delay_s,46,3,347.0085602027099
conditional,50,B-ALNS,p95_delay_s,47,3,361.68733733263815
conditional,50,B-ALNS,p95_delay_s,48,3,384.0002473368295
conditional,50,B-ALNS,p95_delay_s,49,3,365.1711914343052
conditional,50,B-ALNS,p95_delay_s,50,3,357.85686512559425
conditional,50,B-ALNS,p95_delay_s,51,3,365.7195326335373
conditional,50,B-ALNS,p95_delay_s,52,3,369.8075603943638
common,50,B-ALNS,p95_delay_s,45,3,357.3469197489239
common,50,B-ALNS,p95_delay_s,46,3,347.0085602027099
common,50,B-ALNS,p95_delay_s,48,3,384.0002473368295
common,50,B-ALNS,p95_delay_s,49,3,365.1711914343052
common,50,B-ALNS,p95_delay_s,50,3,357.85686512559425
common,50,B-ALNS,p95_delay_s,51,3,365.7195326335373
common,50,B-ALNS,p95_delay_s,52,3,369.8075603943638
conditional,50,ESI-ALNS,p95_delay_s,45,3,356.2343047817201
conditional,50,ESI-ALNS,p95_delay_s,46,3,347.0085602027099
conditional,50,ESI-ALNS,p95_delay_s,47,2,371.22438658396794
conditional,50,ESI-ALNS,p95_delay_s,48,3,383.9470993292088
conditional,50,ESI-ALNS,p95_delay_s,49,3,365.17119138467234
conditional,50,ESI-ALNS,p95_delay_s,50,3,354.5489977937589
conditional,50,ESI-ALNS,p95_delay_s,51,3,372.5053407725846
conditional,50,ESI-ALNS,p95_delay_s,52,3,367.1507231785013
common,50,ESI-ALNS,p95_delay_s,45,3,356.2343047817201
common,50,ESI-ALNS,p95_delay_s,46,3,347.0085602027099
common,50,ESI-ALNS,p95_delay_s,48,3,383.9470993292088
common,50,ESI-ALNS,p95_delay_s,49,3,365.17119138467234
common,50,ESI-ALNS,p95_delay_s,50,3,354.5489977937589
common,50,ESI-ALNS,p95_delay_s,51,3,372.5053407725846
common,50,ESI-ALNS,p95_delay_s,52,3,367.1507231785013
paired,50,GR-MR,p95_delay_s,45,3,-8.875890164705254
paired,50,GR-MR,p95_delay_s,46,3,-9.393989043997598
paired,50,GR-MR,p95_delay_s,48,3,-16.94066824150919
paired,50,GR-MR,p95_delay_s,49,3,20.814137798446552
paired,50,GR-MR,p95_delay_s,50,3,32.281305825854474
paired,50,GR-MR,p95_delay_s,51,3,22.70207202884554
paired,50,GR-MR,p95_delay_s,52,3,-10.790116503989244
paired,50,FTR-NM,p95_delay_s,45,3,-8.874287202787855
paired,50,FTR-NM,p95_delay_s,46,3,33.349113548593245
paired,50,FTR-NM,p95_delay_s,47,2,38.09004714286033
paired,50,FTR-NM,p95_delay_s,48,3,-24.894206229725757
paired,50,FTR-NM,p95_delay_s,49,3,20.814137798446552
paired,50,FTR-NM,p95_delay_s,50,3,32.28186149857538
paired,50,FTR-NM,p95_delay_s,51,3,22.706406066672987
paired,50,FTR-NM,p95_delay_s,52,3,-10.79011275166865
paired,50,RGA-MR,p95_delay_s,45,3,-8.875890164705254
paired,50,RGA-MR,p95_delay_s,46,3,-9.393989043997598
paired,50,RGA-MR,p95_delay_s,47,2,31.134850709629916
paired,50,RGA-MR,p95_delay_s,48,3,-19.630955699625684
paired,50,RGA-MR,p95_delay_s,49,3,19.548885798923322
paired,50,RGA-MR,p95_delay_s,50,3,32.281305825854474
paired,50,RGA-MR,p95_delay_s,51,3,22.70207202884554
paired,50,RGA-MR,p95_delay_s,52,3,-10.790116369678799
paired,50,B-ALNS,p95_delay_s,45,3,-1.1126149672037968
paired,50,B-ALNS,p95_delay_s,46,3,0.0
paired,50,B-ALNS,p95_delay_s,47,2,16.843243153964664
paired,50,B-ALNS,p95_delay_s,48,3,-0.05314800762069657
paired,50,B-ALNS,p95_delay_s,49,3,-4.963285012612081e-08
paired,50,B-ALNS,p95_delay_s,50,3,-3.307867331835382
paired,50,B-ALNS,p95_delay_s,51,3,6.785808139047314
paired,50,B-ALNS,p95_delay_s,52,3,-2.6568372158625
conditional,50,GR-MR,stage1_energy_j,45,1,233506.69122147828
conditional,50,GR-MR,stage1_energy_j,46,1,227768.5579358904
conditional,50,GR-MR,stage1_energy_j,48,1,221790.31420286337
conditional,50,GR-MR,stage1_energy_j,49,1,218629.56104221923
conditional,50,GR-MR,stage1_energy_j,50,1,218081.6247514627
conditional,50,GR-MR,stage1_energy_j,51,1,233706.5723995139
conditional,50,GR-MR,stage1_energy_j,52,1,231661.62849978995
common,50,GR-MR,stage1_energy_j,45,3,233506.69122147828
common,50,GR-MR,stage1_energy_j,46,3,227768.5579358904
common,50,GR-MR,stage1_energy_j,48,3,221790.31420286337
common,50,GR-MR,stage1_energy_j,49,3,218629.56104221923
common,50,GR-MR,stage1_energy_j,50,3,218081.6247514627
common,50,GR-MR,stage1_energy_j,51,3,233706.5723995139
common,50,GR-MR,stage1_energy_j,52,3,231661.62849978995
conditional,50,FTR-NM,stage1_energy_j,45,1,234276.96243383706
conditional,50,FTR-NM,stage1_energy_j,46,1,224695.37926161505
conditional,50,FTR-NM,stage1_energy_j,47,1,229866.9628648536
conditional,50,FTR-NM,stage1_energy_j,48,1,222331.88421785505
conditional,50,FTR-NM,stage1_energy_j,49,1,218629.56104221923
conditional,50,FTR-NM,stage1_energy_j,50,1,218608.16729036556
conditional,50,FTR-NM,stage1_energy_j,51,1,241888.44271059128
conditional,50,FTR-NM,stage1_energy_j,52,1,232304.44174327512
common,50,FTR-NM,stage1_energy_j,45,3,234276.96243383706
common,50,FTR-NM,stage1_energy_j,46,3,224695.37926161505
common,50,FTR-NM,stage1_energy_j,48,3,222331.88421785505
common,50,FTR-NM,stage1_energy_j,49,3,218629.56104221923
common,50,FTR-NM,stage1_energy_j,50,3,218608.16729036556
common,50,FTR-NM,stage1_energy_j,51,3,241888.44271059128
common,50,FTR-NM,stage1_energy_j,52,3,232304.44174327512
conditional,50,RGA-MR,stage1_energy_j,45,3,233506.69122147828
conditional,50,RGA-MR,stage1_energy_j,46,3,227768.5579358904
conditional,50,RGA-MR,stage1_energy_j,47,3,236097.77986302416
conditional,50,RGA-MR,stage1_energy_j,48,3,220183.9015449806
conditional,50,RGA-MR,stage1_energy_j,49,3,218541.05926613437
conditional,50,RGA-MR,stage1_energy_j,50,3,218081.6247514627
conditional,50,RGA-MR,stage1_energy_j,51,3,233706.5723995139
conditional,50,RGA-MR,stage1_energy_j,52,3,231251.4918478843
common,50,RGA-MR,stage1_energy_j,45,3,233506.69122147828
common,50,RGA-MR,stage1_energy_j,46,3,227768.5579358904
common,50,RGA-MR,stage1_energy_j,48,3,220183.9015449806
common,50,RGA-MR,stage1_energy_j,49,3,218541.05926613437
common,50,RGA-MR,stage1_energy_j,50,3,218081.6247514627
common,50,RGA-MR,stage1_energy_j,51,3,233706.5723995139
common,50,RGA-MR,stage1_energy_j,52,3,231251.4918478843
conditional,50,B-ALNS,stage1_energy_j,45,3,177092.134088501
conditional,50,B-ALNS,stage1_energy_j,46,3,154992.18879116452
conditional,50,B-ALNS,stage1_energy_j,47,3,178886.43450996955
conditional,50,B-ALNS,stage1_energy_j,48,3,149187.8569876343
conditional,50,B-ALNS,stage1_energy_j,49,3,154130.07612526612
conditional,50,B-ALNS,stage1_energy_j,50,3,170842.51612508038
conditional,50,B-ALNS,stage1_energy_j,51,3,174270.65623548997
conditional,50,B-ALNS,stage1_energy_j,52,3,168333.7407437155
common,50,B-ALNS,stage1_energy_j,45,3,177092.134088501
common,50,B-ALNS,stage1_energy_j,46,3,154992.18879116452
common,50,B-ALNS,stage1_energy_j,48,3,149187.8569876343
common,50,B-ALNS,stage1_energy_j,49,3,154130.07612526612
common,50,B-ALNS,stage1_energy_j,50,3,170842.51612508038
common,50,B-ALNS,stage1_energy_j,51,3,174270.65623548997
common,50,B-ALNS,stage1_energy_j,52,3,168333.7407437155
conditional,50,ESI-ALNS,stage1_energy_j,45,3,172948.50385662183
conditional,50,ESI-ALNS,stage1_energy_j,46,3,154992.18879116452
conditional,50,ESI-ALNS,stage1_energy_j,47,2,175329.87045154846
conditional,50,ESI-ALNS,stage1_energy_j,48,3,148322.25387013186
conditional,50,ESI-ALNS,stage1_energy_j,49,3,153709.260657794
conditional,50,ESI-ALNS,stage1_energy_j,50,3,167532.63397934625
conditional,50,ESI-ALNS,stage1_energy_j,51,3,173341.37519758788
conditional,50,ESI-ALNS,stage1_energy_j,52,3,161567.18258513213
common,50,ESI-ALNS,stage1_energy_j,45,3,172948.50385662183
common,50,ESI-ALNS,stage1_energy_j,46,3,154992.18879116452
common,50,ESI-ALNS,stage1_energy_j,48,3,148322.25387013186
common,50,ESI-ALNS,stage1_energy_j,49,3,153709.260657794
common,50,ESI-ALNS,stage1_energy_j,50,3,167532.63397934625
common,50,ESI-ALNS,stage1_energy_j,51,3,173341.37519758788
common,50,ESI-ALNS,stage1_energy_j,52,3,161567.18258513213
paired,50,GR-MR,stage1_energy_j,45,3,-60558.18736485646
paired,50,GR-MR,stage1_energy_j,46,3,-72776.36914472588
paired,50,GR-MR,stage1_energy_j,48,3,-73468.0603327315
paired,50,GR-MR,stage1_energy_j,49,3,-64920.30038442524
paired,50,GR-MR,stage1_energy_j,50,3,-50548.990772116435
paired,50,GR-MR,stage1_energy_j,51,3,-60365.197201926036
paired,50,GR-MR,stage1_energy_j,52,3,-70094.44591465783
paired,50,FTR-NM,stage1_energy_j,45,3,-61328.45857721524
paired,50,FTR-NM,stage1_energy_j,46,3,-69703.19047045053
paired,50,FTR-NM,stage1_energy_j,47,2,-54537.09241330513
paired,50,FTR-NM,stage1_energy_j,48,3,-74009.63034772318
paired,50,FTR-NM,stage1_energy_j,49,3,-64920.30038442524
paired,50,FTR-NM,stage1_energy_j,50,3,-51075.5333110193
paired,50,FTR-NM,stage1_energy_j,51,3,-68547.0675130034
paired,50,FTR-NM,stage1_energy_j,52,3,-70737.259158143
paired,50,RGA-MR,stage1_energy_j,45,3,-60558.18736485646
paired,50,RGA-MR,stage1_energy_j,46,3,-72776.36914472588
paired,50,RGA-MR,stage1_energy_j,47,2,-65227.436572830135
paired,50,RGA-MR,stage1_energy_j,48,3,-71861.64767484872
paired,50,RGA-MR,stage1_energy_j,49,3,-64831.79860834038
paired,50,RGA-MR,stage1_energy_j,50,3,-50548.990772116435
paired,50,RGA-MR,stage1_energy_j,51,3,-60365.197201926036
paired,50,RGA-MR,stage1_energy_j,52,3,-69684.30926275215
paired,50,B-ALNS,stage1_energy_j,45,3,-4143.630231879196
paired,50,B-ALNS,stage1_energy_j,46,3,0.0
paired,50,B-ALNS,stage1_energy_j,47,2,-233.3910406374489
paired,50,B-ALNS,stage1_energy_j,48,3,-865.60311750244
paired,50,B-ALNS,stage1_energy_j,49,3,-420.81546747212025
paired,50,B-ALNS,stage1_energy_j,50,3,-3309.8821457341255
paired,50,B-ALNS,stage1_energy_j,51,3,-929.2810379020908
paired,50,B-ALNS,stage1_energy_j,52,3,-6766.558158583357
conditional,50,GR-MR,stage1_qualified_rate,45,1,1.0
conditional,50,GR-MR,stage1_qualified_rate,46,1,1.0
conditional,50,GR-MR,stage1_qualified_rate,47,1,0.0
conditional,50,GR-MR,stage1_qualified_rate,48,1,1.0
conditional,50,GR-MR,stage1_qualified_rate,49,1,1.0
conditional,50,GR-MR,stage1_qualified_rate,50,1,1.0
conditional,50,GR-MR,stage1_qualified_rate,51,1,1.0
conditional,50,GR-MR,stage1_qualified_rate,52,1,1.0
common,50,GR-MR,stage1_qualified_rate,45,3,1.0
common,50,GR-MR,stage1_qualified_rate,46,3,1.0
common,50,GR-MR,stage1_qualified_rate,47,3,0.0
common,50,GR-MR,stage1_qualified_rate,48,3,1.0
common,50,GR-MR,stage1_qualified_rate,49,3,1.0
common,50,GR-MR,stage1_qualified_rate,50,3,1.0
common,50,GR-MR,stage1_qualified_rate,51,3,1.0
common,50,GR-MR,stage1_qualified_rate,52,3,1.0
conditional,50,FTR-NM,stage1_qualified_rate,45,1,1.0
conditional,50,FTR-NM,stage1_qualified_rate,46,1,1.0
conditional,50,FTR-NM,stage1_qualified_rate,47,1,1.0
conditional,50,FTR-NM,stage1_qualified_rate,48,1,1.0
conditional,50,FTR-NM,stage1_qualified_rate,49,1,1.0
conditional,50,FTR-NM,stage1_qualified_rate,50,1,1.0
conditional,50,FTR-NM,stage1_qualified_rate,51,1,1.0
conditional,50,FTR-NM,stage1_qualified_rate,52,1,1.0
common,50,FTR-NM,stage1_qualified_rate,45,3,1.0
common,50,FTR-NM,stage1_qualified_rate,46,3,1.0
common,50,FTR-NM,stage1_qualified_rate,47,3,1.0
common,50,FTR-NM,stage1_qualified_rate,48,3,1.0
common,50,FTR-NM,stage1_qualified_rate,49,3,1.0
common,50,FTR-NM,stage1_qualified_rate,50,3,1.0
common,50,FTR-NM,stage1_qualified_rate,51,3,1.0
common,50,FTR-NM,stage1_qualified_rate,52,3,1.0
conditional,50,RGA-MR,stage1_qualified_rate,45,3,1.0
conditional,50,RGA-MR,stage1_qualified_rate,46,3,1.0
conditional,50,RGA-MR,stage1_qualified_rate,47,3,1.0
conditional,50,RGA-MR,stage1_qualified_rate,48,3,1.0
conditional,50,RGA-MR,stage1_qualified_rate,49,3,1.0
conditional,50,RGA-MR,stage1_qualified_rate,50,3,1.0
conditional,50,RGA-MR,stage1_qualified_rate,51,3,1.0
conditional,50,RGA-MR,stage1_qualified_rate,52,3,1.0
common,50,RGA-MR,stage1_qualified_rate,45,3,1.0
common,50,RGA-MR,stage1_qualified_rate,46,3,1.0
common,50,RGA-MR,stage1_qualified_rate,47,3,1.0
common,50,RGA-MR,stage1_qualified_rate,48,3,1.0
common,50,RGA-MR,stage1_qualified_rate,49,3,1.0
common,50,RGA-MR,stage1_qualified_rate,50,3,1.0
common,50,RGA-MR,stage1_qualified_rate,51,3,1.0
common,50,RGA-MR,stage1_qualified_rate,52,3,1.0
conditional,50,B-ALNS,stage1_qualified_rate,45,3,1.0
conditional,50,B-ALNS,stage1_qualified_rate,46,3,1.0
conditional,50,B-ALNS,stage1_qualified_rate,47,3,1.0
conditional,50,B-ALNS,stage1_qualified_rate,48,3,1.0
conditional,50,B-ALNS,stage1_qualified_rate,49,3,1.0
conditional,50,B-ALNS,stage1_qualified_rate,50,3,1.0
conditional,50,B-ALNS,stage1_qualified_rate,51,3,1.0
conditional,50,B-ALNS,stage1_qualified_rate,52,3,1.0
common,50,B-ALNS,stage1_qualified_rate,45,3,1.0
common,50,B-ALNS,stage1_qualified_rate,46,3,1.0
common,50,B-ALNS,stage1_qualified_rate,47,3,1.0
common,50,B-ALNS,stage1_qualified_rate,48,3,1.0
common,50,B-ALNS,stage1_qualified_rate,49,3,1.0
common,50,B-ALNS,stage1_qualified_rate,50,3,1.0
common,50,B-ALNS,stage1_qualified_rate,51,3,1.0
common,50,B-ALNS,stage1_qualified_rate,52,3,1.0
conditional,50,ESI-ALNS,stage1_qualified_rate,45,3,1.0
conditional,50,ESI-ALNS,stage1_qualified_rate,46,3,1.0
conditional,50,ESI-ALNS,stage1_qualified_rate,47,3,0.6666666666666666
conditional,50,ESI-ALNS,stage1_qualified_rate,48,3,1.0
conditional,50,ESI-ALNS,stage1_qualified_rate,49,3,1.0
conditional,50,ESI-ALNS,stage1_qualified_rate,50,3,1.0
conditional,50,ESI-ALNS,stage1_qualified_rate,51,3,1.0
conditional,50,ESI-ALNS,stage1_qualified_rate,52,3,1.0
common,50,ESI-ALNS,stage1_qualified_rate,45,3,1.0
common,50,ESI-ALNS,stage1_qualified_rate,46,3,1.0
common,50,ESI-ALNS,stage1_qualified_rate,47,3,0.6666666666666666
common,50,ESI-ALNS,stage1_qualified_rate,48,3,1.0
common,50,ESI-ALNS,stage1_qualified_rate,49,3,1.0
common,50,ESI-ALNS,stage1_qualified_rate,50,3,1.0
common,50,ESI-ALNS,stage1_qualified_rate,51,3,1.0
common,50,ESI-ALNS,stage1_qualified_rate,52,3,1.0
paired,50,GR-MR,stage1_qualified_rate,45,3,0.0
paired,50,GR-MR,stage1_qualified_rate,46,3,0.0
paired,50,GR-MR,stage1_qualified_rate,47,3,0.6666666666666666
paired,50,GR-MR,stage1_qualified_rate,48,3,0.0
paired,50,GR-MR,stage1_qualified_rate,49,3,0.0
paired,50,GR-MR,stage1_qualified_rate,50,3,0.0
paired,50,GR-MR,stage1_qualified_rate,51,3,0.0
paired,50,GR-MR,stage1_qualified_rate,52,3,0.0
paired,50,FTR-NM,stage1_qualified_rate,45,3,0.0
paired,50,FTR-NM,stage1_qualified_rate,46,3,0.0
paired,50,FTR-NM,stage1_qualified_rate,47,3,-0.3333333333333333
paired,50,FTR-NM,stage1_qualified_rate,48,3,0.0
paired,50,FTR-NM,stage1_qualified_rate,49,3,0.0
paired,50,FTR-NM,stage1_qualified_rate,50,3,0.0
paired,50,FTR-NM,stage1_qualified_rate,51,3,0.0
paired,50,FTR-NM,stage1_qualified_rate,52,3,0.0
paired,50,RGA-MR,stage1_qualified_rate,45,3,0.0
paired,50,RGA-MR,stage1_qualified_rate,46,3,0.0
paired,50,RGA-MR,stage1_qualified_rate,47,3,-0.3333333333333333
paired,50,RGA-MR,stage1_qualified_rate,48,3,0.0
paired,50,RGA-MR,stage1_qualified_rate,49,3,0.0
paired,50,RGA-MR,stage1_qualified_rate,50,3,0.0
paired,50,RGA-MR,stage1_qualified_rate,51,3,0.0
paired,50,RGA-MR,stage1_qualified_rate,52,3,0.0
paired,50,B-ALNS,stage1_qualified_rate,45,3,0.0
paired,50,B-ALNS,stage1_qualified_rate,46,3,0.0
paired,50,B-ALNS,stage1_qualified_rate,47,3,-0.3333333333333333
paired,50,B-ALNS,stage1_qualified_rate,48,3,0.0
paired,50,B-ALNS,stage1_qualified_rate,49,3,0.0
paired,50,B-ALNS,stage1_qualified_rate,50,3,0.0
paired,50,B-ALNS,stage1_qualified_rate,51,3,0.0
paired,50,B-ALNS,stage1_qualified_rate,52,3,0.0
conditional,50,GR-MR,stage2_component_collection_j_j,45,1,10000.0
conditional,50,GR-MR,stage2_component_collection_j_j,46,1,10000.0
conditional,50,GR-MR,stage2_component_collection_j_j,48,1,10000.0
conditional,50,GR-MR,stage2_component_collection_j_j,49,1,10000.0
conditional,50,GR-MR,stage2_component_collection_j_j,50,1,10000.0
conditional,50,GR-MR,stage2_component_collection_j_j,51,1,10000.0
conditional,50,GR-MR,stage2_component_collection_j_j,52,1,10000.0
common,50,GR-MR,stage2_component_collection_j_j,45,3,10000.0
common,50,GR-MR,stage2_component_collection_j_j,46,3,10000.0
common,50,GR-MR,stage2_component_collection_j_j,48,3,10000.0
common,50,GR-MR,stage2_component_collection_j_j,49,3,10000.0
common,50,GR-MR,stage2_component_collection_j_j,50,3,10000.0
common,50,GR-MR,stage2_component_collection_j_j,51,3,10000.0
common,50,GR-MR,stage2_component_collection_j_j,52,3,10000.0
conditional,50,FTR-NM,stage2_component_collection_j_j,45,1,10000.0
conditional,50,FTR-NM,stage2_component_collection_j_j,46,1,10000.0
conditional,50,FTR-NM,stage2_component_collection_j_j,47,1,10000.0
conditional,50,FTR-NM,stage2_component_collection_j_j,48,1,10000.0
conditional,50,FTR-NM,stage2_component_collection_j_j,49,1,10000.0
conditional,50,FTR-NM,stage2_component_collection_j_j,50,1,10000.0
conditional,50,FTR-NM,stage2_component_collection_j_j,51,1,10000.0
conditional,50,FTR-NM,stage2_component_collection_j_j,52,1,10000.0
common,50,FTR-NM,stage2_component_collection_j_j,45,3,10000.0
common,50,FTR-NM,stage2_component_collection_j_j,46,3,10000.0
common,50,FTR-NM,stage2_component_collection_j_j,48,3,10000.0
common,50,FTR-NM,stage2_component_collection_j_j,49,3,10000.0
common,50,FTR-NM,stage2_component_collection_j_j,50,3,10000.0
common,50,FTR-NM,stage2_component_collection_j_j,51,3,10000.0
common,50,FTR-NM,stage2_component_collection_j_j,52,3,10000.0
conditional,50,RGA-MR,stage2_component_collection_j_j,45,3,10000.0
conditional,50,RGA-MR,stage2_component_collection_j_j,46,3,10000.0
conditional,50,RGA-MR,stage2_component_collection_j_j,47,3,10000.0
conditional,50,RGA-MR,stage2_component_collection_j_j,48,3,10000.0
conditional,50,RGA-MR,stage2_component_collection_j_j,49,3,10000.0
conditional,50,RGA-MR,stage2_component_collection_j_j,50,3,10000.0
conditional,50,RGA-MR,stage2_component_collection_j_j,51,3,10000.0
conditional,50,RGA-MR,stage2_component_collection_j_j,52,3,10000.0
common,50,RGA-MR,stage2_component_collection_j_j,45,3,10000.0
common,50,RGA-MR,stage2_component_collection_j_j,46,3,10000.0
common,50,RGA-MR,stage2_component_collection_j_j,48,3,10000.0
common,50,RGA-MR,stage2_component_collection_j_j,49,3,10000.0
common,50,RGA-MR,stage2_component_collection_j_j,50,3,10000.0
common,50,RGA-MR,stage2_component_collection_j_j,51,3,10000.0
common,50,RGA-MR,stage2_component_collection_j_j,52,3,10000.0
conditional,50,B-ALNS,stage2_component_collection_j_j,45,3,10000.0
conditional,50,B-ALNS,stage2_component_collection_j_j,46,3,10000.0
conditional,50,B-ALNS,stage2_component_collection_j_j,47,3,10000.0
conditional,50,B-ALNS,stage2_component_collection_j_j,48,3,10000.0
conditional,50,B-ALNS,stage2_component_collection_j_j,49,3,10000.0
conditional,50,B-ALNS,stage2_component_collection_j_j,50,3,10000.0
conditional,50,B-ALNS,stage2_component_collection_j_j,51,3,10000.0
conditional,50,B-ALNS,stage2_component_collection_j_j,52,3,10000.0
common,50,B-ALNS,stage2_component_collection_j_j,45,3,10000.0
common,50,B-ALNS,stage2_component_collection_j_j,46,3,10000.0
common,50,B-ALNS,stage2_component_collection_j_j,48,3,10000.0
common,50,B-ALNS,stage2_component_collection_j_j,49,3,10000.0
common,50,B-ALNS,stage2_component_collection_j_j,50,3,10000.0
common,50,B-ALNS,stage2_component_collection_j_j,51,3,10000.0
common,50,B-ALNS,stage2_component_collection_j_j,52,3,10000.0
conditional,50,ESI-ALNS,stage2_component_collection_j_j,45,3,10000.0
conditional,50,ESI-ALNS,stage2_component_collection_j_j,46,3,10000.0
conditional,50,ESI-ALNS,stage2_component_collection_j_j,47,2,10000.0
conditional,50,ESI-ALNS,stage2_component_collection_j_j,48,3,10000.0
conditional,50,ESI-ALNS,stage2_component_collection_j_j,49,3,10000.0
conditional,50,ESI-ALNS,stage2_component_collection_j_j,50,3,10000.0
conditional,50,ESI-ALNS,stage2_component_collection_j_j,51,3,10000.0
conditional,50,ESI-ALNS,stage2_component_collection_j_j,52,3,10000.0
common,50,ESI-ALNS,stage2_component_collection_j_j,45,3,10000.0
common,50,ESI-ALNS,stage2_component_collection_j_j,46,3,10000.0
common,50,ESI-ALNS,stage2_component_collection_j_j,48,3,10000.0
common,50,ESI-ALNS,stage2_component_collection_j_j,49,3,10000.0
common,50,ESI-ALNS,stage2_component_collection_j_j,50,3,10000.0
common,50,ESI-ALNS,stage2_component_collection_j_j,51,3,10000.0
common,50,ESI-ALNS,stage2_component_collection_j_j,52,3,10000.0
paired,50,GR-MR,stage2_component_collection_j_j,45,3,0.0
paired,50,GR-MR,stage2_component_collection_j_j,46,3,0.0
paired,50,GR-MR,stage2_component_collection_j_j,48,3,0.0
paired,50,GR-MR,stage2_component_collection_j_j,49,3,0.0
paired,50,GR-MR,stage2_component_collection_j_j,50,3,0.0
paired,50,GR-MR,stage2_component_collection_j_j,51,3,0.0
paired,50,GR-MR,stage2_component_collection_j_j,52,3,0.0
paired,50,FTR-NM,stage2_component_collection_j_j,45,3,0.0
paired,50,FTR-NM,stage2_component_collection_j_j,46,3,0.0
paired,50,FTR-NM,stage2_component_collection_j_j,47,2,0.0
paired,50,FTR-NM,stage2_component_collection_j_j,48,3,0.0
paired,50,FTR-NM,stage2_component_collection_j_j,49,3,0.0
paired,50,FTR-NM,stage2_component_collection_j_j,50,3,0.0
paired,50,FTR-NM,stage2_component_collection_j_j,51,3,0.0
paired,50,FTR-NM,stage2_component_collection_j_j,52,3,0.0
paired,50,RGA-MR,stage2_component_collection_j_j,45,3,0.0
paired,50,RGA-MR,stage2_component_collection_j_j,46,3,0.0
paired,50,RGA-MR,stage2_component_collection_j_j,47,2,0.0
paired,50,RGA-MR,stage2_component_collection_j_j,48,3,0.0
paired,50,RGA-MR,stage2_component_collection_j_j,49,3,0.0
paired,50,RGA-MR,stage2_component_collection_j_j,50,3,0.0
paired,50,RGA-MR,stage2_component_collection_j_j,51,3,0.0
paired,50,RGA-MR,stage2_component_collection_j_j,52,3,0.0
paired,50,B-ALNS,stage2_component_collection_j_j,45,3,0.0
paired,50,B-ALNS,stage2_component_collection_j_j,46,3,0.0
paired,50,B-ALNS,stage2_component_collection_j_j,47,2,0.0
paired,50,B-ALNS,stage2_component_collection_j_j,48,3,0.0
paired,50,B-ALNS,stage2_component_collection_j_j,49,3,0.0
paired,50,B-ALNS,stage2_component_collection_j_j,50,3,0.0
paired,50,B-ALNS,stage2_component_collection_j_j,51,3,0.0
paired,50,B-ALNS,stage2_component_collection_j_j,52,3,0.0
conditional,50,GR-MR,stage2_component_flight_j_j,45,1,222828.59712766536
conditional,50,GR-MR,stage2_component_flight_j_j,46,1,216957.7939696413
conditional,50,GR-MR,stage2_component_flight_j_j,48,1,211017.85075846827
conditional,50,GR-MR,stage2_component_flight_j_j,49,1,208074.7213638283
conditional,50,GR-MR,stage2_component_flight_j_j,50,1,207296.39433832772
conditional,50,GR-MR,stage2_component_flight_j_j,51,1,222972.72760190498
conditional,50,GR-MR,stage2_component_flight_j_j,52,1,220822.65200299837
common,50,GR-MR,stage2_component_flight_j_j,45,3,222828.59712766536
common,50,GR-MR,stage2_component_flight_j_j,46,3,216957.7939696413
common,50,GR-MR,stage2_component_flight_j_j,48,3,211017.85075846827
common,50,GR-MR,stage2_component_flight_j_j,49,3,208074.7213638283
common,50,GR-MR,stage2_component_flight_j_j,50,3,207296.39433832772
common,50,GR-MR,stage2_component_flight_j_j,51,3,222972.72760190498
common,50,GR-MR,stage2_component_flight_j_j,52,3,220822.65200299837
conditional,50,FTR-NM,stage2_component_flight_j_j,45,1,223518.60380239852
conditional,50,FTR-NM,stage2_component_flight_j_j,46,1,213878.49591174274
conditional,50,FTR-NM,stage2_component_flight_j_j,47,1,218762.7441599722
conditional,50,FTR-NM,stage2_component_flight_j_j,48,1,211565.4836354042
conditional,50,FTR-NM,stage2_component_flight_j_j,49,1,208074.7213638283
conditional,50,FTR-NM,stage2_component_flight_j_j,50,1,207486.7162419359
conditional,50,FTR-NM,stage2_component_flight_j_j,51,1,231124.58786913136
conditional,50,FTR-NM,stage2_component_flight_j_j,52,1,221099.25266578712
common,50,FTR-NM,stage2_component_flight_j_j,45,3,223518.60380239852
common,50,FTR-NM,stage2_component_flight_j_j,46,3,213878.49591174274
common,50,FTR-NM,stage2_component_flight_j_j,48,3,211565.4836354042
common,50,FTR-NM,stage2_component_flight_j_j,49,3,208074.7213638283
common,50,FTR-NM,stage2_component_flight_j_j,50,3,207486.7162419359
common,50,FTR-NM,stage2_component_flight_j_j,51,3,231124.58786913136
common,50,FTR-NM,stage2_component_flight_j_j,52,3,221099.25266578712
conditional,50,RGA-MR,stage2_component_flight_j_j,45,3,222828.59712766536
conditional,50,RGA-MR,stage2_component_flight_j_j,46,3,216957.7939696413
conditional,50,RGA-MR,stage2_component_flight_j_j,47,3,225277.500419282
conditional,50,RGA-MR,stage2_component_flight_j_j,48,3,209432.60065369657
conditional,50,RGA-MR,stage2_component_flight_j_j,49,3,207996.20868796625
conditional,50,RGA-MR,stage2_component_flight_j_j,50,3,207296.39433832772
conditional,50,RGA-MR,stage2_component_flight_j_j,51,3,222972.72760190498
conditional,50,RGA-MR,stage2_component_flight_j_j,52,3,220413.047950758
common,50,RGA-MR,stage2_component_flight_j_j,45,3,222828.59712766536
common,50,RGA-MR,stage2_component_flight_j_j,46,3,216957.7939696413
common,50,RGA-MR,stage2_component_flight_j_j,48,3,209432.60065369657
common,50,RGA-MR,stage2_component_flight_j_j,49,3,207996.20868796625
common,50,RGA-MR,stage2_component_flight_j_j,50,3,207296.39433832772
common,50,RGA-MR,stage2_component_flight_j_j,51,3,222972.72760190498
common,50,RGA-MR,stage2_component_flight_j_j,52,3,220413.047950758
conditional,50,B-ALNS,stage2_component_flight_j_j,45,3,165367.9035452811
conditional,50,B-ALNS,stage2_component_flight_j_j,46,3,143565.28346832888
conditional,50,B-ALNS,stage2_component_flight_j_j,47,3,167589.58328705718
conditional,50,B-ALNS,stage2_component_flight_j_j,48,3,138113.79616398455
conditional,50,B-ALNS,stage2_component_flight_j_j,49,3,142557.4718785073
conditional,50,B-ALNS,stage2_component_flight_j_j,50,3,159617.26715094014
conditional,50,B-ALNS,stage2_component_flight_j_j,51,3,162681.95089482865
conditional,50,B-ALNS,stage2_component_flight_j_j,52,3,156725.9794260866
common,50,B-ALNS,stage2_component_flight_j_j,45,3,165367.9035452811
common,50,B-ALNS,stage2_component_flight_j_j,46,3,143565.28346832888
common,50,B-ALNS,stage2_component_flight_j_j,48,3,138113.79616398455
common,50,B-ALNS,stage2_component_flight_j_j,49,3,142557.4718785073
common,50,B-ALNS,stage2_component_flight_j_j,50,3,159617.26715094014
common,50,B-ALNS,stage2_component_flight_j_j,51,3,162681.95089482865
common,50,B-ALNS,stage2_component_flight_j_j,52,3,156725.9794260866
conditional,50,ESI-ALNS,stage2_component_flight_j_j,45,3,161589.9169501712
conditional,50,ESI-ALNS,stage2_component_flight_j_j,46,3,143565.28346832888
conditional,50,ESI-ALNS,stage2_component_flight_j_j,47,2,164284.39181174754
conditional,50,ESI-ALNS,stage2_component_flight_j_j,48,3,137408.0341669313
conditional,50,ESI-ALNS,stage2_component_flight_j_j,49,3,142134.95205626992
conditional,50,ESI-ALNS,stage2_component_flight_j_j,50,3,156289.9327576548
conditional,50,ESI-ALNS,stage2_component_flight_j_j,51,3,161845.23576293152
conditional,50,ESI-ALNS,stage2_component_flight_j_j,52,3,149949.4117814077
common,50,ESI-ALNS,stage2_component_flight_j_j,45,3,161589.9169501712
common,50,ESI-ALNS,stage2_component_flight_j_j,46,3,143565.28346832888
common,50,ESI-ALNS,stage2_component_flight_j_j,48,3,137408.0341669313
common,50,ESI-ALNS,stage2_component_flight_j_j,49,3,142134.95205626992
common,50,ESI-ALNS,stage2_component_flight_j_j,50,3,156289.9327576548
common,50,ESI-ALNS,stage2_component_flight_j_j,51,3,161845.23576293152
common,50,ESI-ALNS,stage2_component_flight_j_j,52,3,149949.4117814077
paired,50,GR-MR,stage2_component_flight_j_j,45,3,-61238.68017749415
paired,50,GR-MR,stage2_component_flight_j_j,46,3,-73392.51050131243
paired,50,GR-MR,stage2_component_flight_j_j,48,3,-73609.81659153696
paired,50,GR-MR,stage2_component_flight_j_j,49,3,-65939.76930755841
paired,50,GR-MR,stage2_component_flight_j_j,50,3,-51006.461580672905
paired,50,GR-MR,stage2_component_flight_j_j,51,3,-61127.49183897346
paired,50,GR-MR,stage2_component_flight_j_j,52,3,-70873.24022159068
paired,50,FTR-NM,stage2_component_flight_j_j,45,3,-61928.68685222731
paired,50,FTR-NM,stage2_component_flight_j_j,46,3,-70313.21244341387
paired,50,FTR-NM,stage2_component_flight_j_j,47,2,-54478.35234822467
paired,50,FTR-NM,stage2_component_flight_j_j,48,3,-74157.4494684729
paired,50,FTR-NM,stage2_component_flight_j_j,49,3,-65939.76930755841
paired,50,FTR-NM,stage2_component_flight_j_j,50,3,-51196.78348428109
paired,50,FTR-NM,stage2_component_flight_j_j,51,3,-69279.35210619985
paired,50,FTR-NM,stage2_component_flight_j_j,52,3,-71149.84088437943
paired,50,RGA-MR,stage2_component_flight_j_j,45,3,-61238.68017749415
paired,50,RGA-MR,stage2_component_flight_j_j,46,3,-73392.51050131243
paired,50,RGA-MR,stage2_component_flight_j_j,47,2,-65559.69869212591
paired,50,RGA-MR,stage2_component_flight_j_j,48,3,-72024.56648676528
paired,50,RGA-MR,stage2_component_flight_j_j,49,3,-65861.25663169635
paired,50,RGA-MR,stage2_component_flight_j_j,50,3,-51006.461580672905
paired,50,RGA-MR,stage2_component_flight_j_j,51,3,-61127.49183897346
paired,50,RGA-MR,stage2_component_flight_j_j,52,3,-70463.63616935031
paired,50,B-ALNS,stage2_component_flight_j_j,45,3,-3777.9865951098714
paired,50,B-ALNS,stage2_component_flight_j_j,46,3,0.0
paired,50,B-ALNS,stage2_component_flight_j_j,47,2,141.41136776622443
paired,50,B-ALNS,stage2_component_flight_j_j,48,3,-705.7619970532347
paired,50,B-ALNS,stage2_component_flight_j_j,49,3,-422.51982223739225
paired,50,B-ALNS,stage2_component_flight_j_j,50,3,-3327.3343932853218
paired,50,B-ALNS,stage2_component_flight_j_j,51,3,-836.71513189713
paired,50,B-ALNS,stage2_component_flight_j_j,52,3,-6776.56764467891
conditional,50,GR-MR,stage2_component_local_compute_j_j,45,1,601.5536262104067
conditional,50,GR-MR,stage2_component_local_compute_j_j,46,1,522.7222680894046
conditional,50,GR-MR,stage2_component_local_compute_j_j,48,1,455.65009586033955
conditional,50,GR-MR,stage2_component_local_compute_j_j,49,1,555.0263788816085
conditional,50,GR-MR,stage2_component_local_compute_j_j,50,1,607.0955384635653
conditional,50,GR-MR,stage2_component_local_compute_j_j,51,1,667.7762643354181
conditional,50,GR-MR,stage2_component_local_compute_j_j,52,1,428.1816691061429
common,50,GR-MR,stage2_component_local_compute_j_j,45,3,601.5536262104067
common,50,GR-MR,stage2_component_local_compute_j_j,46,3,522.7222680894046
common,50,GR-MR,stage2_component_local_compute_j_j,48,3,455.65009586033955
common,50,GR-MR,stage2_component_local_compute_j_j,49,3,555.0263788816085
common,50,GR-MR,stage2_component_local_compute_j_j,50,3,607.0955384635653
common,50,GR-MR,stage2_component_local_compute_j_j,51,3,667.7762643354181
common,50,GR-MR,stage2_component_local_compute_j_j,52,3,428.1816691061429
conditional,50,FTR-NM,stage2_component_local_compute_j_j,45,1,601.5538089236511
conditional,50,FTR-NM,stage2_component_local_compute_j_j,46,1,561.8526110573425
conditional,50,FTR-NM,stage2_component_local_compute_j_j,47,1,635.5170499441889
conditional,50,FTR-NM,stage2_component_local_compute_j_j,48,1,447.44116104686077
conditional,50,FTR-NM,stage2_component_local_compute_j_j,49,1,555.0263788816085
conditional,50,FTR-NM,stage2_component_local_compute_j_j,50,1,589.2504152195784
conditional,50,FTR-NM,stage2_component_local_compute_j_j,51,1,667.7804461271769
conditional,50,FTR-NM,stage2_component_local_compute_j_j,52,1,428.18167291790786
common,50,FTR-NM,stage2_component_local_compute_j_j,45,3,601.5538089236511
common,50,FTR-NM,stage2_component_local_compute_j_j,46,3,561.8526110573425
common,50,FTR-NM,stage2_component_local_compute_j_j,48,3,447.44116104686077
common,50,FTR-NM,stage2_component_local_compute_j_j,49,3,555.0263788816085
common,50,FTR-NM,stage2_component_local_compute_j_j,50,3,589.2504152195784
common,50,FTR-NM,stage2_component_local_compute_j_j,51,3,667.7804461271769
common,50,FTR-NM,stage2_component_local_compute_j_j,52,3,428.18167291790786
conditional,50,RGA-MR,stage2_component_local_compute_j_j,45,3,601.5536262104067
conditional,50,RGA-MR,stage2_component_local_compute_j_j,46,3,522.7222680894046
conditional,50,RGA-MR,stage2_component_local_compute_j_j,47,3,609.0739235618881
conditional,50,RGA-MR,stage2_component_local_compute_j_j,48,3,451.37526942296
conditional,50,RGA-MR,stage2_component_local_compute_j_j,49,3,530.2299695342747
conditional,50,RGA-MR,stage2_component_local_compute_j_j,50,3,607.0955384635653
conditional,50,RGA-MR,stage2_component_local_compute_j_j,51,3,667.7762643354181
conditional,50,RGA-MR,stage2_component_local_compute_j_j,52,3,427.6490700669419
common,50,RGA-MR,stage2_component_local_compute_j_j,45,3,601.5536262104067
common,50,RGA-MR,stage2_component_local_compute_j_j,46,3,522.7222680894046
common,50,RGA-MR,stage2_component_local_compute_j_j,48,3,451.37526942296
common,50,RGA-MR,stage2_component_local_compute_j_j,49,3,530.2299695342747
common,50,RGA-MR,stage2_component_local_compute_j_j,50,3,607.0955384635653
common,50,RGA-MR,stage2_component_local_compute_j_j,51,3,667.7762643354181
common,50,RGA-MR,stage2_component_local_compute_j_j,52,3,427.6490700669419
conditional,50,B-ALNS,stage2_component_local_compute_j_j,45,3,607.5073730342262
conditional,50,B-ALNS,stage2_component_local_compute_j_j,46,3,639.2273496741838
conditional,50,B-ALNS,stage2_component_local_compute_j_j,47,3,613.6549453930379
conditional,50,B-ALNS,stage2_component_local_compute_j_j,48,3,563.6942062450522
conditional,50,B-ALNS,stage2_component_local_compute_j_j,49,3,692.8479127313001
conditional,50,B-ALNS,stage2_component_local_compute_j_j,50,3,638.2691458327757
conditional,50,B-ALNS,stage2_component_local_compute_j_j,51,3,610.5203840014082
conditional,50,B-ALNS,stage2_component_local_compute_j_j,52,3,726.4864857413361
common,50,B-ALNS,stage2_component_local_compute_j_j,45,3,607.5073730342262
common,50,B-ALNS,stage2_component_local_compute_j_j,46,3,639.2273496741838
common,50,B-ALNS,stage2_component_local_compute_j_j,48,3,563.6942062450522
common,50,B-ALNS,stage2_component_local_compute_j_j,49,3,692.8479127313001
common,50,B-ALNS,stage2_component_local_compute_j_j,50,3,638.2691458327757
common,50,B-ALNS,stage2_component_local_compute_j_j,51,3,610.5203840014082
common,50,B-ALNS,stage2_component_local_compute_j_j,52,3,726.4864857413361
conditional,50,ESI-ALNS,stage2_component_local_compute_j_j,45,3,589.8103177122459
conditional,50,ESI-ALNS,stage2_component_local_compute_j_j,46,3,639.2273496741838
conditional,50,ESI-ALNS,stage2_component_local_compute_j_j,47,2,641.1630472925443
conditional,50,ESI-ALNS,stage2_component_local_compute_j_j,48,3,573.7958899317775
conditional,50,ESI-ALNS,stage2_component_local_compute_j_j,49,3,694.5522680776359
conditional,50,ESI-ALNS,stage2_component_local_compute_j_j,50,3,604.6273122845947
conditional,50,ESI-ALNS,stage2_component_local_compute_j_j,51,3,627.5444922334701
conditional,50,ESI-ALNS,stage2_component_local_compute_j_j,52,3,736.4959678407608
common,50,ESI-ALNS,stage2_component_local_compute_j_j,45,3,589.8103177122459
common,50,ESI-ALNS,stage2_component_local_compute_j_j,46,3,639.2273496741838
common,50,ESI-ALNS,stage2_component_local_compute_j_j,48,3,573.7958899317775
common,50,ESI-ALNS,stage2_component_local_compute_j_j,49,3,694.5522680776359
common,50,ESI-ALNS,stage2_component_local_compute_j_j,50,3,604.6273122845947
common,50,ESI-ALNS,stage2_component_local_compute_j_j,51,3,627.5444922334701
common,50,ESI-ALNS,stage2_component_local_compute_j_j,52,3,736.4959678407608
paired,50,GR-MR,stage2_component_local_compute_j_j,45,3,-11.743308498160824
paired,50,GR-MR,stage2_component_local_compute_j_j,46,3,116.5050815847792
paired,50,GR-MR,stage2_component_local_compute_j_j,48,3,118.14579407143799
paired,50,GR-MR,stage2_component_local_compute_j_j,49,3,139.5258891960274
paired,50,GR-MR,stage2_component_local_compute_j_j,50,3,-2.4682261789705344
paired,50,GR-MR,stage2_component_local_compute_j_j,51,3,-40.231772101948
paired,50,GR-MR,stage2_component_local_compute_j_j,52,3,308.314298734618
paired,50,FTR-NM,stage2_component_local_compute_j_j,45,3,-11.743491211405209
paired,50,FTR-NM,stage2_component_local_compute_j_j,46,3,77.37473861684124
paired,50,FTR-NM,stage2_component_local_compute_j_j,47,2,5.645997348355422
paired,50,FTR-NM,stage2_component_local_compute_j_j,48,3,126.35472888491677
paired,50,FTR-NM,stage2_component_local_compute_j_j,49,3,139.5258891960274
paired,50,FTR-NM,stage2_component_local_compute_j_j,50,3,15.37689706501637
paired,50,FTR-NM,stage2_component_local_compute_j_j,51,3,-40.235953893706814
paired,50,FTR-NM,stage2_component_local_compute_j_j,52,3,308.31429492285304
paired,50,RGA-MR,stage2_component_local_compute_j_j,45,3,-11.743308498160824
paired,50,RGA-MR,stage2_component_local_compute_j_j,46,3,116.5050815847792
paired,50,RGA-MR,stage2_component_local_compute_j_j,47,2,48.0274805570283
paired,50,RGA-MR,stage2_component_local_compute_j_j,48,3,122.42062050881752
paired,50,RGA-MR,stage2_component_local_compute_j_j,49,3,164.32229854336123
paired,50,RGA-MR,stage2_component_local_compute_j_j,50,3,-2.4682261789705344
paired,50,RGA-MR,stage2_component_local_compute_j_j,51,3,-40.231772101948
paired,50,RGA-MR,stage2_component_local_compute_j_j,52,3,308.84689777381897
paired,50,B-ALNS,stage2_component_local_compute_j_j,45,3,-17.697055321980354
paired,50,B-ALNS,stage2_component_local_compute_j_j,46,3,0.0
paired,50,B-ALNS,stage2_component_local_compute_j_j,47,2,14.3218478498396
paired,50,B-ALNS,stage2_component_local_compute_j_j,48,3,10.10168368672536
paired,50,B-ALNS,stage2_component_local_compute_j_j,49,3,1.7043553463358119
paired,50,B-ALNS,stage2_component_local_compute_j_j,50,3,-33.641833548180955
paired,50,B-ALNS,stage2_component_local_compute_j_j,51,3,17.024108232061888
paired,50,B-ALNS,stage2_component_local_compute_j_j,52,3,10.009482099424835
conditional,50,GR-MR,stage2_component_transmit_j_j,45,1,0.03834875739562969
conditional,50,GR-MR,stage2_component_transmit_j_j,46,1,0.14404429482363615
conditional,50,GR-MR,stage2_component_transmit_j_j,48,1,0.158420084120098
conditional,50,GR-MR,stage2_component_transmit_j_j,49,1,0.0
conditional,50,GR-MR,stage2_component_transmit_j_j,50,1,0.08911370043429702
conditional,50,GR-MR,stage2_component_transmit_j_j,51,1,0.03311675776367937
conditional,50,GR-MR,stage2_component_transmit_j_j,52,1,0.2054105395410874
common,50,GR-MR,stage2_component_transmit_j_j,45,3,0.03834875739562969
common,50,GR-MR,stage2_component_transmit_j_j,46,3,0.14404429482363615
common,50,GR-MR,stage2_component_transmit_j_j,48,3,0.158420084120098
common,50,GR-MR,stage2_component_transmit_j_j,49,3,0.0
common,50,GR-MR,stage2_component_transmit_j_j,50,3,0.08911370043429702
common,50,GR-MR,stage2_component_transmit_j_j,51,3,0.03311675776367937
common,50,GR-MR,stage2_component_transmit_j_j,52,3,0.2054105395410874
conditional,50,FTR-NM,stage2_component_transmit_j_j,45,1,0.07846097068711783
conditional,50,FTR-NM,stage2_component_transmit_j_j,46,1,0.12754592481645732
conditional,50,FTR-NM,stage2_component_transmit_j_j,47,1,0.23432958480861943
conditional,50,FTR-NM,stage2_component_transmit_j_j,48,1,0.15949283433816558
conditional,50,FTR-NM,stage2_component_transmit_j_j,49,1,0.0
conditional,50,FTR-NM,stage2_component_transmit_j_j,50,1,0.26605812154388614
conditional,50,FTR-NM,stage2_component_transmit_j_j,51,1,0.04811427885750064
conditional,50,FTR-NM,stage2_component_transmit_j_j,52,1,0.38842564143878927
common,50,FTR-NM,stage2_component_transmit_j_j,45,3,0.07846097068711783
common,50,FTR-NM,stage2_component_transmit_j_j,46,3,0.12754592481645732
common,50,FTR-NM,stage2_component_transmit_j_j,48,3,0.15949283433816558
common,50,FTR-NM,stage2_component_transmit_j_j,49,3,0.0
common,50,FTR-NM,stage2_component_transmit_j_j,50,3,0.26605812154388614
common,50,FTR-NM,stage2_component_transmit_j_j,51,3,0.04811427885750064
common,50,FTR-NM,stage2_component_transmit_j_j,52,3,0.38842564143878927
conditional,50,RGA-MR,stage2_component_transmit_j_j,45,3,0.03834875739562969
conditional,50,RGA-MR,stage2_component_transmit_j_j,46,3,0.14404429482363615
conditional,50,RGA-MR,stage2_component_transmit_j_j,47,3,0.10565555721409559
conditional,50,RGA-MR,stage2_component_transmit_j_j,48,3,0.14998572650705527
conditional,50,RGA-MR,stage2_component_transmit_j_j,49,3,0.007399363433447097
conditional,50,RGA-MR,stage2_component_transmit_j_j,50,3,0.08911370043429702
conditional,50,RGA-MR,stage2_component_transmit_j_j,51,3,0.03311675776367937
conditional,50,RGA-MR,stage2_component_transmit_j_j,52,3,0.20541033421579852
common,50,RGA-MR,stage2_component_transmit_j_j,45,3,0.03834875739562969
common,50,RGA-MR,stage2_component_transmit_j_j,46,3,0.14404429482363615
common,50,RGA-MR,stage2_component_transmit_j_j,48,3,0.14998572650705527
common,50,RGA-MR,stage2_component_transmit_j_j,49,3,0.007399363433447097
common,50,RGA-MR,stage2_component_transmit_j_j,50,3,0.08911370043429702
common,50,RGA-MR,stage2_component_transmit_j_j,51,3,0.03311675776367937
common,50,RGA-MR,stage2_component_transmit_j_j,52,3,0.20541033421579852
conditional,50,B-ALNS,stage2_component_transmit_j_j,45,3,0.5581664497128057
conditional,50,B-ALNS,stage2_component_transmit_j_j,46,3,0.3937161912372617
conditional,50,B-ALNS,stage2_component_transmit_j_j,47,3,0.34151183789187417
conditional,50,B-ALNS,stage2_component_transmit_j_j,48,3,0.2551303371873904
conditional,50,B-ALNS,stage2_component_transmit_j_j,49,3,0.43973536436093913
conditional,50,B-ALNS,stage2_component_transmit_j_j,50,3,0.2934191819431483
conditional,50,B-ALNS,stage2_component_transmit_j_j,51,3,0.4889304070794636
conditional,50,B-ALNS,stage2_component_transmit_j_j,52,3,0.4404968624978235
common,50,B-ALNS,stage2_component_transmit_j_j,45,3,0.5581664497128057
common,50,B-ALNS,stage2_component_transmit_j_j,46,3,0.3937161912372617
common,50,B-ALNS,stage2_component_transmit_j_j,48,3,0.2551303371873904
common,50,B-ALNS,stage2_component_transmit_j_j,49,3,0.43973536436093913
common,50,B-ALNS,stage2_component_transmit_j_j,50,3,0.2934191819431483
common,50,B-ALNS,stage2_component_transmit_j_j,51,3,0.4889304070794636
common,50,B-ALNS,stage2_component_transmit_j_j,52,3,0.4404968624978235
conditional,50,ESI-ALNS,stage2_component_transmit_j_j,45,3,0.38427339930269977
conditional,50,ESI-ALNS,stage2_component_transmit_j_j,46,3,0.3937161912372617
conditional,50,ESI-ALNS,stage2_component_transmit_j_j,47,2,0.2021300001534233
conditional,50,ESI-ALNS,stage2_component_transmit_j_j,48,3,0.17019672735886804
conditional,50,ESI-ALNS,stage2_component_transmit_j_j,49,3,0.4397351537534494
conditional,50,ESI-ALNS,stage2_component_transmit_j_j,50,3,0.31894753483460064
conditional,50,ESI-ALNS,stage2_component_transmit_j_j,51,3,0.4341575728108307
conditional,50,ESI-ALNS,stage2_component_transmit_j_j,52,3,0.4404935060402366
common,50,ESI-ALNS,stage2_component_transmit_j_j,45,3,0.38427339930269977
common,50,ESI-ALNS,stage2_component_transmit_j_j,46,3,0.3937161912372617
common,50,ESI-ALNS,stage2_component_transmit_j_j,48,3,0.17019672735886804
common,50,ESI-ALNS,stage2_component_transmit_j_j,49,3,0.4397351537534494
common,50,ESI-ALNS,stage2_component_transmit_j_j,50,3,0.31894753483460064
common,50,ESI-ALNS,stage2_component_transmit_j_j,51,3,0.4341575728108307
common,50,ESI-ALNS,stage2_component_transmit_j_j,52,3,0.4404935060402366
paired,50,GR-MR,stage2_component_transmit_j_j,45,3,0.34592464190707006
paired,50,GR-MR,stage2_component_transmit_j_j,46,3,0.24967189641362558
paired,50,GR-MR,stage2_component_transmit_j_j,48,3,0.011776643238770021
paired,50,GR-MR,stage2_component_transmit_j_j,49,3,0.4397351537534494
paired,50,GR-MR,stage2_component_transmit_j_j,50,3,0.22983383440030367
paired,50,GR-MR,stage2_component_transmit_j_j,51,3,0.40104081504715133
paired,50,GR-MR,stage2_component_transmit_j_j,52,3,0.23508296649914923
paired,50,FTR-NM,stage2_component_transmit_j_j,45,3,0.30581242861558194
paired,50,FTR-NM,stage2_component_transmit_j_j,46,3,0.2661702664208044
paired,50,FTR-NM,stage2_component_transmit_j_j,47,2,-0.03219958465519611
paired,50,FTR-NM,stage2_component_transmit_j_j,48,3,0.010703893020702446
paired,50,FTR-NM,stage2_component_transmit_j_j,49,3,0.4397351537534494
paired,50,FTR-NM,stage2_component_transmit_j_j,50,3,0.052889413290714525
paired,50,FTR-NM,stage2_component_transmit_j_j,51,3,0.3860432939533301
paired,50,FTR-NM,stage2_component_transmit_j_j,52,3,0.052067864601447356
paired,50,RGA-MR,stage2_component_transmit_j_j,45,3,0.34592464190707006
paired,50,RGA-MR,stage2_component_transmit_j_j,46,3,0.24967189641362558
paired,50,RGA-MR,stage2_component_transmit_j_j,47,2,0.14201793663768636
paired,50,RGA-MR,stage2_component_transmit_j_j,48,3,0.020211000851812762
paired,50,RGA-MR,stage2_component_transmit_j_j,49,3,0.4323357903200023
paired,50,RGA-MR,stage2_component_transmit_j_j,50,3,0.22983383440030367
paired,50,RGA-MR,stage2_component_transmit_j_j,51,3,0.40104081504715133
paired,50,RGA-MR,stage2_component_transmit_j_j,52,3,0.2350831718244381
paired,50,B-ALNS,stage2_component_transmit_j_j,45,3,-0.17389305041010594
paired,50,B-ALNS,stage2_component_transmit_j_j,46,3,0.0
paired,50,B-ALNS,stage2_component_transmit_j_j,47,2,-0.1944794011560914
paired,50,B-ALNS,stage2_component_transmit_j_j,48,3,-0.0849336098285224
paired,50,B-ALNS,stage2_component_transmit_j_j,49,3,-2.1060748974418195e-07
paired,50,B-ALNS,stage2_component_transmit_j_j,50,3,0.02552835289145235
paired,50,B-ALNS,stage2_component_transmit_j_j,51,3,-0.05477283426863289
paired,50,B-ALNS,stage2_component_transmit_j_j,52,3,-3.356457586857949e-06
conditional,50,GR-MR,stage2_component_upload_hover_j_j,45,1,76.69751479125938
conditional,50,GR-MR,stage2_component_upload_hover_j_j,46,1,288.0885896472723
conditional,50,GR-MR,stage2_component_upload_hover_j_j,48,1,316.84016824019596
conditional,50,GR-MR,stage2_component_upload_hover_j_j,49,1,0.0
conditional,50,GR-MR,stage2_component_upload_hover_j_j,50,1,178.22740086859403
conditional,50,GR-MR,stage2_component_upload_hover_j_j,51,1,66.23351552735875
conditional,50,GR-MR,stage2_component_upload_hover_j_j,52,1,410.82107908217483
common,50,GR-MR,stage2_component_upload_hover_j_j,45,3,76.69751479125938
common,50,GR-MR,stage2_component_upload_hover_j_j,46,3,288.0885896472723
common,50,GR-MR,stage2_component_upload_hover_j_j,48,3,316.84016824019596
common,50,GR-MR,stage2_component_upload_hover_j_j,49,3,0.0
common,50,GR-MR,stage2_component_upload_hover_j_j,50,3,178.22740086859403
common,50,GR-MR,stage2_component_upload_hover_j_j,51,3,66.23351552735875
common,50,GR-MR,stage2_component_upload_hover_j_j,52,3,410.82107908217483
conditional,50,FTR-NM,stage2_component_upload_hover_j_j,45,1,156.92194137423564
conditional,50,FTR-NM,stage2_component_upload_hover_j_j,46,1,255.0918496329146
conditional,50,FTR-NM,stage2_component_upload_hover_j_j,47,1,468.65916961723883
conditional,50,FTR-NM,stage2_component_upload_hover_j_j,48,1,318.98566867633116
conditional,50,FTR-NM,stage2_component_upload_hover_j_j,49,1,0.0
conditional,50,FTR-NM,stage2_component_upload_hover_j_j,50,1,532.1162430877723
conditional,50,FTR-NM,stage2_component_upload_hover_j_j,51,1,96.22855771500129
conditional,50,FTR-NM,stage2_component_upload_hover_j_j,52,1,776.8512828775785
common,50,FTR-NM,stage2_component_upload_hover_j_j,45,3,156.92194137423564
common,50,FTR-NM,stage2_component_upload_hover_j_j,46,3,255.0918496329146
common,50,FTR-NM,stage2_component_upload_hover_j_j,48,3,318.98566867633116
common,50,FTR-NM,stage2_component_upload_hover_j_j,49,3,0.0
common,50,FTR-NM,stage2_component_upload_hover_j_j,50,3,532.1162430877723
common,50,FTR-NM,stage2_component_upload_hover_j_j,51,3,96.22855771500129
common,50,FTR-NM,stage2_component_upload_hover_j_j,52,3,776.8512828775785
conditional,50,RGA-MR,stage2_component_upload_hover_j_j,45,3,76.69751479125938
conditional,50,RGA-MR,stage2_component_upload_hover_j_j,46,3,288.0885896472723
conditional,50,RGA-MR,stage2_component_upload_hover_j_j,47,3,211.31111442819113
conditional,50,RGA-MR,stage2_component_upload_hover_j_j,48,3,299.9714530141105
conditional,50,RGA-MR,stage2_component_upload_hover_j_j,49,3,14.798726866894192
conditional,50,RGA-MR,stage2_component_upload_hover_j_j,50,3,178.22740086859403
conditional,50,RGA-MR,stage2_component_upload_hover_j_j,51,3,66.23351552735875
conditional,50,RGA-MR,stage2_component_upload_hover_j_j,52,3,410.8206684315971
common,50,RGA-MR,stage2_component_upload_hover_j_j,45,3,76.69751479125938
common,50,RGA-MR,stage2_component_upload_hover_j_j,46,3,288.0885896472723
common,50,RGA-MR,stage2_component_upload_hover_j_j,48,3,299.9714530141105
common,50,RGA-MR,stage2_component_upload_hover_j_j,49,3,14.798726866894192
common,50,RGA-MR,stage2_component_upload_hover_j_j,50,3,178.22740086859403
common,50,RGA-MR,stage2_component_upload_hover_j_j,51,3,66.23351552735875
common,50,RGA-MR,stage2_component_upload_hover_j_j,52,3,410.8206684315971
conditional,50,B-ALNS,stage2_component_upload_hover_j_j,45,3,1116.3328994256115
conditional,50,B-ALNS,stage2_component_upload_hover_j_j,46,3,787.4323824745235
conditional,50,B-ALNS,stage2_component_upload_hover_j_j,47,3,683.0236757837483
conditional,50,B-ALNS,stage2_component_upload_hover_j_j,48,3,510.2606743747808
conditional,50,B-ALNS,stage2_component_upload_hover_j_j,49,3,879.4707287218783
conditional,50,B-ALNS,stage2_component_upload_hover_j_j,50,3,586.8383638862965
conditional,50,B-ALNS,stage2_component_upload_hover_j_j,51,3,977.8608141589273
conditional,50,B-ALNS,stage2_component_upload_hover_j_j,52,3,880.9937249956469
common,50,B-ALNS,stage2_component_upload_hover_j_j,45,3,1116.3328994256115
common,50,B-ALNS,stage2_component_upload_hover_j_j,46,3,787.4323824745235
common,50,B-ALNS,stage2_component_upload_hover_j_j,48,3,510.2606743747808
common,50,B-ALNS,stage2_component_upload_hover_j_j,49,3,879.4707287218783
common,50,B-ALNS,stage2_component_upload_hover_j_j,50,3,586.8383638862965
common,50,B-ALNS,stage2_component_upload_hover_j_j,51,3,977.8608141589273
common,50,B-ALNS,stage2_component_upload_hover_j_j,52,3,880.9937249956469
conditional,50,ESI-ALNS,stage2_component_upload_hover_j_j,45,3,768.5467986053995
conditional,50,ESI-ALNS,stage2_component_upload_hover_j_j,46,3,787.4323824745235
conditional,50,ESI-ALNS,stage2_component_upload_hover_j_j,47,2,404.2600003068467
conditional,50,ESI-ALNS,stage2_component_upload_hover_j_j,48,3,340.393454717736
conditional,50,ESI-ALNS,stage2_component_upload_hover_j_j,49,3,879.4703075068988
conditional,50,ESI-ALNS,stage2_component_upload_hover_j_j,50,3,637.8950696692012
conditional,50,ESI-ALNS,stage2_component_upload_hover_j_j,51,3,868.3151456216615
conditional,50,ESI-ALNS,stage2_component_upload_hover_j_j,52,3,880.9870120804732
common,50,ESI-ALNS,stage2_component_upload_hover_j_j,45,3,768.5467986053995
common,50,ESI-ALNS,stage2_component_upload_hover_j_j,46,3,787.4323824745235
common,50,ESI-ALNS,stage2_component_upload_hover_j_j,48,3,340.393454717736
common,50,ESI-ALNS,stage2_component_upload_hover_j_j,49,3,879.4703075068988
common,50,ESI-ALNS,stage2_component_upload_hover_j_j,50,3,637.8950696692012
common,50,ESI-ALNS,stage2_component_upload_hover_j_j,51,3,868.3151456216615
common,50,ESI-ALNS,stage2_component_upload_hover_j_j,52,3,880.9870120804732
paired,50,GR-MR,stage2_component_upload_hover_j_j,45,3,691.8492838141401
paired,50,GR-MR,stage2_component_upload_hover_j_j,46,3,499.34379282725115
paired,50,GR-MR,stage2_component_upload_hover_j_j,48,3,23.55328647754006
paired,50,GR-MR,stage2_component_upload_hover_j_j,49,3,879.4703075068988
paired,50,GR-MR,stage2_component_upload_hover_j_j,50,3,459.66766880060726
paired,50,GR-MR,stage2_component_upload_hover_j_j,51,3,802.0816300943027
paired,50,GR-MR,stage2_component_upload_hover_j_j,52,3,470.16593299829833
paired,50,FTR-NM,stage2_component_upload_hover_j_j,45,3,611.6248572311639
paired,50,FTR-NM,stage2_component_upload_hover_j_j,46,3,532.3405328416088
paired,50,FTR-NM,stage2_component_upload_hover_j_j,47,2,-64.39916931039215
paired,50,FTR-NM,stage2_component_upload_hover_j_j,48,3,21.407786041404865
paired,50,FTR-NM,stage2_component_upload_hover_j_j,49,3,879.4703075068988
paired,50,FTR-NM,stage2_component_upload_hover_j_j,50,3,105.77882658142896
paired,50,FTR-NM,stage2_component_upload_hover_j_j,51,3,772.0865879066602
paired,50,FTR-NM,stage2_component_upload_hover_j_j,52,3,104.13572920289471
paired,50,RGA-MR,stage2_component_upload_hover_j_j,45,3,691.8492838141401
paired,50,RGA-MR,stage2_component_upload_hover_j_j,46,3,499.34379282725115
paired,50,RGA-MR,stage2_component_upload_hover_j_j,47,2,284.03587327537275
paired,50,RGA-MR,stage2_component_upload_hover_j_j,48,3,40.42200170362552
paired,50,RGA-MR,stage2_component_upload_hover_j_j,49,3,864.6715806400047
paired,50,RGA-MR,stage2_component_upload_hover_j_j,50,3,459.66766880060726
paired,50,RGA-MR,stage2_component_upload_hover_j_j,51,3,802.0816300943027
paired,50,RGA-MR,stage2_component_upload_hover_j_j,52,3,470.16634364887614
paired,50,B-ALNS,stage2_component_upload_hover_j_j,45,3,-347.78610082021197
paired,50,B-ALNS,stage2_component_upload_hover_j_j,46,3,0.0
paired,50,B-ALNS,stage2_component_upload_hover_j_j,47,2,-388.95880231218274
paired,50,B-ALNS,stage2_component_upload_hover_j_j,48,3,-169.8672196570448
paired,50,B-ALNS,stage2_component_upload_hover_j_j,49,3,-0.00042121497949665354
paired,50,B-ALNS,stage2_component_upload_hover_j_j,50,3,51.05670578290475
paired,50,B-ALNS,stage2_component_upload_hover_j_j,51,3,-109.5456685372658
paired,50,B-ALNS,stage2_component_upload_hover_j_j,52,3,-0.006712915173674598
conditional,50,GR-MR,stage2_energy_j,45,1,233506.8866174244
conditional,50,GR-MR,stage2_energy_j,46,1,227768.74887167278
conditional,50,GR-MR,stage2_energy_j,48,1,221790.49944265292
conditional,50,GR-MR,stage2_energy_j,49,1,218629.74774270994
conditional,50,GR-MR,stage2_energy_j,50,1,218081.8063913603
conditional,50,GR-MR,stage2_energy_j,51,1,233706.77049852553
conditional,50,GR-MR,stage2_energy_j,52,1,231661.86016172622
common,50,GR-MR,stage2_energy_j,45,3,233506.8866174244
common,50,GR-MR,stage2_energy_j,46,3,227768.74887167278
common,50,GR-MR,stage2_energy_j,48,3,221790.49944265292
common,50,GR-MR,stage2_energy_j,49,3,218629.74774270994
common,50,GR-MR,stage2_energy_j,50,3,218081.8063913603
common,50,GR-MR,stage2_energy_j,51,3,233706.77049852553
common,50,GR-MR,stage2_energy_j,52,3,231661.86016172622
conditional,50,FTR-NM,stage2_energy_j,45,1,234277.1580136671
conditional,50,FTR-NM,stage2_energy_j,46,1,224695.5679183578
conditional,50,FTR-NM,stage2_energy_j,47,1,229867.15470911845
conditional,50,FTR-NM,stage2_energy_j,48,1,222332.06995796174
conditional,50,FTR-NM,stage2_energy_j,49,1,218629.74774270994
conditional,50,FTR-NM,stage2_energy_j,50,1,218608.3489583648
conditional,50,FTR-NM,stage2_energy_j,51,1,241888.64498725237
conditional,50,FTR-NM,stage2_energy_j,52,1,232304.67404722405
common,50,FTR-NM,stage2_energy_j,45,3,234277.1580136671
common,50,FTR-NM,stage2_energy_j,46,3,224695.5679183578
common,50,FTR-NM,stage2_energy_j,48,3,222332.06995796174
common,50,FTR-NM,stage2_energy_j,49,3,218629.74774270994
common,50,FTR-NM,stage2_energy_j,50,3,218608.3489583648
common,50,FTR-NM,stage2_energy_j,51,3,241888.64498725237
common,50,FTR-NM,stage2_energy_j,52,3,232304.67404722405
conditional,50,RGA-MR,stage2_energy_j,45,3,233506.8866174244
conditional,50,RGA-MR,stage2_energy_j,46,3,227768.74887167278
conditional,50,RGA-MR,stage2_energy_j,47,3,236097.9911128293
conditional,50,RGA-MR,stage2_energy_j,48,3,220184.09736186016
conditional,50,RGA-MR,stage2_energy_j,49,3,218541.2447837309
conditional,50,RGA-MR,stage2_energy_j,50,3,218081.8063913603
conditional,50,RGA-MR,stage2_energy_j,51,3,233706.77049852553
conditional,50,RGA-MR,stage2_energy_j,52,3,231251.72309959074
common,50,RGA-MR,stage2_energy_j,45,3,233506.8866174244
common,50,RGA-MR,stage2_energy_j,46,3,227768.74887167278
common,50,RGA-MR,stage2_energy_j,48,3,220184.09736186016
common,50,RGA-MR,stage2_energy_j,49,3,218541.2447837309
common,50,RGA-MR,stage2_energy_j,50,3,218081.8063913603
common,50,RGA-MR,stage2_energy_j,51,3,233706.77049852553
common,50,RGA-MR,stage2_energy_j,52,3,231251.72309959074
conditional,50,B-ALNS,stage2_energy_j,45,3,177092.30198419062
conditional,50,B-ALNS,stage2_energy_j,46,3,154992.3369166688
conditional,50,B-ALNS,stage2_energy_j,47,3,178886.60342007186
conditional,50,B-ALNS,stage2_energy_j,48,3,149188.00617494155
conditional,50,B-ALNS,stage2_energy_j,49,3,154130.23025532483
conditional,50,B-ALNS,stage2_energy_j,50,3,170842.66807984115
conditional,50,B-ALNS,stage2_energy_j,51,3,174270.82102339607
conditional,50,B-ALNS,stage2_energy_j,52,3,168333.90013368608
common,50,B-ALNS,stage2_energy_j,45,3,177092.30198419062
common,50,B-ALNS,stage2_energy_j,46,3,154992.3369166688
common,50,B-ALNS,stage2_energy_j,48,3,149188.00617494155
common,50,B-ALNS,stage2_energy_j,49,3,154130.23025532483
common,50,B-ALNS,stage2_energy_j,50,3,170842.66807984115
common,50,B-ALNS,stage2_energy_j,51,3,174270.82102339607
common,50,B-ALNS,stage2_energy_j,52,3,168333.90013368608
conditional,50,ESI-ALNS,stage2_energy_j,45,3,172948.65833988815
conditional,50,ESI-ALNS,stage2_energy_j,46,3,154992.3369166688
conditional,50,ESI-ALNS,stage2_energy_j,47,2,175330.0169893471
conditional,50,ESI-ALNS,stage2_energy_j,48,3,148322.39370830817
conditional,50,ESI-ALNS,stage2_energy_j,49,3,153709.41436700817
conditional,50,ESI-ALNS,stage2_energy_j,50,3,167532.77408714345
conditional,50,ESI-ALNS,stage2_energy_j,51,3,173341.52955835947
conditional,50,ESI-ALNS,stage2_energy_j,52,3,161567.33525483496
common,50,ESI-ALNS,stage2_energy_j,45,3,172948.65833988815
common,50,ESI-ALNS,stage2_energy_j,46,3,154992.3369166688
common,50,ESI-ALNS,stage2_energy_j,48,3,148322.39370830817
common,50,ESI-ALNS,stage2_energy_j,49,3,153709.41436700817
common,50,ESI-ALNS,stage2_energy_j,50,3,167532.77408714345
common,50,ESI-ALNS,stage2_energy_j,51,3,173341.52955835947
common,50,ESI-ALNS,stage2_energy_j,52,3,161567.33525483496
paired,50,GR-MR,stage2_energy_j,45,3,-60558.22827753625
paired,50,GR-MR,stage2_energy_j,46,3,-72776.41195500396
paired,50,GR-MR,stage2_energy_j,48,3,-73468.10573434473
paired,50,GR-MR,stage2_energy_j,49,3,-64920.33337570176
paired,50,GR-MR,stage2_energy_j,50,3,-50549.032304216846
paired,50,GR-MR,stage2_energy_j,51,3,-60365.24094016606
paired,50,GR-MR,stage2_energy_j,52,3,-70094.52490689125
paired,50,FTR-NM,stage2_energy_j,45,3,-61328.49967377894
paired,50,FTR-NM,stage2_energy_j,46,3,-69703.23100168897
paired,50,FTR-NM,stage2_energy_j,47,2,-54537.13771977136
paired,50,FTR-NM,stage2_energy_j,48,3,-74009.67624965355
paired,50,FTR-NM,stage2_energy_j,49,3,-64920.33337570176
paired,50,FTR-NM,stage2_energy_j,50,3,-51075.57487122135
paired,50,FTR-NM,stage2_energy_j,51,3,-68547.11542889291
paired,50,FTR-NM,stage2_energy_j,52,3,-70737.33879238908
paired,50,RGA-MR,stage2_energy_j,45,3,-60558.22827753625
paired,50,RGA-MR,stage2_energy_j,46,3,-72776.41195500396
paired,50,RGA-MR,stage2_energy_j,47,2,-65227.493320356865
paired,50,RGA-MR,stage2_energy_j,48,3,-71861.70365355197
paired,50,RGA-MR,stage2_energy_j,49,3,-64831.830416722696
paired,50,RGA-MR,stage2_energy_j,50,3,-50549.032304216846
paired,50,RGA-MR,stage2_energy_j,51,3,-60365.24094016606
paired,50,RGA-MR,stage2_energy_j,52,3,-69684.38784475578
paired,50,B-ALNS,stage2_energy_j,45,3,-4143.643644302462
paired,50,B-ALNS,stage2_energy_j,46,3,0.0
paired,50,B-ALNS,stage2_energy_j,47,2,-233.42006609727105
paired,50,B-ALNS,stage2_energy_j,48,3,-865.6124666333781
paired,50,B-ALNS,stage2_energy_j,49,3,-420.81588831665186
paired,50,B-ALNS,stage2_energy_j,50,3,-3309.893992697694
paired,50,B-ALNS,stage2_energy_j,51,3,-929.2914650366001
paired,50,B-ALNS,stage2_energy_j,52,3,-6766.564878851117
conditional,50,GR-MR,stage2_replay_s,45,1,0.9260267340000041
conditional,50,GR-MR,stage2_replay_s,46,1,0.552232441000001
conditional,50,GR-MR,stage2_replay_s,48,1,0.4341764469999987
conditional,50,GR-MR,stage2_replay_s,49,1,0.41245759199998133
conditional,50,GR-MR,stage2_replay_s,50,1,0.4229876459999957
conditional,50,GR-MR,stage2_replay_s,51,1,0.5152351380000084
conditional,50,GR-MR,stage2_replay_s,52,1,0.5230155719999914
common,50,GR-MR,stage2_replay_s,45,3,0.9260267340000041
common,50,GR-MR,stage2_replay_s,46,3,0.552232441000001
common,50,GR-MR,stage2_replay_s,48,3,0.4341764469999987
common,50,GR-MR,stage2_replay_s,49,3,0.41245759199998133
common,50,GR-MR,stage2_replay_s,50,3,0.4229876459999957
common,50,GR-MR,stage2_replay_s,51,3,0.5152351380000084
common,50,GR-MR,stage2_replay_s,52,3,0.5230155719999914
conditional,50,FTR-NM,stage2_replay_s,45,1,0.5202805910000166
conditional,50,FTR-NM,stage2_replay_s,46,1,0.9821600760000138
conditional,50,FTR-NM,stage2_replay_s,47,1,0.5149166519999824
conditional,50,FTR-NM,stage2_replay_s,48,1,0.4272609349999925
conditional,50,FTR-NM,stage2_replay_s,49,1,0.42331411300000354
conditional,50,FTR-NM,stage2_replay_s,50,1,0.5119073070000013
conditional,50,FTR-NM,stage2_replay_s,51,1,0.4233774039999787
conditional,50,FTR-NM,stage2_replay_s,52,1,0.4249120120000214
common,50,FTR-NM,stage2_replay_s,45,3,0.5202805910000166
common,50,FTR-NM,stage2_replay_s,46,3,0.9821600760000138
common,50,FTR-NM,stage2_replay_s,48,3,0.4272609349999925
common,50,FTR-NM,stage2_replay_s,49,3,0.42331411300000354
common,50,FTR-NM,stage2_replay_s,50,3,0.5119073070000013
common,50,FTR-NM,stage2_replay_s,51,3,0.4233774039999787
common,50,FTR-NM,stage2_replay_s,52,3,0.4249120120000214
conditional,50,RGA-MR,stage2_replay_s,45,3,0.9521004736666802
conditional,50,RGA-MR,stage2_replay_s,46,3,0.4762057870000073
conditional,50,RGA-MR,stage2_replay_s,47,3,0.5093475756666711
conditional,50,RGA-MR,stage2_replay_s,48,3,0.4988723483333312
conditional,50,RGA-MR,stage2_replay_s,49,3,0.48179988566668425
conditional,50,RGA-MR,stage2_replay_s,50,3,0.48445094333333333
conditional,50,RGA-MR,stage2_replay_s,51,3,0.4826663209999917
conditional,50,RGA-MR,stage2_replay_s,52,3,0.4573965843333288
common,50,RGA-MR,stage2_replay_s,45,3,0.9521004736666802
common,50,RGA-MR,stage2_replay_s,46,3,0.4762057870000073
common,50,RGA-MR,stage2_replay_s,48,3,0.4988723483333312
common,50,RGA-MR,stage2_replay_s,49,3,0.48179988566668425
common,50,RGA-MR,stage2_replay_s,50,3,0.48445094333333333
common,50,RGA-MR,stage2_replay_s,51,3,0.4826663209999917
common,50,RGA-MR,stage2_replay_s,52,3,0.4573965843333288
conditional,50,B-ALNS,stage2_replay_s,45,3,0.42392789999999536
conditional,50,B-ALNS,stage2_replay_s,46,3,0.6538307660000081
conditional,50,B-ALNS,stage2_replay_s,47,3,0.6517390489999949
conditional,50,B-ALNS,stage2_replay_s,48,3,0.9929494296666803
conditional,50,B-ALNS,stage2_replay_s,49,3,1.1340377296666684
conditional,50,B-ALNS,stage2_replay_s,50,3,0.7906268173333331
conditional,50,B-ALNS,stage2_replay_s,51,3,0.7640939353333351
conditional,50,B-ALNS,stage2_replay_s,52,3,0.4585688280000113
common,50,B-ALNS,stage2_replay_s,45,3,0.42392789999999536
common,50,B-ALNS,stage2_replay_s,46,3,0.6538307660000081
common,50,B-ALNS,stage2_replay_s,48,3,0.9929494296666803
common,50,B-ALNS,stage2_replay_s,49,3,1.1340377296666684
common,50,B-ALNS,stage2_replay_s,50,3,0.7906268173333331
common,50,B-ALNS,stage2_replay_s,51,3,0.7640939353333351
common,50,B-ALNS,stage2_replay_s,52,3,0.4585688280000113
conditional,50,ESI-ALNS,stage2_replay_s,45,3,0.4481113326666559
conditional,50,ESI-ALNS,stage2_replay_s,46,3,0.6231538849999841
conditional,50,ESI-ALNS,stage2_replay_s,47,2,0.44079999550001503
conditional,50,ESI-ALNS,stage2_replay_s,48,3,0.9300576256666773
conditional,50,ESI-ALNS,stage2_replay_s,49,3,1.0956302889999943
conditional,50,ESI-ALNS,stage2_replay_s,50,3,0.4495215146666567
conditional,50,ESI-ALNS,stage2_replay_s,51,3,0.7662735883333198
conditional,50,ESI-ALNS,stage2_replay_s,52,3,0.4862482669999982
common,50,ESI-ALNS,stage2_replay_s,45,3,0.4481113326666559
common,50,ESI-ALNS,stage2_replay_s,46,3,0.6231538849999841
common,50,ESI-ALNS,stage2_replay_s,48,3,0.9300576256666773
common,50,ESI-ALNS,stage2_replay_s,49,3,1.0956302889999943
common,50,ESI-ALNS,stage2_replay_s,50,3,0.4495215146666567
common,50,ESI-ALNS,stage2_replay_s,51,3,0.7662735883333198
common,50,ESI-ALNS,stage2_replay_s,52,3,0.4862482669999982
paired,50,GR-MR,stage2_replay_s,45,3,-0.4779154013333482
paired,50,GR-MR,stage2_replay_s,46,3,0.07092144399998308
paired,50,GR-MR,stage2_replay_s,48,3,0.4958811786666786
paired,50,GR-MR,stage2_replay_s,49,3,0.6831726970000128
paired,50,GR-MR,stage2_replay_s,50,3,0.026533868666660965
paired,50,GR-MR,stage2_replay_s,51,3,0.2510384503333114
paired,50,GR-MR,stage2_replay_s,52,3,-0.03676730499999318
paired,50,FTR-NM,stage2_replay_s,45,3,-0.07216925833336063
paired,50,FTR-NM,stage2_replay_s,46,3,-0.3590061910000297
paired,50,FTR-NM,stage2_replay_s,47,2,-0.07411665649996735
paired,50,FTR-NM,stage2_replay_s,48,3,0.5027966906666848
paired,50,FTR-NM,stage2_replay_s,49,3,0.6723161759999906
paired,50,FTR-NM,stage2_replay_s,50,3,-0.062385792333344625
paired,50,FTR-NM,stage2_replay_s,51,3,0.3428961843333411
paired,50,FTR-NM,stage2_replay_s,52,3,0.06133625499997682
paired,50,RGA-MR,stage2_replay_s,45,3,-0.5039891410000242
paired,50,RGA-MR,stage2_replay_s,46,3,0.1469480979999768
paired,50,RGA-MR,stage2_replay_s,47,2,-0.09124800949999212
paired,50,RGA-MR,stage2_replay_s,48,3,0.43118527733334605
paired,50,RGA-MR,stage2_replay_s,49,3,0.61383040333331
paired,50,RGA-MR,stage2_replay_s,50,3,-0.034929428666676664
paired,50,RGA-MR,stage2_replay_s,51,3,0.28360726733332814
paired,50,RGA-MR,stage2_replay_s,52,3,0.028851682666669376
paired,50,B-ALNS,stage2_replay_s,45,3,0.024183432666660565
paired,50,B-ALNS,stage2_replay_s,46,3,-0.030676881000024043
paired,50,B-ALNS,stage2_replay_s,47,2,-0.32145870049997427
paired,50,B-ALNS,stage2_replay_s,48,3,-0.06289180400000305
paired,50,B-ALNS,stage2_replay_s,49,3,-0.03840744066667412
paired,50,B-ALNS,stage2_replay_s,50,3,-0.3411053026666764
paired,50,B-ALNS,stage2_replay_s,51,3,0.0021796529999846825
paired,50,B-ALNS,stage2_replay_s,52,3,0.02767943899998689
conditional,50,GR-MR,total_distance_m,45,1,12379.36650709252
conditional,50,GR-MR,total_distance_m,46,1,12053.210776091182
conditional,50,GR-MR,total_distance_m,48,1,11723.213931026015
conditional,50,GR-MR,total_distance_m,49,1,11559.706742434906
conditional,50,GR-MR,total_distance_m,50,1,11516.466352129319
conditional,50,GR-MR,total_distance_m,51,1,12387.373755661387
conditional,50,GR-MR,total_distance_m,52,1,12267.925111277686
common,50,GR-MR,total_distance_m,45,3,12379.36650709252
common,50,GR-MR,total_distance_m,46,3,12053.210776091182
common,50,GR-MR,total_distance_m,48,3,11723.213931026015
common,50,GR-MR,total_distance_m,49,3,11559.706742434906
common,50,GR-MR,total_distance_m,50,3,11516.466352129319
common,50,GR-MR,total_distance_m,51,3,12387.373755661387
common,50,GR-MR,total_distance_m,52,3,12267.925111277686
conditional,50,FTR-NM,total_distance_m,45,1,12417.700211244362
conditional,50,FTR-NM,total_distance_m,46,1,11882.138661763485
conditional,50,FTR-NM,total_distance_m,47,1,12153.485786665122
conditional,50,FTR-NM,total_distance_m,48,1,11753.637979744679
conditional,50,FTR-NM,total_distance_m,49,1,11559.706742434906
conditional,50,FTR-NM,total_distance_m,50,1,11527.03979121866
conditional,50,FTR-NM,total_distance_m,51,1,12840.254881618408
conditional,50,FTR-NM,total_distance_m,52,1,12283.291814765951
common,50,FTR-NM,total_distance_m,45,3,12417.700211244362
common,50,FTR-NM,total_distance_m,46,3,11882.138661763485
common,50,FTR-NM,total_distance_m,48,3,11753.637979744679
common,50,FTR-NM,total_distance_m,49,3,11559.706742434906
common,50,FTR-NM,total_distance_m,50,3,11527.03979121866
common,50,FTR-NM,total_distance_m,51,3,12840.254881618408
common,50,FTR-NM,total_distance_m,52,3,12283.291814765951
conditional,50,RGA-MR,total_distance_m,45,3,12379.36650709252
conditional,50,RGA-MR,total_distance_m,46,3,12053.210776091182
conditional,50,RGA-MR,total_distance_m,47,3,12515.416689960111
conditional,50,RGA-MR,total_distance_m,48,3,11635.144480760922
conditional,50,RGA-MR,total_distance_m,49,3,11555.344927109238
conditional,50,RGA-MR,total_distance_m,50,3,11516.466352129319
conditional,50,RGA-MR,total_distance_m,51,3,12387.373755661387
conditional,50,RGA-MR,total_distance_m,52,3,12245.169330597664
common,50,RGA-MR,total_distance_m,45,3,12379.36650709252
common,50,RGA-MR,total_distance_m,46,3,12053.210776091182
common,50,RGA-MR,total_distance_m,48,3,11635.144480760922
common,50,RGA-MR,total_distance_m,49,3,11555.344927109238
common,50,RGA-MR,total_distance_m,50,3,11516.466352129319
common,50,RGA-MR,total_distance_m,51,3,12387.373755661387
common,50,RGA-MR,total_distance_m,52,3,12245.169330597664
conditional,50,B-ALNS,total_distance_m,45,3,9187.105752515616
conditional,50,B-ALNS,total_distance_m,46,3,7975.849081573826
conditional,50,B-ALNS,total_distance_m,47,3,9310.532404836511
conditional,50,B-ALNS,total_distance_m,48,3,7672.988675776918
conditional,50,B-ALNS,total_distance_m,49,3,7919.859548805961
conditional,50,B-ALNS,total_distance_m,50,3,8867.625952830007
conditional,50,B-ALNS,total_distance_m,51,3,9037.886160823813
conditional,50,B-ALNS,total_distance_m,52,3,8706.998857004812
common,50,B-ALNS,total_distance_m,45,3,9187.105752515616
common,50,B-ALNS,total_distance_m,46,3,7975.849081573826
common,50,B-ALNS,total_distance_m,48,3,7672.988675776918
common,50,B-ALNS,total_distance_m,49,3,7919.859548805961
common,50,B-ALNS,total_distance_m,50,3,8867.625952830007
common,50,B-ALNS,total_distance_m,51,3,9037.886160823813
common,50,B-ALNS,total_distance_m,52,3,8706.998857004812
conditional,50,ESI-ALNS,total_distance_m,45,3,8977.217608342846
conditional,50,ESI-ALNS,total_distance_m,46,3,7975.849081573826
conditional,50,ESI-ALNS,total_distance_m,47,2,9126.910656208198
conditional,50,ESI-ALNS,total_distance_m,48,3,7633.779675940627
conditional,50,ESI-ALNS,total_distance_m,49,3,7896.386225348328
conditional,50,ESI-ALNS,total_distance_m,50,3,8682.774042091934
conditional,50,ESI-ALNS,total_distance_m,51,3,8991.401986829529
conditional,50,ESI-ALNS,total_distance_m,52,3,8330.522876744872
common,50,ESI-ALNS,total_distance_m,45,3,8977.217608342846
common,50,ESI-ALNS,total_distance_m,46,3,7975.849081573826
common,50,ESI-ALNS,total_distance_m,48,3,7633.779675940627
common,50,ESI-ALNS,total_distance_m,49,3,7896.386225348328
common,50,ESI-ALNS,total_distance_m,50,3,8682.774042091934
common,50,ESI-ALNS,total_distance_m,51,3,8991.401986829529
common,50,ESI-ALNS,total_distance_m,52,3,8330.522876744872
paired,50,GR-MR,total_distance_m,45,3,-3402.148898749674
paired,50,GR-MR,total_distance_m,46,3,-4077.3616945173558
paired,50,GR-MR,total_distance_m,48,3,-4089.4342550853876
paired,50,GR-MR,total_distance_m,49,3,-3663.3205170865785
paired,50,GR-MR,total_distance_m,50,3,-2833.6923100373842
paired,50,GR-MR,total_distance_m,51,3,-3395.9717688318583
paired,50,GR-MR,total_distance_m,52,3,-3937.402234532814
paired,50,FTR-NM,total_distance_m,45,3,-3440.4826029015167
paired,50,FTR-NM,total_distance_m,46,3,-3906.289580189659
paired,50,FTR-NM,total_distance_m,47,2,-3026.575130456924
paired,50,FTR-NM,total_distance_m,48,3,-4119.8583038040515
paired,50,FTR-NM,total_distance_m,49,3,-3663.3205170865785
paired,50,FTR-NM,total_distance_m,50,3,-2844.2657491267255
paired,50,FTR-NM,total_distance_m,51,3,-3848.8528947888794
paired,50,FTR-NM,total_distance_m,52,3,-3952.7689380210795
paired,50,RGA-MR,total_distance_m,45,3,-3402.148898749674
paired,50,RGA-MR,total_distance_m,46,3,-4077.3616945173558
paired,50,RGA-MR,total_distance_m,47,2,-3642.2054828958826
paired,50,RGA-MR,total_distance_m,48,3,-4001.364804820294
paired,50,RGA-MR,total_distance_m,49,3,-3658.9587017609097
paired,50,RGA-MR,total_distance_m,50,3,-2833.6923100373842
paired,50,RGA-MR,total_distance_m,51,3,-3395.9717688318583
paired,50,RGA-MR,total_distance_m,52,3,-3914.646453852793
paired,50,B-ALNS,total_distance_m,45,3,-209.8881441727699
paired,50,B-ALNS,total_distance_m,46,3,0.0
paired,50,B-ALNS,total_distance_m,47,2,7.856187098124792
paired,50,B-ALNS,total_distance_m,48,3,-39.208999836290786
paired,50,B-ALNS,total_distance_m,49,3,-23.47332345763304
paired,50,B-ALNS,total_distance_m,50,3,-184.85191073807314
paired,50,B-ALNS,total_distance_m,51,3,-46.484173994284596
paired,50,B-ALNS,total_distance_m,52,3,-376.47598025993983
conditional,60,GR-MR,both_stages_qualified_rate,45,1,1.0
conditional,60,GR-MR,both_stages_qualified_rate,46,1,1.0
conditional,60,GR-MR,both_stages_qualified_rate,47,1,0.0
conditional,60,GR-MR,both_stages_qualified_rate,48,1,1.0
conditional,60,GR-MR,both_stages_qualified_rate,49,1,1.0
conditional,60,GR-MR,both_stages_qualified_rate,50,1,1.0
conditional,60,GR-MR,both_stages_qualified_rate,51,1,0.0
conditional,60,GR-MR,both_stages_qualified_rate,52,1,1.0
common,60,GR-MR,both_stages_qualified_rate,45,3,1.0
common,60,GR-MR,both_stages_qualified_rate,46,3,1.0
common,60,GR-MR,both_stages_qualified_rate,47,3,0.0
common,60,GR-MR,both_stages_qualified_rate,48,3,1.0
common,60,GR-MR,both_stages_qualified_rate,49,3,1.0
common,60,GR-MR,both_stages_qualified_rate,50,3,1.0
common,60,GR-MR,both_stages_qualified_rate,51,3,0.0
common,60,GR-MR,both_stages_qualified_rate,52,3,1.0
conditional,60,FTR-NM,both_stages_qualified_rate,45,1,0.0
conditional,60,FTR-NM,both_stages_qualified_rate,46,1,1.0
conditional,60,FTR-NM,both_stages_qualified_rate,47,1,0.0
conditional,60,FTR-NM,both_stages_qualified_rate,48,1,1.0
conditional,60,FTR-NM,both_stages_qualified_rate,49,1,1.0
conditional,60,FTR-NM,both_stages_qualified_rate,50,1,1.0
conditional,60,FTR-NM,both_stages_qualified_rate,51,1,0.0
conditional,60,FTR-NM,both_stages_qualified_rate,52,1,1.0
common,60,FTR-NM,both_stages_qualified_rate,45,3,0.0
common,60,FTR-NM,both_stages_qualified_rate,46,3,1.0
common,60,FTR-NM,both_stages_qualified_rate,47,3,0.0
common,60,FTR-NM,both_stages_qualified_rate,48,3,1.0
common,60,FTR-NM,both_stages_qualified_rate,49,3,1.0
common,60,FTR-NM,both_stages_qualified_rate,50,3,1.0
common,60,FTR-NM,both_stages_qualified_rate,51,3,0.0
common,60,FTR-NM,both_stages_qualified_rate,52,3,1.0
conditional,60,RGA-MR,both_stages_qualified_rate,45,3,1.0
conditional,60,RGA-MR,both_stages_qualified_rate,46,3,1.0
conditional,60,RGA-MR,both_stages_qualified_rate,47,3,0.0
conditional,60,RGA-MR,both_stages_qualified_rate,48,3,1.0
conditional,60,RGA-MR,both_stages_qualified_rate,49,3,1.0
conditional,60,RGA-MR,both_stages_qualified_rate,50,3,1.0
conditional,60,RGA-MR,both_stages_qualified_rate,51,3,0.0
conditional,60,RGA-MR,both_stages_qualified_rate,52,3,1.0
common,60,RGA-MR,both_stages_qualified_rate,45,3,1.0
common,60,RGA-MR,both_stages_qualified_rate,46,3,1.0
common,60,RGA-MR,both_stages_qualified_rate,47,3,0.0
common,60,RGA-MR,both_stages_qualified_rate,48,3,1.0
common,60,RGA-MR,both_stages_qualified_rate,49,3,1.0
common,60,RGA-MR,both_stages_qualified_rate,50,3,1.0
common,60,RGA-MR,both_stages_qualified_rate,51,3,0.0
common,60,RGA-MR,both_stages_qualified_rate,52,3,1.0
conditional,60,B-ALNS,both_stages_qualified_rate,45,3,1.0
conditional,60,B-ALNS,both_stages_qualified_rate,46,3,1.0
conditional,60,B-ALNS,both_stages_qualified_rate,47,3,1.0
conditional,60,B-ALNS,both_stages_qualified_rate,48,3,1.0
conditional,60,B-ALNS,both_stages_qualified_rate,49,3,1.0
conditional,60,B-ALNS,both_stages_qualified_rate,50,3,0.6666666666666666
conditional,60,B-ALNS,both_stages_qualified_rate,51,3,1.0
conditional,60,B-ALNS,both_stages_qualified_rate,52,3,1.0
common,60,B-ALNS,both_stages_qualified_rate,45,3,1.0
common,60,B-ALNS,both_stages_qualified_rate,46,3,1.0
common,60,B-ALNS,both_stages_qualified_rate,47,3,1.0
common,60,B-ALNS,both_stages_qualified_rate,48,3,1.0
common,60,B-ALNS,both_stages_qualified_rate,49,3,1.0
common,60,B-ALNS,both_stages_qualified_rate,50,3,0.6666666666666666
common,60,B-ALNS,both_stages_qualified_rate,51,3,1.0
common,60,B-ALNS,both_stages_qualified_rate,52,3,1.0
conditional,60,ESI-ALNS,both_stages_qualified_rate,45,3,1.0
conditional,60,ESI-ALNS,both_stages_qualified_rate,46,3,1.0
conditional,60,ESI-ALNS,both_stages_qualified_rate,47,3,1.0
conditional,60,ESI-ALNS,both_stages_qualified_rate,48,3,1.0
conditional,60,ESI-ALNS,both_stages_qualified_rate,49,3,1.0
conditional,60,ESI-ALNS,both_stages_qualified_rate,50,3,0.6666666666666666
conditional,60,ESI-ALNS,both_stages_qualified_rate,51,3,1.0
conditional,60,ESI-ALNS,both_stages_qualified_rate,52,3,1.0
common,60,ESI-ALNS,both_stages_qualified_rate,45,3,1.0
common,60,ESI-ALNS,both_stages_qualified_rate,46,3,1.0
common,60,ESI-ALNS,both_stages_qualified_rate,47,3,1.0
common,60,ESI-ALNS,both_stages_qualified_rate,48,3,1.0
common,60,ESI-ALNS,both_stages_qualified_rate,49,3,1.0
common,60,ESI-ALNS,both_stages_qualified_rate,50,3,0.6666666666666666
common,60,ESI-ALNS,both_stages_qualified_rate,51,3,1.0
common,60,ESI-ALNS,both_stages_qualified_rate,52,3,1.0
paired,60,GR-MR,both_stages_qualified_rate,45,3,0.0
paired,60,GR-MR,both_stages_qualified_rate,46,3,0.0
paired,60,GR-MR,both_stages_qualified_rate,47,3,1.0
paired,60,GR-MR,both_stages_qualified_rate,48,3,0.0
paired,60,GR-MR,both_stages_qualified_rate,49,3,0.0
paired,60,GR-MR,both_stages_qualified_rate,50,3,-0.3333333333333333
paired,60,GR-MR,both_stages_qualified_rate,51,3,1.0
paired,60,GR-MR,both_stages_qualified_rate,52,3,0.0
paired,60,FTR-NM,both_stages_qualified_rate,45,3,1.0
paired,60,FTR-NM,both_stages_qualified_rate,46,3,0.0
paired,60,FTR-NM,both_stages_qualified_rate,47,3,1.0
paired,60,FTR-NM,both_stages_qualified_rate,48,3,0.0
paired,60,FTR-NM,both_stages_qualified_rate,49,3,0.0
paired,60,FTR-NM,both_stages_qualified_rate,50,3,-0.3333333333333333
paired,60,FTR-NM,both_stages_qualified_rate,51,3,1.0
paired,60,FTR-NM,both_stages_qualified_rate,52,3,0.0
paired,60,RGA-MR,both_stages_qualified_rate,45,3,0.0
paired,60,RGA-MR,both_stages_qualified_rate,46,3,0.0
paired,60,RGA-MR,both_stages_qualified_rate,47,3,1.0
paired,60,RGA-MR,both_stages_qualified_rate,48,3,0.0
paired,60,RGA-MR,both_stages_qualified_rate,49,3,0.0
paired,60,RGA-MR,both_stages_qualified_rate,50,3,-0.3333333333333333
paired,60,RGA-MR,both_stages_qualified_rate,51,3,1.0
paired,60,RGA-MR,both_stages_qualified_rate,52,3,0.0
paired,60,B-ALNS,both_stages_qualified_rate,45,3,0.0
paired,60,B-ALNS,both_stages_qualified_rate,46,3,0.0
paired,60,B-ALNS,both_stages_qualified_rate,47,3,0.0
paired,60,B-ALNS,both_stages_qualified_rate,48,3,0.0
paired,60,B-ALNS,both_stages_qualified_rate,49,3,0.0
paired,60,B-ALNS,both_stages_qualified_rate,50,3,0.0
paired,60,B-ALNS,both_stages_qualified_rate,51,3,0.0
paired,60,B-ALNS,both_stages_qualified_rate,52,3,0.0
conditional,60,GR-MR,contacts,45,1,3.0
conditional,60,GR-MR,contacts,46,1,1.0
conditional,60,GR-MR,contacts,48,1,1.0
conditional,60,GR-MR,contacts,49,1,2.0
conditional,60,GR-MR,contacts,50,1,1.0
conditional,60,GR-MR,contacts,52,1,4.0
common,60,GR-MR,contacts,46,3,1.0
common,60,GR-MR,contacts,48,3,1.0
common,60,GR-MR,contacts,49,3,2.0
common,60,GR-MR,contacts,50,2,1.0
common,60,GR-MR,contacts,52,3,4.0
conditional,60,FTR-NM,contacts,46,1,1.0
conditional,60,FTR-NM,contacts,48,1,1.0
conditional,60,FTR-NM,contacts,49,1,2.0
conditional,60,FTR-NM,contacts,50,1,3.0
conditional,60,FTR-NM,contacts,52,1,4.0
common,60,FTR-NM,contacts,46,3,1.0
common,60,FTR-NM,contacts,48,3,1.0
common,60,FTR-NM,contacts,49,3,2.0
common,60,FTR-NM,contacts,50,2,3.0
common,60,FTR-NM,contacts,52,3,4.0
conditional,60,RGA-MR,contacts,45,3,3.3333333333333335
conditional,60,RGA-MR,contacts,46,3,1.0
conditional,60,RGA-MR,contacts,48,3,1.0
conditional,60,RGA-MR,contacts,49,3,2.0
conditional,60,RGA-MR,contacts,50,3,1.0
conditional,60,RGA-MR,contacts,52,3,4.0
common,60,RGA-MR,contacts,46,3,1.0
common,60,RGA-MR,contacts,48,3,1.0
common,60,RGA-MR,contacts,49,3,2.0
common,60,RGA-MR,contacts,50,2,1.0
common,60,RGA-MR,contacts,52,3,4.0
conditional,60,B-ALNS,contacts,45,3,4.333333333333333
conditional,60,B-ALNS,contacts,46,3,3.3333333333333335
conditional,60,B-ALNS,contacts,47,3,3.3333333333333335
conditional,60,B-ALNS,contacts,48,3,3.3333333333333335
conditional,60,B-ALNS,contacts,49,3,4.0
conditional,60,B-ALNS,contacts,50,2,6.0
conditional,60,B-ALNS,contacts,51,3,3.3333333333333335
conditional,60,B-ALNS,contacts,52,3,3.6666666666666665
common,60,B-ALNS,contacts,46,3,3.3333333333333335
common,60,B-ALNS,contacts,48,3,3.3333333333333335
common,60,B-ALNS,contacts,49,3,4.0
common,60,B-ALNS,contacts,50,2,6.0
common,60,B-ALNS,contacts,52,3,3.6666666666666665
conditional,60,ESI-ALNS,contacts,45,3,4.333333333333333
conditional,60,ESI-ALNS,contacts,46,3,3.0
conditional,60,ESI-ALNS,contacts,47,3,2.6666666666666665
conditional,60,ESI-ALNS,contacts,48,3,3.0
conditional,60,ESI-ALNS,contacts,49,3,3.6666666666666665
conditional,60,ESI-ALNS,contacts,50,2,5.5
conditional,60,ESI-ALNS,contacts,51,3,3.3333333333333335
conditional,60,ESI-ALNS,contacts,52,3,3.3333333333333335
common,60,ESI-ALNS,contacts,46,3,3.0
common,60,ESI-ALNS,contacts,48,3,3.0
common,60,ESI-ALNS,contacts,49,3,3.6666666666666665
common,60,ESI-ALNS,contacts,50,2,5.5
common,60,ESI-ALNS,contacts,52,3,3.3333333333333335
paired,60,GR-MR,contacts,45,3,1.3333333333333333
paired,60,GR-MR,contacts,46,3,2.0
paired,60,GR-MR,contacts,48,3,2.0
paired,60,GR-MR,contacts,49,3,1.6666666666666667
paired,60,GR-MR,contacts,50,2,4.5
paired,60,GR-MR,contacts,52,3,-0.6666666666666666
paired,60,FTR-NM,contacts,46,3,2.0
paired,60,FTR-NM,contacts,48,3,2.0
paired,60,FTR-NM,contacts,49,3,1.6666666666666667
paired,60,FTR-NM,contacts,50,2,2.5
paired,60,FTR-NM,contacts,52,3,-0.6666666666666666
paired,60,RGA-MR,contacts,45,3,1.0
paired,60,RGA-MR,contacts,46,3,2.0
paired,60,RGA-MR,contacts,48,3,2.0
paired,60,RGA-MR,contacts,49,3,1.6666666666666667
paired,60,RGA-MR,contacts,50,2,4.5
paired,60,RGA-MR,contacts,52,3,-0.6666666666666666
paired,60,B-ALNS,contacts,45,3,0.0
paired,60,B-ALNS,contacts,46,3,-0.3333333333333333
paired,60,B-ALNS,contacts,47,3,-0.6666666666666666
paired,60,B-ALNS,contacts,48,3,-0.3333333333333333
paired,60,B-ALNS,contacts,49,3,-0.3333333333333333
paired,60,B-ALNS,contacts,50,2,-0.5
paired,60,B-ALNS,contacts,51,3,0.0
paired,60,B-ALNS,contacts,52,3,-0.3333333333333333
conditional,60,GR-MR,cpu_stage2_minus_stage1,45,1,-0.16435225826819722
conditional,60,GR-MR,cpu_stage2_minus_stage1,46,1,-0.3938188750450225
conditional,60,GR-MR,cpu_stage2_minus_stage1,48,1,-0.5314172177358885
conditional,60,GR-MR,cpu_stage2_minus_stage1,49,1,-0.6797314473524818
conditional,60,GR-MR,cpu_stage2_minus_stage1,50,1,-0.6159943725582337
conditional,60,GR-MR,cpu_stage2_minus_stage1,52,1,-0.8409644531999754
common,60,GR-MR,cpu_stage2_minus_stage1,46,3,-0.3938188750450225
common,60,GR-MR,cpu_stage2_minus_stage1,48,3,-0.5314172177358885
common,60,GR-MR,cpu_stage2_minus_stage1,49,3,-0.6797314473524818
common,60,GR-MR,cpu_stage2_minus_stage1,50,2,-0.6159943725582337
common,60,GR-MR,cpu_stage2_minus_stage1,52,3,-0.8409644531999754
conditional,60,FTR-NM,cpu_stage2_minus_stage1,46,1,-0.27363471033932507
conditional,60,FTR-NM,cpu_stage2_minus_stage1,48,1,-0.6860705701530602
conditional,60,FTR-NM,cpu_stage2_minus_stage1,49,1,-0.7298081343978089
conditional,60,FTR-NM,cpu_stage2_minus_stage1,50,1,-1.2626671733111838
conditional,60,FTR-NM,cpu_stage2_minus_stage1,52,1,-1.029049043624518
common,60,FTR-NM,cpu_stage2_minus_stage1,46,3,-0.27363471033932507
common,60,FTR-NM,cpu_stage2_minus_stage1,48,3,-0.6860705701530602
common,60,FTR-NM,cpu_stage2_minus_stage1,49,3,-0.7298081343978089
common,60,FTR-NM,cpu_stage2_minus_stage1,50,2,-1.2626671733111838
common,60,FTR-NM,cpu_stage2_minus_stage1,52,3,-1.029049043624518
conditional,60,RGA-MR,cpu_stage2_minus_stage1,45,3,-0.5673910461108408
conditional,60,RGA-MR,cpu_stage2_minus_stage1,46,3,-0.3938188750450225
conditional,60,RGA-MR,cpu_stage2_minus_stage1,48,3,-0.5471300705966986
conditional,60,RGA-MR,cpu_stage2_minus_stage1,49,3,-0.6797314473524818
conditional,60,RGA-MR,cpu_stage2_minus_stage1,50,3,-0.6159943725582337
conditional,60,RGA-MR,cpu_stage2_minus_stage1,52,3,-0.8409644531999754
common,60,RGA-MR,cpu_stage2_minus_stage1,46,3,-0.3938188750450225
common,60,RGA-MR,cpu_stage2_minus_stage1,48,3,-0.5471300705966986
common,60,RGA-MR,cpu_stage2_minus_stage1,49,3,-0.6797314473524818
common,60,RGA-MR,cpu_stage2_minus_stage1,50,2,-0.6159943725582337
common,60,RGA-MR,cpu_stage2_minus_stage1,52,3,-0.8409644531999754
conditional,60,B-ALNS,cpu_stage2_minus_stage1,45,3,-0.8619510166378577
conditional,60,B-ALNS,cpu_stage2_minus_stage1,46,3,-0.3637152068728195
conditional,60,B-ALNS,cpu_stage2_minus_stage1,47,3,-0.5102576608927254
conditional,60,B-ALNS,cpu_stage2_minus_stage1,48,3,-0.9047161148596262
conditional,60,B-ALNS,cpu_stage2_minus_stage1,49,3,-0.7368186545011942
conditional,60,B-ALNS,cpu_stage2_minus_stage1,50,2,-0.6092489555514751
conditional,60,B-ALNS,cpu_stage2_minus_stage1,51,3,-1.0387916342672832
conditional,60,B-ALNS,cpu_stage2_minus_stage1,52,3,-0.7816319481122457
common,60,B-ALNS,cpu_stage2_minus_stage1,46,3,-0.3637152068728195
common,60,B-ALNS,cpu_stage2_minus_stage1,48,3,-0.9047161148596262
common,60,B-ALNS,cpu_stage2_minus_stage1,49,3,-0.7368186545011942
common,60,B-ALNS,cpu_stage2_minus_stage1,50,2,-0.6092489555514751
common,60,B-ALNS,cpu_stage2_minus_stage1,52,3,-0.7816319481122457
conditional,60,ESI-ALNS,cpu_stage2_minus_stage1,45,3,-0.7937145914912994
conditional,60,ESI-ALNS,cpu_stage2_minus_stage1,46,3,-0.4937595995005844
conditional,60,ESI-ALNS,cpu_stage2_minus_stage1,47,3,-0.6612500378311624
conditional,60,ESI-ALNS,cpu_stage2_minus_stage1,48,3,-0.9828988213557681
conditional,60,ESI-ALNS,cpu_stage2_minus_stage1,49,3,-0.6890942037709474
conditional,60,ESI-ALNS,cpu_stage2_minus_stage1,50,2,-0.4692484310461055
conditional,60,ESI-ALNS,cpu_stage2_minus_stage1,51,3,-0.9378604880599455
conditional,60,ESI-ALNS,cpu_stage2_minus_stage1,52,3,-0.8306008257921298
common,60,ESI-ALNS,cpu_stage2_minus_stage1,46,3,-0.4937595995005844
common,60,ESI-ALNS,cpu_stage2_minus_stage1,48,3,-0.9828988213557681
common,60,ESI-ALNS,cpu_stage2_minus_stage1,49,3,-0.6890942037709474
common,60,ESI-ALNS,cpu_stage2_minus_stage1,50,2,-0.4692484310461055
common,60,ESI-ALNS,cpu_stage2_minus_stage1,52,3,-0.8306008257921298
paired,60,GR-MR,cpu_stage2_minus_stage1,45,3,-0.6293623332231022
paired,60,GR-MR,cpu_stage2_minus_stage1,46,3,-0.09994072445556194
paired,60,GR-MR,cpu_stage2_minus_stage1,48,3,-0.4514816036198796
paired,60,GR-MR,cpu_stage2_minus_stage1,49,3,-0.009362756418465623
paired,60,GR-MR,cpu_stage2_minus_stage1,50,2,0.14674594151212828
paired,60,GR-MR,cpu_stage2_minus_stage1,52,3,0.010363627407845613
paired,60,FTR-NM,cpu_stage2_minus_stage1,46,3,-0.22012488916125936
paired,60,FTR-NM,cpu_stage2_minus_stage1,48,3,-0.2968282512027079
paired,60,FTR-NM,cpu_stage2_minus_stage1,49,3,0.04071393062686146
paired,60,FTR-NM,cpu_stage2_minus_stage1,50,2,0.7934187422650784
paired,60,FTR-NM,cpu_stage2_minus_stage1,52,3,0.19844821783238834
paired,60,RGA-MR,cpu_stage2_minus_stage1,45,3,-0.22632354538045862
paired,60,RGA-MR,cpu_stage2_minus_stage1,46,3,-0.09994072445556194
paired,60,RGA-MR,cpu_stage2_minus_stage1,48,3,-0.43576875075906946
paired,60,RGA-MR,cpu_stage2_minus_stage1,49,3,-0.009362756418465623
paired,60,RGA-MR,cpu_stage2_minus_stage1,50,2,0.14674594151212828
paired,60,RGA-MR,cpu_stage2_minus_stage1,52,3,0.010363627407845613
paired,60,B-ALNS,cpu_stage2_minus_stage1,45,3,0.0682364251465583
paired,60,B-ALNS,cpu_stage2_minus_stage1,46,3,-0.13004439262776493
paired,60,B-ALNS,cpu_stage2_minus_stage1,47,3,-0.150992376938437
paired,60,B-ALNS,cpu_stage2_minus_stage1,48,3,-0.07818270649614185
paired,60,B-ALNS,cpu_stage2_minus_stage1,49,3,0.047724450730246816
paired,60,B-ALNS,cpu_stage2_minus_stage1,50,2,0.1400005245053696
paired,60,B-ALNS,cpu_stage2_minus_stage1,51,3,0.10093114620733763
paired,60,B-ALNS,cpu_stage2_minus_stage1,52,3,-0.04896887767988408
conditional,60,GR-MR,energy_stage2_minus_stage1_j,45,1,0.24216801393777132
conditional,60,GR-MR,energy_stage2_minus_stage1_j,46,1,0.19063665479188785
conditional,60,GR-MR,energy_stage2_minus_stage1_j,48,1,0.18061460985336453
conditional,60,GR-MR,energy_stage2_minus_stage1_j,49,1,0.2352527080802247
conditional,60,GR-MR,energy_stage2_minus_stage1_j,50,1,0.1863725254952442
conditional,60,GR-MR,energy_stage2_minus_stage1_j,52,1,0.2358449650928378
common,60,GR-MR,energy_stage2_minus_stage1_j,46,3,0.19063665479188785
common,60,GR-MR,energy_stage2_minus_stage1_j,48,3,0.18061460985336453
common,60,GR-MR,energy_stage2_minus_stage1_j,49,3,0.2352527080802247
common,60,GR-MR,energy_stage2_minus_stage1_j,50,2,0.1863725254952442
common,60,GR-MR,energy_stage2_minus_stage1_j,52,3,0.2358449650928378
conditional,60,FTR-NM,energy_stage2_minus_stage1_j,46,1,0.18976481509162113
conditional,60,FTR-NM,energy_stage2_minus_stage1_j,48,1,0.18529316227068193
conditional,60,FTR-NM,energy_stage2_minus_stage1_j,49,1,0.23668650901527144
conditional,60,FTR-NM,energy_stage2_minus_stage1_j,50,1,0.19417545257601887
conditional,60,FTR-NM,energy_stage2_minus_stage1_j,52,1,0.23867985198739916
common,60,FTR-NM,energy_stage2_minus_stage1_j,46,3,0.18976481509162113
common,60,FTR-NM,energy_stage2_minus_stage1_j,48,3,0.18529316227068193
common,60,FTR-NM,energy_stage2_minus_stage1_j,49,3,0.23668650901527144
common,60,FTR-NM,energy_stage2_minus_stage1_j,50,2,0.19417545257601887
common,60,FTR-NM,energy_stage2_minus_stage1_j,52,3,0.23867985198739916
conditional,60,RGA-MR,energy_stage2_minus_stage1_j,45,3,0.25993439712328836
conditional,60,RGA-MR,energy_stage2_minus_stage1_j,46,3,0.19063665479188785
conditional,60,RGA-MR,energy_stage2_minus_stage1_j,48,3,0.18090040318202227
conditional,60,RGA-MR,energy_stage2_minus_stage1_j,49,3,0.2352527080802247
conditional,60,RGA-MR,energy_stage2_minus_stage1_j,50,3,0.1863725254952442
conditional,60,RGA-MR,energy_stage2_minus_stage1_j,52,3,0.2358449650928378
common,60,RGA-MR,energy_stage2_minus_stage1_j,46,3,0.19063665479188785
common,60,RGA-MR,energy_stage2_minus_stage1_j,48,3,0.18090040318202227
common,60,RGA-MR,energy_stage2_minus_stage1_j,49,3,0.2352527080802247
common,60,RGA-MR,energy_stage2_minus_stage1_j,50,2,0.1863725254952442
common,60,RGA-MR,energy_stage2_minus_stage1_j,52,3,0.2358449650928378
conditional,60,B-ALNS,energy_stage2_minus_stage1_j,45,3,0.17967118108451055
conditional,60,B-ALNS,energy_stage2_minus_stage1_j,46,3,0.18461249736719765
conditional,60,B-ALNS,energy_stage2_minus_stage1_j,47,3,0.18349573641899042
conditional,60,B-ALNS,energy_stage2_minus_stage1_j,48,3,0.1681729297270067
conditional,60,B-ALNS,energy_stage2_minus_stage1_j,49,3,0.16790953873229833
conditional,60,B-ALNS,energy_stage2_minus_stage1_j,50,2,0.17179701892018784
conditional,60,B-ALNS,energy_stage2_minus_stage1_j,51,3,0.16607178561389446
conditional,60,B-ALNS,energy_stage2_minus_stage1_j,52,3,0.17762193332115808
common,60,B-ALNS,energy_stage2_minus_stage1_j,46,3,0.18461249736719765
common,60,B-ALNS,energy_stage2_minus_stage1_j,48,3,0.1681729297270067
common,60,B-ALNS,energy_stage2_minus_stage1_j,49,3,0.16790953873229833
common,60,B-ALNS,energy_stage2_minus_stage1_j,50,2,0.17179701892018784
common,60,B-ALNS,energy_stage2_minus_stage1_j,52,3,0.17762193332115808
conditional,60,ESI-ALNS,energy_stage2_minus_stage1_j,45,3,0.16710822312355353
conditional,60,ESI-ALNS,energy_stage2_minus_stage1_j,46,3,0.17383082671828257
conditional,60,ESI-ALNS,energy_stage2_minus_stage1_j,47,3,0.16830593551276252
conditional,60,ESI-ALNS,energy_stage2_minus_stage1_j,48,3,0.16814403928583488
conditional,60,ESI-ALNS,energy_stage2_minus_stage1_j,49,3,0.17543542277417146
conditional,60,ESI-ALNS,energy_stage2_minus_stage1_j,50,2,0.17167498709750362
conditional,60,ESI-ALNS,energy_stage2_minus_stage1_j,51,3,0.16602176057252413
conditional,60,ESI-ALNS,energy_stage2_minus_stage1_j,52,3,0.1668931364256423
common,60,ESI-ALNS,energy_stage2_minus_stage1_j,46,3,0.17383082671828257
common,60,ESI-ALNS,energy_stage2_minus_stage1_j,48,3,0.16814403928583488
common,60,ESI-ALNS,energy_stage2_minus_stage1_j,49,3,0.17543542277417146
common,60,ESI-ALNS,energy_stage2_minus_stage1_j,50,2,0.17167498709750362
common,60,ESI-ALNS,energy_stage2_minus_stage1_j,52,3,0.1668931364256423
paired,60,GR-MR,energy_stage2_minus_stage1_j,45,3,-0.0750597908142178
paired,60,GR-MR,energy_stage2_minus_stage1_j,46,3,-0.016805828073605273
paired,60,GR-MR,energy_stage2_minus_stage1_j,48,3,-0.012470570567529649
paired,60,GR-MR,energy_stage2_minus_stage1_j,49,3,-0.059817285306053236
paired,60,GR-MR,energy_stage2_minus_stage1_j,50,2,-0.014697538397740573
paired,60,GR-MR,energy_stage2_minus_stage1_j,52,3,-0.06895182866719551
paired,60,FTR-NM,energy_stage2_minus_stage1_j,46,3,-0.015933988373338554
paired,60,FTR-NM,energy_stage2_minus_stage1_j,48,3,-0.017149122984847054
paired,60,FTR-NM,energy_stage2_minus_stage1_j,49,3,-0.06125108624109998
paired,60,FTR-NM,energy_stage2_minus_stage1_j,50,2,-0.022500465478515252
paired,60,FTR-NM,energy_stage2_minus_stage1_j,52,3,-0.07178671556175686
paired,60,RGA-MR,energy_stage2_minus_stage1_j,45,3,-0.09282617399973485
paired,60,RGA-MR,energy_stage2_minus_stage1_j,46,3,-0.016805828073605273
paired,60,RGA-MR,energy_stage2_minus_stage1_j,48,3,-0.012756363896187395
paired,60,RGA-MR,energy_stage2_minus_stage1_j,49,3,-0.059817285306053236
paired,60,RGA-MR,energy_stage2_minus_stage1_j,50,2,-0.014697538397740573
paired,60,RGA-MR,energy_stage2_minus_stage1_j,52,3,-0.06895182866719551
paired,60,B-ALNS,energy_stage2_minus_stage1_j,45,3,-0.012562957960957041
paired,60,B-ALNS,energy_stage2_minus_stage1_j,46,3,-0.010781670648915073
paired,60,B-ALNS,energy_stage2_minus_stage1_j,47,3,-0.015189800906227902
paired,60,B-ALNS,energy_stage2_minus_stage1_j,48,3,-2.8890441171824932e-05
paired,60,B-ALNS,energy_stage2_minus_stage1_j,49,3,0.007525884041873117
paired,60,B-ALNS,energy_stage2_minus_stage1_j,50,2,-0.00012203182268422097
paired,60,B-ALNS,energy_stage2_minus_stage1_j,51,3,-5.002504137034217e-05
paired,60,B-ALNS,energy_stage2_minus_stage1_j,52,3,-0.010728796895515794
conditional,60,GR-MR,mean_delay_s,45,1,214.563061468062
conditional,60,GR-MR,mean_delay_s,46,1,194.84440874520996
conditional,60,GR-MR,mean_delay_s,48,1,218.84522113243494
conditional,60,GR-MR,mean_delay_s,49,1,206.6747058825859
conditional,60,GR-MR,mean_delay_s,50,1,213.8019201257569
conditional,60,GR-MR,mean_delay_s,52,1,214.5634744507608
common,60,GR-MR,mean_delay_s,46,3,194.84440874520996
common,60,GR-MR,mean_delay_s,48,3,218.84522113243494
common,60,GR-MR,mean_delay_s,49,3,206.6747058825859
common,60,GR-MR,mean_delay_s,50,2,213.8019201257569
common,60,GR-MR,mean_delay_s,52,3,214.5634744507608
conditional,60,FTR-NM,mean_delay_s,46,1,194.7191736391304
conditional,60,FTR-NM,mean_delay_s,48,1,219.54292843658283
conditional,60,FTR-NM,mean_delay_s,49,1,206.79971865766117
conditional,60,FTR-NM,mean_delay_s,50,1,212.19711359436326
conditional,60,FTR-NM,mean_delay_s,52,1,213.41193367154668
common,60,FTR-NM,mean_delay_s,46,3,194.7191736391304
common,60,FTR-NM,mean_delay_s,48,3,219.54292843658283
common,60,FTR-NM,mean_delay_s,49,3,206.79971865766117
common,60,FTR-NM,mean_delay_s,50,2,212.19711359436326
common,60,FTR-NM,mean_delay_s,52,3,213.41193367154668
conditional,60,RGA-MR,mean_delay_s,45,3,213.97026328651026
conditional,60,RGA-MR,mean_delay_s,46,3,194.84440874520996
conditional,60,RGA-MR,mean_delay_s,48,3,218.52933589351815
conditional,60,RGA-MR,mean_delay_s,49,3,206.6747058825859
conditional,60,RGA-MR,mean_delay_s,50,3,213.8019201257569
conditional,60,RGA-MR,mean_delay_s,52,3,214.5634744507608
common,60,RGA-MR,mean_delay_s,46,3,194.84440874520996
common,60,RGA-MR,mean_delay_s,48,3,218.52933589351815
common,60,RGA-MR,mean_delay_s,49,3,206.6747058825859
common,60,RGA-MR,mean_delay_s,50,2,213.8019201257569
common,60,RGA-MR,mean_delay_s,52,3,214.5634744507608
conditional,60,B-ALNS,mean_delay_s,45,3,217.7812760883733
conditional,60,B-ALNS,mean_delay_s,46,3,194.5865027381525
conditional,60,B-ALNS,mean_delay_s,47,3,210.02908027423123
conditional,60,B-ALNS,mean_delay_s,48,3,212.42938200114148
conditional,60,B-ALNS,mean_delay_s,49,3,210.89156028375794
conditional,60,B-ALNS,mean_delay_s,50,2,224.60092833879116
conditional,60,B-ALNS,mean_delay_s,51,3,211.60520834327858
conditional,60,B-ALNS,mean_delay_s,52,3,229.13465673261229
common,60,B-ALNS,mean_delay_s,46,3,194.5865027381525
common,60,B-ALNS,mean_delay_s,48,3,212.42938200114148
common,60,B-ALNS,mean_delay_s,49,3,210.89156028375794
common,60,B-ALNS,mean_delay_s,50,2,224.60092833879116
common,60,B-ALNS,mean_delay_s,52,3,229.13465673261229
conditional,60,ESI-ALNS,mean_delay_s,45,3,219.5061058058092
conditional,60,ESI-ALNS,mean_delay_s,46,3,194.42409011700065
conditional,60,ESI-ALNS,mean_delay_s,47,3,208.52454370957605
conditional,60,ESI-ALNS,mean_delay_s,48,3,212.216201986386
conditional,60,ESI-ALNS,mean_delay_s,49,3,208.57507329290178
conditional,60,ESI-ALNS,mean_delay_s,50,2,224.57881942270072
conditional,60,ESI-ALNS,mean_delay_s,51,3,211.5735087430376
conditional,60,ESI-ALNS,mean_delay_s,52,3,227.3479610550637
common,60,ESI-ALNS,mean_delay_s,46,3,194.42409011700065
common,60,ESI-ALNS,mean_delay_s,48,3,212.216201986386
common,60,ESI-ALNS,mean_delay_s,49,3,208.57507329290178
common,60,ESI-ALNS,mean_delay_s,50,2,224.57881942270072
common,60,ESI-ALNS,mean_delay_s,52,3,227.3479610550637
paired,60,GR-MR,mean_delay_s,45,3,4.94304433774721
paired,60,GR-MR,mean_delay_s,46,3,-0.42031862820931565
paired,60,GR-MR,mean_delay_s,48,3,-6.629019146048942
paired,60,GR-MR,mean_delay_s,49,3,1.9003674103158705
paired,60,GR-MR,mean_delay_s,50,2,10.77689929694381
paired,60,GR-MR,mean_delay_s,52,3,12.784486604302904
paired,60,FTR-NM,mean_delay_s,46,3,-0.29508352212974387
paired,60,FTR-NM,mean_delay_s,48,3,-7.3267264501968254
paired,60,FTR-NM,mean_delay_s,49,3,1.7753546352405938
paired,60,FTR-NM,mean_delay_s,50,2,12.38170582833746
paired,60,FTR-NM,mean_delay_s,52,3,13.93602738351702
paired,60,RGA-MR,mean_delay_s,45,3,5.535842519298929
paired,60,RGA-MR,mean_delay_s,46,3,-0.42031862820931565
paired,60,RGA-MR,mean_delay_s,48,3,-6.313133907132141
paired,60,RGA-MR,mean_delay_s,49,3,1.9003674103158705
paired,60,RGA-MR,mean_delay_s,50,2,10.77689929694381
paired,60,RGA-MR,mean_delay_s,52,3,12.784486604302904
paired,60,B-ALNS,mean_delay_s,45,3,1.7248297174359095
paired,60,B-ALNS,mean_delay_s,46,3,-0.1624126211518444
paired,60,B-ALNS,mean_delay_s,47,3,-1.504536564655183
paired,60,B-ALNS,mean_delay_s,48,3,-0.21318001475548462
paired,60,B-ALNS,mean_delay_s,49,3,-2.316486990856172
paired,60,B-ALNS,mean_delay_s,50,2,-0.02210891609044552
paired,60,B-ALNS,mean_delay_s,51,3,-0.03169960024100268
paired,60,B-ALNS,mean_delay_s,52,3,-1.786695677548579
conditional,60,GR-MR,min_deadline_slack_s,45,1,-4.418138814799022e-07
conditional,60,GR-MR,min_deadline_slack_s,46,1,3.6419578464119695e-10
conditional,60,GR-MR,min_deadline_slack_s,48,1,2.0165202840871643e-10
conditional,60,GR-MR,min_deadline_slack_s,49,1,2.2690755940857343e-09
conditional,60,GR-MR,min_deadline_slack_s,50,1,3.397303771635052e-09
conditional,60,GR-MR,min_deadline_slack_s,52,1,-8.47437149786856e-07
common,60,GR-MR,min_deadline_slack_s,46,3,3.6419578464119695e-10
common,60,GR-MR,min_deadline_slack_s,48,3,2.0165202840871643e-10
common,60,GR-MR,min_deadline_slack_s,49,3,2.2690755940857343e-09
common,60,GR-MR,min_deadline_slack_s,50,2,3.397303771635052e-09
common,60,GR-MR,min_deadline_slack_s,52,3,-8.47437149786856e-07
conditional,60,FTR-NM,min_deadline_slack_s,46,1,4.742730652651517e-10
conditional,60,FTR-NM,min_deadline_slack_s,48,1,3.939220505344565e-08
conditional,60,FTR-NM,min_deadline_slack_s,49,1,-1.0848793863260653e-08
conditional,60,FTR-NM,min_deadline_slack_s,50,1,4.347384674474597e-10
conditional,60,FTR-NM,min_deadline_slack_s,52,1,-2.7581791073316708e-08
common,60,FTR-NM,min_deadline_slack_s,46,3,4.742730652651517e-10
common,60,FTR-NM,min_deadline_slack_s,48,3,3.939220505344565e-08
common,60,FTR-NM,min_deadline_slack_s,49,3,-1.0848793863260653e-08
common,60,FTR-NM,min_deadline_slack_s,50,2,4.347384674474597e-10
common,60,FTR-NM,min_deadline_slack_s,52,3,-2.7581791073316708e-08
conditional,60,RGA-MR,min_deadline_slack_s,45,3,-1.668755089667684e-07
conditional,60,RGA-MR,min_deadline_slack_s,46,3,3.6419578464119695e-10
conditional,60,RGA-MR,min_deadline_slack_s,48,3,3.0272910104637657e-10
conditional,60,RGA-MR,min_deadline_slack_s,49,3,2.2690755940857343e-09
conditional,60,RGA-MR,min_deadline_slack_s,50,3,3.397303771635052e-09
conditional,60,RGA-MR,min_deadline_slack_s,52,3,-8.47437149786856e-07
common,60,RGA-MR,min_deadline_slack_s,46,3,3.6419578464119695e-10
common,60,RGA-MR,min_deadline_slack_s,48,3,3.0272910104637657e-10
common,60,RGA-MR,min_deadline_slack_s,49,3,2.2690755940857343e-09
common,60,RGA-MR,min_deadline_slack_s,50,2,3.397303771635052e-09
common,60,RGA-MR,min_deadline_slack_s,52,3,-8.47437149786856e-07
conditional,60,B-ALNS,min_deadline_slack_s,45,3,-2.8301068747775087e-08
conditional,60,B-ALNS,min_deadline_slack_s,46,3,-1.0152183449463337e-07
conditional,60,B-ALNS,min_deadline_slack_s,47,3,-2.141043372224279e-08
conditional,60,B-ALNS,min_deadline_slack_s,48,3,-2.9677437396458117e-08
conditional,60,B-ALNS,min_deadline_slack_s,49,3,-8.08203405237388e-07
conditional,60,B-ALNS,min_deadline_slack_s,50,2,-1.7414834019291447e-09
conditional,60,B-ALNS,min_deadline_slack_s,51,3,-7.831194655712655e-08
conditional,60,B-ALNS,min_deadline_slack_s,52,3,-2.00885400166347e-08
common,60,B-ALNS,min_deadline_slack_s,46,3,-1.0152183449463337e-07
common,60,B-ALNS,min_deadline_slack_s,48,3,-2.9677437396458117e-08
common,60,B-ALNS,min_deadline_slack_s,49,3,-8.08203405237388e-07
common,60,B-ALNS,min_deadline_slack_s,50,2,-1.7414834019291447e-09
common,60,B-ALNS,min_deadline_slack_s,52,3,-2.00885400166347e-08
conditional,60,ESI-ALNS,min_deadline_slack_s,45,3,-2.6439598362533918e-08
conditional,60,ESI-ALNS,min_deadline_slack_s,46,3,-1.0483612792692535e-08
conditional,60,ESI-ALNS,min_deadline_slack_s,47,3,-4.400424321223303e-08
conditional,60,ESI-ALNS,min_deadline_slack_s,48,3,-8.011049127768881e-08
conditional,60,ESI-ALNS,min_deadline_slack_s,49,3,-2.603182072865214e-07
conditional,60,ESI-ALNS,min_deadline_slack_s,50,2,-3.352451471982931e-08
conditional,60,ESI-ALNS,min_deadline_slack_s,51,3,-9.932313105309731e-08
conditional,60,ESI-ALNS,min_deadline_slack_s,52,3,-2.9372813514783047e-08
common,60,ESI-ALNS,min_deadline_slack_s,46,3,-1.0483612792692535e-08
common,60,ESI-ALNS,min_deadline_slack_s,48,3,-8.011049127768881e-08
common,60,ESI-ALNS,min_deadline_slack_s,49,3,-2.603182072865214e-07
common,60,ESI-ALNS,min_deadline_slack_s,50,2,-3.352451471982931e-08
common,60,ESI-ALNS,min_deadline_slack_s,52,3,-2.9372813514783047e-08
paired,60,GR-MR,min_deadline_slack_s,45,3,4.153742831173683e-07
paired,60,GR-MR,min_deadline_slack_s,46,3,-1.0847808577333732e-08
paired,60,GR-MR,min_deadline_slack_s,48,3,-8.031214330609752e-08
paired,60,GR-MR,min_deadline_slack_s,49,3,-2.625872828806071e-07
paired,60,GR-MR,min_deadline_slack_s,50,2,-3.6921818491464364e-08
paired,60,GR-MR,min_deadline_slack_s,52,3,8.18064336272073e-07
paired,60,FTR-NM,min_deadline_slack_s,46,3,-1.0957885857957686e-08
paired,60,FTR-NM,min_deadline_slack_s,48,3,-1.1950269633113445e-07
paired,60,FTR-NM,min_deadline_slack_s,49,3,-2.4946941342326073e-07
paired,60,FTR-NM,min_deadline_slack_s,50,2,-3.395925318727677e-08
paired,60,FTR-NM,min_deadline_slack_s,52,3,-1.791022441466339e-09
paired,60,RGA-MR,min_deadline_slack_s,45,3,1.4043591060423447e-07
paired,60,RGA-MR,min_deadline_slack_s,46,3,-1.0847808577333732e-08
paired,60,RGA-MR,min_deadline_slack_s,48,3,-8.041322037873518e-08
paired,60,RGA-MR,min_deadline_slack_s,49,3,-2.625872828806071e-07
paired,60,RGA-MR,min_deadline_slack_s,50,2,-3.6921818491464364e-08
paired,60,RGA-MR,min_deadline_slack_s,52,3,8.18064336272073e-07
paired,60,B-ALNS,min_deadline_slack_s,45,3,1.861470385241167e-09
paired,60,B-ALNS,min_deadline_slack_s,46,3,9.103822170194083e-08
paired,60,B-ALNS,min_deadline_slack_s,47,3,-2.2593809489990235e-08
paired,60,B-ALNS,min_deadline_slack_s,48,3,-5.0433053881230684e-08
paired,60,B-ALNS,min_deadline_slack_s,49,3,5.478851979508667e-07
paired,60,B-ALNS,min_deadline_slack_s,50,2,-3.178303131790017e-08
paired,60,B-ALNS,min_deadline_slack_s,51,3,-2.1011184495970763e-08
paired,60,B-ALNS,min_deadline_slack_s,52,3,-9.284273498148346e-09
conditional,60,GR-MR,normalized_mec_cpu,45,1,0.8161982364631257
conditional,60,GR-MR,normalized_mec_cpu,46,1,0.4676129096462642
conditional,60,GR-MR,normalized_mec_cpu,48,1,0.2745615578969138
conditional,60,GR-MR,normalized_mec_cpu,49,1,0.19421506126741228
conditional,60,GR-MR,normalized_mec_cpu,50,1,0.2142544363393629
conditional,60,GR-MR,normalized_mec_cpu,52,1,0.8850957157285428
common,60,GR-MR,normalized_mec_cpu,46,3,0.4676129096462642
common,60,GR-MR,normalized_mec_cpu,48,3,0.2745615578969138
common,60,GR-MR,normalized_mec_cpu,49,3,0.19421506126741228
common,60,GR-MR,normalized_mec_cpu,50,2,0.2142544363393629
common,60,GR-MR,normalized_mec_cpu,52,3,0.8850957157285428
conditional,60,FTR-NM,normalized_mec_cpu,46,1,0.6373018677106193
conditional,60,FTR-NM,normalized_mec_cpu,48,1,0.040982205054223446
conditional,60,FTR-NM,normalized_mec_cpu,49,1,0.13218657097793945
conditional,60,FTR-NM,normalized_mec_cpu,50,1,0.2927294735968336
conditional,60,FTR-NM,normalized_mec_cpu,52,1,0.6662233435813685
common,60,FTR-NM,normalized_mec_cpu,46,3,0.6373018677106193
common,60,FTR-NM,normalized_mec_cpu,48,3,0.040982205054223446
common,60,FTR-NM,normalized_mec_cpu,49,3,0.13218657097793945
common,60,FTR-NM,normalized_mec_cpu,50,2,0.2927294735968336
common,60,FTR-NM,normalized_mec_cpu,52,3,0.6662233435813685
conditional,60,RGA-MR,normalized_mec_cpu,45,3,0.946522077444595
conditional,60,RGA-MR,normalized_mec_cpu,46,3,0.4676129096462642
conditional,60,RGA-MR,normalized_mec_cpu,48,3,0.2514818520883169
conditional,60,RGA-MR,normalized_mec_cpu,49,3,0.19421506126741228
conditional,60,RGA-MR,normalized_mec_cpu,50,3,0.2142544363393629
conditional,60,RGA-MR,normalized_mec_cpu,52,3,0.8850957157285428
common,60,RGA-MR,normalized_mec_cpu,46,3,0.4676129096462642
common,60,RGA-MR,normalized_mec_cpu,48,3,0.2514818520883169
common,60,RGA-MR,normalized_mec_cpu,49,3,0.19421506126741228
common,60,RGA-MR,normalized_mec_cpu,50,2,0.2142544363393629
common,60,RGA-MR,normalized_mec_cpu,52,3,0.8850957157285428
conditional,60,B-ALNS,normalized_mec_cpu,45,3,0.9080261728263181
conditional,60,B-ALNS,normalized_mec_cpu,46,3,0.8546995630804504
conditional,60,B-ALNS,normalized_mec_cpu,47,3,1.016739682839589
conditional,60,B-ALNS,normalized_mec_cpu,48,3,0.5616474548610926
conditional,60,B-ALNS,normalized_mec_cpu,49,3,0.4518630725994175
conditional,60,B-ALNS,normalized_mec_cpu,50,2,1.2631412945617204
conditional,60,B-ALNS,normalized_mec_cpu,51,3,0.6694349304624045
conditional,60,B-ALNS,normalized_mec_cpu,52,3,1.0584433168255036
common,60,B-ALNS,normalized_mec_cpu,46,3,0.8546995630804504
common,60,B-ALNS,normalized_mec_cpu,48,3,0.5616474548610926
common,60,B-ALNS,normalized_mec_cpu,49,3,0.4518630725994175
common,60,B-ALNS,normalized_mec_cpu,50,2,1.2631412945617204
common,60,B-ALNS,normalized_mec_cpu,52,3,1.0584433168255036
conditional,60,ESI-ALNS,normalized_mec_cpu,45,3,0.9886219469483878
conditional,60,ESI-ALNS,normalized_mec_cpu,46,3,0.6800545933812538
conditional,60,ESI-ALNS,normalized_mec_cpu,47,3,0.803485905713288
conditional,60,ESI-ALNS,normalized_mec_cpu,48,3,0.4700788018745202
conditional,60,ESI-ALNS,normalized_mec_cpu,49,3,0.5041212980114322
conditional,60,ESI-ALNS,normalized_mec_cpu,50,2,1.4179113742352736
conditional,60,ESI-ALNS,normalized_mec_cpu,51,3,0.7846464927026218
conditional,60,ESI-ALNS,normalized_mec_cpu,52,3,0.9732938387264004
common,60,ESI-ALNS,normalized_mec_cpu,46,3,0.6800545933812538
common,60,ESI-ALNS,normalized_mec_cpu,48,3,0.4700788018745202
common,60,ESI-ALNS,normalized_mec_cpu,49,3,0.5041212980114322
common,60,ESI-ALNS,normalized_mec_cpu,50,2,1.4179113742352736
common,60,ESI-ALNS,normalized_mec_cpu,52,3,0.9732938387264004
paired,60,GR-MR,normalized_mec_cpu,45,3,0.1724237104852621
paired,60,GR-MR,normalized_mec_cpu,46,3,0.21244168373498964
paired,60,GR-MR,normalized_mec_cpu,48,3,0.19551724397760642
paired,60,GR-MR,normalized_mec_cpu,49,3,0.3099062367440199
paired,60,GR-MR,normalized_mec_cpu,50,2,1.2036569378959108
paired,60,GR-MR,normalized_mec_cpu,52,3,0.08819812299785752
paired,60,FTR-NM,normalized_mec_cpu,46,3,0.042752725670634574
paired,60,FTR-NM,normalized_mec_cpu,48,3,0.42909659682029677
paired,60,FTR-NM,normalized_mec_cpu,49,3,0.3719347270334928
paired,60,FTR-NM,normalized_mec_cpu,50,2,1.1251819006384403
paired,60,FTR-NM,normalized_mec_cpu,52,3,0.3070704951450319
paired,60,RGA-MR,normalized_mec_cpu,45,3,0.04209986950379274
paired,60,RGA-MR,normalized_mec_cpu,46,3,0.21244168373498964
paired,60,RGA-MR,normalized_mec_cpu,48,3,0.2185969497862033
paired,60,RGA-MR,normalized_mec_cpu,49,3,0.3099062367440199
paired,60,RGA-MR,normalized_mec_cpu,50,2,1.2036569378959108
paired,60,RGA-MR,normalized_mec_cpu,52,3,0.08819812299785752
paired,60,B-ALNS,normalized_mec_cpu,45,3,0.08059577412206964
paired,60,B-ALNS,normalized_mec_cpu,46,3,-0.1746449696991966
paired,60,B-ALNS,normalized_mec_cpu,47,3,-0.21325377712630095
paired,60,B-ALNS,normalized_mec_cpu,48,3,-0.09156865298657241
paired,60,B-ALNS,normalized_mec_cpu,49,3,0.05225822541201471
paired,60,B-ALNS,normalized_mec_cpu,50,2,0.15477007967355338
paired,60,B-ALNS,normalized_mec_cpu,51,3,0.11521156224021718
paired,60,B-ALNS,normalized_mec_cpu,52,3,-0.08514947809910316
conditional,60,GR-MR,offload_ratio,45,1,0.05
conditional,60,GR-MR,offload_ratio,46,1,0.016666666666666666
conditional,60,GR-MR,offload_ratio,48,1,0.03333333333333333
conditional,60,GR-MR,offload_ratio,49,1,0.05
conditional,60,GR-MR,offload_ratio,50,1,0.1
conditional,60,GR-MR,offload_ratio,52,1,0.08333333333333333
common,60,GR-MR,offload_ratio,46,3,0.016666666666666666
common,60,GR-MR,offload_ratio,48,3,0.03333333333333333
common,60,GR-MR,offload_ratio,49,3,0.05
common,60,GR-MR,offload_ratio,50,2,0.1
common,60,GR-MR,offload_ratio,52,3,0.08333333333333333
conditional,60,FTR-NM,offload_ratio,46,1,0.016666666666666666
conditional,60,FTR-NM,offload_ratio,48,1,0.03333333333333333
conditional,60,FTR-NM,offload_ratio,49,1,0.05
conditional,60,FTR-NM,offload_ratio,50,1,0.1
conditional,60,FTR-NM,offload_ratio,52,1,0.08333333333333333
common,60,FTR-NM,offload_ratio,46,3,0.016666666666666666
common,60,FTR-NM,offload_ratio,48,3,0.03333333333333333
common,60,FTR-NM,offload_ratio,49,3,0.05
common,60,FTR-NM,offload_ratio,50,2,0.1
common,60,FTR-NM,offload_ratio,52,3,0.08333333333333333
conditional,60,RGA-MR,offload_ratio,45,3,0.05555555555555556
conditional,60,RGA-MR,offload_ratio,46,3,0.016666666666666666
conditional,60,RGA-MR,offload_ratio,48,3,0.03333333333333333
conditional,60,RGA-MR,offload_ratio,49,3,0.05
conditional,60,RGA-MR,offload_ratio,50,3,0.1
conditional,60,RGA-MR,offload_ratio,52,3,0.08333333333333333
common,60,RGA-MR,offload_ratio,46,3,0.016666666666666666
common,60,RGA-MR,offload_ratio,48,3,0.03333333333333333
common,60,RGA-MR,offload_ratio,49,3,0.05
common,60,RGA-MR,offload_ratio,50,2,0.1
common,60,RGA-MR,offload_ratio,52,3,0.08333333333333333
conditional,60,B-ALNS,offload_ratio,45,3,0.1388888888888889
conditional,60,B-ALNS,offload_ratio,46,3,0.07777777777777778
conditional,60,B-ALNS,offload_ratio,47,3,0.08333333333333333
conditional,60,B-ALNS,offload_ratio,48,3,0.10555555555555556
conditional,60,B-ALNS,offload_ratio,49,3,0.09444444444444444
conditional,60,B-ALNS,offload_ratio,50,2,0.19166666666666665
conditional,60,B-ALNS,offload_ratio,51,3,0.10555555555555556
conditional,60,B-ALNS,offload_ratio,52,3,0.12777777777777777
common,60,B-ALNS,offload_ratio,46,3,0.07777777777777778
common,60,B-ALNS,offload_ratio,48,3,0.10555555555555556
common,60,B-ALNS,offload_ratio,49,3,0.09444444444444444
common,60,B-ALNS,offload_ratio,50,2,0.19166666666666665
common,60,B-ALNS,offload_ratio,52,3,0.12777777777777777
conditional,60,ESI-ALNS,offload_ratio,45,3,0.14444444444444443
conditional,60,ESI-ALNS,offload_ratio,46,3,0.07222222222222223
conditional,60,ESI-ALNS,offload_ratio,47,3,0.07222222222222222
conditional,60,ESI-ALNS,offload_ratio,48,3,0.1
conditional,60,ESI-ALNS,offload_ratio,49,3,0.08333333333333333
conditional,60,ESI-ALNS,offload_ratio,50,2,0.19166666666666665
conditional,60,ESI-ALNS,offload_ratio,51,3,0.10555555555555556
conditional,60,ESI-ALNS,offload_ratio,52,3,0.12222222222222222
common,60,ESI-ALNS,offload_ratio,46,3,0.07222222222222223
common,60,ESI-ALNS,offload_ratio,48,3,0.1
common,60,ESI-ALNS,offload_ratio,49,3,0.08333333333333333
common,60,ESI-ALNS,offload_ratio,50,2,0.19166666666666665
common,60,ESI-ALNS,offload_ratio,52,3,0.12222222222222222
paired,60,GR-MR,offload_ratio,45,3,0.09444444444444444
paired,60,GR-MR,offload_ratio,46,3,0.05555555555555556
paired,60,GR-MR,offload_ratio,48,3,0.06666666666666668
paired,60,GR-MR,offload_ratio,49,3,0.03333333333333333
paired,60,GR-MR,offload_ratio,50,2,0.09166666666666666
paired,60,GR-MR,offload_ratio,52,3,0.038888888888888896
paired,60,FTR-NM,offload_ratio,46,3,0.05555555555555556
paired,60,FTR-NM,offload_ratio,48,3,0.06666666666666668
paired,60,FTR-NM,offload_ratio,49,3,0.03333333333333333
paired,60,FTR-NM,offload_ratio,50,2,0.09166666666666666
paired,60,FTR-NM,offload_ratio,52,3,0.038888888888888896
paired,60,RGA-MR,offload_ratio,45,3,0.08888888888888888
paired,60,RGA-MR,offload_ratio,46,3,0.05555555555555556
paired,60,RGA-MR,offload_ratio,48,3,0.06666666666666668
paired,60,RGA-MR,offload_ratio,49,3,0.03333333333333333
paired,60,RGA-MR,offload_ratio,50,2,0.09166666666666666
paired,60,RGA-MR,offload_ratio,52,3,0.038888888888888896
paired,60,B-ALNS,offload_ratio,45,3,0.005555555555555554
paired,60,B-ALNS,offload_ratio,46,3,-0.005555555555555554
paired,60,B-ALNS,offload_ratio,47,3,-0.011111111111111113
paired,60,B-ALNS,offload_ratio,48,3,-0.005555555555555554
paired,60,B-ALNS,offload_ratio,49,3,-0.011111111111111113
paired,60,B-ALNS,offload_ratio,50,2,0.0
paired,60,B-ALNS,offload_ratio,51,3,0.0
paired,60,B-ALNS,offload_ratio,52,3,-0.005555555555555554
conditional,60,GR-MR,original_construction_search_s,45,1,0.18658109100000075
conditional,60,GR-MR,original_construction_search_s,46,1,0.054314021999999795
conditional,60,GR-MR,original_construction_search_s,47,1,0.26765057799999425
conditional,60,GR-MR,original_construction_search_s,48,1,0.11715786300000275
conditional,60,GR-MR,original_construction_search_s,49,1,0.1483090830000009
conditional,60,GR-MR,original_construction_search_s,50,1,0.30696407900001077
conditional,60,GR-MR,original_construction_search_s,51,1,0.18651877100000291
conditional,60,GR-MR,original_construction_search_s,52,1,0.2277370600000026
common,60,GR-MR,original_construction_search_s,45,3,0.18658109100000075
common,60,GR-MR,original_construction_search_s,46,3,0.054314021999999795
common,60,GR-MR,original_construction_search_s,47,3,0.26765057799999425
common,60,GR-MR,original_construction_search_s,48,3,0.11715786300000275
common,60,GR-MR,original_construction_search_s,49,3,0.1483090830000009
common,60,GR-MR,original_construction_search_s,50,3,0.30696407900001077
common,60,GR-MR,original_construction_search_s,51,3,0.18651877100000291
common,60,GR-MR,original_construction_search_s,52,3,0.2277370600000026
conditional,60,FTR-NM,original_construction_search_s,45,1,0.09954982500001108
conditional,60,FTR-NM,original_construction_search_s,46,1,0.04164111400000081
conditional,60,FTR-NM,original_construction_search_s,47,1,0.1418023880000021
conditional,60,FTR-NM,original_construction_search_s,48,1,0.08161147199999874
conditional,60,FTR-NM,original_construction_search_s,49,1,0.08666457800000416
conditional,60,FTR-NM,original_construction_search_s,50,1,0.19072980699996833
conditional,60,FTR-NM,original_construction_search_s,51,1,0.11723403499999563
conditional,60,FTR-NM,original_construction_search_s,52,1,0.11698746799999782
common,60,FTR-NM,original_construction_search_s,45,3,0.09954982500001108
common,60,FTR-NM,original_construction_search_s,46,3,0.04164111400000081
common,60,FTR-NM,original_construction_search_s,47,3,0.1418023880000021
common,60,FTR-NM,original_construction_search_s,48,3,0.08161147199999874
common,60,FTR-NM,original_construction_search_s,49,3,0.08666457800000416
common,60,FTR-NM,original_construction_search_s,50,3,0.19072980699996833
common,60,FTR-NM,original_construction_search_s,51,3,0.11723403499999563
common,60,FTR-NM,original_construction_search_s,52,3,0.11698746799999782
conditional,60,RGA-MR,original_construction_search_s,45,3,18.117151341333333
conditional,60,RGA-MR,original_construction_search_s,46,3,14.383089079666666
conditional,60,RGA-MR,original_construction_search_s,47,3,24.846369617666664
conditional,60,RGA-MR,original_construction_search_s,48,3,21.04121203466666
conditional,60,RGA-MR,original_construction_search_s,49,3,27.906897122
conditional,60,RGA-MR,original_construction_search_s,50,3,36.77529773933333
conditional,60,RGA-MR,original_construction_search_s,51,3,26.05760271133333
conditional,60,RGA-MR,original_construction_search_s,52,3,29.73783861733334
common,60,RGA-MR,original_construction_search_s,45,3,18.117151341333333
common,60,RGA-MR,original_construction_search_s,46,3,14.383089079666666
common,60,RGA-MR,original_construction_search_s,47,3,24.846369617666664
common,60,RGA-MR,original_construction_search_s,48,3,21.04121203466666
common,60,RGA-MR,original_construction_search_s,49,3,27.906897122
common,60,RGA-MR,original_construction_search_s,50,3,36.77529773933333
common,60,RGA-MR,original_construction_search_s,51,3,26.05760271133333
common,60,RGA-MR,original_construction_search_s,52,3,29.73783861733334
conditional,60,B-ALNS,original_construction_search_s,45,3,25.668957916000007
conditional,60,B-ALNS,original_construction_search_s,46,3,14.143715076666668
conditional,60,B-ALNS,original_construction_search_s,47,3,20.30839493466666
conditional,60,B-ALNS,original_construction_search_s,48,3,17.557127345666668
conditional,60,B-ALNS,original_construction_search_s,49,3,16.345694968666667
conditional,60,B-ALNS,original_construction_search_s,50,3,28.728926927333333
conditional,60,B-ALNS,original_construction_search_s,51,3,21.376995379
conditional,60,B-ALNS,original_construction_search_s,52,3,14.662481365999996
common,60,B-ALNS,original_construction_search_s,45,3,25.668957916000007
common,60,B-ALNS,original_construction_search_s,46,3,14.143715076666668
common,60,B-ALNS,original_construction_search_s,47,3,20.30839493466666
common,60,B-ALNS,original_construction_search_s,48,3,17.557127345666668
common,60,B-ALNS,original_construction_search_s,49,3,16.345694968666667
common,60,B-ALNS,original_construction_search_s,50,3,28.728926927333333
common,60,B-ALNS,original_construction_search_s,51,3,21.376995379
common,60,B-ALNS,original_construction_search_s,52,3,14.662481365999996
conditional,60,ESI-ALNS,original_construction_search_s,45,3,31.540364180999998
conditional,60,ESI-ALNS,original_construction_search_s,46,3,17.240339630000005
conditional,60,ESI-ALNS,original_construction_search_s,47,3,26.78593926766666
conditional,60,ESI-ALNS,original_construction_search_s,48,3,21.02241175566667
conditional,60,ESI-ALNS,original_construction_search_s,49,3,21.000187898000004
conditional,60,ESI-ALNS,original_construction_search_s,50,3,36.257554408000004
conditional,60,ESI-ALNS,original_construction_search_s,51,3,25.02097063000001
conditional,60,ESI-ALNS,original_construction_search_s,52,3,19.382579272999997
common,60,ESI-ALNS,original_construction_search_s,45,3,31.540364180999998
common,60,ESI-ALNS,original_construction_search_s,46,3,17.240339630000005
common,60,ESI-ALNS,original_construction_search_s,47,3,26.78593926766666
common,60,ESI-ALNS,original_construction_search_s,48,3,21.02241175566667
common,60,ESI-ALNS,original_construction_search_s,49,3,21.000187898000004
common,60,ESI-ALNS,original_construction_search_s,50,3,36.257554408000004
common,60,ESI-ALNS,original_construction_search_s,51,3,25.02097063000001
common,60,ESI-ALNS,original_construction_search_s,52,3,19.382579272999997
paired,60,GR-MR,original_construction_search_s,45,3,31.353783089999997
paired,60,GR-MR,original_construction_search_s,46,3,17.186025608000005
paired,60,GR-MR,original_construction_search_s,47,3,26.518288689666665
paired,60,GR-MR,original_construction_search_s,48,3,20.905253892666668
paired,60,GR-MR,original_construction_search_s,49,3,20.851878815000003
paired,60,GR-MR,original_construction_search_s,50,3,35.95059032899999
paired,60,GR-MR,original_construction_search_s,51,3,24.83445185900001
paired,60,GR-MR,original_construction_search_s,52,3,19.154842212999995
paired,60,FTR-NM,original_construction_search_s,45,3,31.440814355999986
paired,60,FTR-NM,original_construction_search_s,46,3,17.198698516000004
paired,60,FTR-NM,original_construction_search_s,47,3,26.644136879666657
paired,60,FTR-NM,original_construction_search_s,48,3,20.940800283666672
paired,60,FTR-NM,original_construction_search_s,49,3,20.91352332
paired,60,FTR-NM,original_construction_search_s,50,3,36.066824601000036
paired,60,FTR-NM,original_construction_search_s,51,3,24.903736595000016
paired,60,FTR-NM,original_construction_search_s,52,3,19.265591805
paired,60,RGA-MR,original_construction_search_s,45,3,13.423212839666663
paired,60,RGA-MR,original_construction_search_s,46,3,2.8572505503333403
paired,60,RGA-MR,original_construction_search_s,47,3,1.9395696499999981
paired,60,RGA-MR,original_construction_search_s,48,3,-0.018800278999989928
paired,60,RGA-MR,original_construction_search_s,49,3,-6.906709223999999
paired,60,RGA-MR,original_construction_search_s,50,3,-0.5177433313333305
paired,60,RGA-MR,original_construction_search_s,51,3,-1.0366320813333207
paired,60,RGA-MR,original_construction_search_s,52,3,-10.355259344333342
paired,60,B-ALNS,original_construction_search_s,45,3,5.871406264999988
paired,60,B-ALNS,original_construction_search_s,46,3,3.096624553333337
paired,60,B-ALNS,original_construction_search_s,47,3,6.477544333000002
paired,60,B-ALNS,original_construction_search_s,48,3,3.4652844100000046
paired,60,B-ALNS,original_construction_search_s,49,3,4.654492929333334
paired,60,B-ALNS,original_construction_search_s,50,3,7.528627480666671
paired,60,B-ALNS,original_construction_search_s,51,3,3.64397525100001
paired,60,B-ALNS,original_construction_search_s,52,3,4.720097907
conditional,60,GR-MR,original_independent_audit_s,45,1,0.005946260999991182
conditional,60,GR-MR,original_independent_audit_s,46,1,0.004093744000002175
conditional,60,GR-MR,original_independent_audit_s,47,1,5.099999995650251e-06
conditional,60,GR-MR,original_independent_audit_s,48,1,0.005317714000000251
conditional,60,GR-MR,original_independent_audit_s,49,1,0.005582457000002705
conditional,60,GR-MR,original_independent_audit_s,50,1,0.005393405999996048
conditional,60,GR-MR,original_independent_audit_s,51,1,5.149999999787269e-06
conditional,60,GR-MR,original_independent_audit_s,52,1,0.0059517100000050505
common,60,GR-MR,original_independent_audit_s,45,3,0.005946260999991182
common,60,GR-MR,original_independent_audit_s,46,3,0.004093744000002175
common,60,GR-MR,original_independent_audit_s,47,3,5.099999995650251e-06
common,60,GR-MR,original_independent_audit_s,48,3,0.005317714000000251
common,60,GR-MR,original_independent_audit_s,49,3,0.005582457000002705
common,60,GR-MR,original_independent_audit_s,50,3,0.005393405999996048
common,60,GR-MR,original_independent_audit_s,51,3,5.149999999787269e-06
common,60,GR-MR,original_independent_audit_s,52,3,0.0059517100000050505
conditional,60,FTR-NM,original_independent_audit_s,45,1,5.440000002465695e-06
conditional,60,FTR-NM,original_independent_audit_s,46,1,0.0037803880000097934
conditional,60,FTR-NM,original_independent_audit_s,47,1,6.2719999931459824e-06
conditional,60,FTR-NM,original_independent_audit_s,48,1,0.0050116789999918865
conditional,60,FTR-NM,original_independent_audit_s,49,1,0.005585688000024902
conditional,60,FTR-NM,original_independent_audit_s,50,1,0.0057982870000046205
conditional,60,FTR-NM,original_independent_audit_s,51,1,4.5689999979003915e-06
conditional,60,FTR-NM,original_independent_audit_s,52,1,0.0062173910000069554
common,60,FTR-NM,original_independent_audit_s,45,3,5.440000002465695e-06
common,60,FTR-NM,original_independent_audit_s,46,3,0.0037803880000097934
common,60,FTR-NM,original_independent_audit_s,47,3,6.2719999931459824e-06
common,60,FTR-NM,original_independent_audit_s,48,3,0.0050116789999918865
common,60,FTR-NM,original_independent_audit_s,49,3,0.005585688000024902
common,60,FTR-NM,original_independent_audit_s,50,3,0.0057982870000046205
common,60,FTR-NM,original_independent_audit_s,51,3,4.5689999979003915e-06
common,60,FTR-NM,original_independent_audit_s,52,3,0.0062173910000069554
conditional,60,RGA-MR,original_independent_audit_s,45,3,0.006447464333336465
conditional,60,RGA-MR,original_independent_audit_s,46,3,0.0037635259999954465
conditional,60,RGA-MR,original_independent_audit_s,47,3,4.685666662377723e-06
conditional,60,RGA-MR,original_independent_audit_s,48,3,0.00514117500000566
conditional,60,RGA-MR,original_independent_audit_s,49,3,0.0056838373333410646
conditional,60,RGA-MR,original_independent_audit_s,50,3,0.005034494333348978
conditional,60,RGA-MR,original_independent_audit_s,51,3,4.531666661478084e-06
conditional,60,RGA-MR,original_independent_audit_s,52,3,0.0059611103333262845
common,60,RGA-MR,original_independent_audit_s,45,3,0.006447464333336465
common,60,RGA-MR,original_independent_audit_s,46,3,0.0037635259999954465
common,60,RGA-MR,original_independent_audit_s,47,3,4.685666662377723e-06
common,60,RGA-MR,original_independent_audit_s,48,3,0.00514117500000566
common,60,RGA-MR,original_independent_audit_s,49,3,0.0056838373333410646
common,60,RGA-MR,original_independent_audit_s,50,3,0.005034494333348978
common,60,RGA-MR,original_independent_audit_s,51,3,4.531666661478084e-06
common,60,RGA-MR,original_independent_audit_s,52,3,0.0059611103333262845
conditional,60,B-ALNS,original_independent_audit_s,45,3,0.006620524999997694
conditional,60,B-ALNS,original_independent_audit_s,46,3,0.004240468666668089
conditional,60,B-ALNS,original_independent_audit_s,47,3,0.005752013666670071
conditional,60,B-ALNS,original_independent_audit_s,48,3,0.005670783333333891
conditional,60,B-ALNS,original_independent_audit_s,49,3,0.006222606999993256
conditional,60,B-ALNS,original_independent_audit_s,50,3,0.005106439333331991
conditional,60,B-ALNS,original_independent_audit_s,51,3,0.005848816000001496
conditional,60,B-ALNS,original_independent_audit_s,52,3,0.005903382666668715
common,60,B-ALNS,original_independent_audit_s,45,3,0.006620524999997694
common,60,B-ALNS,original_independent_audit_s,46,3,0.004240468666668089
common,60,B-ALNS,original_independent_audit_s,47,3,0.005752013666670071
common,60,B-ALNS,original_independent_audit_s,48,3,0.005670783333333891
common,60,B-ALNS,original_independent_audit_s,49,3,0.006222606999993256
common,60,B-ALNS,original_independent_audit_s,50,3,0.005106439333331991
common,60,B-ALNS,original_independent_audit_s,51,3,0.005848816000001496
common,60,B-ALNS,original_independent_audit_s,52,3,0.005903382666668715
conditional,60,ESI-ALNS,original_independent_audit_s,45,3,0.006675709333336499
conditional,60,ESI-ALNS,original_independent_audit_s,46,3,0.004093713999997324
conditional,60,ESI-ALNS,original_independent_audit_s,47,3,0.005575655333331042
conditional,60,ESI-ALNS,original_independent_audit_s,48,3,0.005805836000002766
conditional,60,ESI-ALNS,original_independent_audit_s,49,3,0.005967463999998775
conditional,60,ESI-ALNS,original_independent_audit_s,50,3,0.0049381053333282425
conditional,60,ESI-ALNS,original_independent_audit_s,51,3,0.005972575333335802
conditional,60,ESI-ALNS,original_independent_audit_s,52,3,0.005836293333331355
common,60,ESI-ALNS,original_independent_audit_s,45,3,0.006675709333336499
common,60,ESI-ALNS,original_independent_audit_s,46,3,0.004093713999997324
common,60,ESI-ALNS,original_independent_audit_s,47,3,0.005575655333331042
common,60,ESI-ALNS,original_independent_audit_s,48,3,0.005805836000002766
common,60,ESI-ALNS,original_independent_audit_s,49,3,0.005967463999998775
common,60,ESI-ALNS,original_independent_audit_s,50,3,0.0049381053333282425
common,60,ESI-ALNS,original_independent_audit_s,51,3,0.005972575333335802
common,60,ESI-ALNS,original_independent_audit_s,52,3,0.005836293333331355
paired,60,GR-MR,original_independent_audit_s,45,3,0.0007294483333453172
paired,60,GR-MR,original_independent_audit_s,46,3,-3.0000004850686914e-08
paired,60,GR-MR,original_independent_audit_s,47,3,0.005570555333335392
paired,60,GR-MR,original_independent_audit_s,48,3,0.00048812200000251477
paired,60,GR-MR,original_independent_audit_s,49,3,0.00038500699999606997
paired,60,GR-MR,original_independent_audit_s,50,3,-0.0004553006666678054
paired,60,GR-MR,original_independent_audit_s,51,3,0.005967425333336014
paired,60,GR-MR,original_independent_audit_s,52,3,-0.00011541666667369554
paired,60,FTR-NM,original_independent_audit_s,45,3,0.0066702693333340335
paired,60,FTR-NM,original_independent_audit_s,46,3,0.00031332599998753113
paired,60,FTR-NM,original_independent_audit_s,47,3,0.005569383333337896
paired,60,FTR-NM,original_independent_audit_s,48,3,0.0007941570000108792
paired,60,FTR-NM,original_independent_audit_s,49,3,0.00038177599997387307
paired,60,FTR-NM,original_independent_audit_s,50,3,-0.0008601816666763776
paired,60,FTR-NM,original_independent_audit_s,51,3,0.005968006333337901
paired,60,FTR-NM,original_independent_audit_s,52,3,-0.0003810976666756005
paired,60,RGA-MR,original_independent_audit_s,45,3,0.0002282450000000343
paired,60,RGA-MR,original_independent_audit_s,46,3,0.0003301880000018779
paired,60,RGA-MR,original_independent_audit_s,47,3,0.005570969666668664
paired,60,RGA-MR,original_independent_audit_s,48,3,0.0006646609999971057
paired,60,RGA-MR,original_independent_audit_s,49,3,0.0002836266666577103
paired,60,RGA-MR,original_independent_audit_s,50,3,-9.63890000207357e-05
paired,60,RGA-MR,original_independent_audit_s,51,3,0.0059680436666743235
paired,60,RGA-MR,original_independent_audit_s,52,3,-0.00012481699999492926
paired,60,B-ALNS,original_independent_audit_s,45,3,5.518433333880542e-05
paired,60,B-ALNS,original_independent_audit_s,46,3,-0.00014675466667076384
paired,60,B-ALNS,original_independent_audit_s,47,3,-0.00017635833333902914
paired,60,B-ALNS,original_independent_audit_s,48,3,0.00013505266666887414
paired,60,B-ALNS,original_independent_audit_s,49,3,-0.0002551429999944806
paired,60,B-ALNS,original_independent_audit_s,50,3,-0.00016833400000374846
paired,60,B-ALNS,original_independent_audit_s,51,3,0.00012375933333430567
paired,60,B-ALNS,original_independent_audit_s,52,3,-6.708933333735938e-05
conditional,60,GR-MR,original_initialization_s,45,1,0.18658109100000075
conditional,60,GR-MR,original_initialization_s,46,1,0.054314021999999795
conditional,60,GR-MR,original_initialization_s,47,1,0.26765057799999425
conditional,60,GR-MR,original_initialization_s,48,1,0.11715786300000275
conditional,60,GR-MR,original_initialization_s,49,1,0.1483090830000009
conditional,60,GR-MR,original_initialization_s,50,1,0.30696407900001077
conditional,60,GR-MR,original_initialization_s,51,1,0.18651877100000291
conditional,60,GR-MR,original_initialization_s,52,1,0.2277370600000026
common,60,GR-MR,original_initialization_s,45,3,0.18658109100000075
common,60,GR-MR,original_initialization_s,46,3,0.054314021999999795
common,60,GR-MR,original_initialization_s,47,3,0.26765057799999425
common,60,GR-MR,original_initialization_s,48,3,0.11715786300000275
common,60,GR-MR,original_initialization_s,49,3,0.1483090830000009
common,60,GR-MR,original_initialization_s,50,3,0.30696407900001077
common,60,GR-MR,original_initialization_s,51,3,0.18651877100000291
common,60,GR-MR,original_initialization_s,52,3,0.2277370600000026
conditional,60,FTR-NM,original_initialization_s,45,1,0.09954982500001108
conditional,60,FTR-NM,original_initialization_s,46,1,0.04164111400000081
conditional,60,FTR-NM,original_initialization_s,47,1,0.1418023880000021
conditional,60,FTR-NM,original_initialization_s,48,1,0.08161147199999874
conditional,60,FTR-NM,original_initialization_s,49,1,0.08666457800000416
conditional,60,FTR-NM,original_initialization_s,50,1,0.19072980699996833
conditional,60,FTR-NM,original_initialization_s,51,1,0.11723403499999563
conditional,60,FTR-NM,original_initialization_s,52,1,0.11698746799999782
common,60,FTR-NM,original_initialization_s,45,3,0.09954982500001108
common,60,FTR-NM,original_initialization_s,46,3,0.04164111400000081
common,60,FTR-NM,original_initialization_s,47,3,0.1418023880000021
common,60,FTR-NM,original_initialization_s,48,3,0.08161147199999874
common,60,FTR-NM,original_initialization_s,49,3,0.08666457800000416
common,60,FTR-NM,original_initialization_s,50,3,0.19072980699996833
common,60,FTR-NM,original_initialization_s,51,3,0.11723403499999563
common,60,FTR-NM,original_initialization_s,52,3,0.11698746799999782
conditional,60,RGA-MR,original_initialization_s,45,3,0.0
conditional,60,RGA-MR,original_initialization_s,46,3,0.0
conditional,60,RGA-MR,original_initialization_s,47,3,0.0
conditional,60,RGA-MR,original_initialization_s,48,3,0.0
conditional,60,RGA-MR,original_initialization_s,49,3,0.0
conditional,60,RGA-MR,original_initialization_s,50,3,0.0
conditional,60,RGA-MR,original_initialization_s,51,3,0.0
conditional,60,RGA-MR,original_initialization_s,52,3,0.0
common,60,RGA-MR,original_initialization_s,45,3,0.0
common,60,RGA-MR,original_initialization_s,46,3,0.0
common,60,RGA-MR,original_initialization_s,47,3,0.0
common,60,RGA-MR,original_initialization_s,48,3,0.0
common,60,RGA-MR,original_initialization_s,49,3,0.0
common,60,RGA-MR,original_initialization_s,50,3,0.0
common,60,RGA-MR,original_initialization_s,51,3,0.0
common,60,RGA-MR,original_initialization_s,52,3,0.0
conditional,60,B-ALNS,original_initialization_s,45,3,0.18658109100000075
conditional,60,B-ALNS,original_initialization_s,46,3,0.054314021999999795
conditional,60,B-ALNS,original_initialization_s,47,3,0.26765057799999425
conditional,60,B-ALNS,original_initialization_s,48,3,0.11715786300000275
conditional,60,B-ALNS,original_initialization_s,49,3,0.1483090830000009
conditional,60,B-ALNS,original_initialization_s,50,3,0.30696407900001077
conditional,60,B-ALNS,original_initialization_s,51,3,0.18651877100000291
conditional,60,B-ALNS,original_initialization_s,52,3,0.2277370600000026
common,60,B-ALNS,original_initialization_s,45,3,0.18658109100000075
common,60,B-ALNS,original_initialization_s,46,3,0.054314021999999795
common,60,B-ALNS,original_initialization_s,47,3,0.26765057799999425
common,60,B-ALNS,original_initialization_s,48,3,0.11715786300000275
common,60,B-ALNS,original_initialization_s,49,3,0.1483090830000009
common,60,B-ALNS,original_initialization_s,50,3,0.30696407900001077
common,60,B-ALNS,original_initialization_s,51,3,0.18651877100000291
common,60,B-ALNS,original_initialization_s,52,3,0.2277370600000026
conditional,60,ESI-ALNS,original_initialization_s,45,3,0.18658109100000075
conditional,60,ESI-ALNS,original_initialization_s,46,3,0.054314021999999795
conditional,60,ESI-ALNS,original_initialization_s,47,3,0.26765057799999425
conditional,60,ESI-ALNS,original_initialization_s,48,3,0.11715786300000275
conditional,60,ESI-ALNS,original_initialization_s,49,3,0.1483090830000009
conditional,60,ESI-ALNS,original_initialization_s,50,3,0.30696407900001077
conditional,60,ESI-ALNS,original_initialization_s,51,3,0.18651877100000291
conditional,60,ESI-ALNS,original_initialization_s,52,3,0.2277370600000026
common,60,ESI-ALNS,original_initialization_s,45,3,0.18658109100000075
common,60,ESI-ALNS,original_initialization_s,46,3,0.054314021999999795
common,60,ESI-ALNS,original_initialization_s,47,3,0.26765057799999425
common,60,ESI-ALNS,original_initialization_s,48,3,0.11715786300000275
common,60,ESI-ALNS,original_initialization_s,49,3,0.1483090830000009
common,60,ESI-ALNS,original_initialization_s,50,3,0.30696407900001077
common,60,ESI-ALNS,original_initialization_s,51,3,0.18651877100000291
common,60,ESI-ALNS,original_initialization_s,52,3,0.2277370600000026
paired,60,GR-MR,original_initialization_s,45,3,0.0
paired,60,GR-MR,original_initialization_s,46,3,0.0
paired,60,GR-MR,original_initialization_s,47,3,0.0
paired,60,GR-MR,original_initialization_s,48,3,0.0
paired,60,GR-MR,original_initialization_s,49,3,0.0
paired,60,GR-MR,original_initialization_s,50,3,0.0
paired,60,GR-MR,original_initialization_s,51,3,0.0
paired,60,GR-MR,original_initialization_s,52,3,0.0
paired,60,FTR-NM,original_initialization_s,45,3,0.08703126599998967
paired,60,FTR-NM,original_initialization_s,46,3,0.012672907999998984
paired,60,FTR-NM,original_initialization_s,47,3,0.12584818999999214
paired,60,FTR-NM,original_initialization_s,48,3,0.03554639100000401
paired,60,FTR-NM,original_initialization_s,49,3,0.06164450499999674
paired,60,FTR-NM,original_initialization_s,50,3,0.11623427200004244
paired,60,FTR-NM,original_initialization_s,51,3,0.06928473600000729
paired,60,FTR-NM,original_initialization_s,52,3,0.11074959200000478
paired,60,RGA-MR,original_initialization_s,45,3,0.18658109100000075
paired,60,RGA-MR,original_initialization_s,46,3,0.054314021999999795
paired,60,RGA-MR,original_initialization_s,47,3,0.26765057799999425
paired,60,RGA-MR,original_initialization_s,48,3,0.11715786300000275
paired,60,RGA-MR,original_initialization_s,49,3,0.1483090830000009
paired,60,RGA-MR,original_initialization_s,50,3,0.30696407900001077
paired,60,RGA-MR,original_initialization_s,51,3,0.18651877100000291
paired,60,RGA-MR,original_initialization_s,52,3,0.2277370600000026
paired,60,B-ALNS,original_initialization_s,45,3,0.0
paired,60,B-ALNS,original_initialization_s,46,3,0.0
paired,60,B-ALNS,original_initialization_s,47,3,0.0
paired,60,B-ALNS,original_initialization_s,48,3,0.0
paired,60,B-ALNS,original_initialization_s,49,3,0.0
paired,60,B-ALNS,original_initialization_s,50,3,0.0
paired,60,B-ALNS,original_initialization_s,51,3,0.0
paired,60,B-ALNS,original_initialization_s,52,3,0.0
conditional,60,GR-MR,original_resource_recompute_s,45,1,1.8031308120000062
conditional,60,GR-MR,original_resource_recompute_s,46,1,2.0661049349999985
conditional,60,GR-MR,original_resource_recompute_s,47,1,0.00039819999999224365
conditional,60,GR-MR,original_resource_recompute_s,48,1,3.8496767230000017
conditional,60,GR-MR,original_resource_recompute_s,49,1,7.932744944000007
conditional,60,GR-MR,original_resource_recompute_s,50,1,2.5471336790000123
conditional,60,GR-MR,original_resource_recompute_s,51,1,1.911299021000005
conditional,60,GR-MR,original_resource_recompute_s,52,1,0.8283895879999932
common,60,GR-MR,original_resource_recompute_s,45,3,1.8031308120000062
common,60,GR-MR,original_resource_recompute_s,46,3,2.0661049349999985
common,60,GR-MR,original_resource_recompute_s,47,3,0.00039819999999224365
common,60,GR-MR,original_resource_recompute_s,48,3,3.8496767230000017
common,60,GR-MR,original_resource_recompute_s,49,3,7.932744944000007
common,60,GR-MR,original_resource_recompute_s,50,3,2.5471336790000123
common,60,GR-MR,original_resource_recompute_s,51,3,1.911299021000005
common,60,GR-MR,original_resource_recompute_s,52,3,0.8283895879999932
conditional,60,FTR-NM,original_resource_recompute_s,45,1,2.1409202259999986
conditional,60,FTR-NM,original_resource_recompute_s,46,1,0.5343998280000051
conditional,60,FTR-NM,original_resource_recompute_s,47,1,0.3870583930000038
conditional,60,FTR-NM,original_resource_recompute_s,48,1,0.7668376259999974
conditional,60,FTR-NM,original_resource_recompute_s,49,1,7.976459852000005
conditional,60,FTR-NM,original_resource_recompute_s,50,1,0.7206928610000034
conditional,60,FTR-NM,original_resource_recompute_s,51,1,0.00022319800000047962
conditional,60,FTR-NM,original_resource_recompute_s,52,1,0.835088686000006
common,60,FTR-NM,original_resource_recompute_s,45,3,2.1409202259999986
common,60,FTR-NM,original_resource_recompute_s,46,3,0.5343998280000051
common,60,FTR-NM,original_resource_recompute_s,47,3,0.3870583930000038
common,60,FTR-NM,original_resource_recompute_s,48,3,0.7668376259999974
common,60,FTR-NM,original_resource_recompute_s,49,3,7.976459852000005
common,60,FTR-NM,original_resource_recompute_s,50,3,0.7206928610000034
common,60,FTR-NM,original_resource_recompute_s,51,3,0.00022319800000047962
common,60,FTR-NM,original_resource_recompute_s,52,3,0.835088686000006
conditional,60,RGA-MR,original_resource_recompute_s,45,3,1.220636810666664
conditional,60,RGA-MR,original_resource_recompute_s,46,3,0.5189164620000023
conditional,60,RGA-MR,original_resource_recompute_s,47,3,0.0003424936666741966
conditional,60,RGA-MR,original_resource_recompute_s,48,3,4.416057132333331
conditional,60,RGA-MR,original_resource_recompute_s,49,3,8.695090701999996
conditional,60,RGA-MR,original_resource_recompute_s,50,3,2.594535847666672
conditional,60,RGA-MR,original_resource_recompute_s,51,3,0.0003346199999896271
conditional,60,RGA-MR,original_resource_recompute_s,52,3,1.49233328566667
common,60,RGA-MR,original_resource_recompute_s,45,3,1.220636810666664
common,60,RGA-MR,original_resource_recompute_s,46,3,0.5189164620000023
common,60,RGA-MR,original_resource_recompute_s,47,3,0.0003424936666741966
common,60,RGA-MR,original_resource_recompute_s,48,3,4.416057132333331
common,60,RGA-MR,original_resource_recompute_s,49,3,8.695090701999996
common,60,RGA-MR,original_resource_recompute_s,50,3,2.594535847666672
common,60,RGA-MR,original_resource_recompute_s,51,3,0.0003346199999896271
common,60,RGA-MR,original_resource_recompute_s,52,3,1.49233328566667
conditional,60,B-ALNS,original_resource_recompute_s,45,3,7.837149394333328
conditional,60,B-ALNS,original_resource_recompute_s,46,3,3.3788039383333364
conditional,60,B-ALNS,original_resource_recompute_s,47,3,6.584137280000012
conditional,60,B-ALNS,original_resource_recompute_s,48,3,5.120870321333342
conditional,60,B-ALNS,original_resource_recompute_s,49,3,4.360508445333333
conditional,60,B-ALNS,original_resource_recompute_s,50,3,6.905823713000008
conditional,60,B-ALNS,original_resource_recompute_s,51,3,1.0954161993333287
conditional,60,B-ALNS,original_resource_recompute_s,52,3,2.8646096489999926
common,60,B-ALNS,original_resource_recompute_s,45,3,7.837149394333328
common,60,B-ALNS,original_resource_recompute_s,46,3,3.3788039383333364
common,60,B-ALNS,original_resource_recompute_s,47,3,6.584137280000012
common,60,B-ALNS,original_resource_recompute_s,48,3,5.120870321333342
common,60,B-ALNS,original_resource_recompute_s,49,3,4.360508445333333
common,60,B-ALNS,original_resource_recompute_s,50,3,6.905823713000008
common,60,B-ALNS,original_resource_recompute_s,51,3,1.0954161993333287
common,60,B-ALNS,original_resource_recompute_s,52,3,2.8646096489999926
conditional,60,ESI-ALNS,original_resource_recompute_s,45,3,7.862081532666669
conditional,60,ESI-ALNS,original_resource_recompute_s,46,3,1.9678290946666668
conditional,60,ESI-ALNS,original_resource_recompute_s,47,3,2.368578278666656
conditional,60,ESI-ALNS,original_resource_recompute_s,48,3,5.13469237533334
conditional,60,ESI-ALNS,original_resource_recompute_s,49,3,6.203032550666663
conditional,60,ESI-ALNS,original_resource_recompute_s,50,3,9.222992692666688
conditional,60,ESI-ALNS,original_resource_recompute_s,51,3,3.5116206516666657
conditional,60,ESI-ALNS,original_resource_recompute_s,52,3,5.176322212666672
common,60,ESI-ALNS,original_resource_recompute_s,45,3,7.862081532666669
common,60,ESI-ALNS,original_resource_recompute_s,46,3,1.9678290946666668
common,60,ESI-ALNS,original_resource_recompute_s,47,3,2.368578278666656
common,60,ESI-ALNS,original_resource_recompute_s,48,3,5.13469237533334
common,60,ESI-ALNS,original_resource_recompute_s,49,3,6.203032550666663
common,60,ESI-ALNS,original_resource_recompute_s,50,3,9.222992692666688
common,60,ESI-ALNS,original_resource_recompute_s,51,3,3.5116206516666657
common,60,ESI-ALNS,original_resource_recompute_s,52,3,5.176322212666672
paired,60,GR-MR,original_resource_recompute_s,45,3,6.058950720666663
paired,60,GR-MR,original_resource_recompute_s,46,3,-0.09827584033333163
paired,60,GR-MR,original_resource_recompute_s,47,3,2.3681800786666636
paired,60,GR-MR,original_resource_recompute_s,48,3,1.2850156523333378
paired,60,GR-MR,original_resource_recompute_s,49,3,-1.7297123933333438
paired,60,GR-MR,original_resource_recompute_s,50,3,6.675859013666677
paired,60,GR-MR,original_resource_recompute_s,51,3,1.6003216306666606
paired,60,GR-MR,original_resource_recompute_s,52,3,4.3479326246666785
paired,60,FTR-NM,original_resource_recompute_s,45,3,5.72116130666667
paired,60,FTR-NM,original_resource_recompute_s,46,3,1.4334292666666617
paired,60,FTR-NM,original_resource_recompute_s,47,3,1.9815198856666523
paired,60,FTR-NM,original_resource_recompute_s,48,3,4.367854749333342
paired,60,FTR-NM,original_resource_recompute_s,49,3,-1.7734273013333421
paired,60,FTR-NM,original_resource_recompute_s,50,3,8.502299831666685
paired,60,FTR-NM,original_resource_recompute_s,51,3,3.5113974536666652
paired,60,FTR-NM,original_resource_recompute_s,52,3,4.341233526666666
paired,60,RGA-MR,original_resource_recompute_s,45,3,6.6414447220000055
paired,60,RGA-MR,original_resource_recompute_s,46,3,1.4489126326666646
paired,60,RGA-MR,original_resource_recompute_s,47,3,2.3682357849999818
paired,60,RGA-MR,original_resource_recompute_s,48,3,0.7186352430000085
paired,60,RGA-MR,original_resource_recompute_s,49,3,-2.492058151333334
paired,60,RGA-MR,original_resource_recompute_s,50,3,6.6284568450000165
paired,60,RGA-MR,original_resource_recompute_s,51,3,3.511286031666676
paired,60,RGA-MR,original_resource_recompute_s,52,3,3.6839889270000015
paired,60,B-ALNS,original_resource_recompute_s,45,3,0.02493213833334096
paired,60,B-ALNS,original_resource_recompute_s,46,3,-1.4109748436666696
paired,60,B-ALNS,original_resource_recompute_s,47,3,-4.215559001333356
paired,60,B-ALNS,original_resource_recompute_s,48,3,0.013822053999997289
paired,60,B-ALNS,original_resource_recompute_s,49,3,1.8425241053333299
paired,60,B-ALNS,original_resource_recompute_s,50,3,2.3171689796666803
paired,60,B-ALNS,original_resource_recompute_s,51,3,2.416204452333337
paired,60,B-ALNS,original_resource_recompute_s,52,3,2.311712563666679
conditional,60,GR-MR,original_search_s,45,1,0.0
conditional,60,GR-MR,original_search_s,46,1,0.0
conditional,60,GR-MR,original_search_s,47,1,0.0
conditional,60,GR-MR,original_search_s,48,1,0.0
conditional,60,GR-MR,original_search_s,49,1,0.0
conditional,60,GR-MR,original_search_s,50,1,0.0
conditional,60,GR-MR,original_search_s,51,1,0.0
conditional,60,GR-MR,original_search_s,52,1,0.0
common,60,GR-MR,original_search_s,45,3,0.0
common,60,GR-MR,original_search_s,46,3,0.0
common,60,GR-MR,original_search_s,47,3,0.0
common,60,GR-MR,original_search_s,48,3,0.0
common,60,GR-MR,original_search_s,49,3,0.0
common,60,GR-MR,original_search_s,50,3,0.0
common,60,GR-MR,original_search_s,51,3,0.0
common,60,GR-MR,original_search_s,52,3,0.0
conditional,60,FTR-NM,original_search_s,45,1,0.0
conditional,60,FTR-NM,original_search_s,46,1,0.0
conditional,60,FTR-NM,original_search_s,47,1,0.0
conditional,60,FTR-NM,original_search_s,48,1,0.0
conditional,60,FTR-NM,original_search_s,49,1,0.0
conditional,60,FTR-NM,original_search_s,50,1,0.0
conditional,60,FTR-NM,original_search_s,51,1,0.0
conditional,60,FTR-NM,original_search_s,52,1,0.0
common,60,FTR-NM,original_search_s,45,3,0.0
common,60,FTR-NM,original_search_s,46,3,0.0
common,60,FTR-NM,original_search_s,47,3,0.0
common,60,FTR-NM,original_search_s,48,3,0.0
common,60,FTR-NM,original_search_s,49,3,0.0
common,60,FTR-NM,original_search_s,50,3,0.0
common,60,FTR-NM,original_search_s,51,3,0.0
common,60,FTR-NM,original_search_s,52,3,0.0
conditional,60,RGA-MR,original_search_s,45,3,18.117151341333333
conditional,60,RGA-MR,original_search_s,46,3,14.383089079666666
conditional,60,RGA-MR,original_search_s,47,3,24.846369617666664
conditional,60,RGA-MR,original_search_s,48,3,21.04121203466666
conditional,60,RGA-MR,original_search_s,49,3,27.906897122
conditional,60,RGA-MR,original_search_s,50,3,36.77529773933333
conditional,60,RGA-MR,original_search_s,51,3,26.05760271133333
conditional,60,RGA-MR,original_search_s,52,3,29.73783861733334
common,60,RGA-MR,original_search_s,45,3,18.117151341333333
common,60,RGA-MR,original_search_s,46,3,14.383089079666666
common,60,RGA-MR,original_search_s,47,3,24.846369617666664
common,60,RGA-MR,original_search_s,48,3,21.04121203466666
common,60,RGA-MR,original_search_s,49,3,27.906897122
common,60,RGA-MR,original_search_s,50,3,36.77529773933333
common,60,RGA-MR,original_search_s,51,3,26.05760271133333
common,60,RGA-MR,original_search_s,52,3,29.73783861733334
conditional,60,B-ALNS,original_search_s,45,3,25.482376825000006
conditional,60,B-ALNS,original_search_s,46,3,14.089401054666668
conditional,60,B-ALNS,original_search_s,47,3,20.040744356666664
conditional,60,B-ALNS,original_search_s,48,3,17.439969482666665
conditional,60,B-ALNS,original_search_s,49,3,16.197385885666666
conditional,60,B-ALNS,original_search_s,50,3,28.421962848333322
conditional,60,B-ALNS,original_search_s,51,3,21.190476607999997
conditional,60,B-ALNS,original_search_s,52,3,14.434744305999994
common,60,B-ALNS,original_search_s,45,3,25.482376825000006
common,60,B-ALNS,original_search_s,46,3,14.089401054666668
common,60,B-ALNS,original_search_s,47,3,20.040744356666664
common,60,B-ALNS,original_search_s,48,3,17.439969482666665
common,60,B-ALNS,original_search_s,49,3,16.197385885666666
common,60,B-ALNS,original_search_s,50,3,28.421962848333322
common,60,B-ALNS,original_search_s,51,3,21.190476607999997
common,60,B-ALNS,original_search_s,52,3,14.434744305999994
conditional,60,ESI-ALNS,original_search_s,45,3,31.353783089999997
conditional,60,ESI-ALNS,original_search_s,46,3,17.186025608000005
conditional,60,ESI-ALNS,original_search_s,47,3,26.518288689666665
conditional,60,ESI-ALNS,original_search_s,48,3,20.905253892666668
conditional,60,ESI-ALNS,original_search_s,49,3,20.851878815000003
conditional,60,ESI-ALNS,original_search_s,50,3,35.95059032899999
conditional,60,ESI-ALNS,original_search_s,51,3,24.83445185900001
conditional,60,ESI-ALNS,original_search_s,52,3,19.154842212999995
common,60,ESI-ALNS,original_search_s,45,3,31.353783089999997
common,60,ESI-ALNS,original_search_s,46,3,17.186025608000005
common,60,ESI-ALNS,original_search_s,47,3,26.518288689666665
common,60,ESI-ALNS,original_search_s,48,3,20.905253892666668
common,60,ESI-ALNS,original_search_s,49,3,20.851878815000003
common,60,ESI-ALNS,original_search_s,50,3,35.95059032899999
common,60,ESI-ALNS,original_search_s,51,3,24.83445185900001
common,60,ESI-ALNS,original_search_s,52,3,19.154842212999995
paired,60,GR-MR,original_search_s,45,3,31.353783089999997
paired,60,GR-MR,original_search_s,46,3,17.186025608000005
paired,60,GR-MR,original_search_s,47,3,26.518288689666665
paired,60,GR-MR,original_search_s,48,3,20.905253892666668
paired,60,GR-MR,original_search_s,49,3,20.851878815000003
paired,60,GR-MR,original_search_s,50,3,35.95059032899999
paired,60,GR-MR,original_search_s,51,3,24.83445185900001
paired,60,GR-MR,original_search_s,52,3,19.154842212999995
paired,60,FTR-NM,original_search_s,45,3,31.353783089999997
paired,60,FTR-NM,original_search_s,46,3,17.186025608000005
paired,60,FTR-NM,original_search_s,47,3,26.518288689666665
paired,60,FTR-NM,original_search_s,48,3,20.905253892666668
paired,60,FTR-NM,original_search_s,49,3,20.851878815000003
paired,60,FTR-NM,original_search_s,50,3,35.95059032899999
paired,60,FTR-NM,original_search_s,51,3,24.83445185900001
paired,60,FTR-NM,original_search_s,52,3,19.154842212999995
paired,60,RGA-MR,original_search_s,45,3,13.236631748666662
paired,60,RGA-MR,original_search_s,46,3,2.8029365283333405
paired,60,RGA-MR,original_search_s,47,3,1.671919072000004
paired,60,RGA-MR,original_search_s,48,3,-0.13595814199999268
paired,60,RGA-MR,original_search_s,49,3,-7.055018307
paired,60,RGA-MR,original_search_s,50,3,-0.8247074103333413
paired,60,RGA-MR,original_search_s,51,3,-1.2231508523333237
paired,60,RGA-MR,original_search_s,52,3,-10.582996404333345
paired,60,B-ALNS,original_search_s,45,3,5.871406264999988
paired,60,B-ALNS,original_search_s,46,3,3.096624553333337
paired,60,B-ALNS,original_search_s,47,3,6.477544333000002
paired,60,B-ALNS,original_search_s,48,3,3.4652844100000046
paired,60,B-ALNS,original_search_s,49,3,4.654492929333334
paired,60,B-ALNS,original_search_s,50,3,7.528627480666671
paired,60,B-ALNS,original_search_s,51,3,3.64397525100001
paired,60,B-ALNS,original_search_s,52,3,4.720097907
conditional,60,GR-MR,original_total_to_resources_s,45,1,1.989711903000007
conditional,60,GR-MR,original_total_to_resources_s,46,1,2.1204189569999983
conditional,60,GR-MR,original_total_to_resources_s,47,1,0.2680487779999865
conditional,60,GR-MR,original_total_to_resources_s,48,1,3.9668345860000045
conditional,60,GR-MR,original_total_to_resources_s,49,1,8.081054027000008
conditional,60,GR-MR,original_total_to_resources_s,50,1,2.854097758000023
conditional,60,GR-MR,original_total_to_resources_s,51,1,2.097817792000008
conditional,60,GR-MR,original_total_to_resources_s,52,1,1.0561266479999958
common,60,GR-MR,original_total_to_resources_s,45,3,1.989711903000007
common,60,GR-MR,original_total_to_resources_s,46,3,2.1204189569999983
common,60,GR-MR,original_total_to_resources_s,47,3,0.2680487779999865
common,60,GR-MR,original_total_to_resources_s,48,3,3.9668345860000045
common,60,GR-MR,original_total_to_resources_s,49,3,8.081054027000008
common,60,GR-MR,original_total_to_resources_s,50,3,2.854097758000023
common,60,GR-MR,original_total_to_resources_s,51,3,2.097817792000008
common,60,GR-MR,original_total_to_resources_s,52,3,1.0561266479999958
conditional,60,FTR-NM,original_total_to_resources_s,45,1,2.2404700510000097
conditional,60,FTR-NM,original_total_to_resources_s,46,1,0.5760409420000059
conditional,60,FTR-NM,original_total_to_resources_s,47,1,0.5288607810000059
conditional,60,FTR-NM,original_total_to_resources_s,48,1,0.8484490979999961
conditional,60,FTR-NM,original_total_to_resources_s,49,1,8.06312443000001
conditional,60,FTR-NM,original_total_to_resources_s,50,1,0.9114226679999717
conditional,60,FTR-NM,original_total_to_resources_s,51,1,0.11745723299999611
conditional,60,FTR-NM,original_total_to_resources_s,52,1,0.9520761540000038
common,60,FTR-NM,original_total_to_resources_s,45,3,2.2404700510000097
common,60,FTR-NM,original_total_to_resources_s,46,3,0.5760409420000059
common,60,FTR-NM,original_total_to_resources_s,47,3,0.5288607810000059
common,60,FTR-NM,original_total_to_resources_s,48,3,0.8484490979999961
common,60,FTR-NM,original_total_to_resources_s,49,3,8.06312443000001
common,60,FTR-NM,original_total_to_resources_s,50,3,0.9114226679999717
common,60,FTR-NM,original_total_to_resources_s,51,3,0.11745723299999611
common,60,FTR-NM,original_total_to_resources_s,52,3,0.9520761540000038
conditional,60,RGA-MR,original_total_to_resources_s,45,3,19.337788151999998
conditional,60,RGA-MR,original_total_to_resources_s,46,3,14.902005541666668
conditional,60,RGA-MR,original_total_to_resources_s,47,3,24.846712111333336
conditional,60,RGA-MR,original_total_to_resources_s,48,3,25.457269166999993
conditional,60,RGA-MR,original_total_to_resources_s,49,3,36.601987824
conditional,60,RGA-MR,original_total_to_resources_s,50,3,39.36983358700001
conditional,60,RGA-MR,original_total_to_resources_s,51,3,26.05793733133332
conditional,60,RGA-MR,original_total_to_resources_s,52,3,31.23017190300001
common,60,RGA-MR,original_total_to_resources_s,45,3,19.337788151999998
common,60,RGA-MR,original_total_to_resources_s,46,3,14.902005541666668
common,60,RGA-MR,original_total_to_resources_s,47,3,24.846712111333336
common,60,RGA-MR,original_total_to_resources_s,48,3,25.457269166999993
common,60,RGA-MR,original_total_to_resources_s,49,3,36.601987824
common,60,RGA-MR,original_total_to_resources_s,50,3,39.36983358700001
common,60,RGA-MR,original_total_to_resources_s,51,3,26.05793733133332
common,60,RGA-MR,original_total_to_resources_s,52,3,31.23017190300001
conditional,60,B-ALNS,original_total_to_resources_s,45,3,33.506107310333334
conditional,60,B-ALNS,original_total_to_resources_s,46,3,17.522519015000004
conditional,60,B-ALNS,original_total_to_resources_s,47,3,26.89253221466667
conditional,60,B-ALNS,original_total_to_resources_s,48,3,22.67799766700001
conditional,60,B-ALNS,original_total_to_resources_s,49,3,20.706203414
conditional,60,B-ALNS,original_total_to_resources_s,50,3,35.634750640333344
conditional,60,B-ALNS,original_total_to_resources_s,51,3,22.47241157833333
conditional,60,B-ALNS,original_total_to_resources_s,52,3,17.52709101499999
common,60,B-ALNS,original_total_to_resources_s,45,3,33.506107310333334
common,60,B-ALNS,original_total_to_resources_s,46,3,17.522519015000004
common,60,B-ALNS,original_total_to_resources_s,47,3,26.89253221466667
common,60,B-ALNS,original_total_to_resources_s,48,3,22.67799766700001
common,60,B-ALNS,original_total_to_resources_s,49,3,20.706203414
common,60,B-ALNS,original_total_to_resources_s,50,3,35.634750640333344
common,60,B-ALNS,original_total_to_resources_s,51,3,22.47241157833333
common,60,B-ALNS,original_total_to_resources_s,52,3,17.52709101499999
conditional,60,ESI-ALNS,original_total_to_resources_s,45,3,39.402445713666665
conditional,60,ESI-ALNS,original_total_to_resources_s,46,3,19.208168724666674
conditional,60,ESI-ALNS,original_total_to_resources_s,47,3,29.154517546333317
conditional,60,ESI-ALNS,original_total_to_resources_s,48,3,26.15710413100001
conditional,60,ESI-ALNS,original_total_to_resources_s,49,3,27.203220448666666
conditional,60,ESI-ALNS,original_total_to_resources_s,50,3,45.48054710066669
conditional,60,ESI-ALNS,original_total_to_resources_s,51,3,28.532591281666676
conditional,60,ESI-ALNS,original_total_to_resources_s,52,3,24.55890148566667
common,60,ESI-ALNS,original_total_to_resources_s,45,3,39.402445713666665
common,60,ESI-ALNS,original_total_to_resources_s,46,3,19.208168724666674
common,60,ESI-ALNS,original_total_to_resources_s,47,3,29.154517546333317
common,60,ESI-ALNS,original_total_to_resources_s,48,3,26.15710413100001
common,60,ESI-ALNS,original_total_to_resources_s,49,3,27.203220448666666
common,60,ESI-ALNS,original_total_to_resources_s,50,3,45.48054710066669
common,60,ESI-ALNS,original_total_to_resources_s,51,3,28.532591281666676
common,60,ESI-ALNS,original_total_to_resources_s,52,3,24.55890148566667
paired,60,GR-MR,original_total_to_resources_s,45,3,37.41273381066666
paired,60,GR-MR,original_total_to_resources_s,46,3,17.087749767666676
paired,60,GR-MR,original_total_to_resources_s,47,3,28.88646876833333
paired,60,GR-MR,original_total_to_resources_s,48,3,22.190269545000007
paired,60,GR-MR,original_total_to_resources_s,49,3,19.12216642166666
paired,60,GR-MR,original_total_to_resources_s,50,3,42.62644934266667
paired,60,GR-MR,original_total_to_resources_s,51,3,26.434773489666668
paired,60,GR-MR,original_total_to_resources_s,52,3,23.502774837666674
paired,60,FTR-NM,original_total_to_resources_s,45,3,37.161975662666656
paired,60,FTR-NM,original_total_to_resources_s,46,3,18.632127782666668
paired,60,FTR-NM,original_total_to_resources_s,47,3,28.62565676533331
paired,60,FTR-NM,original_total_to_resources_s,48,3,25.308655033000015
paired,60,FTR-NM,original_total_to_resources_s,49,3,19.140096018666657
paired,60,FTR-NM,original_total_to_resources_s,50,3,44.56912443266672
paired,60,FTR-NM,original_total_to_resources_s,51,3,28.41513404866668
paired,60,FTR-NM,original_total_to_resources_s,52,3,23.606825331666666
paired,60,RGA-MR,original_total_to_resources_s,45,3,20.064657561666667
paired,60,RGA-MR,original_total_to_resources_s,46,3,4.306163183000005
paired,60,RGA-MR,original_total_to_resources_s,47,3,4.30780543499998
paired,60,RGA-MR,original_total_to_resources_s,48,3,0.6998349640000185
paired,60,RGA-MR,original_total_to_resources_s,49,3,-9.398767375333334
paired,60,RGA-MR,original_total_to_resources_s,50,3,6.110713513666686
paired,60,RGA-MR,original_total_to_resources_s,51,3,2.474653950333355
paired,60,RGA-MR,original_total_to_resources_s,52,3,-6.671270417333342
paired,60,B-ALNS,original_total_to_resources_s,45,3,5.896338403333329
paired,60,B-ALNS,original_total_to_resources_s,46,3,1.6856497096666676
paired,60,B-ALNS,original_total_to_resources_s,47,3,2.261985331666646
paired,60,B-ALNS,original_total_to_resources_s,48,3,3.4791064640000022
paired,60,B-ALNS,original_total_to_resources_s,49,3,6.497017034666665
paired,60,B-ALNS,original_total_to_resources_s,50,3,9.845796460333352
paired,60,B-ALNS,original_total_to_resources_s,51,3,6.060179703333347
paired,60,B-ALNS,original_total_to_resources_s,52,3,7.03181047066668
conditional,60,GR-MR,original_total_with_audit_s,45,1,1.9956581639999982
conditional,60,GR-MR,original_total_with_audit_s,46,1,2.1245127010000004
conditional,60,GR-MR,original_total_with_audit_s,47,1,0.26805387799998215
conditional,60,GR-MR,original_total_with_audit_s,48,1,3.9721523000000047
conditional,60,GR-MR,original_total_with_audit_s,49,1,8.08663648400001
conditional,60,GR-MR,original_total_with_audit_s,50,1,2.859491164000019
conditional,60,GR-MR,original_total_with_audit_s,51,1,2.0978229420000076
conditional,60,GR-MR,original_total_with_audit_s,52,1,1.0620783580000008
common,60,GR-MR,original_total_with_audit_s,45,3,1.9956581639999982
common,60,GR-MR,original_total_with_audit_s,46,3,2.1245127010000004
common,60,GR-MR,original_total_with_audit_s,47,3,0.26805387799998215
common,60,GR-MR,original_total_with_audit_s,48,3,3.9721523000000047
common,60,GR-MR,original_total_with_audit_s,49,3,8.08663648400001
common,60,GR-MR,original_total_with_audit_s,50,3,2.859491164000019
common,60,GR-MR,original_total_with_audit_s,51,3,2.0978229420000076
common,60,GR-MR,original_total_with_audit_s,52,3,1.0620783580000008
conditional,60,FTR-NM,original_total_with_audit_s,45,1,2.240475491000012
conditional,60,FTR-NM,original_total_with_audit_s,46,1,0.5798213300000157
conditional,60,FTR-NM,original_total_with_audit_s,47,1,0.528867052999999
conditional,60,FTR-NM,original_total_with_audit_s,48,1,0.853460776999988
conditional,60,FTR-NM,original_total_with_audit_s,49,1,8.068710118000034
conditional,60,FTR-NM,original_total_with_audit_s,50,1,0.9172209549999764
conditional,60,FTR-NM,original_total_with_audit_s,51,1,0.11746180199999401
conditional,60,FTR-NM,original_total_with_audit_s,52,1,0.9582935450000107
common,60,FTR-NM,original_total_with_audit_s,45,3,2.240475491000012
common,60,FTR-NM,original_total_with_audit_s,46,3,0.5798213300000157
common,60,FTR-NM,original_total_with_audit_s,47,3,0.528867052999999
common,60,FTR-NM,original_total_with_audit_s,48,3,0.853460776999988
common,60,FTR-NM,original_total_with_audit_s,49,3,8.068710118000034
common,60,FTR-NM,original_total_with_audit_s,50,3,0.9172209549999764
common,60,FTR-NM,original_total_with_audit_s,51,3,0.11746180199999401
common,60,FTR-NM,original_total_with_audit_s,52,3,0.9582935450000107
conditional,60,RGA-MR,original_total_with_audit_s,45,3,19.344235616333332
conditional,60,RGA-MR,original_total_with_audit_s,46,3,14.905769067666663
conditional,60,RGA-MR,original_total_with_audit_s,47,3,24.846716797
conditional,60,RGA-MR,original_total_with_audit_s,48,3,25.462410342
conditional,60,RGA-MR,original_total_with_audit_s,49,3,36.60767166133334
conditional,60,RGA-MR,original_total_with_audit_s,50,3,39.374868081333354
conditional,60,RGA-MR,original_total_with_audit_s,51,3,26.057941862999982
conditional,60,RGA-MR,original_total_with_audit_s,52,3,31.236133013333337
common,60,RGA-MR,original_total_with_audit_s,45,3,19.344235616333332
common,60,RGA-MR,original_total_with_audit_s,46,3,14.905769067666663
common,60,RGA-MR,original_total_with_audit_s,47,3,24.846716797
common,60,RGA-MR,original_total_with_audit_s,48,3,25.462410342
common,60,RGA-MR,original_total_with_audit_s,49,3,36.60767166133334
common,60,RGA-MR,original_total_with_audit_s,50,3,39.374868081333354
common,60,RGA-MR,original_total_with_audit_s,51,3,26.057941862999982
common,60,RGA-MR,original_total_with_audit_s,52,3,31.236133013333337
conditional,60,B-ALNS,original_total_with_audit_s,45,3,33.51272783533334
conditional,60,B-ALNS,original_total_with_audit_s,46,3,17.526759483666673
conditional,60,B-ALNS,original_total_with_audit_s,47,3,26.898284228333342
conditional,60,B-ALNS,original_total_with_audit_s,48,3,22.683668450333343
conditional,60,B-ALNS,original_total_with_audit_s,49,3,20.712426020999995
conditional,60,B-ALNS,original_total_with_audit_s,50,3,35.639857079666676
conditional,60,B-ALNS,original_total_with_audit_s,51,3,22.47826039433333
conditional,60,B-ALNS,original_total_with_audit_s,52,3,17.53299439766666
common,60,B-ALNS,original_total_with_audit_s,45,3,33.51272783533334
common,60,B-ALNS,original_total_with_audit_s,46,3,17.526759483666673
common,60,B-ALNS,original_total_with_audit_s,47,3,26.898284228333342
common,60,B-ALNS,original_total_with_audit_s,48,3,22.683668450333343
common,60,B-ALNS,original_total_with_audit_s,49,3,20.712426020999995
common,60,B-ALNS,original_total_with_audit_s,50,3,35.639857079666676
common,60,B-ALNS,original_total_with_audit_s,51,3,22.47826039433333
common,60,B-ALNS,original_total_with_audit_s,52,3,17.53299439766666
conditional,60,ESI-ALNS,original_total_with_audit_s,45,3,39.409121423
conditional,60,ESI-ALNS,original_total_with_audit_s,46,3,19.21226243866667
conditional,60,ESI-ALNS,original_total_with_audit_s,47,3,29.160093201666648
conditional,60,ESI-ALNS,original_total_with_audit_s,48,3,26.162909967000015
conditional,60,ESI-ALNS,original_total_with_audit_s,49,3,27.209187912666664
conditional,60,ESI-ALNS,original_total_with_audit_s,50,3,45.48548520600002
conditional,60,ESI-ALNS,original_total_with_audit_s,51,3,28.53856385700001
conditional,60,ESI-ALNS,original_total_with_audit_s,52,3,24.564737779
common,60,ESI-ALNS,original_total_with_audit_s,45,3,39.409121423
common,60,ESI-ALNS,original_total_with_audit_s,46,3,19.21226243866667
common,60,ESI-ALNS,original_total_with_audit_s,47,3,29.160093201666648
common,60,ESI-ALNS,original_total_with_audit_s,48,3,26.162909967000015
common,60,ESI-ALNS,original_total_with_audit_s,49,3,27.209187912666664
common,60,ESI-ALNS,original_total_with_audit_s,50,3,45.48548520600002
common,60,ESI-ALNS,original_total_with_audit_s,51,3,28.53856385700001
common,60,ESI-ALNS,original_total_with_audit_s,52,3,24.564737779
paired,60,GR-MR,original_total_with_audit_s,45,3,37.413463259000004
paired,60,GR-MR,original_total_with_audit_s,46,3,17.08774973766667
paired,60,GR-MR,original_total_with_audit_s,47,3,28.892039323666665
paired,60,GR-MR,original_total_with_audit_s,48,3,22.19075766700001
paired,60,GR-MR,original_total_with_audit_s,49,3,19.122551428666654
paired,60,GR-MR,original_total_with_audit_s,50,3,42.625994042
paired,60,GR-MR,original_total_with_audit_s,51,3,26.440740915000003
paired,60,GR-MR,original_total_with_audit_s,52,3,23.502659421
paired,60,FTR-NM,original_total_with_audit_s,45,3,37.16864593199999
paired,60,FTR-NM,original_total_with_audit_s,46,3,18.632441108666654
paired,60,FTR-NM,original_total_with_audit_s,47,3,28.63122614866665
paired,60,FTR-NM,original_total_with_audit_s,48,3,25.309449190000027
paired,60,FTR-NM,original_total_with_audit_s,49,3,19.14047779466663
paired,60,FTR-NM,original_total_with_audit_s,50,3,44.568264251000045
paired,60,FTR-NM,original_total_with_audit_s,51,3,28.421102055000016
paired,60,FTR-NM,original_total_with_audit_s,52,3,23.60644423399999
paired,60,RGA-MR,original_total_with_audit_s,45,3,20.06488580666667
paired,60,RGA-MR,original_total_with_audit_s,46,3,4.306493371000006
paired,60,RGA-MR,original_total_with_audit_s,47,3,4.3133764046666485
paired,60,RGA-MR,original_total_with_audit_s,48,3,0.7004996250000156
paired,60,RGA-MR,original_total_with_audit_s,49,3,-9.398483748666676
paired,60,RGA-MR,original_total_with_audit_s,50,3,6.110617124666665
paired,60,RGA-MR,original_total_with_audit_s,51,3,2.4806219940000296
paired,60,RGA-MR,original_total_with_audit_s,52,3,-6.671395234333336
paired,60,B-ALNS,original_total_with_audit_s,45,3,5.896393587666668
paired,60,B-ALNS,original_total_with_audit_s,46,3,1.685502954999997
paired,60,B-ALNS,original_total_with_audit_s,47,3,2.261808973333307
paired,60,B-ALNS,original_total_with_audit_s,48,3,3.479241516666671
paired,60,B-ALNS,original_total_with_audit_s,49,3,6.49676189166667
paired,60,B-ALNS,original_total_with_audit_s,50,3,9.845628126333347
paired,60,B-ALNS,original_total_with_audit_s,51,3,6.060303462666681
paired,60,B-ALNS,original_total_with_audit_s,52,3,7.031743381333342
conditional,60,GR-MR,p95_delay_s,45,1,363.91385841931424
conditional,60,GR-MR,p95_delay_s,46,1,371.59873387619325
conditional,60,GR-MR,p95_delay_s,48,1,392.59439940634513
conditional,60,GR-MR,p95_delay_s,49,1,353.370440566145
conditional,60,GR-MR,p95_delay_s,50,1,356.4607775445204
conditional,60,GR-MR,p95_delay_s,52,1,368.91823916568245
common,60,GR-MR,p95_delay_s,46,3,371.59873387619325
common,60,GR-MR,p95_delay_s,48,3,392.59439940634513
common,60,GR-MR,p95_delay_s,49,3,353.370440566145
common,60,GR-MR,p95_delay_s,50,2,356.4607775445204
common,60,GR-MR,p95_delay_s,52,3,368.91823916568245
conditional,60,FTR-NM,p95_delay_s,46,1,371.5935108752137
conditional,60,FTR-NM,p95_delay_s,48,1,392.58905731535793
conditional,60,FTR-NM,p95_delay_s,49,1,353.37044070123534
conditional,60,FTR-NM,p95_delay_s,50,1,356.4611493730454
conditional,60,FTR-NM,p95_delay_s,52,1,368.91823942096937
common,60,FTR-NM,p95_delay_s,46,3,371.5935108752137
common,60,FTR-NM,p95_delay_s,48,3,392.58905731535793
common,60,FTR-NM,p95_delay_s,49,3,353.37044070123534
common,60,FTR-NM,p95_delay_s,50,2,356.4611493730454
common,60,FTR-NM,p95_delay_s,52,3,368.91823942096937
conditional,60,RGA-MR,p95_delay_s,45,3,365.05309796573795
conditional,60,RGA-MR,p95_delay_s,46,3,371.59873387619325
conditional,60,RGA-MR,p95_delay_s,48,3,392.5946179204438
conditional,60,RGA-MR,p95_delay_s,49,3,353.370440566145
conditional,60,RGA-MR,p95_delay_s,50,3,356.4607775445204
conditional,60,RGA-MR,p95_delay_s,52,3,368.91823916568245
common,60,RGA-MR,p95_delay_s,46,3,371.59873387619325
common,60,RGA-MR,p95_delay_s,48,3,392.5946179204438
common,60,RGA-MR,p95_delay_s,49,3,353.370440566145
common,60,RGA-MR,p95_delay_s,50,2,356.4607775445204
common,60,RGA-MR,p95_delay_s,52,3,368.91823916568245
conditional,60,B-ALNS,p95_delay_s,45,3,359.8618385787504
conditional,60,B-ALNS,p95_delay_s,46,3,352.31374621936794
conditional,60,B-ALNS,p95_delay_s,47,3,352.2132721487397
conditional,60,B-ALNS,p95_delay_s,48,3,368.53449627946827
conditional,60,B-ALNS,p95_delay_s,49,3,365.22721647066817
conditional,60,B-ALNS,p95_delay_s,50,2,360.38049100563563
conditional,60,B-ALNS,p95_delay_s,51,3,351.20038122693995
conditional,60,B-ALNS,p95_delay_s,52,3,381.2873877052343
common,60,B-ALNS,p95_delay_s,46,3,352.31374621936794
common,60,B-ALNS,p95_delay_s,48,3,368.53449627946827
common,60,B-ALNS,p95_delay_s,49,3,365.22721647066817
common,60,B-ALNS,p95_delay_s,50,2,360.38049100563563
common,60,B-ALNS,p95_delay_s,52,3,381.2873877052343
conditional,60,ESI-ALNS,p95_delay_s,45,3,358.9890900061206
conditional,60,ESI-ALNS,p95_delay_s,46,3,353.5281007234892
conditional,60,ESI-ALNS,p95_delay_s,47,3,358.67709520520657
conditional,60,ESI-ALNS,p95_delay_s,48,3,368.53449628212815
conditional,60,ESI-ALNS,p95_delay_s,49,3,364.41022985651733
conditional,60,ESI-ALNS,p95_delay_s,50,2,360.38049124812875
conditional,60,ESI-ALNS,p95_delay_s,51,3,351.20038123792585
conditional,60,ESI-ALNS,p95_delay_s,52,3,382.1409765639276
common,60,ESI-ALNS,p95_delay_s,46,3,353.5281007234892
common,60,ESI-ALNS,p95_delay_s,48,3,368.53449628212815
common,60,ESI-ALNS,p95_delay_s,49,3,364.41022985651733
common,60,ESI-ALNS,p95_delay_s,50,2,360.38049124812875
common,60,ESI-ALNS,p95_delay_s,52,3,382.1409765639276
paired,60,GR-MR,p95_delay_s,45,3,-4.924768413193647
paired,60,GR-MR,p95_delay_s,46,3,-18.07063315270405
paired,60,GR-MR,p95_delay_s,48,3,-24.05990312421697
paired,60,GR-MR,p95_delay_s,49,3,11.039789290372312
paired,60,GR-MR,p95_delay_s,50,2,3.919713703608352
paired,60,GR-MR,p95_delay_s,52,3,13.222737398245139
paired,60,FTR-NM,p95_delay_s,46,3,-18.065410151724524
paired,60,FTR-NM,p95_delay_s,48,3,-24.05456103322977
paired,60,FTR-NM,p95_delay_s,49,3,11.039789155281994
paired,60,FTR-NM,p95_delay_s,50,2,3.9193418750833757
paired,60,FTR-NM,p95_delay_s,52,3,13.222737142958218
paired,60,RGA-MR,p95_delay_s,45,3,-6.064007959617375
paired,60,RGA-MR,p95_delay_s,46,3,-18.07063315270405
paired,60,RGA-MR,p95_delay_s,48,3,-24.060121638315632
paired,60,RGA-MR,p95_delay_s,49,3,11.039789290372312
paired,60,RGA-MR,p95_delay_s,50,2,3.919713703608352
paired,60,RGA-MR,p95_delay_s,52,3,13.222737398245139
paired,60,B-ALNS,p95_delay_s,45,3,-0.8727485726298028
paired,60,B-ALNS,p95_delay_s,46,3,1.2143545041212558
paired,60,B-ALNS,p95_delay_s,47,3,6.463823056466879
paired,60,B-ALNS,p95_delay_s,48,3,2.659911994366363e-09
paired,60,B-ALNS,p95_delay_s,49,3,-0.8169866141508351
paired,60,B-ALNS,p95_delay_s,50,2,2.424931153655052e-07
paired,60,B-ALNS,p95_delay_s,51,3,1.0985862293940348e-08
paired,60,B-ALNS,p95_delay_s,52,3,0.8535888586932666
conditional,60,GR-MR,stage1_energy_j,45,1,242167.79189886898
conditional,60,GR-MR,stage1_energy_j,46,1,226817.0363384955
conditional,60,GR-MR,stage1_energy_j,48,1,216699.661243419
conditional,60,GR-MR,stage1_energy_j,49,1,235252.84454502165
conditional,60,GR-MR,stage1_energy_j,50,1,224322.32715164108
conditional,60,GR-MR,stage1_energy_j,52,1,235845.36696474502
common,60,GR-MR,stage1_energy_j,46,3,226817.0363384955
common,60,GR-MR,stage1_energy_j,48,3,216699.661243419
common,60,GR-MR,stage1_energy_j,49,3,235252.84454502165
common,60,GR-MR,stage1_energy_j,50,2,224322.32715164108
common,60,GR-MR,stage1_energy_j,52,3,235845.36696474502
conditional,60,FTR-NM,stage1_energy_j,46,1,226881.41771547473
conditional,60,FTR-NM,stage1_energy_j,48,1,221912.08107116504
conditional,60,FTR-NM,stage1_energy_j,49,1,236686.48733800687
conditional,60,FTR-NM,stage1_energy_j,50,1,231568.46224553543
conditional,60,FTR-NM,stage1_energy_j,52,1,238679.87942614628
common,60,FTR-NM,stage1_energy_j,46,3,226881.41771547473
common,60,FTR-NM,stage1_energy_j,48,3,221912.08107116504
common,60,FTR-NM,stage1_energy_j,49,3,236686.48733800687
common,60,FTR-NM,stage1_energy_j,50,2,231568.46224553543
common,60,FTR-NM,stage1_energy_j,52,3,238679.87942614628
conditional,60,RGA-MR,stage1_energy_j,45,3,259934.34354115368
conditional,60,RGA-MR,stage1_energy_j,46,3,226817.0363384955
conditional,60,RGA-MR,stage1_energy_j,48,3,216546.14815924477
conditional,60,RGA-MR,stage1_energy_j,49,3,235252.84454502165
conditional,60,RGA-MR,stage1_energy_j,50,3,224322.32715164108
conditional,60,RGA-MR,stage1_energy_j,52,3,235845.36696474502
common,60,RGA-MR,stage1_energy_j,46,3,226817.0363384955
common,60,RGA-MR,stage1_energy_j,48,3,216546.14815924477
common,60,RGA-MR,stage1_energy_j,49,3,235252.84454502165
common,60,RGA-MR,stage1_energy_j,50,2,224322.32715164108
common,60,RGA-MR,stage1_energy_j,52,3,235845.36696474502
conditional,60,B-ALNS,stage1_energy_j,45,3,179671.2198790175
conditional,60,B-ALNS,stage1_energy_j,46,3,184612.4946589514
conditional,60,B-ALNS,stage1_energy_j,47,3,194165.95957239773
conditional,60,B-ALNS,stage1_energy_j,48,3,168172.9624015391
conditional,60,B-ALNS,stage1_energy_j,49,3,175747.13588265964
conditional,60,B-ALNS,stage1_energy_j,50,2,171797.11084275646
conditional,60,B-ALNS,stage1_energy_j,51,3,176414.0084947928
conditional,60,B-ALNS,stage1_energy_j,52,3,177622.11086050022
common,60,B-ALNS,stage1_energy_j,46,3,184612.4946589514
common,60,B-ALNS,stage1_energy_j,48,3,168172.9624015391
common,60,B-ALNS,stage1_energy_j,49,3,175747.13588265964
common,60,B-ALNS,stage1_energy_j,50,2,171797.11084275646
common,60,B-ALNS,stage1_energy_j,52,3,177622.11086050022
conditional,60,ESI-ALNS,stage1_energy_j,45,3,174936.0966285084
conditional,60,ESI-ALNS,stage1_energy_j,46,3,184503.7160521403
conditional,60,ESI-ALNS,stage1_energy_j,47,3,189027.87402107587
conditional,60,ESI-ALNS,stage1_energy_j,48,3,168144.07075649302
conditional,60,ESI-ALNS,stage1_energy_j,49,3,175435.20114032368
conditional,60,ESI-ALNS,stage1_energy_j,50,2,171674.9650429262
conditional,60,ESI-ALNS,stage1_energy_j,51,3,176364.01924204538
conditional,60,ESI-ALNS,stage1_energy_j,52,3,177082.15407104866
common,60,ESI-ALNS,stage1_energy_j,46,3,184503.7160521403
common,60,ESI-ALNS,stage1_energy_j,48,3,168144.07075649302
common,60,ESI-ALNS,stage1_energy_j,49,3,175435.20114032368
common,60,ESI-ALNS,stage1_energy_j,50,2,171674.9650429262
common,60,ESI-ALNS,stage1_energy_j,52,3,177082.15407104866
paired,60,GR-MR,stage1_energy_j,45,3,-67231.69527036056
paired,60,GR-MR,stage1_energy_j,46,3,-42313.320286355185
paired,60,GR-MR,stage1_energy_j,48,3,-48555.59048692596
paired,60,GR-MR,stage1_energy_j,49,3,-59817.64340469797
paired,60,GR-MR,stage1_energy_j,50,2,-52647.362108714864
paired,60,GR-MR,stage1_energy_j,52,3,-58763.212893696356
paired,60,FTR-NM,stage1_energy_j,46,3,-42377.70166333442
paired,60,FTR-NM,stage1_energy_j,48,3,-53768.010314672014
paired,60,FTR-NM,stage1_energy_j,49,3,-61251.28619768319
paired,60,FTR-NM,stage1_energy_j,50,2,-59893.497202609215
paired,60,FTR-NM,stage1_energy_j,52,3,-61597.72535509762
paired,60,RGA-MR,stage1_energy_j,45,3,-84998.24691264525
paired,60,RGA-MR,stage1_energy_j,46,3,-42313.320286355185
paired,60,RGA-MR,stage1_energy_j,48,3,-48402.077402751725
paired,60,RGA-MR,stage1_energy_j,49,3,-59817.64340469797
paired,60,RGA-MR,stage1_energy_j,50,2,-52647.362108714864
paired,60,RGA-MR,stage1_energy_j,52,3,-58763.212893696356
paired,60,B-ALNS,stage1_energy_j,45,3,-4735.123250509078
paired,60,B-ALNS,stage1_energy_j,46,3,-108.77860681106297
paired,60,B-ALNS,stage1_energy_j,47,3,-5138.085551321856
paired,60,B-ALNS,stage1_energy_j,48,3,-28.89164504605772
paired,60,B-ALNS,stage1_energy_j,49,3,-311.9347423359674
paired,60,B-ALNS,stage1_energy_j,50,2,-122.14579983025033
paired,60,B-ALNS,stage1_energy_j,51,3,-49.98925274739546
paired,60,B-ALNS,stage1_energy_j,52,3,-539.9567894515736
conditional,60,GR-MR,stage1_qualified_rate,45,1,1.0
conditional,60,GR-MR,stage1_qualified_rate,46,1,1.0
conditional,60,GR-MR,stage1_qualified_rate,47,1,0.0
conditional,60,GR-MR,stage1_qualified_rate,48,1,1.0
conditional,60,GR-MR,stage1_qualified_rate,49,1,1.0
conditional,60,GR-MR,stage1_qualified_rate,50,1,1.0
conditional,60,GR-MR,stage1_qualified_rate,51,1,0.0
conditional,60,GR-MR,stage1_qualified_rate,52,1,1.0
common,60,GR-MR,stage1_qualified_rate,45,3,1.0
common,60,GR-MR,stage1_qualified_rate,46,3,1.0
common,60,GR-MR,stage1_qualified_rate,47,3,0.0
common,60,GR-MR,stage1_qualified_rate,48,3,1.0
common,60,GR-MR,stage1_qualified_rate,49,3,1.0
common,60,GR-MR,stage1_qualified_rate,50,3,1.0
common,60,GR-MR,stage1_qualified_rate,51,3,0.0
common,60,GR-MR,stage1_qualified_rate,52,3,1.0
conditional,60,FTR-NM,stage1_qualified_rate,45,1,0.0
conditional,60,FTR-NM,stage1_qualified_rate,46,1,1.0
conditional,60,FTR-NM,stage1_qualified_rate,47,1,0.0
conditional,60,FTR-NM,stage1_qualified_rate,48,1,1.0
conditional,60,FTR-NM,stage1_qualified_rate,49,1,1.0
conditional,60,FTR-NM,stage1_qualified_rate,50,1,1.0
conditional,60,FTR-NM,stage1_qualified_rate,51,1,0.0
conditional,60,FTR-NM,stage1_qualified_rate,52,1,1.0
common,60,FTR-NM,stage1_qualified_rate,45,3,0.0
common,60,FTR-NM,stage1_qualified_rate,46,3,1.0
common,60,FTR-NM,stage1_qualified_rate,47,3,0.0
common,60,FTR-NM,stage1_qualified_rate,48,3,1.0
common,60,FTR-NM,stage1_qualified_rate,49,3,1.0
common,60,FTR-NM,stage1_qualified_rate,50,3,1.0
common,60,FTR-NM,stage1_qualified_rate,51,3,0.0
common,60,FTR-NM,stage1_qualified_rate,52,3,1.0
conditional,60,RGA-MR,stage1_qualified_rate,45,3,1.0
conditional,60,RGA-MR,stage1_qualified_rate,46,3,1.0
conditional,60,RGA-MR,stage1_qualified_rate,47,3,0.0
conditional,60,RGA-MR,stage1_qualified_rate,48,3,1.0
conditional,60,RGA-MR,stage1_qualified_rate,49,3,1.0
conditional,60,RGA-MR,stage1_qualified_rate,50,3,1.0
conditional,60,RGA-MR,stage1_qualified_rate,51,3,0.0
conditional,60,RGA-MR,stage1_qualified_rate,52,3,1.0
common,60,RGA-MR,stage1_qualified_rate,45,3,1.0
common,60,RGA-MR,stage1_qualified_rate,46,3,1.0
common,60,RGA-MR,stage1_qualified_rate,47,3,0.0
common,60,RGA-MR,stage1_qualified_rate,48,3,1.0
common,60,RGA-MR,stage1_qualified_rate,49,3,1.0
common,60,RGA-MR,stage1_qualified_rate,50,3,1.0
common,60,RGA-MR,stage1_qualified_rate,51,3,0.0
common,60,RGA-MR,stage1_qualified_rate,52,3,1.0
conditional,60,B-ALNS,stage1_qualified_rate,45,3,1.0
conditional,60,B-ALNS,stage1_qualified_rate,46,3,1.0
conditional,60,B-ALNS,stage1_qualified_rate,47,3,1.0
conditional,60,B-ALNS,stage1_qualified_rate,48,3,1.0
conditional,60,B-ALNS,stage1_qualified_rate,49,3,1.0
conditional,60,B-ALNS,stage1_qualified_rate,50,3,0.6666666666666666
conditional,60,B-ALNS,stage1_qualified_rate,51,3,1.0
conditional,60,B-ALNS,stage1_qualified_rate,52,3,1.0
common,60,B-ALNS,stage1_qualified_rate,45,3,1.0
common,60,B-ALNS,stage1_qualified_rate,46,3,1.0
common,60,B-ALNS,stage1_qualified_rate,47,3,1.0
common,60,B-ALNS,stage1_qualified_rate,48,3,1.0
common,60,B-ALNS,stage1_qualified_rate,49,3,1.0
common,60,B-ALNS,stage1_qualified_rate,50,3,0.6666666666666666
common,60,B-ALNS,stage1_qualified_rate,51,3,1.0
common,60,B-ALNS,stage1_qualified_rate,52,3,1.0
conditional,60,ESI-ALNS,stage1_qualified_rate,45,3,1.0
conditional,60,ESI-ALNS,stage1_qualified_rate,46,3,1.0
conditional,60,ESI-ALNS,stage1_qualified_rate,47,3,1.0
conditional,60,ESI-ALNS,stage1_qualified_rate,48,3,1.0
conditional,60,ESI-ALNS,stage1_qualified_rate,49,3,1.0
conditional,60,ESI-ALNS,stage1_qualified_rate,50,3,0.6666666666666666
conditional,60,ESI-ALNS,stage1_qualified_rate,51,3,1.0
conditional,60,ESI-ALNS,stage1_qualified_rate,52,3,1.0
common,60,ESI-ALNS,stage1_qualified_rate,45,3,1.0
common,60,ESI-ALNS,stage1_qualified_rate,46,3,1.0
common,60,ESI-ALNS,stage1_qualified_rate,47,3,1.0
common,60,ESI-ALNS,stage1_qualified_rate,48,3,1.0
common,60,ESI-ALNS,stage1_qualified_rate,49,3,1.0
common,60,ESI-ALNS,stage1_qualified_rate,50,3,0.6666666666666666
common,60,ESI-ALNS,stage1_qualified_rate,51,3,1.0
common,60,ESI-ALNS,stage1_qualified_rate,52,3,1.0
paired,60,GR-MR,stage1_qualified_rate,45,3,0.0
paired,60,GR-MR,stage1_qualified_rate,46,3,0.0
paired,60,GR-MR,stage1_qualified_rate,47,3,1.0
paired,60,GR-MR,stage1_qualified_rate,48,3,0.0
paired,60,GR-MR,stage1_qualified_rate,49,3,0.0
paired,60,GR-MR,stage1_qualified_rate,50,3,-0.3333333333333333
paired,60,GR-MR,stage1_qualified_rate,51,3,1.0
paired,60,GR-MR,stage1_qualified_rate,52,3,0.0
paired,60,FTR-NM,stage1_qualified_rate,45,3,1.0
paired,60,FTR-NM,stage1_qualified_rate,46,3,0.0
paired,60,FTR-NM,stage1_qualified_rate,47,3,1.0
paired,60,FTR-NM,stage1_qualified_rate,48,3,0.0
paired,60,FTR-NM,stage1_qualified_rate,49,3,0.0
paired,60,FTR-NM,stage1_qualified_rate,50,3,-0.3333333333333333
paired,60,FTR-NM,stage1_qualified_rate,51,3,1.0
paired,60,FTR-NM,stage1_qualified_rate,52,3,0.0
paired,60,RGA-MR,stage1_qualified_rate,45,3,0.0
paired,60,RGA-MR,stage1_qualified_rate,46,3,0.0
paired,60,RGA-MR,stage1_qualified_rate,47,3,1.0
paired,60,RGA-MR,stage1_qualified_rate,48,3,0.0
paired,60,RGA-MR,stage1_qualified_rate,49,3,0.0
paired,60,RGA-MR,stage1_qualified_rate,50,3,-0.3333333333333333
paired,60,RGA-MR,stage1_qualified_rate,51,3,1.0
paired,60,RGA-MR,stage1_qualified_rate,52,3,0.0
paired,60,B-ALNS,stage1_qualified_rate,45,3,0.0
paired,60,B-ALNS,stage1_qualified_rate,46,3,0.0
paired,60,B-ALNS,stage1_qualified_rate,47,3,0.0
paired,60,B-ALNS,stage1_qualified_rate,48,3,0.0
paired,60,B-ALNS,stage1_qualified_rate,49,3,0.0
paired,60,B-ALNS,stage1_qualified_rate,50,3,0.0
paired,60,B-ALNS,stage1_qualified_rate,51,3,0.0
paired,60,B-ALNS,stage1_qualified_rate,52,3,0.0
conditional,60,GR-MR,stage2_component_collection_j_j,45,1,12000.0
conditional,60,GR-MR,stage2_component_collection_j_j,46,1,12000.0
conditional,60,GR-MR,stage2_component_collection_j_j,48,1,12000.0
conditional,60,GR-MR,stage2_component_collection_j_j,49,1,12000.0
conditional,60,GR-MR,stage2_component_collection_j_j,50,1,12000.0
conditional,60,GR-MR,stage2_component_collection_j_j,52,1,12000.0
common,60,GR-MR,stage2_component_collection_j_j,46,3,12000.0
common,60,GR-MR,stage2_component_collection_j_j,48,3,12000.0
common,60,GR-MR,stage2_component_collection_j_j,49,3,12000.0
common,60,GR-MR,stage2_component_collection_j_j,50,2,12000.0
common,60,GR-MR,stage2_component_collection_j_j,52,3,12000.0
conditional,60,FTR-NM,stage2_component_collection_j_j,46,1,12000.0
conditional,60,FTR-NM,stage2_component_collection_j_j,48,1,12000.0
conditional,60,FTR-NM,stage2_component_collection_j_j,49,1,12000.0
conditional,60,FTR-NM,stage2_component_collection_j_j,50,1,12000.0
conditional,60,FTR-NM,stage2_component_collection_j_j,52,1,12000.0
common,60,FTR-NM,stage2_component_collection_j_j,46,3,12000.0
common,60,FTR-NM,stage2_component_collection_j_j,48,3,12000.0
common,60,FTR-NM,stage2_component_collection_j_j,49,3,12000.0
common,60,FTR-NM,stage2_component_collection_j_j,50,2,12000.0
common,60,FTR-NM,stage2_component_collection_j_j,52,3,12000.0
conditional,60,RGA-MR,stage2_component_collection_j_j,45,3,12000.0
conditional,60,RGA-MR,stage2_component_collection_j_j,46,3,12000.0
conditional,60,RGA-MR,stage2_component_collection_j_j,48,3,12000.0
conditional,60,RGA-MR,stage2_component_collection_j_j,49,3,12000.0
conditional,60,RGA-MR,stage2_component_collection_j_j,50,3,12000.0
conditional,60,RGA-MR,stage2_component_collection_j_j,52,3,12000.0
common,60,RGA-MR,stage2_component_collection_j_j,46,3,12000.0
common,60,RGA-MR,stage2_component_collection_j_j,48,3,12000.0
common,60,RGA-MR,stage2_component_collection_j_j,49,3,12000.0
common,60,RGA-MR,stage2_component_collection_j_j,50,2,12000.0
common,60,RGA-MR,stage2_component_collection_j_j,52,3,12000.0
conditional,60,B-ALNS,stage2_component_collection_j_j,45,3,12000.0
conditional,60,B-ALNS,stage2_component_collection_j_j,46,3,12000.0
conditional,60,B-ALNS,stage2_component_collection_j_j,47,3,12000.0
conditional,60,B-ALNS,stage2_component_collection_j_j,48,3,12000.0
conditional,60,B-ALNS,stage2_component_collection_j_j,49,3,12000.0
conditional,60,B-ALNS,stage2_component_collection_j_j,50,2,12000.0
conditional,60,B-ALNS,stage2_component_collection_j_j,51,3,12000.0
conditional,60,B-ALNS,stage2_component_collection_j_j,52,3,12000.0
common,60,B-ALNS,stage2_component_collection_j_j,46,3,12000.0
common,60,B-ALNS,stage2_component_collection_j_j,48,3,12000.0
common,60,B-ALNS,stage2_component_collection_j_j,49,3,12000.0
common,60,B-ALNS,stage2_component_collection_j_j,50,2,12000.0
common,60,B-ALNS,stage2_component_collection_j_j,52,3,12000.0
conditional,60,ESI-ALNS,stage2_component_collection_j_j,45,3,12000.0
conditional,60,ESI-ALNS,stage2_component_collection_j_j,46,3,12000.0
conditional,60,ESI-ALNS,stage2_component_collection_j_j,47,3,12000.0
conditional,60,ESI-ALNS,stage2_component_collection_j_j,48,3,12000.0
conditional,60,ESI-ALNS,stage2_component_collection_j_j,49,3,12000.0
conditional,60,ESI-ALNS,stage2_component_collection_j_j,50,2,12000.0
conditional,60,ESI-ALNS,stage2_component_collection_j_j,51,3,12000.0
conditional,60,ESI-ALNS,stage2_component_collection_j_j,52,3,12000.0
common,60,ESI-ALNS,stage2_component_collection_j_j,46,3,12000.0
common,60,ESI-ALNS,stage2_component_collection_j_j,48,3,12000.0
common,60,ESI-ALNS,stage2_component_collection_j_j,49,3,12000.0
common,60,ESI-ALNS,stage2_component_collection_j_j,50,2,12000.0
common,60,ESI-ALNS,stage2_component_collection_j_j,52,3,12000.0
paired,60,GR-MR,stage2_component_collection_j_j,45,3,0.0
paired,60,GR-MR,stage2_component_collection_j_j,46,3,0.0
paired,60,GR-MR,stage2_component_collection_j_j,48,3,0.0
paired,60,GR-MR,stage2_component_collection_j_j,49,3,0.0
paired,60,GR-MR,stage2_component_collection_j_j,50,2,0.0
paired,60,GR-MR,stage2_component_collection_j_j,52,3,0.0
paired,60,FTR-NM,stage2_component_collection_j_j,46,3,0.0
paired,60,FTR-NM,stage2_component_collection_j_j,48,3,0.0
paired,60,FTR-NM,stage2_component_collection_j_j,49,3,0.0
paired,60,FTR-NM,stage2_component_collection_j_j,50,2,0.0
paired,60,FTR-NM,stage2_component_collection_j_j,52,3,0.0
paired,60,RGA-MR,stage2_component_collection_j_j,45,3,0.0
paired,60,RGA-MR,stage2_component_collection_j_j,46,3,0.0
paired,60,RGA-MR,stage2_component_collection_j_j,48,3,0.0
paired,60,RGA-MR,stage2_component_collection_j_j,49,3,0.0
paired,60,RGA-MR,stage2_component_collection_j_j,50,2,0.0
paired,60,RGA-MR,stage2_component_collection_j_j,52,3,0.0
paired,60,B-ALNS,stage2_component_collection_j_j,45,3,0.0
paired,60,B-ALNS,stage2_component_collection_j_j,46,3,0.0
paired,60,B-ALNS,stage2_component_collection_j_j,47,3,0.0
paired,60,B-ALNS,stage2_component_collection_j_j,48,3,0.0
paired,60,B-ALNS,stage2_component_collection_j_j,49,3,0.0
paired,60,B-ALNS,stage2_component_collection_j_j,50,2,0.0
paired,60,B-ALNS,stage2_component_collection_j_j,51,3,0.0
paired,60,B-ALNS,stage2_component_collection_j_j,52,3,0.0
conditional,60,GR-MR,stage2_component_flight_j_j,45,1,228902.26581826713
conditional,60,GR-MR,stage2_component_flight_j_j,46,1,213885.98672693418
conditional,60,GR-MR,stage2_component_flight_j_j,48,1,204017.4245834056
conditional,60,GR-MR,stage2_component_flight_j_j,49,1,222161.50590054318
conditional,60,GR-MR,stage2_component_flight_j_j,50,1,210984.6356596562
conditional,60,GR-MR,stage2_component_flight_j_j,52,1,221873.77608190142
common,60,GR-MR,stage2_component_flight_j_j,46,3,213885.98672693418
common,60,GR-MR,stage2_component_flight_j_j,48,3,204017.4245834056
common,60,GR-MR,stage2_component_flight_j_j,49,3,222161.50590054318
common,60,GR-MR,stage2_component_flight_j_j,50,2,210984.6356596562
common,60,GR-MR,stage2_component_flight_j_j,52,3,221873.77608190142
conditional,60,FTR-NM,stage2_component_flight_j_j,46,1,214004.52666567577
conditional,60,FTR-NM,stage2_component_flight_j_j,48,1,209093.89169492896
conditional,60,FTR-NM,stage2_component_flight_j_j,49,1,223393.87550335668
conditional,60,FTR-NM,stage2_component_flight_j_j,50,1,217800.37134868634
conditional,60,FTR-NM,stage2_component_flight_j_j,52,1,224178.96336859092
common,60,FTR-NM,stage2_component_flight_j_j,46,3,214004.52666567577
common,60,FTR-NM,stage2_component_flight_j_j,48,3,209093.89169492896
common,60,FTR-NM,stage2_component_flight_j_j,49,3,223393.87550335668
common,60,FTR-NM,stage2_component_flight_j_j,50,2,217800.37134868634
common,60,FTR-NM,stage2_component_flight_j_j,52,3,224178.96336859092
conditional,60,RGA-MR,stage2_component_flight_j_j,45,3,246678.1884201956
conditional,60,RGA-MR,stage2_component_flight_j_j,46,3,213885.98672693418
conditional,60,RGA-MR,stage2_component_flight_j_j,48,3,203870.9853872626
conditional,60,RGA-MR,stage2_component_flight_j_j,49,3,222161.50590054318
conditional,60,RGA-MR,stage2_component_flight_j_j,50,3,210984.6356596562
conditional,60,RGA-MR,stage2_component_flight_j_j,52,3,221873.77608190142
common,60,RGA-MR,stage2_component_flight_j_j,46,3,213885.98672693418
common,60,RGA-MR,stage2_component_flight_j_j,48,3,203870.9853872626
common,60,RGA-MR,stage2_component_flight_j_j,49,3,222161.50590054318
common,60,RGA-MR,stage2_component_flight_j_j,50,2,210984.6356596562
common,60,RGA-MR,stage2_component_flight_j_j,52,3,221873.77608190142
conditional,60,B-ALNS,stage2_component_flight_j_j,45,3,165171.9057477415
conditional,60,B-ALNS,stage2_component_flight_j_j,46,3,170865.51035413396
conditional,60,B-ALNS,stage2_component_flight_j_j,47,3,180263.81625562228
conditional,60,B-ALNS,stage2_component_flight_j_j,48,3,154593.41552207802
conditional,60,B-ALNS,stage2_component_flight_j_j,49,3,161797.65586973305
conditional,60,B-ALNS,stage2_component_flight_j_j,50,2,156449.74195387197
conditional,60,B-ALNS,stage2_component_flight_j_j,51,3,161963.64933770933
conditional,60,B-ALNS,stage2_component_flight_j_j,52,3,163518.53772272676
common,60,B-ALNS,stage2_component_flight_j_j,46,3,170865.51035413396
common,60,B-ALNS,stage2_component_flight_j_j,48,3,154593.41552207802
common,60,B-ALNS,stage2_component_flight_j_j,49,3,161797.65586973305
common,60,B-ALNS,stage2_component_flight_j_j,50,2,156449.74195387197
common,60,B-ALNS,stage2_component_flight_j_j,52,3,163518.53772272676
conditional,60,ESI-ALNS,stage2_component_flight_j_j,45,3,160490.85672785173
conditional,60,ESI-ALNS,stage2_component_flight_j_j,46,3,170958.18311417615
conditional,60,ESI-ALNS,stage2_component_flight_j_j,47,3,175337.16953645213
conditional,60,ESI-ALNS,stage2_component_flight_j_j,48,3,154634.63898806405
conditional,60,ESI-ALNS,stage2_component_flight_j_j,49,3,161788.77833646678
conditional,60,ESI-ALNS,stage2_component_flight_j_j,50,2,156382.55707972724
conditional,60,ESI-ALNS,stage2_component_flight_j_j,51,3,161955.15408370006
conditional,60,ESI-ALNS,stage2_component_flight_j_j,52,3,163063.91570860962
common,60,ESI-ALNS,stage2_component_flight_j_j,46,3,170958.18311417615
common,60,ESI-ALNS,stage2_component_flight_j_j,48,3,154634.63898806405
common,60,ESI-ALNS,stage2_component_flight_j_j,49,3,161788.77833646678
common,60,ESI-ALNS,stage2_component_flight_j_j,50,2,156382.55707972724
common,60,ESI-ALNS,stage2_component_flight_j_j,52,3,163063.91570860962
paired,60,GR-MR,stage2_component_flight_j_j,45,3,-68411.40909041539
paired,60,GR-MR,stage2_component_flight_j_j,46,3,-42927.803612758034
paired,60,GR-MR,stage2_component_flight_j_j,48,3,-49382.785595341564
paired,60,GR-MR,stage2_component_flight_j_j,49,3,-60372.72756407639
paired,60,GR-MR,stage2_component_flight_j_j,50,2,-54602.07857992897
paired,60,GR-MR,stage2_component_flight_j_j,52,3,-58809.86037329179
paired,60,FTR-NM,stage2_component_flight_j_j,46,3,-43046.34355149963
paired,60,FTR-NM,stage2_component_flight_j_j,48,3,-54459.252706864914
paired,60,FTR-NM,stage2_component_flight_j_j,49,3,-61605.09716688989
paired,60,FTR-NM,stage2_component_flight_j_j,50,2,-61417.81426895912
paired,60,FTR-NM,stage2_component_flight_j_j,52,3,-61115.04765998129
paired,60,RGA-MR,stage2_component_flight_j_j,45,3,-86187.33169234385
paired,60,RGA-MR,stage2_component_flight_j_j,46,3,-42927.803612758034
paired,60,RGA-MR,stage2_component_flight_j_j,48,3,-49236.34639919855
paired,60,RGA-MR,stage2_component_flight_j_j,49,3,-60372.72756407639
paired,60,RGA-MR,stage2_component_flight_j_j,50,2,-54602.07857992897
paired,60,RGA-MR,stage2_component_flight_j_j,52,3,-58809.86037329179
paired,60,B-ALNS,stage2_component_flight_j_j,45,3,-4681.049019889741
paired,60,B-ALNS,stage2_component_flight_j_j,46,3,92.6727600421679
paired,60,B-ALNS,stage2_component_flight_j_j,47,3,-4926.646719170142
paired,60,B-ALNS,stage2_component_flight_j_j,48,3,41.223465986025985
paired,60,B-ALNS,stage2_component_flight_j_j,49,3,-8.877533266243214
paired,60,B-ALNS,stage2_component_flight_j_j,50,2,-67.18487414476112
paired,60,B-ALNS,stage2_component_flight_j_j,51,3,-8.49525400927329
paired,60,B-ALNS,stage2_component_flight_j_j,52,3,-454.62201411713613
conditional,60,GR-MR,stage2_component_local_compute_j_j,45,1,654.3361551680371
conditional,60,GR-MR,stage2_component_local_compute_j_j,46,1,718.7225235041885
conditional,60,GR-MR,stage2_component_local_compute_j_j,48,1,576.9957579796187
conditional,60,GR-MR,stage2_component_local_compute_j_j,49,1,757.8595006653218
conditional,60,GR-MR,stage2_component_local_compute_j_j,50,1,862.9422014090711
conditional,60,GR-MR,stage2_component_local_compute_j_j,52,1,627.7893777345008
common,60,GR-MR,stage2_component_local_compute_j_j,46,3,718.7225235041885
common,60,GR-MR,stage2_component_local_compute_j_j,48,3,576.9957579796187
common,60,GR-MR,stage2_component_local_compute_j_j,49,3,757.8595006653218
common,60,GR-MR,stage2_component_local_compute_j_j,50,2,862.9422014090711
common,60,GR-MR,stage2_component_local_compute_j_j,52,3,627.7893777345008
conditional,60,FTR-NM,stage2_component_local_compute_j_j,46,1,736.8417299129958
conditional,60,FTR-NM,stage2_component_local_compute_j_j,48,1,577.0004264667699
conditional,60,FTR-NM,stage2_component_local_compute_j_j,49,1,757.8595000662929
conditional,60,FTR-NM,stage2_component_local_compute_j_j,50,1,862.9454037720716
conditional,60,FTR-NM,stage2_component_local_compute_j_j,52,1,621.1492995726647
common,60,FTR-NM,stage2_component_local_compute_j_j,46,3,736.8417299129958
common,60,FTR-NM,stage2_component_local_compute_j_j,48,3,577.0004264667699
common,60,FTR-NM,stage2_component_local_compute_j_j,49,3,757.8595000662929
common,60,FTR-NM,stage2_component_local_compute_j_j,50,2,862.9454037720716
common,60,FTR-NM,stage2_component_local_compute_j_j,52,3,621.1492995726647
conditional,60,RGA-MR,stage2_component_local_compute_j_j,45,3,651.3685266483277
conditional,60,RGA-MR,stage2_component_local_compute_j_j,46,3,718.7225235041885
conditional,60,RGA-MR,stage2_component_local_compute_j_j,48,3,569.9221556900541
conditional,60,RGA-MR,stage2_component_local_compute_j_j,49,3,757.8595006653218
conditional,60,RGA-MR,stage2_component_local_compute_j_j,50,3,862.9422014090711
conditional,60,RGA-MR,stage2_component_local_compute_j_j,52,3,627.7893777345008
common,60,RGA-MR,stage2_component_local_compute_j_j,46,3,718.7225235041885
common,60,RGA-MR,stage2_component_local_compute_j_j,48,3,569.9221556900541
common,60,RGA-MR,stage2_component_local_compute_j_j,49,3,757.8595006653218
common,60,RGA-MR,stage2_component_local_compute_j_j,50,2,862.9422014090711
common,60,RGA-MR,stage2_component_local_compute_j_j,52,3,627.7893777345008
conditional,60,B-ALNS,stage2_component_local_compute_j_j,45,3,751.2080680855078
conditional,60,B-ALNS,stage2_component_local_compute_j_j,46,3,865.917775691152
conditional,60,B-ALNS,stage2_component_local_compute_j_j,47,3,799.9114003013935
conditional,60,B-ALNS,stage2_component_local_compute_j_j,48,3,668.2863408616289
conditional,60,B-ALNS,stage2_component_local_compute_j_j,49,3,769.9501939674042
conditional,60,B-ALNS,stage2_component_local_compute_j_j,50,2,790.1526008619174
conditional,60,B-ALNS,stage2_component_local_compute_j_j,51,3,848.7167650854594
conditional,60,B-ALNS,stage2_component_local_compute_j_j,52,3,711.8523968423035
common,60,B-ALNS,stage2_component_local_compute_j_j,46,3,865.917775691152
common,60,B-ALNS,stage2_component_local_compute_j_j,48,3,668.2863408616289
common,60,B-ALNS,stage2_component_local_compute_j_j,49,3,769.9501939674042
common,60,B-ALNS,stage2_component_local_compute_j_j,50,2,790.1526008619174
common,60,B-ALNS,stage2_component_local_compute_j_j,52,3,711.8523968423035
conditional,60,ESI-ALNS,stage2_component_local_compute_j_j,45,3,721.5044271891621
conditional,60,ESI-ALNS,stage2_component_local_compute_j_j,46,3,875.0706068885364
conditional,60,ESI-ALNS,stage2_component_local_compute_j_j,47,3,859.8248313182137
conditional,60,ESI-ALNS,stage2_component_local_compute_j_j,48,3,678.5498405573411
conditional,60,ESI-ALNS,stage2_component_local_compute_j_j,49,3,816.1525466431775
conditional,60,ESI-ALNS,stage2_component_local_compute_j_j,50,2,790.152600292603
conditional,60,ESI-ALNS,stage2_component_local_compute_j_j,51,3,848.7167650288393
conditional,60,ESI-ALNS,stage2_component_local_compute_j_j,52,3,726.9795319965829
common,60,ESI-ALNS,stage2_component_local_compute_j_j,46,3,875.0706068885364
common,60,ESI-ALNS,stage2_component_local_compute_j_j,48,3,678.5498405573411
common,60,ESI-ALNS,stage2_component_local_compute_j_j,49,3,816.1525466431775
common,60,ESI-ALNS,stage2_component_local_compute_j_j,50,2,790.152600292603
common,60,ESI-ALNS,stage2_component_local_compute_j_j,52,3,726.9795319965829
paired,60,GR-MR,stage2_component_local_compute_j_j,45,3,67.16827202112506
paired,60,GR-MR,stage2_component_local_compute_j_j,46,3,156.34808338434792
paired,60,GR-MR,stage2_component_local_compute_j_j,48,3,101.55408257772244
paired,60,GR-MR,stage2_component_local_compute_j_j,49,3,58.293045977855705
paired,60,GR-MR,stage2_component_local_compute_j_j,50,2,-72.78960111646819
paired,60,GR-MR,stage2_component_local_compute_j_j,52,3,99.19015426208209
paired,60,FTR-NM,stage2_component_local_compute_j_j,46,3,138.22887697554066
paired,60,FTR-NM,stage2_component_local_compute_j_j,48,3,101.54941409057123
paired,60,FTR-NM,stage2_component_local_compute_j_j,49,3,58.29304657688461
paired,60,FTR-NM,stage2_component_local_compute_j_j,50,2,-72.79280347946866
paired,60,FTR-NM,stage2_component_local_compute_j_j,52,3,105.83023242391816
paired,60,RGA-MR,stage2_component_local_compute_j_j,45,3,70.13590054083447
paired,60,RGA-MR,stage2_component_local_compute_j_j,46,3,156.34808338434792
paired,60,RGA-MR,stage2_component_local_compute_j_j,48,3,108.6276848672871
paired,60,RGA-MR,stage2_component_local_compute_j_j,49,3,58.293045977855705
paired,60,RGA-MR,stage2_component_local_compute_j_j,50,2,-72.78960111646819
paired,60,RGA-MR,stage2_component_local_compute_j_j,52,3,99.19015426208209
paired,60,B-ALNS,stage2_component_local_compute_j_j,45,3,-29.70364089634567
paired,60,B-ALNS,stage2_component_local_compute_j_j,46,3,9.152831197384444
paired,60,B-ALNS,stage2_component_local_compute_j_j,47,3,59.913431016820105
paired,60,B-ALNS,stage2_component_local_compute_j_j,48,3,10.263499695712275
paired,60,B-ALNS,stage2_component_local_compute_j_j,49,3,46.20235267577326
paired,60,B-ALNS,stage2_component_local_compute_j_j,50,2,-5.693145226359775e-07
paired,60,B-ALNS,stage2_component_local_compute_j_j,51,3,-5.662006212029761e-08
paired,60,B-ALNS,stage2_component_local_compute_j_j,52,3,15.127135154279395
conditional,60,GR-MR,stage2_component_transmit_j_j,45,1,0.305563265091331
conditional,60,GR-MR,stage2_component_transmit_j_j,46,1,0.10620575947622397
conditional,60,GR-MR,stage2_component_transmit_j_j,48,1,0.05268441611375274
conditional,60,GR-MR,stage2_component_transmit_j_j,49,1,0.1667738113549432
conditional,60,GR-MR,stage2_component_transmit_j_j,50,1,0.2373491569721581
conditional,60,GR-MR,stage2_component_transmit_j_j,52,1,0.6716828336202794
common,60,GR-MR,stage2_component_transmit_j_j,46,3,0.10620575947622397
common,60,GR-MR,stage2_component_transmit_j_j,48,3,0.05268441611375274
common,60,GR-MR,stage2_component_transmit_j_j,49,3,0.1667738113549432
common,60,GR-MR,stage2_component_transmit_j_j,50,2,0.2373491569721581
common,60,GR-MR,stage2_component_transmit_j_j,52,3,0.6716828336202794
conditional,60,FTR-NM,stage2_component_transmit_j_j,46,1,0.07008450010047593
conditional,60,FTR-NM,stage2_component_transmit_j_j,48,1,0.12062680806176423
conditional,60,FTR-NM,stage2_component_transmit_j_j,49,1,0.26736083013139533
conditional,60,FTR-NM,stage2_component_transmit_j_j,50,1,0.45244361245856923
conditional,60,FTR-NM,stage2_component_transmit_j_j,52,1,0.9395329524411227
common,60,FTR-NM,stage2_component_transmit_j_j,46,3,0.07008450010047593
common,60,FTR-NM,stage2_component_transmit_j_j,48,3,0.12062680806176423
common,60,FTR-NM,stage2_component_transmit_j_j,49,3,0.26736083013139533
common,60,FTR-NM,stage2_component_transmit_j_j,50,2,0.45244361245856923
common,60,FTR-NM,stage2_component_transmit_j_j,52,3,0.9395329524411227
conditional,60,RGA-MR,stage2_component_transmit_j_j,45,3,0.3023720783142696
conditional,60,RGA-MR,stage2_component_transmit_j_j,46,3,0.10620575947622397
conditional,60,RGA-MR,stage2_component_transmit_j_j,48,3,0.052684416139585646
conditional,60,RGA-MR,stage2_component_transmit_j_j,49,3,0.1667738113549432
conditional,60,RGA-MR,stage2_component_transmit_j_j,50,3,0.2373491569721581
conditional,60,RGA-MR,stage2_component_transmit_j_j,52,3,0.6716828336202794
common,60,RGA-MR,stage2_component_transmit_j_j,46,3,0.10620575947622397
common,60,RGA-MR,stage2_component_transmit_j_j,48,3,0.052684416139585646
common,60,RGA-MR,stage2_component_transmit_j_j,49,3,0.1667738113549432
common,60,RGA-MR,stage2_component_transmit_j_j,50,2,0.2373491569721581
common,60,RGA-MR,stage2_component_transmit_j_j,52,3,0.6716828336202794
conditional,60,B-ALNS,stage2_component_transmit_j_j,45,3,0.8737060141787039
conditional,60,B-ALNS,stage2_component_transmit_j_j,46,3,0.4404053681277515
conditional,60,B-ALNS,stage2_component_transmit_j_j,47,3,0.5509322399852445
conditional,60,B-ALNS,stage2_component_transmit_j_j,48,3,0.4554866124583566
conditional,60,B-ALNS,stage2_component_transmit_j_j,49,3,0.5895540872053716
conditional,60,B-ALNS,stage2_component_transmit_j_j,50,2,1.2780550150132246
conditional,60,B-ALNS,stage2_component_transmit_j_j,51,3,0.8005039799018604
conditional,60,B-ALNS,stage2_component_transmit_j_j,52,3,0.6956013807418702
common,60,B-ALNS,stage2_component_transmit_j_j,46,3,0.4404053681277515
common,60,B-ALNS,stage2_component_transmit_j_j,48,3,0.4554866124583566
common,60,B-ALNS,stage2_component_transmit_j_j,49,3,0.5895540872053716
common,60,B-ALNS,stage2_component_transmit_j_j,50,2,1.2780550150132246
common,60,B-ALNS,stage2_component_transmit_j_j,52,3,0.6956013807418702
conditional,60,ESI-ALNS,stage2_component_transmit_j_j,45,3,0.8615205305800314
conditional,60,ESI-ALNS,stage2_component_transmit_j_j,46,3,0.3351505056983316
conditional,60,ESI-ALNS,stage2_component_transmit_j_j,47,3,0.41531632145979486
conditional,60,ESI-ALNS,stage2_component_transmit_j_j,48,3,0.4153173772668336
conditional,60,ESI-ALNS,stage2_component_transmit_j_j,49,3,0.4150153386489151
conditional,60,ESI-ALNS,stage2_component_transmit_j_j,50,2,1.2505882248343139
conditional,60,ESI-ALNS,stage2_component_transmit_j_j,51,3,0.7797673238766021
conditional,60,ESI-ALNS,stage2_component_transmit_j_j,52,3,0.6453901667060854
common,60,ESI-ALNS,stage2_component_transmit_j_j,46,3,0.3351505056983316
common,60,ESI-ALNS,stage2_component_transmit_j_j,48,3,0.4153173772668336
common,60,ESI-ALNS,stage2_component_transmit_j_j,49,3,0.4150153386489151
common,60,ESI-ALNS,stage2_component_transmit_j_j,50,2,1.2505882248343139
common,60,ESI-ALNS,stage2_component_transmit_j_j,52,3,0.6453901667060854
paired,60,GR-MR,stage2_component_transmit_j_j,45,3,0.5559572654887004
paired,60,GR-MR,stage2_component_transmit_j_j,46,3,0.22894474622210764
paired,60,GR-MR,stage2_component_transmit_j_j,48,3,0.36263296115308086
paired,60,GR-MR,stage2_component_transmit_j_j,49,3,0.2482415272939719
paired,60,GR-MR,stage2_component_transmit_j_j,50,2,1.0132390678621557
paired,60,GR-MR,stage2_component_transmit_j_j,52,3,-0.026292666914193945
paired,60,FTR-NM,stage2_component_transmit_j_j,46,3,0.2650660055978557
paired,60,FTR-NM,stage2_component_transmit_j_j,48,3,0.2946905692050693
paired,60,FTR-NM,stage2_component_transmit_j_j,49,3,0.14765450851751974
paired,60,FTR-NM,stage2_component_transmit_j_j,50,2,0.7981446123757445
paired,60,FTR-NM,stage2_component_transmit_j_j,52,3,-0.29414278573503727
paired,60,RGA-MR,stage2_component_transmit_j_j,45,3,0.5591484522657618
paired,60,RGA-MR,stage2_component_transmit_j_j,46,3,0.22894474622210764
paired,60,RGA-MR,stage2_component_transmit_j_j,48,3,0.3626329611272479
paired,60,RGA-MR,stage2_component_transmit_j_j,49,3,0.2482415272939719
paired,60,RGA-MR,stage2_component_transmit_j_j,50,2,1.0132390678621557
paired,60,RGA-MR,stage2_component_transmit_j_j,52,3,-0.026292666914193945
paired,60,B-ALNS,stage2_component_transmit_j_j,45,3,-0.012185483598672478
paired,60,B-ALNS,stage2_component_transmit_j_j,46,3,-0.10525486242941985
paired,60,B-ALNS,stage2_component_transmit_j_j,47,3,-0.13561591852544966
paired,60,B-ALNS,stage2_component_transmit_j_j,48,3,-0.040169235191523024
paired,60,B-ALNS,stage2_component_transmit_j_j,49,3,-0.17453874855645649
paired,60,B-ALNS,stage2_component_transmit_j_j,50,2,-0.027466790178910738
paired,60,B-ALNS,stage2_component_transmit_j_j,51,3,-0.020736656025258354
paired,60,B-ALNS,stage2_component_transmit_j_j,52,3,-0.05021121403578471
conditional,60,GR-MR,stage2_component_upload_hover_j_j,45,1,611.1265301826621
conditional,60,GR-MR,stage2_component_upload_hover_j_j,46,1,212.41151895244795
conditional,60,GR-MR,stage2_component_upload_hover_j_j,48,1,105.36883222750548
conditional,60,GR-MR,stage2_component_upload_hover_j_j,49,1,333.54762270988635
conditional,60,GR-MR,stage2_component_upload_hover_j_j,50,1,474.6983139443162
conditional,60,GR-MR,stage2_component_upload_hover_j_j,52,1,1343.3656672405587
common,60,GR-MR,stage2_component_upload_hover_j_j,46,3,212.41151895244795
common,60,GR-MR,stage2_component_upload_hover_j_j,48,3,105.36883222750548
common,60,GR-MR,stage2_component_upload_hover_j_j,49,3,333.54762270988635
common,60,GR-MR,stage2_component_upload_hover_j_j,50,2,474.6983139443162
common,60,GR-MR,stage2_component_upload_hover_j_j,52,3,1343.3656672405587
conditional,60,FTR-NM,stage2_component_upload_hover_j_j,46,1,140.16900020095184
conditional,60,FTR-NM,stage2_component_upload_hover_j_j,48,1,241.25361612352845
conditional,60,FTR-NM,stage2_component_upload_hover_j_j,49,1,534.7216602627907
conditional,60,FTR-NM,stage2_component_upload_hover_j_j,50,1,904.8872249171385
conditional,60,FTR-NM,stage2_component_upload_hover_j_j,52,1,1879.0659048822451
common,60,FTR-NM,stage2_component_upload_hover_j_j,46,3,140.16900020095184
common,60,FTR-NM,stage2_component_upload_hover_j_j,48,3,241.25361612352845
common,60,FTR-NM,stage2_component_upload_hover_j_j,49,3,534.7216602627907
common,60,FTR-NM,stage2_component_upload_hover_j_j,50,2,904.8872249171385
common,60,FTR-NM,stage2_component_upload_hover_j_j,52,3,1879.0659048822451
conditional,60,RGA-MR,stage2_component_upload_hover_j_j,45,3,604.7441566285393
conditional,60,RGA-MR,stage2_component_upload_hover_j_j,46,3,212.41151895244795
conditional,60,RGA-MR,stage2_component_upload_hover_j_j,48,3,105.36883227917129
conditional,60,RGA-MR,stage2_component_upload_hover_j_j,49,3,333.54762270988635
conditional,60,RGA-MR,stage2_component_upload_hover_j_j,50,3,474.6983139443162
conditional,60,RGA-MR,stage2_component_upload_hover_j_j,52,3,1343.3656672405587
common,60,RGA-MR,stage2_component_upload_hover_j_j,46,3,212.41151895244795
common,60,RGA-MR,stage2_component_upload_hover_j_j,48,3,105.36883227917129
common,60,RGA-MR,stage2_component_upload_hover_j_j,49,3,333.54762270988635
common,60,RGA-MR,stage2_component_upload_hover_j_j,50,2,474.6983139443162
common,60,RGA-MR,stage2_component_upload_hover_j_j,52,3,1343.3656672405587
conditional,60,B-ALNS,stage2_component_upload_hover_j_j,45,3,1747.4120283574075
conditional,60,B-ALNS,stage2_component_upload_hover_j_j,46,3,880.8107362555029
conditional,60,B-ALNS,stage2_component_upload_hover_j_j,47,3,1101.864479970489
conditional,60,B-ALNS,stage2_component_upload_hover_j_j,48,3,910.973224916713
conditional,60,B-ALNS,stage2_component_upload_hover_j_j,49,3,1179.108174410743
conditional,60,B-ALNS,stage2_component_upload_hover_j_j,50,2,2556.110030026449
conditional,60,B-ALNS,stage2_component_upload_hover_j_j,51,3,1601.0079598037207
conditional,60,B-ALNS,stage2_component_upload_hover_j_j,52,3,1391.2027614837402
common,60,B-ALNS,stage2_component_upload_hover_j_j,46,3,880.8107362555029
common,60,B-ALNS,stage2_component_upload_hover_j_j,48,3,910.973224916713
common,60,B-ALNS,stage2_component_upload_hover_j_j,49,3,1179.108174410743
common,60,B-ALNS,stage2_component_upload_hover_j_j,50,2,2556.110030026449
common,60,B-ALNS,stage2_component_upload_hover_j_j,52,3,1391.2027614837402
conditional,60,ESI-ALNS,stage2_component_upload_hover_j_j,45,3,1723.0410611600626
conditional,60,ESI-ALNS,stage2_component_upload_hover_j_j,46,3,670.3010113966632
conditional,60,ESI-ALNS,stage2_component_upload_hover_j_j,47,3,830.6326429195897
conditional,60,ESI-ALNS,stage2_component_upload_hover_j_j,48,3,830.634754533667
conditional,60,ESI-ALNS,stage2_component_upload_hover_j_j,49,3,830.03067729783
conditional,60,ESI-ALNS,stage2_component_upload_hover_j_j,50,2,2501.1764496686274
conditional,60,ESI-ALNS,stage2_component_upload_hover_j_j,51,3,1559.534647753204
conditional,60,ESI-ALNS,stage2_component_upload_hover_j_j,52,3,1290.7803334121709
common,60,ESI-ALNS,stage2_component_upload_hover_j_j,46,3,670.3010113966632
common,60,ESI-ALNS,stage2_component_upload_hover_j_j,48,3,830.634754533667
common,60,ESI-ALNS,stage2_component_upload_hover_j_j,49,3,830.03067729783
common,60,ESI-ALNS,stage2_component_upload_hover_j_j,50,2,2501.1764496686274
common,60,ESI-ALNS,stage2_component_upload_hover_j_j,52,3,1290.7803334121709
paired,60,GR-MR,stage2_component_upload_hover_j_j,45,3,1111.9145309774005
paired,60,GR-MR,stage2_component_upload_hover_j_j,46,3,457.88949244421525
paired,60,GR-MR,stage2_component_upload_hover_j_j,48,3,725.2659223061615
paired,60,GR-MR,stage2_component_upload_hover_j_j,49,3,496.48305458794374
paired,60,GR-MR,stage2_component_upload_hover_j_j,50,2,2026.478135724311
paired,60,GR-MR,stage2_component_upload_hover_j_j,52,3,-52.58533382838781
paired,60,FTR-NM,stage2_component_upload_hover_j_j,46,3,530.1320111957114
paired,60,FTR-NM,stage2_component_upload_hover_j_j,48,3,589.3811384101385
paired,60,FTR-NM,stage2_component_upload_hover_j_j,49,3,295.3090170350394
paired,60,FTR-NM,stage2_component_upload_hover_j_j,50,2,1596.2892247514887
paired,60,FTR-NM,stage2_component_upload_hover_j_j,52,3,-588.2855714700743
paired,60,RGA-MR,stage2_component_upload_hover_j_j,45,3,1118.2969045315235
paired,60,RGA-MR,stage2_component_upload_hover_j_j,46,3,457.88949244421525
paired,60,RGA-MR,stage2_component_upload_hover_j_j,48,3,725.2659222544958
paired,60,RGA-MR,stage2_component_upload_hover_j_j,49,3,496.48305458794374
paired,60,RGA-MR,stage2_component_upload_hover_j_j,50,2,2026.478135724311
paired,60,RGA-MR,stage2_component_upload_hover_j_j,52,3,-52.58533382838781
paired,60,B-ALNS,stage2_component_upload_hover_j_j,45,3,-24.37096719734488
paired,60,B-ALNS,stage2_component_upload_hover_j_j,46,3,-210.50972485883963
paired,60,B-ALNS,stage2_component_upload_hover_j_j,47,3,-271.23183705089923
paired,60,B-ALNS,stage2_component_upload_hover_j_j,48,3,-80.338470383046
paired,60,B-ALNS,stage2_component_upload_hover_j_j,49,3,-349.077497112913
paired,60,B-ALNS,stage2_component_upload_hover_j_j,50,2,-54.933580357821484
paired,60,B-ALNS,stage2_component_upload_hover_j_j,51,3,-41.473312050516746
paired,60,B-ALNS,stage2_component_upload_hover_j_j,52,3,-100.42242807156931
conditional,60,GR-MR,stage2_energy_j,45,1,242168.03406688292
conditional,60,GR-MR,stage2_energy_j,46,1,226817.2269751503
conditional,60,GR-MR,stage2_energy_j,48,1,216699.84185802884
conditional,60,GR-MR,stage2_energy_j,49,1,235253.07979772973
conditional,60,GR-MR,stage2_energy_j,50,1,224322.51352416657
conditional,60,GR-MR,stage2_energy_j,52,1,235845.6028097101
common,60,GR-MR,stage2_energy_j,46,3,226817.2269751503
common,60,GR-MR,stage2_energy_j,48,3,216699.84185802884
common,60,GR-MR,stage2_energy_j,49,3,235253.07979772973
common,60,GR-MR,stage2_energy_j,50,2,224322.51352416657
common,60,GR-MR,stage2_energy_j,52,3,235845.6028097101
conditional,60,FTR-NM,stage2_energy_j,46,1,226881.60748028982
conditional,60,FTR-NM,stage2_energy_j,48,1,221912.2663643273
conditional,60,FTR-NM,stage2_energy_j,49,1,236686.7240245159
conditional,60,FTR-NM,stage2_energy_j,50,1,231568.656420988
conditional,60,FTR-NM,stage2_energy_j,52,1,238680.11810599826
common,60,FTR-NM,stage2_energy_j,46,3,226881.60748028982
common,60,FTR-NM,stage2_energy_j,48,3,221912.2663643273
common,60,FTR-NM,stage2_energy_j,49,3,236686.7240245159
common,60,FTR-NM,stage2_energy_j,50,2,231568.656420988
common,60,FTR-NM,stage2_energy_j,52,3,238680.11810599826
conditional,60,RGA-MR,stage2_energy_j,45,3,259934.6034755508
conditional,60,RGA-MR,stage2_energy_j,46,3,226817.2269751503
conditional,60,RGA-MR,stage2_energy_j,48,3,216546.32905964795
conditional,60,RGA-MR,stage2_energy_j,49,3,235253.07979772973
conditional,60,RGA-MR,stage2_energy_j,50,3,224322.51352416657
conditional,60,RGA-MR,stage2_energy_j,52,3,235845.6028097101
common,60,RGA-MR,stage2_energy_j,46,3,226817.2269751503
common,60,RGA-MR,stage2_energy_j,48,3,216546.32905964795
common,60,RGA-MR,stage2_energy_j,49,3,235253.07979772973
common,60,RGA-MR,stage2_energy_j,50,2,224322.51352416657
common,60,RGA-MR,stage2_energy_j,52,3,235845.6028097101
conditional,60,B-ALNS,stage2_energy_j,45,3,179671.39955019858
conditional,60,B-ALNS,stage2_energy_j,46,3,184612.67927144875
conditional,60,B-ALNS,stage2_energy_j,47,3,194166.14306813414
conditional,60,B-ALNS,stage2_energy_j,48,3,168173.1305744688
conditional,60,B-ALNS,stage2_energy_j,49,3,175747.3037921984
conditional,60,B-ALNS,stage2_energy_j,50,2,171797.28263977537
conditional,60,B-ALNS,stage2_energy_j,51,3,176414.1745665784
conditional,60,B-ALNS,stage2_energy_j,52,3,177622.28848243356
common,60,B-ALNS,stage2_energy_j,46,3,184612.67927144875
common,60,B-ALNS,stage2_energy_j,48,3,168173.1305744688
common,60,B-ALNS,stage2_energy_j,49,3,175747.3037921984
common,60,B-ALNS,stage2_energy_j,50,2,171797.28263977537
common,60,B-ALNS,stage2_energy_j,52,3,177622.28848243356
conditional,60,ESI-ALNS,stage2_energy_j,45,3,174936.26373673155
conditional,60,ESI-ALNS,stage2_energy_j,46,3,184503.88988296702
conditional,60,ESI-ALNS,stage2_energy_j,47,3,189028.04232701138
conditional,60,ESI-ALNS,stage2_energy_j,48,3,168144.2389005323
conditional,60,ESI-ALNS,stage2_energy_j,49,3,175435.37657574646
conditional,60,ESI-ALNS,stage2_energy_j,50,2,171675.13671791332
conditional,60,ESI-ALNS,stage2_energy_j,51,3,176364.18526380596
conditional,60,ESI-ALNS,stage2_energy_j,52,3,177082.32096418508
common,60,ESI-ALNS,stage2_energy_j,46,3,184503.88988296702
common,60,ESI-ALNS,stage2_energy_j,48,3,168144.2389005323
common,60,ESI-ALNS,stage2_energy_j,49,3,175435.37657574646
common,60,ESI-ALNS,stage2_energy_j,50,2,171675.13671791332
common,60,ESI-ALNS,stage2_energy_j,52,3,177082.32096418508
paired,60,GR-MR,stage2_energy_j,45,3,-67231.77033015138
paired,60,GR-MR,stage2_energy_j,46,3,-42313.33709218326
paired,60,GR-MR,stage2_energy_j,48,3,-48555.60295749653
paired,60,GR-MR,stage2_energy_j,49,3,-59817.703221983276
paired,60,GR-MR,stage2_energy_j,50,2,-52647.37680625326
paired,60,GR-MR,stage2_energy_j,52,3,-58763.28184552502
paired,60,FTR-NM,stage2_energy_j,46,3,-42377.71759732279
paired,60,FTR-NM,stage2_energy_j,48,3,-53768.027463795
paired,60,FTR-NM,stage2_energy_j,49,3,-61251.34744876943
paired,60,FTR-NM,stage2_energy_j,50,2,-59893.51970307469
paired,60,FTR-NM,stage2_energy_j,52,3,-61597.79714181318
paired,60,RGA-MR,stage2_energy_j,45,3,-84998.33973881925
paired,60,RGA-MR,stage2_energy_j,46,3,-42313.33709218326
paired,60,RGA-MR,stage2_energy_j,48,3,-48402.09015911562
paired,60,RGA-MR,stage2_energy_j,49,3,-59817.703221983276
paired,60,RGA-MR,stage2_energy_j,50,2,-52647.37680625326
paired,60,RGA-MR,stage2_energy_j,52,3,-58763.28184552502
paired,60,B-ALNS,stage2_energy_j,45,3,-4735.13581346704
paired,60,B-ALNS,stage2_energy_j,46,3,-108.7893884817119
paired,60,B-ALNS,stage2_energy_j,47,3,-5138.100741122762
paired,60,B-ALNS,stage2_energy_j,48,3,-28.891673936498893
paired,60,B-ALNS,stage2_energy_j,49,3,-311.9272164519255
paired,60,B-ALNS,stage2_energy_j,50,2,-122.14592186207301
paired,60,B-ALNS,stage2_energy_j,51,3,-49.98930277243684
paired,60,B-ALNS,stage2_energy_j,52,3,-539.9675182484692
conditional,60,GR-MR,stage2_replay_s,45,1,0.7074948469999924
conditional,60,GR-MR,stage2_replay_s,46,1,0.5424093510000034
conditional,60,GR-MR,stage2_replay_s,48,1,0.6470742280000081
conditional,60,GR-MR,stage2_replay_s,49,1,0.6374891060000039
conditional,60,GR-MR,stage2_replay_s,50,1,0.49207868499999563
conditional,60,GR-MR,stage2_replay_s,52,1,0.5350569390000146
common,60,GR-MR,stage2_replay_s,46,3,0.5424093510000034
common,60,GR-MR,stage2_replay_s,48,3,0.6470742280000081
common,60,GR-MR,stage2_replay_s,49,3,0.6374891060000039
common,60,GR-MR,stage2_replay_s,50,2,0.49207868499999563
common,60,GR-MR,stage2_replay_s,52,3,0.5350569390000146
conditional,60,FTR-NM,stage2_replay_s,46,1,0.6596663090000163
conditional,60,FTR-NM,stage2_replay_s,48,1,0.6676724390000004
conditional,60,FTR-NM,stage2_replay_s,49,1,1.2129009939999946
conditional,60,FTR-NM,stage2_replay_s,50,1,0.651878068000002
conditional,60,FTR-NM,stage2_replay_s,52,1,0.5446805589999997
common,60,FTR-NM,stage2_replay_s,46,3,0.6596663090000163
common,60,FTR-NM,stage2_replay_s,48,3,0.6676724390000004
common,60,FTR-NM,stage2_replay_s,49,3,1.2129009939999946
common,60,FTR-NM,stage2_replay_s,50,2,0.651878068000002
common,60,FTR-NM,stage2_replay_s,52,3,0.5446805589999997
conditional,60,RGA-MR,stage2_replay_s,45,3,0.7613217853333273
conditional,60,RGA-MR,stage2_replay_s,46,3,0.6188998570000024
conditional,60,RGA-MR,stage2_replay_s,48,3,0.5330388296666607
conditional,60,RGA-MR,stage2_replay_s,49,3,0.6075465600000124
conditional,60,RGA-MR,stage2_replay_s,50,3,0.5421918156666644
conditional,60,RGA-MR,stage2_replay_s,52,3,0.6548875406666733
common,60,RGA-MR,stage2_replay_s,46,3,0.6188998570000024
common,60,RGA-MR,stage2_replay_s,48,3,0.5330388296666607
common,60,RGA-MR,stage2_replay_s,49,3,0.6075465600000124
common,60,RGA-MR,stage2_replay_s,50,2,0.5656362315000081
common,60,RGA-MR,stage2_replay_s,52,3,0.6548875406666733
conditional,60,B-ALNS,stage2_replay_s,45,3,1.5253843956666817
conditional,60,B-ALNS,stage2_replay_s,46,3,0.8559883220000112
conditional,60,B-ALNS,stage2_replay_s,47,3,0.7664642220000056
conditional,60,B-ALNS,stage2_replay_s,48,3,0.6131747573333352
conditional,60,B-ALNS,stage2_replay_s,49,3,0.6286159640000145
conditional,60,B-ALNS,stage2_replay_s,50,2,0.6314931269999988
conditional,60,B-ALNS,stage2_replay_s,51,3,0.6220414410000027
conditional,60,B-ALNS,stage2_replay_s,52,3,0.8338671600000112
common,60,B-ALNS,stage2_replay_s,46,3,0.8559883220000112
common,60,B-ALNS,stage2_replay_s,48,3,0.6131747573333352
common,60,B-ALNS,stage2_replay_s,49,3,0.6286159640000145
common,60,B-ALNS,stage2_replay_s,50,2,0.6314931269999988
common,60,B-ALNS,stage2_replay_s,52,3,0.8338671600000112
conditional,60,ESI-ALNS,stage2_replay_s,45,3,0.9911748773333215
conditional,60,ESI-ALNS,stage2_replay_s,46,3,0.5417092473333204
conditional,60,ESI-ALNS,stage2_replay_s,47,3,0.6175527829999984
conditional,60,ESI-ALNS,stage2_replay_s,48,3,0.5589837370000055
conditional,60,ESI-ALNS,stage2_replay_s,49,3,0.7520273693333385
conditional,60,ESI-ALNS,stage2_replay_s,50,2,0.5121123875000109
conditional,60,ESI-ALNS,stage2_replay_s,51,3,0.7359704949999942
conditional,60,ESI-ALNS,stage2_replay_s,52,3,0.9541857629999887
common,60,ESI-ALNS,stage2_replay_s,46,3,0.5417092473333204
common,60,ESI-ALNS,stage2_replay_s,48,3,0.5589837370000055
common,60,ESI-ALNS,stage2_replay_s,49,3,0.7520273693333385
common,60,ESI-ALNS,stage2_replay_s,50,2,0.5121123875000109
common,60,ESI-ALNS,stage2_replay_s,52,3,0.9541857629999887
paired,60,GR-MR,stage2_replay_s,45,3,0.2836800303333291
paired,60,GR-MR,stage2_replay_s,46,3,-0.0007001036666830865
paired,60,GR-MR,stage2_replay_s,48,3,-0.08809049100000266
paired,60,GR-MR,stage2_replay_s,49,3,0.11453826333333457
paired,60,GR-MR,stage2_replay_s,50,2,0.020033702500015238
paired,60,GR-MR,stage2_replay_s,52,3,0.41912882399997403
paired,60,FTR-NM,stage2_replay_s,46,3,-0.11795706166669599
paired,60,FTR-NM,stage2_replay_s,48,3,-0.10868870199999492
paired,60,FTR-NM,stage2_replay_s,49,3,-0.4608736246666562
paired,60,FTR-NM,stage2_replay_s,50,2,-0.13976568049999116
paired,60,FTR-NM,stage2_replay_s,52,3,0.40950520399998896
paired,60,RGA-MR,stage2_replay_s,45,3,0.2298530919999943
paired,60,RGA-MR,stage2_replay_s,46,3,-0.07719060966668205
paired,60,RGA-MR,stage2_replay_s,48,3,0.02594490733334472
paired,60,RGA-MR,stage2_replay_s,49,3,0.144480809333326
paired,60,RGA-MR,stage2_replay_s,50,2,-0.05352384399999721
paired,60,RGA-MR,stage2_replay_s,52,3,0.2992982223333153
paired,60,B-ALNS,stage2_replay_s,45,3,-0.5342095183333603
paired,60,B-ALNS,stage2_replay_s,46,3,-0.31427907466669086
paired,60,B-ALNS,stage2_replay_s,47,3,-0.14891143900000733
paired,60,B-ALNS,stage2_replay_s,48,3,-0.05419102033332971
paired,60,B-ALNS,stage2_replay_s,49,3,0.12341140533332388
paired,60,B-ALNS,stage2_replay_s,50,2,-0.11938073949998795
paired,60,B-ALNS,stage2_replay_s,51,3,0.11392905399999147
paired,60,B-ALNS,stage2_replay_s,52,3,0.1203186029999775
conditional,60,GR-MR,total_distance_m,45,1,12716.792545459284
conditional,60,GR-MR,total_distance_m,46,1,11882.554818163011
conditional,60,GR-MR,total_distance_m,48,1,11334.301365744755
conditional,60,GR-MR,total_distance_m,49,1,12342.30588336351
conditional,60,GR-MR,total_distance_m,50,1,11721.368647758678
conditional,60,GR-MR,total_distance_m,52,1,12326.320893438968
common,60,GR-MR,total_distance_m,46,3,11882.554818163011
common,60,GR-MR,total_distance_m,48,3,11334.301365744755
common,60,GR-MR,total_distance_m,49,3,12342.30588336351
common,60,GR-MR,total_distance_m,50,2,11721.368647758678
common,60,GR-MR,total_distance_m,52,3,12326.320893438968
conditional,60,FTR-NM,total_distance_m,46,1,11889.140370315321
conditional,60,FTR-NM,total_distance_m,48,1,11616.32731638494
conditional,60,FTR-NM,total_distance_m,49,1,12410.770861297593
conditional,60,FTR-NM,total_distance_m,50,1,12100.020630482573
conditional,60,FTR-NM,total_distance_m,52,1,12454.386853810607
common,60,FTR-NM,total_distance_m,46,3,11889.140370315321
common,60,FTR-NM,total_distance_m,48,3,11616.32731638494
common,60,FTR-NM,total_distance_m,49,3,12410.770861297593
common,60,FTR-NM,total_distance_m,50,2,12100.020630482573
common,60,FTR-NM,total_distance_m,52,3,12454.386853810607
conditional,60,RGA-MR,total_distance_m,45,3,13704.343801121979
conditional,60,RGA-MR,total_distance_m,46,3,11882.554818163011
conditional,60,RGA-MR,total_distance_m,48,3,11326.16585484792
conditional,60,RGA-MR,total_distance_m,49,3,12342.30588336351
conditional,60,RGA-MR,total_distance_m,50,3,11721.368647758678
conditional,60,RGA-MR,total_distance_m,52,3,12326.320893438968
common,60,RGA-MR,total_distance_m,46,3,11882.554818163011
common,60,RGA-MR,total_distance_m,48,3,11326.16585484792
common,60,RGA-MR,total_distance_m,49,3,12342.30588336351
common,60,RGA-MR,total_distance_m,50,2,11721.368647758678
common,60,RGA-MR,total_distance_m,52,3,12326.320893438968
conditional,60,B-ALNS,total_distance_m,45,3,9176.216985985637
conditional,60,B-ALNS,total_distance_m,46,3,9492.528353007443
conditional,60,B-ALNS,total_distance_m,47,3,10014.656458645683
conditional,60,B-ALNS,total_distance_m,48,3,8588.523084559889
conditional,60,B-ALNS,total_distance_m,49,3,8988.758659429614
conditional,60,B-ALNS,total_distance_m,50,2,8691.652330770667
conditional,60,B-ALNS,total_distance_m,51,3,8997.98051876163
conditional,60,B-ALNS,total_distance_m,52,3,9084.363206818154
common,60,B-ALNS,total_distance_m,46,3,9492.528353007443
common,60,B-ALNS,total_distance_m,48,3,8588.523084559889
common,60,B-ALNS,total_distance_m,49,3,8988.758659429614
common,60,B-ALNS,total_distance_m,50,2,8691.652330770667
common,60,B-ALNS,total_distance_m,52,3,9084.363206818154
conditional,60,ESI-ALNS,total_distance_m,45,3,8916.158707102873
conditional,60,ESI-ALNS,total_distance_m,46,3,9497.676839676451
conditional,60,ESI-ALNS,total_distance_m,47,3,9740.953863136228
conditional,60,ESI-ALNS,total_distance_m,48,3,8590.813277114668
conditional,60,ESI-ALNS,total_distance_m,49,3,8988.265463137044
conditional,60,ESI-ALNS,total_distance_m,50,2,8687.919837762624
conditional,60,ESI-ALNS,total_distance_m,51,3,8997.508560205559
conditional,60,ESI-ALNS,total_distance_m,52,3,9059.10642825609
common,60,ESI-ALNS,total_distance_m,46,3,9497.676839676451
common,60,ESI-ALNS,total_distance_m,48,3,8590.813277114668
common,60,ESI-ALNS,total_distance_m,49,3,8988.265463137044
common,60,ESI-ALNS,total_distance_m,50,2,8687.919837762624
common,60,ESI-ALNS,total_distance_m,52,3,9059.10642825609
paired,60,GR-MR,total_distance_m,45,3,-3800.6338383564103
paired,60,GR-MR,total_distance_m,46,3,-2384.8779784865596
paired,60,GR-MR,total_distance_m,48,3,-2743.4880886300866
paired,60,GR-MR,total_distance_m,49,3,-3354.040420226465
paired,60,GR-MR,total_distance_m,50,2,-3033.4488099960545
paired,60,GR-MR,total_distance_m,52,3,-3267.214465182878
paired,60,FTR-NM,total_distance_m,46,3,-2391.4635306388695
paired,60,FTR-NM,total_distance_m,48,3,-3025.514039270272
paired,60,FTR-NM,total_distance_m,49,3,-3422.5053981605483
paired,60,FTR-NM,total_distance_m,50,2,-3412.10079271995
paired,60,FTR-NM,total_distance_m,52,3,-3395.2804255545175
paired,60,RGA-MR,total_distance_m,45,3,-4788.185094019104
paired,60,RGA-MR,total_distance_m,46,3,-2384.8779784865596
paired,60,RGA-MR,total_distance_m,48,3,-2735.352577733252
paired,60,RGA-MR,total_distance_m,49,3,-3354.040420226465
paired,60,RGA-MR,total_distance_m,50,2,-3033.4488099960545
paired,60,RGA-MR,total_distance_m,52,3,-3267.214465182878
paired,60,B-ALNS,total_distance_m,45,3,-260.05827888276326
paired,60,B-ALNS,total_distance_m,46,3,5.148486669009192
paired,60,B-ALNS,total_distance_m,47,3,-273.7025955094535
paired,60,B-ALNS,total_distance_m,48,3,2.2901925547794235
paired,60,B-ALNS,total_distance_m,49,3,-0.4931962925687306
paired,60,B-ALNS,total_distance_m,50,2,-3.732493008043093
paired,60,B-ALNS,total_distance_m,51,3,-0.47195855607060366
paired,60,B-ALNS,total_distance_m,52,3,-25.256778562063726
conditional,70,GR-MR,both_stages_qualified_rate,45,1,0.0
conditional,70,GR-MR,both_stages_qualified_rate,46,1,1.0
conditional,70,GR-MR,both_stages_qualified_rate,47,1,0.0
conditional,70,GR-MR,both_stages_qualified_rate,48,1,1.0
conditional,70,GR-MR,both_stages_qualified_rate,49,1,0.0
conditional,70,GR-MR,both_stages_qualified_rate,50,1,1.0
conditional,70,GR-MR,both_stages_qualified_rate,51,1,0.0
conditional,70,GR-MR,both_stages_qualified_rate,52,1,0.0
common,70,GR-MR,both_stages_qualified_rate,45,3,0.0
common,70,GR-MR,both_stages_qualified_rate,46,3,1.0
common,70,GR-MR,both_stages_qualified_rate,47,3,0.0
common,70,GR-MR,both_stages_qualified_rate,48,3,1.0
common,70,GR-MR,both_stages_qualified_rate,49,3,0.0
common,70,GR-MR,both_stages_qualified_rate,50,3,1.0
common,70,GR-MR,both_stages_qualified_rate,51,3,0.0
common,70,GR-MR,both_stages_qualified_rate,52,3,0.0
conditional,70,FTR-NM,both_stages_qualified_rate,45,1,0.0
conditional,70,FTR-NM,both_stages_qualified_rate,46,1,1.0
conditional,70,FTR-NM,both_stages_qualified_rate,47,1,0.0
conditional,70,FTR-NM,both_stages_qualified_rate,48,1,1.0
conditional,70,FTR-NM,both_stages_qualified_rate,49,1,0.0
conditional,70,FTR-NM,both_stages_qualified_rate,50,1,1.0
conditional,70,FTR-NM,both_stages_qualified_rate,51,1,0.0
conditional,70,FTR-NM,both_stages_qualified_rate,52,1,0.0
common,70,FTR-NM,both_stages_qualified_rate,45,3,0.0
common,70,FTR-NM,both_stages_qualified_rate,46,3,1.0
common,70,FTR-NM,both_stages_qualified_rate,47,3,0.0
common,70,FTR-NM,both_stages_qualified_rate,48,3,1.0
common,70,FTR-NM,both_stages_qualified_rate,49,3,0.0
common,70,FTR-NM,both_stages_qualified_rate,50,3,1.0
common,70,FTR-NM,both_stages_qualified_rate,51,3,0.0
common,70,FTR-NM,both_stages_qualified_rate,52,3,0.0
conditional,70,RGA-MR,both_stages_qualified_rate,45,3,0.0
conditional,70,RGA-MR,both_stages_qualified_rate,46,3,1.0
conditional,70,RGA-MR,both_stages_qualified_rate,47,3,0.0
conditional,70,RGA-MR,both_stages_qualified_rate,48,3,1.0
conditional,70,RGA-MR,both_stages_qualified_rate,49,3,0.0
conditional,70,RGA-MR,both_stages_qualified_rate,50,3,1.0
conditional,70,RGA-MR,both_stages_qualified_rate,51,3,0.0
conditional,70,RGA-MR,both_stages_qualified_rate,52,3,0.0
common,70,RGA-MR,both_stages_qualified_rate,45,3,0.0
common,70,RGA-MR,both_stages_qualified_rate,46,3,1.0
common,70,RGA-MR,both_stages_qualified_rate,47,3,0.0
common,70,RGA-MR,both_stages_qualified_rate,48,3,1.0
common,70,RGA-MR,both_stages_qualified_rate,49,3,0.0
common,70,RGA-MR,both_stages_qualified_rate,50,3,1.0
common,70,RGA-MR,both_stages_qualified_rate,51,3,0.0
common,70,RGA-MR,both_stages_qualified_rate,52,3,0.0
conditional,70,B-ALNS,both_stages_qualified_rate,45,3,1.0
conditional,70,B-ALNS,both_stages_qualified_rate,46,3,1.0
conditional,70,B-ALNS,both_stages_qualified_rate,47,3,1.0
conditional,70,B-ALNS,both_stages_qualified_rate,48,3,1.0
conditional,70,B-ALNS,both_stages_qualified_rate,49,3,1.0
conditional,70,B-ALNS,both_stages_qualified_rate,50,3,0.3333333333333333
conditional,70,B-ALNS,both_stages_qualified_rate,51,3,1.0
conditional,70,B-ALNS,both_stages_qualified_rate,52,3,1.0
common,70,B-ALNS,both_stages_qualified_rate,45,3,1.0
common,70,B-ALNS,both_stages_qualified_rate,46,3,1.0
common,70,B-ALNS,both_stages_qualified_rate,47,3,1.0
common,70,B-ALNS,both_stages_qualified_rate,48,3,1.0
common,70,B-ALNS,both_stages_qualified_rate,49,3,1.0
common,70,B-ALNS,both_stages_qualified_rate,50,3,0.3333333333333333
common,70,B-ALNS,both_stages_qualified_rate,51,3,1.0
common,70,B-ALNS,both_stages_qualified_rate,52,3,1.0
conditional,70,ESI-ALNS,both_stages_qualified_rate,45,3,1.0
conditional,70,ESI-ALNS,both_stages_qualified_rate,46,3,1.0
conditional,70,ESI-ALNS,both_stages_qualified_rate,47,3,1.0
conditional,70,ESI-ALNS,both_stages_qualified_rate,48,3,1.0
conditional,70,ESI-ALNS,both_stages_qualified_rate,49,3,1.0
conditional,70,ESI-ALNS,both_stages_qualified_rate,50,3,0.3333333333333333
conditional,70,ESI-ALNS,both_stages_qualified_rate,51,3,1.0
conditional,70,ESI-ALNS,both_stages_qualified_rate,52,3,1.0
common,70,ESI-ALNS,both_stages_qualified_rate,45,3,1.0
common,70,ESI-ALNS,both_stages_qualified_rate,46,3,1.0
common,70,ESI-ALNS,both_stages_qualified_rate,47,3,1.0
common,70,ESI-ALNS,both_stages_qualified_rate,48,3,1.0
common,70,ESI-ALNS,both_stages_qualified_rate,49,3,1.0
common,70,ESI-ALNS,both_stages_qualified_rate,50,3,0.3333333333333333
common,70,ESI-ALNS,both_stages_qualified_rate,51,3,1.0
common,70,ESI-ALNS,both_stages_qualified_rate,52,3,1.0
paired,70,GR-MR,both_stages_qualified_rate,45,3,1.0
paired,70,GR-MR,both_stages_qualified_rate,46,3,0.0
paired,70,GR-MR,both_stages_qualified_rate,47,3,1.0
paired,70,GR-MR,both_stages_qualified_rate,48,3,0.0
paired,70,GR-MR,both_stages_qualified_rate,49,3,1.0
paired,70,GR-MR,both_stages_qualified_rate,50,3,-0.6666666666666666
paired,70,GR-MR,both_stages_qualified_rate,51,3,1.0
paired,70,GR-MR,both_stages_qualified_rate,52,3,1.0
paired,70,FTR-NM,both_stages_qualified_rate,45,3,1.0
paired,70,FTR-NM,both_stages_qualified_rate,46,3,0.0
paired,70,FTR-NM,both_stages_qualified_rate,47,3,1.0
paired,70,FTR-NM,both_stages_qualified_rate,48,3,0.0
paired,70,FTR-NM,both_stages_qualified_rate,49,3,1.0
paired,70,FTR-NM,both_stages_qualified_rate,50,3,-0.6666666666666666
paired,70,FTR-NM,both_stages_qualified_rate,51,3,1.0
paired,70,FTR-NM,both_stages_qualified_rate,52,3,1.0
paired,70,RGA-MR,both_stages_qualified_rate,45,3,1.0
paired,70,RGA-MR,both_stages_qualified_rate,46,3,0.0
paired,70,RGA-MR,both_stages_qualified_rate,47,3,1.0
paired,70,RGA-MR,both_stages_qualified_rate,48,3,0.0
paired,70,RGA-MR,both_stages_qualified_rate,49,3,1.0
paired,70,RGA-MR,both_stages_qualified_rate,50,3,-0.6666666666666666
paired,70,RGA-MR,both_stages_qualified_rate,51,3,1.0
paired,70,RGA-MR,both_stages_qualified_rate,52,3,1.0
paired,70,B-ALNS,both_stages_qualified_rate,45,3,0.0
paired,70,B-ALNS,both_stages_qualified_rate,46,3,0.0
paired,70,B-ALNS,both_stages_qualified_rate,47,3,0.0
paired,70,B-ALNS,both_stages_qualified_rate,48,3,0.0
paired,70,B-ALNS,both_stages_qualified_rate,49,3,0.0
paired,70,B-ALNS,both_stages_qualified_rate,50,3,0.0
paired,70,B-ALNS,both_stages_qualified_rate,51,3,0.0
paired,70,B-ALNS,both_stages_qualified_rate,52,3,0.0
conditional,70,GR-MR,contacts,46,1,3.0
conditional,70,GR-MR,contacts,48,1,3.0
conditional,70,GR-MR,contacts,50,1,4.0
common,70,GR-MR,contacts,46,3,3.0
common,70,GR-MR,contacts,48,3,3.0
common,70,GR-MR,contacts,50,1,4.0
conditional,70,FTR-NM,contacts,46,1,4.0
conditional,70,FTR-NM,contacts,48,1,4.0
conditional,70,FTR-NM,contacts,50,1,3.0
common,70,FTR-NM,contacts,46,3,4.0
common,70,FTR-NM,contacts,48,3,4.0
common,70,FTR-NM,contacts,50,1,3.0
conditional,70,RGA-MR,contacts,46,3,3.0
conditional,70,RGA-MR,contacts,48,3,3.3333333333333335
conditional,70,RGA-MR,contacts,50,3,4.0
common,70,RGA-MR,contacts,46,3,3.0
common,70,RGA-MR,contacts,48,3,3.3333333333333335
common,70,RGA-MR,contacts,50,1,4.0
conditional,70,B-ALNS,contacts,45,3,4.666666666666667
conditional,70,B-ALNS,contacts,46,3,2.6666666666666665
conditional,70,B-ALNS,contacts,47,3,2.6666666666666665
conditional,70,B-ALNS,contacts,48,3,3.6666666666666665
conditional,70,B-ALNS,contacts,49,3,3.6666666666666665
conditional,70,B-ALNS,contacts,50,1,4.0
conditional,70,B-ALNS,contacts,51,3,3.3333333333333335
conditional,70,B-ALNS,contacts,52,3,5.0
common,70,B-ALNS,contacts,46,3,2.6666666666666665
common,70,B-ALNS,contacts,48,3,3.6666666666666665
common,70,B-ALNS,contacts,50,1,4.0
conditional,70,ESI-ALNS,contacts,45,3,5.0
conditional,70,ESI-ALNS,contacts,46,3,2.6666666666666665
conditional,70,ESI-ALNS,contacts,47,3,2.6666666666666665
conditional,70,ESI-ALNS,contacts,48,3,4.333333333333333
conditional,70,ESI-ALNS,contacts,49,3,3.6666666666666665
conditional,70,ESI-ALNS,contacts,50,1,4.0
conditional,70,ESI-ALNS,contacts,51,3,3.3333333333333335
conditional,70,ESI-ALNS,contacts,52,3,5.0
common,70,ESI-ALNS,contacts,46,3,2.6666666666666665
common,70,ESI-ALNS,contacts,48,3,4.333333333333333
common,70,ESI-ALNS,contacts,50,1,4.0
paired,70,GR-MR,contacts,46,3,-0.3333333333333333
paired,70,GR-MR,contacts,48,3,1.3333333333333333
paired,70,GR-MR,contacts,50,1,0.0
paired,70,FTR-NM,contacts,46,3,-1.3333333333333333
paired,70,FTR-NM,contacts,48,3,0.3333333333333333
paired,70,FTR-NM,contacts,50,1,1.0
paired,70,RGA-MR,contacts,46,3,-0.3333333333333333
paired,70,RGA-MR,contacts,48,3,1.0
paired,70,RGA-MR,contacts,50,1,0.0
paired,70,B-ALNS,contacts,45,3,0.3333333333333333
paired,70,B-ALNS,contacts,46,3,0.0
paired,70,B-ALNS,contacts,47,3,0.0
paired,70,B-ALNS,contacts,48,3,0.6666666666666666
paired,70,B-ALNS,contacts,49,3,0.0
paired,70,B-ALNS,contacts,50,1,0.0
paired,70,B-ALNS,contacts,51,3,0.0
paired,70,B-ALNS,contacts,52,3,0.0
conditional,70,GR-MR,cpu_stage2_minus_stage1,46,1,-0.9662209641135732
conditional,70,GR-MR,cpu_stage2_minus_stage1,48,1,-1.2647788304387289
conditional,70,GR-MR,cpu_stage2_minus_stage1,50,1,-0.6844071781899199
common,70,GR-MR,cpu_stage2_minus_stage1,46,3,-0.9662209641135732
common,70,GR-MR,cpu_stage2_minus_stage1,48,3,-1.2647788304387289
common,70,GR-MR,cpu_stage2_minus_stage1,50,1,-0.6844071781899199
conditional,70,FTR-NM,cpu_stage2_minus_stage1,46,1,-1.1208025140260676
conditional,70,FTR-NM,cpu_stage2_minus_stage1,48,1,-1.1656291689442022
conditional,70,FTR-NM,cpu_stage2_minus_stage1,50,1,-0.6820359997591905
common,70,FTR-NM,cpu_stage2_minus_stage1,46,3,-1.1208025140260676
common,70,FTR-NM,cpu_stage2_minus_stage1,48,3,-1.1656291689442022
common,70,FTR-NM,cpu_stage2_minus_stage1,50,1,-0.6820359997591905
conditional,70,RGA-MR,cpu_stage2_minus_stage1,46,3,-0.9662209641135732
conditional,70,RGA-MR,cpu_stage2_minus_stage1,48,3,-1.2271304542735388
conditional,70,RGA-MR,cpu_stage2_minus_stage1,50,3,-0.6844071781899199
common,70,RGA-MR,cpu_stage2_minus_stage1,46,3,-0.9662209641135732
common,70,RGA-MR,cpu_stage2_minus_stage1,48,3,-1.2271304542735388
common,70,RGA-MR,cpu_stage2_minus_stage1,50,1,-0.6844071781899199
conditional,70,B-ALNS,cpu_stage2_minus_stage1,45,3,-0.2779924729814143
conditional,70,B-ALNS,cpu_stage2_minus_stage1,46,3,-0.6377529012642809
conditional,70,B-ALNS,cpu_stage2_minus_stage1,47,3,-0.8826074394022397
conditional,70,B-ALNS,cpu_stage2_minus_stage1,48,3,-0.846465848986679
conditional,70,B-ALNS,cpu_stage2_minus_stage1,49,3,-1.0479573531956667
conditional,70,B-ALNS,cpu_stage2_minus_stage1,50,1,-1.032698333507795
conditional,70,B-ALNS,cpu_stage2_minus_stage1,51,3,-0.6846924017373918
conditional,70,B-ALNS,cpu_stage2_minus_stage1,52,3,-0.8331494816308781
common,70,B-ALNS,cpu_stage2_minus_stage1,46,3,-0.6377529012642809
common,70,B-ALNS,cpu_stage2_minus_stage1,48,3,-0.846465848986679
common,70,B-ALNS,cpu_stage2_minus_stage1,50,1,-1.032698333507795
conditional,70,ESI-ALNS,cpu_stage2_minus_stage1,45,3,-0.2664736302675752
conditional,70,ESI-ALNS,cpu_stage2_minus_stage1,46,3,-0.6080420798880763
conditional,70,ESI-ALNS,cpu_stage2_minus_stage1,47,3,-0.8208926678799197
conditional,70,ESI-ALNS,cpu_stage2_minus_stage1,48,3,-0.9340777288421829
conditional,70,ESI-ALNS,cpu_stage2_minus_stage1,49,3,-1.0922207157191102
conditional,70,ESI-ALNS,cpu_stage2_minus_stage1,50,1,-0.8993056413906574
conditional,70,ESI-ALNS,cpu_stage2_minus_stage1,51,3,-0.36839429428398
conditional,70,ESI-ALNS,cpu_stage2_minus_stage1,52,3,-0.7746604491862046
common,70,ESI-ALNS,cpu_stage2_minus_stage1,46,3,-0.6080420798880763
common,70,ESI-ALNS,cpu_stage2_minus_stage1,48,3,-0.9340777288421829
common,70,ESI-ALNS,cpu_stage2_minus_stage1,50,1,-0.8993056413906574
paired,70,GR-MR,cpu_stage2_minus_stage1,46,3,0.3581788842254969
paired,70,GR-MR,cpu_stage2_minus_stage1,48,3,0.3307011015965459
paired,70,GR-MR,cpu_stage2_minus_stage1,50,1,-0.21489846320073747
paired,70,FTR-NM,cpu_stage2_minus_stage1,46,3,0.5127604341379912
paired,70,FTR-NM,cpu_stage2_minus_stage1,48,3,0.2315514401020193
paired,70,FTR-NM,cpu_stage2_minus_stage1,50,1,-0.2172696416314669
paired,70,RGA-MR,cpu_stage2_minus_stage1,46,3,0.3581788842254969
paired,70,RGA-MR,cpu_stage2_minus_stage1,48,3,0.293052725431356
paired,70,RGA-MR,cpu_stage2_minus_stage1,50,1,-0.21489846320073747
paired,70,B-ALNS,cpu_stage2_minus_stage1,45,3,0.011518842713839073
paired,70,B-ALNS,cpu_stage2_minus_stage1,46,3,0.029710821376204583
paired,70,B-ALNS,cpu_stage2_minus_stage1,47,3,0.06171477152232004
paired,70,B-ALNS,cpu_stage2_minus_stage1,48,3,-0.08761187985550396
paired,70,B-ALNS,cpu_stage2_minus_stage1,49,3,-0.04426336252344346
paired,70,B-ALNS,cpu_stage2_minus_stage1,50,1,0.13339269211713767
paired,70,B-ALNS,cpu_stage2_minus_stage1,51,3,0.31629810745341175
paired,70,B-ALNS,cpu_stage2_minus_stage1,52,3,0.05848903244467352
conditional,70,GR-MR,energy_stage2_minus_stage1_j,46,1,0.24382394421263598
conditional,70,GR-MR,energy_stage2_minus_stage1_j,48,1,0.24945280837710015
conditional,70,GR-MR,energy_stage2_minus_stage1_j,50,1,0.2473375405825209
common,70,GR-MR,energy_stage2_minus_stage1_j,46,3,0.24382394421263598
common,70,GR-MR,energy_stage2_minus_stage1_j,48,3,0.24945280837710015
common,70,GR-MR,energy_stage2_minus_stage1_j,50,1,0.2473375405825209
conditional,70,FTR-NM,energy_stage2_minus_stage1_j,46,1,0.25000896348501556
conditional,70,FTR-NM,energy_stage2_minus_stage1_j,48,1,0.2608330601360649
conditional,70,FTR-NM,energy_stage2_minus_stage1_j,50,1,0.2507438027532771
common,70,FTR-NM,energy_stage2_minus_stage1_j,46,3,0.25000896348501556
common,70,FTR-NM,energy_stage2_minus_stage1_j,48,3,0.2608330601360649
common,70,FTR-NM,energy_stage2_minus_stage1_j,50,1,0.2507438027532771
conditional,70,RGA-MR,energy_stage2_minus_stage1_j,46,3,0.24382394421263598
conditional,70,RGA-MR,energy_stage2_minus_stage1_j,48,3,0.24809083748065555
conditional,70,RGA-MR,energy_stage2_minus_stage1_j,50,3,0.2473375405825209
common,70,RGA-MR,energy_stage2_minus_stage1_j,46,3,0.24382394421263598
common,70,RGA-MR,energy_stage2_minus_stage1_j,48,3,0.24809083748065555
common,70,RGA-MR,energy_stage2_minus_stage1_j,50,1,0.2473375405825209
conditional,70,B-ALNS,energy_stage2_minus_stage1_j,45,3,0.1889403495200289
conditional,70,B-ALNS,energy_stage2_minus_stage1_j,46,3,0.2108847144700121
conditional,70,B-ALNS,energy_stage2_minus_stage1_j,47,3,0.19266308053435446
conditional,70,B-ALNS,energy_stage2_minus_stage1_j,48,3,0.19239504601379545
conditional,70,B-ALNS,energy_stage2_minus_stage1_j,49,3,0.18633342039538547
conditional,70,B-ALNS,energy_stage2_minus_stage1_j,50,1,0.20533760319813155
conditional,70,B-ALNS,energy_stage2_minus_stage1_j,51,3,0.23057590501654582
conditional,70,B-ALNS,energy_stage2_minus_stage1_j,52,3,0.201164420771723
common,70,B-ALNS,energy_stage2_minus_stage1_j,46,3,0.2108847144700121
common,70,B-ALNS,energy_stage2_minus_stage1_j,48,3,0.19239504601379545
common,70,B-ALNS,energy_stage2_minus_stage1_j,50,1,0.20533760319813155
conditional,70,ESI-ALNS,energy_stage2_minus_stage1_j,45,3,0.18876510323995413
conditional,70,ESI-ALNS,energy_stage2_minus_stage1_j,46,3,0.20719954269588925
conditional,70,ESI-ALNS,energy_stage2_minus_stage1_j,47,3,0.18954377564174743
conditional,70,ESI-ALNS,energy_stage2_minus_stage1_j,48,3,0.19058565428713337
conditional,70,ESI-ALNS,energy_stage2_minus_stage1_j,49,3,0.1824490823879993
conditional,70,ESI-ALNS,energy_stage2_minus_stage1_j,50,1,0.20057781666400842
conditional,70,ESI-ALNS,energy_stage2_minus_stage1_j,51,3,0.22809572212281637
conditional,70,ESI-ALNS,energy_stage2_minus_stage1_j,52,3,0.20109876419883221
common,70,ESI-ALNS,energy_stage2_minus_stage1_j,46,3,0.20719954269588925
common,70,ESI-ALNS,energy_stage2_minus_stage1_j,48,3,0.19058565428713337
common,70,ESI-ALNS,energy_stage2_minus_stage1_j,50,1,0.20057781666400842
paired,70,GR-MR,energy_stage2_minus_stage1_j,46,3,-0.03662440151674673
paired,70,GR-MR,energy_stage2_minus_stage1_j,48,3,-0.05886715408996679
paired,70,GR-MR,energy_stage2_minus_stage1_j,50,1,-0.046759723918512464
paired,70,FTR-NM,energy_stage2_minus_stage1_j,46,3,-0.04280942078912631
paired,70,FTR-NM,energy_stage2_minus_stage1_j,48,3,-0.07024740584893152
paired,70,FTR-NM,energy_stage2_minus_stage1_j,50,1,-0.0501659860892687
paired,70,RGA-MR,energy_stage2_minus_stage1_j,46,3,-0.03662440151674673
paired,70,RGA-MR,energy_stage2_minus_stage1_j,48,3,-0.05750518319352219
paired,70,RGA-MR,energy_stage2_minus_stage1_j,50,1,-0.046759723918512464
paired,70,B-ALNS,energy_stage2_minus_stage1_j,45,3,-0.00017524628007474044
paired,70,B-ALNS,energy_stage2_minus_stage1_j,46,3,-0.003685171774122864
paired,70,B-ALNS,energy_stage2_minus_stage1_j,47,3,-0.0031193048926070333
paired,70,B-ALNS,energy_stage2_minus_stage1_j,48,3,-0.0018093917266620945
paired,70,B-ALNS,energy_stage2_minus_stage1_j,49,3,-0.003884338007386153
paired,70,B-ALNS,energy_stage2_minus_stage1_j,50,1,-0.004759786534123123
paired,70,B-ALNS,energy_stage2_minus_stage1_j,51,3,-0.002480182893729458
paired,70,B-ALNS,energy_stage2_minus_stage1_j,52,3,-6.565657289077838e-05
conditional,70,GR-MR,mean_delay_s,46,1,214.59378013197667
conditional,70,GR-MR,mean_delay_s,48,1,217.23411536412397
conditional,70,GR-MR,mean_delay_s,50,1,215.9865731554246
common,70,GR-MR,mean_delay_s,46,3,214.59378013197667
common,70,GR-MR,mean_delay_s,48,3,217.23411536412397
common,70,GR-MR,mean_delay_s,50,1,215.9865731554246
conditional,70,FTR-NM,mean_delay_s,46,1,214.58425012858115
conditional,70,FTR-NM,mean_delay_s,48,1,217.36750438940294
conditional,70,FTR-NM,mean_delay_s,50,1,216.00405511459272
common,70,FTR-NM,mean_delay_s,46,3,214.58425012858115
common,70,FTR-NM,mean_delay_s,48,3,217.36750438940294
common,70,FTR-NM,mean_delay_s,50,1,216.00405511459272
conditional,70,RGA-MR,mean_delay_s,46,3,214.59378013197667
conditional,70,RGA-MR,mean_delay_s,48,3,216.67863173854823
conditional,70,RGA-MR,mean_delay_s,50,3,215.9865731554246
common,70,RGA-MR,mean_delay_s,46,3,214.59378013197667
common,70,RGA-MR,mean_delay_s,48,3,216.67863173854823
common,70,RGA-MR,mean_delay_s,50,1,215.9865731554246
conditional,70,B-ALNS,mean_delay_s,45,3,223.15658907367705
conditional,70,B-ALNS,mean_delay_s,46,3,201.18538758727513
conditional,70,B-ALNS,mean_delay_s,47,3,209.96454131874285
conditional,70,B-ALNS,mean_delay_s,48,3,214.34606575605346
conditional,70,B-ALNS,mean_delay_s,49,3,202.23337677252007
conditional,70,B-ALNS,mean_delay_s,50,1,209.30311375637424
conditional,70,B-ALNS,mean_delay_s,51,3,216.47409820057462
conditional,70,B-ALNS,mean_delay_s,52,3,221.26365707344766
common,70,B-ALNS,mean_delay_s,46,3,201.18538758727513
common,70,B-ALNS,mean_delay_s,48,3,214.34606575605346
common,70,B-ALNS,mean_delay_s,50,1,209.30311375637424
conditional,70,ESI-ALNS,mean_delay_s,45,3,223.89528009148523
conditional,70,ESI-ALNS,mean_delay_s,46,3,200.55936285072457
conditional,70,ESI-ALNS,mean_delay_s,47,3,210.9508841097682
conditional,70,ESI-ALNS,mean_delay_s,48,3,213.33481006505576
conditional,70,ESI-ALNS,mean_delay_s,49,3,200.1797460830123
conditional,70,ESI-ALNS,mean_delay_s,50,1,208.7872185832819
conditional,70,ESI-ALNS,mean_delay_s,51,3,216.103227727561
conditional,70,ESI-ALNS,mean_delay_s,52,3,221.8954187405813
common,70,ESI-ALNS,mean_delay_s,46,3,200.55936285072457
common,70,ESI-ALNS,mean_delay_s,48,3,213.33481006505576
common,70,ESI-ALNS,mean_delay_s,50,1,208.7872185832819
paired,70,GR-MR,mean_delay_s,46,3,-14.034417281252095
paired,70,GR-MR,mean_delay_s,48,3,-3.899305299068203
paired,70,GR-MR,mean_delay_s,50,1,-7.199354572142681
paired,70,FTR-NM,mean_delay_s,46,3,-14.02488727785657
paired,70,FTR-NM,mean_delay_s,48,3,-4.032694324347176
paired,70,FTR-NM,mean_delay_s,50,1,-7.216836531310804
paired,70,RGA-MR,mean_delay_s,46,3,-14.034417281252095
paired,70,RGA-MR,mean_delay_s,48,3,-3.34382167349248
paired,70,RGA-MR,mean_delay_s,50,1,-7.199354572142681
paired,70,B-ALNS,mean_delay_s,45,3,0.7386910178081791
paired,70,B-ALNS,mean_delay_s,46,3,-0.6260247365505526
paired,70,B-ALNS,mean_delay_s,47,3,0.9863427910253696
paired,70,B-ALNS,mean_delay_s,48,3,-1.0112556909977097
paired,70,B-ALNS,mean_delay_s,49,3,-2.0536306895077607
paired,70,B-ALNS,mean_delay_s,50,1,-0.515895173092332
paired,70,B-ALNS,mean_delay_s,51,3,-0.37087047301360104
paired,70,B-ALNS,mean_delay_s,52,3,0.6317616671336452
conditional,70,GR-MR,min_deadline_slack_s,46,1,-2.6908963945970754e-07
conditional,70,GR-MR,min_deadline_slack_s,48,1,-1.197618075821083e-07
conditional,70,GR-MR,min_deadline_slack_s,50,1,-2.4692781153135e-10
common,70,GR-MR,min_deadline_slack_s,46,3,-2.6908963945970754e-07
common,70,GR-MR,min_deadline_slack_s,48,3,-1.197618075821083e-07
common,70,GR-MR,min_deadline_slack_s,50,1,-2.4692781153135e-10
conditional,70,FTR-NM,min_deadline_slack_s,46,1,-1.3931696685176576e-08
conditional,70,FTR-NM,min_deadline_slack_s,48,1,-5.713900463888422e-09
conditional,70,FTR-NM,min_deadline_slack_s,50,1,-4.728912017526454e-08
common,70,FTR-NM,min_deadline_slack_s,46,3,-1.3931696685176576e-08
common,70,FTR-NM,min_deadline_slack_s,48,3,-5.713900463888422e-09
common,70,FTR-NM,min_deadline_slack_s,50,1,-4.728912017526454e-08
conditional,70,RGA-MR,min_deadline_slack_s,46,3,-2.6908963945970754e-07
conditional,70,RGA-MR,min_deadline_slack_s,48,3,-1.2813726849951004e-07
conditional,70,RGA-MR,min_deadline_slack_s,50,3,-2.4692781153135e-10
common,70,RGA-MR,min_deadline_slack_s,46,3,-2.6908963945970754e-07
common,70,RGA-MR,min_deadline_slack_s,48,3,-1.2813726849951004e-07
common,70,RGA-MR,min_deadline_slack_s,50,1,-2.4692781153135e-10
conditional,70,B-ALNS,min_deadline_slack_s,45,3,-4.2019403660257616e-08
conditional,70,B-ALNS,min_deadline_slack_s,46,3,-8.126786118130742e-08
conditional,70,B-ALNS,min_deadline_slack_s,47,3,-4.373490961976737e-08
conditional,70,B-ALNS,min_deadline_slack_s,48,3,-8.730637546250364e-09
conditional,70,B-ALNS,min_deadline_slack_s,49,3,-2.2426752366300207e-07
conditional,70,B-ALNS,min_deadline_slack_s,50,1,-6.735547231073724e-09
conditional,70,B-ALNS,min_deadline_slack_s,51,3,-1.7719361267154454e-07
conditional,70,B-ALNS,min_deadline_slack_s,52,3,-1.5562784483336145e-07
common,70,B-ALNS,min_deadline_slack_s,46,3,-8.126786118130742e-08
common,70,B-ALNS,min_deadline_slack_s,48,3,-8.730637546250364e-09
common,70,B-ALNS,min_deadline_slack_s,50,1,-6.735547231073724e-09
conditional,70,ESI-ALNS,min_deadline_slack_s,45,3,-4.491053573474346e-08
conditional,70,ESI-ALNS,min_deadline_slack_s,46,3,-5.525153464229031e-06
conditional,70,ESI-ALNS,min_deadline_slack_s,47,3,-4.539100473266444e-08
conditional,70,ESI-ALNS,min_deadline_slack_s,48,3,-1.6816935044516867e-07
conditional,70,ESI-ALNS,min_deadline_slack_s,49,3,-1.1709776496597139e-07
conditional,70,ESI-ALNS,min_deadline_slack_s,50,1,-1.2669266880038776e-07
conditional,70,ESI-ALNS,min_deadline_slack_s,51,3,-6.055535095583764e-08
conditional,70,ESI-ALNS,min_deadline_slack_s,52,3,-1.9374310037771161e-07
common,70,ESI-ALNS,min_deadline_slack_s,46,3,-5.525153464229031e-06
common,70,ESI-ALNS,min_deadline_slack_s,48,3,-1.6816935044516867e-07
common,70,ESI-ALNS,min_deadline_slack_s,50,1,-1.2669266880038776e-07
paired,70,GR-MR,min_deadline_slack_s,46,3,-5.256063824769323e-06
paired,70,GR-MR,min_deadline_slack_s,48,3,-4.840754286306037e-08
paired,70,GR-MR,min_deadline_slack_s,50,1,-1.2644574098885641e-07
paired,70,FTR-NM,min_deadline_slack_s,46,3,-5.511221767543854e-06
paired,70,FTR-NM,min_deadline_slack_s,48,3,-1.6245544998128025e-07
paired,70,FTR-NM,min_deadline_slack_s,50,1,-7.940354862512322e-08
paired,70,RGA-MR,min_deadline_slack_s,46,3,-5.256063824769323e-06
paired,70,RGA-MR,min_deadline_slack_s,48,3,-4.0032081945658625e-08
paired,70,RGA-MR,min_deadline_slack_s,50,1,-1.2644574098885641e-07
paired,70,B-ALNS,min_deadline_slack_s,45,3,-2.8911320744858435e-09
paired,70,B-ALNS,min_deadline_slack_s,46,3,-5.443885603047723e-06
paired,70,B-ALNS,min_deadline_slack_s,47,3,-1.6560951128970676e-09
paired,70,B-ALNS,min_deadline_slack_s,48,3,-1.594387128989183e-07
paired,70,B-ALNS,min_deadline_slack_s,49,3,1.0716975869703067e-07
paired,70,B-ALNS,min_deadline_slack_s,50,1,-1.1995712156931404e-07
paired,70,B-ALNS,min_deadline_slack_s,51,3,1.166382617157069e-07
paired,70,B-ALNS,min_deadline_slack_s,52,3,-3.811525554435017e-08
conditional,70,GR-MR,normalized_mec_cpu,46,1,0.7817221660002193
conditional,70,GR-MR,normalized_mec_cpu,48,1,0.40279057752455305
conditional,70,GR-MR,normalized_mec_cpu,50,1,1.1819238988664402
common,70,GR-MR,normalized_mec_cpu,46,3,0.7817221660002193
common,70,GR-MR,normalized_mec_cpu,48,3,0.40279057752455305
common,70,GR-MR,normalized_mec_cpu,50,1,1.1819238988664402
conditional,70,FTR-NM,normalized_mec_cpu,46,1,0.6680426376825719
conditional,70,FTR-NM,normalized_mec_cpu,48,1,0.5721502957425703
conditional,70,FTR-NM,normalized_mec_cpu,50,1,1.1785961031509218
common,70,FTR-NM,normalized_mec_cpu,46,3,0.6680426376825719
common,70,FTR-NM,normalized_mec_cpu,48,3,0.5721502957425703
common,70,FTR-NM,normalized_mec_cpu,50,1,1.1785961031509218
conditional,70,RGA-MR,normalized_mec_cpu,46,3,0.7817221660002193
conditional,70,RGA-MR,normalized_mec_cpu,48,3,0.4411922888504615
conditional,70,RGA-MR,normalized_mec_cpu,50,3,1.1819238988664402
common,70,RGA-MR,normalized_mec_cpu,46,3,0.7817221660002193
common,70,RGA-MR,normalized_mec_cpu,48,3,0.4411922888504615
common,70,RGA-MR,normalized_mec_cpu,50,1,1.1819238988664402
conditional,70,B-ALNS,normalized_mec_cpu,45,3,1.3177817960059452
conditional,70,B-ALNS,normalized_mec_cpu,46,3,0.5655935805352269
conditional,70,B-ALNS,normalized_mec_cpu,47,3,0.5110777311915132
conditional,70,B-ALNS,normalized_mec_cpu,48,3,0.5991337756619619
conditional,70,B-ALNS,normalized_mec_cpu,49,3,0.6379160478758825
conditional,70,B-ALNS,normalized_mec_cpu,50,1,0.7577464186393504
conditional,70,B-ALNS,normalized_mec_cpu,51,3,0.7653723170785551
conditional,70,B-ALNS,normalized_mec_cpu,52,3,1.002851724016254
common,70,B-ALNS,normalized_mec_cpu,46,3,0.5655935805352269
common,70,B-ALNS,normalized_mec_cpu,48,3,0.5991337756619619
common,70,B-ALNS,normalized_mec_cpu,50,1,0.7577464186393504
conditional,70,ESI-ALNS,normalized_mec_cpu,45,3,1.3485046986252567
conditional,70,ESI-ALNS,normalized_mec_cpu,46,3,0.5806492369382713
conditional,70,ESI-ALNS,normalized_mec_cpu,47,3,0.6175449472359706
conditional,70,ESI-ALNS,normalized_mec_cpu,48,3,0.7611553273303013
conditional,70,ESI-ALNS,normalized_mec_cpu,49,3,0.5705708589440083
conditional,70,ESI-ALNS,normalized_mec_cpu,50,1,0.9171969501842817
conditional,70,ESI-ALNS,normalized_mec_cpu,51,3,0.8557309016197076
conditional,70,ESI-ALNS,normalized_mec_cpu,52,3,1.082617561141044
common,70,ESI-ALNS,normalized_mec_cpu,46,3,0.5806492369382713
common,70,ESI-ALNS,normalized_mec_cpu,48,3,0.7611553273303013
common,70,ESI-ALNS,normalized_mec_cpu,50,1,0.9171969501842817
paired,70,GR-MR,normalized_mec_cpu,46,3,-0.20107292906194793
paired,70,GR-MR,normalized_mec_cpu,48,3,0.35836474980574834
paired,70,GR-MR,normalized_mec_cpu,50,1,-0.2647269486821585
paired,70,FTR-NM,normalized_mec_cpu,46,3,-0.08739340074430053
paired,70,FTR-NM,normalized_mec_cpu,48,3,0.18900503158773113
paired,70,FTR-NM,normalized_mec_cpu,50,1,-0.26139915296664007
paired,70,RGA-MR,normalized_mec_cpu,46,3,-0.20107292906194793
paired,70,RGA-MR,normalized_mec_cpu,48,3,0.31996303847983987
paired,70,RGA-MR,normalized_mec_cpu,50,1,-0.2647269486821585
paired,70,B-ALNS,normalized_mec_cpu,45,3,0.030722902619311505
paired,70,B-ALNS,normalized_mec_cpu,46,3,0.015055656403044404
paired,70,B-ALNS,normalized_mec_cpu,47,3,0.10646721604445746
paired,70,B-ALNS,normalized_mec_cpu,48,3,0.16202155166833943
paired,70,B-ALNS,normalized_mec_cpu,49,3,-0.06734518893187429
paired,70,B-ALNS,normalized_mec_cpu,50,1,0.15945053154493127
paired,70,B-ALNS,normalized_mec_cpu,51,3,0.09035858454115242
paired,70,B-ALNS,normalized_mec_cpu,52,3,0.07976583712478998
conditional,70,GR-MR,offload_ratio,46,1,0.07142857142857142
conditional,70,GR-MR,offload_ratio,48,1,0.08571428571428572
conditional,70,GR-MR,offload_ratio,50,1,0.1
common,70,GR-MR,offload_ratio,46,3,0.07142857142857142
common,70,GR-MR,offload_ratio,48,3,0.08571428571428572
common,70,GR-MR,offload_ratio,50,1,0.1
conditional,70,FTR-NM,offload_ratio,46,1,0.07142857142857142
conditional,70,FTR-NM,offload_ratio,48,1,0.08571428571428572
conditional,70,FTR-NM,offload_ratio,50,1,0.1
common,70,FTR-NM,offload_ratio,46,3,0.07142857142857142
common,70,FTR-NM,offload_ratio,48,3,0.08571428571428572
common,70,FTR-NM,offload_ratio,50,1,0.1
conditional,70,RGA-MR,offload_ratio,46,3,0.07142857142857142
conditional,70,RGA-MR,offload_ratio,48,3,0.08571428571428572
conditional,70,RGA-MR,offload_ratio,50,3,0.1
common,70,RGA-MR,offload_ratio,46,3,0.07142857142857142
common,70,RGA-MR,offload_ratio,48,3,0.08571428571428572
common,70,RGA-MR,offload_ratio,50,1,0.1
conditional,70,B-ALNS,offload_ratio,45,3,0.1380952380952381
conditional,70,B-ALNS,offload_ratio,46,3,0.06666666666666667
conditional,70,B-ALNS,offload_ratio,47,3,0.08095238095238096
conditional,70,B-ALNS,offload_ratio,48,3,0.09523809523809523
conditional,70,B-ALNS,offload_ratio,49,3,0.08571428571428572
conditional,70,B-ALNS,offload_ratio,50,1,0.11428571428571428
conditional,70,B-ALNS,offload_ratio,51,3,0.06666666666666667
conditional,70,B-ALNS,offload_ratio,52,3,0.13333333333333333
common,70,B-ALNS,offload_ratio,46,3,0.06666666666666667
common,70,B-ALNS,offload_ratio,48,3,0.09523809523809523
common,70,B-ALNS,offload_ratio,50,1,0.11428571428571428
conditional,70,ESI-ALNS,offload_ratio,45,3,0.14285714285714285
conditional,70,ESI-ALNS,offload_ratio,46,3,0.06666666666666667
conditional,70,ESI-ALNS,offload_ratio,47,3,0.08571428571428572
conditional,70,ESI-ALNS,offload_ratio,48,3,0.10476190476190475
conditional,70,ESI-ALNS,offload_ratio,49,3,0.08095238095238094
conditional,70,ESI-ALNS,offload_ratio,50,1,0.11428571428571428
conditional,70,ESI-ALNS,offload_ratio,51,3,0.06666666666666667
conditional,70,ESI-ALNS,offload_ratio,52,3,0.13333333333333333
common,70,ESI-ALNS,offload_ratio,46,3,0.06666666666666667
common,70,ESI-ALNS,offload_ratio,48,3,0.10476190476190475
common,70,ESI-ALNS,offload_ratio,50,1,0.11428571428571428
paired,70,GR-MR,offload_ratio,46,3,-0.0047619047619047615
paired,70,GR-MR,offload_ratio,48,3,0.019047619047619042
paired,70,GR-MR,offload_ratio,50,1,0.014285714285714277
paired,70,FTR-NM,offload_ratio,46,3,-0.0047619047619047615
paired,70,FTR-NM,offload_ratio,48,3,0.019047619047619042
paired,70,FTR-NM,offload_ratio,50,1,0.014285714285714277
paired,70,RGA-MR,offload_ratio,46,3,-0.0047619047619047615
paired,70,RGA-MR,offload_ratio,48,3,0.019047619047619042
paired,70,RGA-MR,offload_ratio,50,1,0.014285714285714277
paired,70,B-ALNS,offload_ratio,45,3,0.004761904761904763
paired,70,B-ALNS,offload_ratio,46,3,0.0
paired,70,B-ALNS,offload_ratio,47,3,0.004761904761904763
paired,70,B-ALNS,offload_ratio,48,3,0.009523809523809523
paired,70,B-ALNS,offload_ratio,49,3,-0.004761904761904759
paired,70,B-ALNS,offload_ratio,50,1,0.0
paired,70,B-ALNS,offload_ratio,51,3,0.0
paired,70,B-ALNS,offload_ratio,52,3,0.0
conditional,70,GR-MR,original_construction_search_s,45,1,0.20932573199999638
conditional,70,GR-MR,original_construction_search_s,46,1,0.12631851199998323
conditional,70,GR-MR,original_construction_search_s,47,1,0.378949116000058
conditional,70,GR-MR,original_construction_search_s,48,1,0.21000433300002896
conditional,70,GR-MR,original_construction_search_s,49,1,0.4537447849999978
conditional,70,GR-MR,original_construction_search_s,50,1,0.3277363769999937
conditional,70,GR-MR,original_construction_search_s,51,1,0.39567796599999383
conditional,70,GR-MR,original_construction_search_s,52,1,0.290829892000005
common,70,GR-MR,original_construction_search_s,45,3,0.20932573199999638
common,70,GR-MR,original_construction_search_s,46,3,0.12631851199998323
common,70,GR-MR,original_construction_search_s,47,3,0.378949116000058
common,70,GR-MR,original_construction_search_s,48,3,0.21000433300002896
common,70,GR-MR,original_construction_search_s,49,3,0.4537447849999978
common,70,GR-MR,original_construction_search_s,50,3,0.3277363769999937
common,70,GR-MR,original_construction_search_s,51,3,0.39567796599999383
common,70,GR-MR,original_construction_search_s,52,3,0.290829892000005
conditional,70,FTR-NM,original_construction_search_s,45,1,0.14420495699999236
conditional,70,FTR-NM,original_construction_search_s,46,1,0.07715009799997574
conditional,70,FTR-NM,original_construction_search_s,47,1,0.23506370400002652
conditional,70,FTR-NM,original_construction_search_s,48,1,0.12291718299997001
conditional,70,FTR-NM,original_construction_search_s,49,1,0.2286196059999881
conditional,70,FTR-NM,original_construction_search_s,50,1,0.19250829899996802
conditional,70,FTR-NM,original_construction_search_s,51,1,0.19844063600000084
conditional,70,FTR-NM,original_construction_search_s,52,1,0.149108047999988
common,70,FTR-NM,original_construction_search_s,45,3,0.14420495699999236
common,70,FTR-NM,original_construction_search_s,46,3,0.07715009799997574
common,70,FTR-NM,original_construction_search_s,47,3,0.23506370400002652
common,70,FTR-NM,original_construction_search_s,48,3,0.12291718299997001
common,70,FTR-NM,original_construction_search_s,49,3,0.2286196059999881
common,70,FTR-NM,original_construction_search_s,50,3,0.19250829899996802
common,70,FTR-NM,original_construction_search_s,51,3,0.19844063600000084
common,70,FTR-NM,original_construction_search_s,52,3,0.149108047999988
conditional,70,RGA-MR,original_construction_search_s,45,3,23.47271804733335
conditional,70,RGA-MR,original_construction_search_s,46,3,14.930756643999976
conditional,70,RGA-MR,original_construction_search_s,47,3,33.001053501
conditional,70,RGA-MR,original_construction_search_s,48,3,25.225604079999965
conditional,70,RGA-MR,original_construction_search_s,49,3,41.608162984
conditional,70,RGA-MR,original_construction_search_s,50,3,35.505791277333344
conditional,70,RGA-MR,original_construction_search_s,51,3,35.989652590999995
conditional,70,RGA-MR,original_construction_search_s,52,3,27.44657169533333
common,70,RGA-MR,original_construction_search_s,45,3,23.47271804733335
common,70,RGA-MR,original_construction_search_s,46,3,14.930756643999976
common,70,RGA-MR,original_construction_search_s,47,3,33.001053501
common,70,RGA-MR,original_construction_search_s,48,3,25.225604079999965
common,70,RGA-MR,original_construction_search_s,49,3,41.608162984
common,70,RGA-MR,original_construction_search_s,50,3,35.505791277333344
common,70,RGA-MR,original_construction_search_s,51,3,35.989652590999995
common,70,RGA-MR,original_construction_search_s,52,3,27.44657169533333
conditional,70,B-ALNS,original_construction_search_s,45,3,28.72776286333333
conditional,70,B-ALNS,original_construction_search_s,46,3,10.45718896699998
conditional,70,B-ALNS,original_construction_search_s,47,3,23.315836534000066
conditional,70,B-ALNS,original_construction_search_s,48,3,14.788757134666676
conditional,70,B-ALNS,original_construction_search_s,49,3,21.59529497299999
conditional,70,B-ALNS,original_construction_search_s,50,3,54.43501043699999
conditional,70,B-ALNS,original_construction_search_s,51,3,31.13453130099998
conditional,70,B-ALNS,original_construction_search_s,52,3,18.90098938133333
common,70,B-ALNS,original_construction_search_s,45,3,28.72776286333333
common,70,B-ALNS,original_construction_search_s,46,3,10.45718896699998
common,70,B-ALNS,original_construction_search_s,47,3,23.315836534000066
common,70,B-ALNS,original_construction_search_s,48,3,14.788757134666676
common,70,B-ALNS,original_construction_search_s,49,3,21.59529497299999
common,70,B-ALNS,original_construction_search_s,50,3,54.43501043699999
common,70,B-ALNS,original_construction_search_s,51,3,31.13453130099998
common,70,B-ALNS,original_construction_search_s,52,3,18.90098938133333
conditional,70,ESI-ALNS,original_construction_search_s,45,3,33.17375357733333
conditional,70,ESI-ALNS,original_construction_search_s,46,3,12.619370229333319
conditional,70,ESI-ALNS,original_construction_search_s,47,3,28.781848815000046
conditional,70,ESI-ALNS,original_construction_search_s,48,3,18.81389174833335
conditional,70,ESI-ALNS,original_construction_search_s,49,3,27.560739358666666
conditional,70,ESI-ALNS,original_construction_search_s,50,3,60.11884441866667
conditional,70,ESI-ALNS,original_construction_search_s,51,3,38.39592587399999
conditional,70,ESI-ALNS,original_construction_search_s,52,3,23.065798451000003
common,70,ESI-ALNS,original_construction_search_s,45,3,33.17375357733333
common,70,ESI-ALNS,original_construction_search_s,46,3,12.619370229333319
common,70,ESI-ALNS,original_construction_search_s,47,3,28.781848815000046
common,70,ESI-ALNS,original_construction_search_s,48,3,18.81389174833335
common,70,ESI-ALNS,original_construction_search_s,49,3,27.560739358666666
common,70,ESI-ALNS,original_construction_search_s,50,3,60.11884441866667
common,70,ESI-ALNS,original_construction_search_s,51,3,38.39592587399999
common,70,ESI-ALNS,original_construction_search_s,52,3,23.065798451000003
paired,70,GR-MR,original_construction_search_s,45,3,32.96442784533333
paired,70,GR-MR,original_construction_search_s,46,3,12.493051717333335
paired,70,GR-MR,original_construction_search_s,47,3,28.40289969899999
paired,70,GR-MR,original_construction_search_s,48,3,18.603887415333322
paired,70,GR-MR,original_construction_search_s,49,3,27.106994573666668
paired,70,GR-MR,original_construction_search_s,50,3,59.791108041666675
paired,70,GR-MR,original_construction_search_s,51,3,38.000247908
paired,70,GR-MR,original_construction_search_s,52,3,22.774968558999998
paired,70,FTR-NM,original_construction_search_s,45,3,33.02954862033334
paired,70,FTR-NM,original_construction_search_s,46,3,12.542220131333343
paired,70,FTR-NM,original_construction_search_s,47,3,28.54678511100002
paired,70,FTR-NM,original_construction_search_s,48,3,18.69097456533338
paired,70,FTR-NM,original_construction_search_s,49,3,27.332119752666678
paired,70,FTR-NM,original_construction_search_s,50,3,59.9263361196667
paired,70,FTR-NM,original_construction_search_s,51,3,38.19748523799999
paired,70,FTR-NM,original_construction_search_s,52,3,22.916690403000015
paired,70,RGA-MR,original_construction_search_s,45,3,9.701035529999983
paired,70,RGA-MR,original_construction_search_s,46,3,-2.311386414666657
paired,70,RGA-MR,original_construction_search_s,47,3,-4.219204685999955
paired,70,RGA-MR,original_construction_search_s,48,3,-6.411712331666611
paired,70,RGA-MR,original_construction_search_s,49,3,-14.047423625333337
paired,70,RGA-MR,original_construction_search_s,50,3,24.613053141333324
paired,70,RGA-MR,original_construction_search_s,51,3,2.406273282999995
paired,70,RGA-MR,original_construction_search_s,52,3,-4.3807732443333265
paired,70,B-ALNS,original_construction_search_s,45,3,4.445990714
paired,70,B-ALNS,original_construction_search_s,46,3,2.162181262333339
paired,70,B-ALNS,original_construction_search_s,47,3,5.466012280999981
paired,70,B-ALNS,original_construction_search_s,48,3,4.025134613666675
paired,70,B-ALNS,original_construction_search_s,49,3,5.965444385666674
paired,70,B-ALNS,original_construction_search_s,50,3,5.68383398166668
paired,70,B-ALNS,original_construction_search_s,51,3,7.2613945730000085
paired,70,B-ALNS,original_construction_search_s,52,3,4.164809069666674
conditional,70,GR-MR,original_independent_audit_s,45,1,4.907000004550355e-06
conditional,70,GR-MR,original_independent_audit_s,46,1,0.0034073100000000522
conditional,70,GR-MR,original_independent_audit_s,47,1,6.395000013981189e-06
conditional,70,GR-MR,original_independent_audit_s,48,1,0.004686681999942266
conditional,70,GR-MR,original_independent_audit_s,49,1,5.6300000039755105e-06
conditional,70,GR-MR,original_independent_audit_s,50,1,0.004806233000010707
conditional,70,GR-MR,original_independent_audit_s,51,1,5.691000012575387e-06
conditional,70,GR-MR,original_independent_audit_s,52,1,3.3050000070034002e-06
common,70,GR-MR,original_independent_audit_s,45,3,4.907000004550355e-06
common,70,GR-MR,original_independent_audit_s,46,3,0.0034073100000000522
common,70,GR-MR,original_independent_audit_s,47,3,6.395000013981189e-06
common,70,GR-MR,original_independent_audit_s,48,3,0.004686681999942266
common,70,GR-MR,original_independent_audit_s,49,3,5.6300000039755105e-06
common,70,GR-MR,original_independent_audit_s,50,3,0.004806233000010707
common,70,GR-MR,original_independent_audit_s,51,3,5.691000012575387e-06
common,70,GR-MR,original_independent_audit_s,52,3,3.3050000070034002e-06
conditional,70,FTR-NM,original_independent_audit_s,45,1,5.1410000025953195e-06
conditional,70,FTR-NM,original_independent_audit_s,46,1,0.0036212130000308207
conditional,70,FTR-NM,original_independent_audit_s,47,1,5.2139999979772256e-06
conditional,70,FTR-NM,original_independent_audit_s,48,1,0.004948967000018456
conditional,70,FTR-NM,original_independent_audit_s,49,1,4.288000013730198e-06
conditional,70,FTR-NM,original_independent_audit_s,50,1,0.0044224519999715994
conditional,70,FTR-NM,original_independent_audit_s,51,1,4.2579999899317045e-06
conditional,70,FTR-NM,original_independent_audit_s,52,1,0.002506221000004416
common,70,FTR-NM,original_independent_audit_s,45,3,5.1410000025953195e-06
common,70,FTR-NM,original_independent_audit_s,46,3,0.0036212130000308207
common,70,FTR-NM,original_independent_audit_s,47,3,5.2139999979772256e-06
common,70,FTR-NM,original_independent_audit_s,48,3,0.004948967000018456
common,70,FTR-NM,original_independent_audit_s,49,3,4.288000013730198e-06
common,70,FTR-NM,original_independent_audit_s,50,3,0.0044224519999715994
common,70,FTR-NM,original_independent_audit_s,51,3,4.2579999899317045e-06
common,70,FTR-NM,original_independent_audit_s,52,3,0.002506221000004416
conditional,70,RGA-MR,original_independent_audit_s,45,3,4.759000006515635e-06
conditional,70,RGA-MR,original_independent_audit_s,46,3,0.0036217333333183888
conditional,70,RGA-MR,original_independent_audit_s,47,3,5.2719999909337884e-06
conditional,70,RGA-MR,original_independent_audit_s,48,3,0.004594466666655232
conditional,70,RGA-MR,original_independent_audit_s,49,3,6.1549999941235e-06
conditional,70,RGA-MR,original_independent_audit_s,50,3,0.00479096333333473
conditional,70,RGA-MR,original_independent_audit_s,51,3,5.48999999712881e-06
conditional,70,RGA-MR,original_independent_audit_s,52,3,4.43366667468581e-06
common,70,RGA-MR,original_independent_audit_s,45,3,4.759000006515635e-06
common,70,RGA-MR,original_independent_audit_s,46,3,0.0036217333333183888
common,70,RGA-MR,original_independent_audit_s,47,3,5.2719999909337884e-06
common,70,RGA-MR,original_independent_audit_s,48,3,0.004594466666655232
common,70,RGA-MR,original_independent_audit_s,49,3,6.1549999941235e-06
common,70,RGA-MR,original_independent_audit_s,50,3,0.00479096333333473
common,70,RGA-MR,original_independent_audit_s,51,3,5.48999999712881e-06
common,70,RGA-MR,original_independent_audit_s,52,3,4.43366667468581e-06
conditional,70,B-ALNS,original_independent_audit_s,45,3,0.006276898333330412
conditional,70,B-ALNS,original_independent_audit_s,46,3,0.0036970563333227346
conditional,70,B-ALNS,original_independent_audit_s,47,3,0.005468352000017755
conditional,70,B-ALNS,original_independent_audit_s,48,3,0.004695453333302642
conditional,70,B-ALNS,original_independent_audit_s,49,3,0.00624648866667125
conditional,70,B-ALNS,original_independent_audit_s,50,3,0.003349227333340347
conditional,70,B-ALNS,original_independent_audit_s,51,3,0.018711932666661824
conditional,70,B-ALNS,original_independent_audit_s,52,3,0.004893247333347024
common,70,B-ALNS,original_independent_audit_s,45,3,0.006276898333330412
common,70,B-ALNS,original_independent_audit_s,46,3,0.0036970563333227346
common,70,B-ALNS,original_independent_audit_s,47,3,0.005468352000017755
common,70,B-ALNS,original_independent_audit_s,48,3,0.004695453333302642
common,70,B-ALNS,original_independent_audit_s,49,3,0.00624648866667125
common,70,B-ALNS,original_independent_audit_s,50,3,0.003349227333340347
common,70,B-ALNS,original_independent_audit_s,51,3,0.018711932666661824
common,70,B-ALNS,original_independent_audit_s,52,3,0.004893247333347024
conditional,70,ESI-ALNS,original_independent_audit_s,45,3,0.00621274666666712
conditional,70,ESI-ALNS,original_independent_audit_s,46,3,0.0038159626666640634
conditional,70,ESI-ALNS,original_independent_audit_s,47,3,0.005314016666678374
conditional,70,ESI-ALNS,original_independent_audit_s,48,3,0.004939503666662404
conditional,70,ESI-ALNS,original_independent_audit_s,49,3,0.0064922186666649395
conditional,70,ESI-ALNS,original_independent_audit_s,50,3,0.003245214666672306
conditional,70,ESI-ALNS,original_independent_audit_s,51,3,0.006209821999988208
conditional,70,ESI-ALNS,original_independent_audit_s,52,3,0.004757031333317248
common,70,ESI-ALNS,original_independent_audit_s,45,3,0.00621274666666712
common,70,ESI-ALNS,original_independent_audit_s,46,3,0.0038159626666640634
common,70,ESI-ALNS,original_independent_audit_s,47,3,0.005314016666678374
common,70,ESI-ALNS,original_independent_audit_s,48,3,0.004939503666662404
common,70,ESI-ALNS,original_independent_audit_s,49,3,0.0064922186666649395
common,70,ESI-ALNS,original_independent_audit_s,50,3,0.003245214666672306
common,70,ESI-ALNS,original_independent_audit_s,51,3,0.006209821999988208
common,70,ESI-ALNS,original_independent_audit_s,52,3,0.004757031333317248
paired,70,GR-MR,original_independent_audit_s,45,3,0.0062078396666625695
paired,70,GR-MR,original_independent_audit_s,46,3,0.0004086526666640111
paired,70,GR-MR,original_independent_audit_s,47,3,0.005307621666664393
paired,70,GR-MR,original_independent_audit_s,48,3,0.00025282166672013773
paired,70,GR-MR,original_independent_audit_s,49,3,0.006486588666660964
paired,70,GR-MR,original_independent_audit_s,50,3,-0.0015610183333384005
paired,70,GR-MR,original_independent_audit_s,51,3,0.006204130999975632
paired,70,GR-MR,original_independent_audit_s,52,3,0.004753726333310245
paired,70,FTR-NM,original_independent_audit_s,45,3,0.0062076056666645245
paired,70,FTR-NM,original_independent_audit_s,46,3,0.00019474966663324267
paired,70,FTR-NM,original_independent_audit_s,47,3,0.005308802666680397
paired,70,FTR-NM,original_independent_audit_s,48,3,-9.463333356052317e-06
paired,70,FTR-NM,original_independent_audit_s,49,3,0.006487930666651209
paired,70,FTR-NM,original_independent_audit_s,50,3,-0.0011772373332992931
paired,70,FTR-NM,original_independent_audit_s,51,3,0.006205563999998276
paired,70,FTR-NM,original_independent_audit_s,52,3,0.0022508103333128324
paired,70,RGA-MR,original_independent_audit_s,45,3,0.006207987666660604
paired,70,RGA-MR,original_independent_audit_s,46,3,0.0001942293333456746
paired,70,RGA-MR,original_independent_audit_s,47,3,0.005308744666687441
paired,70,RGA-MR,original_independent_audit_s,48,3,0.0003450370000071719
paired,70,RGA-MR,original_independent_audit_s,49,3,0.006486063666670816
paired,70,RGA-MR,original_independent_audit_s,50,3,-0.0015457486666624238
paired,70,RGA-MR,original_independent_audit_s,51,3,0.006204331999991079
paired,70,RGA-MR,original_independent_audit_s,52,3,0.004752597666642562
paired,70,B-ALNS,original_independent_audit_s,45,3,-6.415166666329242e-05
paired,70,B-ALNS,original_independent_audit_s,46,3,0.00011890633334132872
paired,70,B-ALNS,original_independent_audit_s,47,3,-0.00015433533333938007
paired,70,B-ALNS,original_independent_audit_s,48,3,0.00024405033335976137
paired,70,B-ALNS,original_independent_audit_s,49,3,0.0002457299999936898
paired,70,B-ALNS,original_independent_audit_s,50,3,-0.00010401266666804077
paired,70,B-ALNS,original_independent_audit_s,51,3,-0.012502110666673616
paired,70,B-ALNS,original_independent_audit_s,52,3,-0.0001362160000297763
conditional,70,GR-MR,original_initialization_s,45,1,0.20932573199999638
conditional,70,GR-MR,original_initialization_s,46,1,0.12631851199998323
conditional,70,GR-MR,original_initialization_s,47,1,0.378949116000058
conditional,70,GR-MR,original_initialization_s,48,1,0.21000433300002896
conditional,70,GR-MR,original_initialization_s,49,1,0.4537447849999978
conditional,70,GR-MR,original_initialization_s,50,1,0.3277363769999937
conditional,70,GR-MR,original_initialization_s,51,1,0.39567796599999383
conditional,70,GR-MR,original_initialization_s,52,1,0.290829892000005
common,70,GR-MR,original_initialization_s,45,3,0.20932573199999638
common,70,GR-MR,original_initialization_s,46,3,0.12631851199998323
common,70,GR-MR,original_initialization_s,47,3,0.378949116000058
common,70,GR-MR,original_initialization_s,48,3,0.21000433300002896
common,70,GR-MR,original_initialization_s,49,3,0.4537447849999978
common,70,GR-MR,original_initialization_s,50,3,0.3277363769999937
common,70,GR-MR,original_initialization_s,51,3,0.39567796599999383
common,70,GR-MR,original_initialization_s,52,3,0.290829892000005
conditional,70,FTR-NM,original_initialization_s,45,1,0.14420495699999236
conditional,70,FTR-NM,original_initialization_s,46,1,0.07715009799997574
conditional,70,FTR-NM,original_initialization_s,47,1,0.23506370400002652
conditional,70,FTR-NM,original_initialization_s,48,1,0.12291718299997001
conditional,70,FTR-NM,original_initialization_s,49,1,0.2286196059999881
conditional,70,FTR-NM,original_initialization_s,50,1,0.19250829899996802
conditional,70,FTR-NM,original_initialization_s,51,1,0.19844063600000084
conditional,70,FTR-NM,original_initialization_s,52,1,0.149108047999988
common,70,FTR-NM,original_initialization_s,45,3,0.14420495699999236
common,70,FTR-NM,original_initialization_s,46,3,0.07715009799997574
common,70,FTR-NM,original_initialization_s,47,3,0.23506370400002652
common,70,FTR-NM,original_initialization_s,48,3,0.12291718299997001
common,70,FTR-NM,original_initialization_s,49,3,0.2286196059999881
common,70,FTR-NM,original_initialization_s,50,3,0.19250829899996802
common,70,FTR-NM,original_initialization_s,51,3,0.19844063600000084
common,70,FTR-NM,original_initialization_s,52,3,0.149108047999988
conditional,70,RGA-MR,original_initialization_s,45,3,0.0
conditional,70,RGA-MR,original_initialization_s,46,3,0.0
conditional,70,RGA-MR,original_initialization_s,47,3,0.0
conditional,70,RGA-MR,original_initialization_s,48,3,0.0
conditional,70,RGA-MR,original_initialization_s,49,3,0.0
conditional,70,RGA-MR,original_initialization_s,50,3,0.0
conditional,70,RGA-MR,original_initialization_s,51,3,0.0
conditional,70,RGA-MR,original_initialization_s,52,3,0.0
common,70,RGA-MR,original_initialization_s,45,3,0.0
common,70,RGA-MR,original_initialization_s,46,3,0.0
common,70,RGA-MR,original_initialization_s,47,3,0.0
common,70,RGA-MR,original_initialization_s,48,3,0.0
common,70,RGA-MR,original_initialization_s,49,3,0.0
common,70,RGA-MR,original_initialization_s,50,3,0.0
common,70,RGA-MR,original_initialization_s,51,3,0.0
common,70,RGA-MR,original_initialization_s,52,3,0.0
conditional,70,B-ALNS,original_initialization_s,45,3,0.20932573199999638
conditional,70,B-ALNS,original_initialization_s,46,3,0.12631851199998323
conditional,70,B-ALNS,original_initialization_s,47,3,0.378949116000058
conditional,70,B-ALNS,original_initialization_s,48,3,0.21000433300002896
conditional,70,B-ALNS,original_initialization_s,49,3,0.4537447849999978
conditional,70,B-ALNS,original_initialization_s,50,3,0.3277363769999937
conditional,70,B-ALNS,original_initialization_s,51,3,0.39567796599999383
conditional,70,B-ALNS,original_initialization_s,52,3,0.290829892000005
common,70,B-ALNS,original_initialization_s,45,3,0.20932573199999638
common,70,B-ALNS,original_initialization_s,46,3,0.12631851199998323
common,70,B-ALNS,original_initialization_s,47,3,0.378949116000058
common,70,B-ALNS,original_initialization_s,48,3,0.21000433300002896
common,70,B-ALNS,original_initialization_s,49,3,0.4537447849999978
common,70,B-ALNS,original_initialization_s,50,3,0.3277363769999937
common,70,B-ALNS,original_initialization_s,51,3,0.39567796599999383
common,70,B-ALNS,original_initialization_s,52,3,0.290829892000005
conditional,70,ESI-ALNS,original_initialization_s,45,3,0.20932573199999638
conditional,70,ESI-ALNS,original_initialization_s,46,3,0.12631851199998323
conditional,70,ESI-ALNS,original_initialization_s,47,3,0.378949116000058
conditional,70,ESI-ALNS,original_initialization_s,48,3,0.21000433300002896
conditional,70,ESI-ALNS,original_initialization_s,49,3,0.4537447849999978
conditional,70,ESI-ALNS,original_initialization_s,50,3,0.3277363769999937
conditional,70,ESI-ALNS,original_initialization_s,51,3,0.39567796599999383
conditional,70,ESI-ALNS,original_initialization_s,52,3,0.290829892000005
common,70,ESI-ALNS,original_initialization_s,45,3,0.20932573199999638
common,70,ESI-ALNS,original_initialization_s,46,3,0.12631851199998323
common,70,ESI-ALNS,original_initialization_s,47,3,0.378949116000058
common,70,ESI-ALNS,original_initialization_s,48,3,0.21000433300002896
common,70,ESI-ALNS,original_initialization_s,49,3,0.4537447849999978
common,70,ESI-ALNS,original_initialization_s,50,3,0.3277363769999937
common,70,ESI-ALNS,original_initialization_s,51,3,0.39567796599999383
common,70,ESI-ALNS,original_initialization_s,52,3,0.290829892000005
paired,70,GR-MR,original_initialization_s,45,3,0.0
paired,70,GR-MR,original_initialization_s,46,3,0.0
paired,70,GR-MR,original_initialization_s,47,3,0.0
paired,70,GR-MR,original_initialization_s,48,3,0.0
paired,70,GR-MR,original_initialization_s,49,3,0.0
paired,70,GR-MR,original_initialization_s,50,3,0.0
paired,70,GR-MR,original_initialization_s,51,3,0.0
paired,70,GR-MR,original_initialization_s,52,3,0.0
paired,70,FTR-NM,original_initialization_s,45,3,0.06512077500000402
paired,70,FTR-NM,original_initialization_s,46,3,0.04916841400000749
paired,70,FTR-NM,original_initialization_s,47,3,0.14388541200003147
paired,70,FTR-NM,original_initialization_s,48,3,0.08708715000005895
paired,70,FTR-NM,original_initialization_s,49,3,0.22512517900000972
paired,70,FTR-NM,original_initialization_s,50,3,0.13522807800002568
paired,70,FTR-NM,original_initialization_s,51,3,0.197237329999993
paired,70,FTR-NM,original_initialization_s,52,3,0.14172184400001697
paired,70,RGA-MR,original_initialization_s,45,3,0.20932573199999638
paired,70,RGA-MR,original_initialization_s,46,3,0.12631851199998323
paired,70,RGA-MR,original_initialization_s,47,3,0.378949116000058
paired,70,RGA-MR,original_initialization_s,48,3,0.21000433300002896
paired,70,RGA-MR,original_initialization_s,49,3,0.4537447849999978
paired,70,RGA-MR,original_initialization_s,50,3,0.3277363769999937
paired,70,RGA-MR,original_initialization_s,51,3,0.39567796599999383
paired,70,RGA-MR,original_initialization_s,52,3,0.290829892000005
paired,70,B-ALNS,original_initialization_s,45,3,0.0
paired,70,B-ALNS,original_initialization_s,46,3,0.0
paired,70,B-ALNS,original_initialization_s,47,3,0.0
paired,70,B-ALNS,original_initialization_s,48,3,0.0
paired,70,B-ALNS,original_initialization_s,49,3,0.0
paired,70,B-ALNS,original_initialization_s,50,3,0.0
paired,70,B-ALNS,original_initialization_s,51,3,0.0
paired,70,B-ALNS,original_initialization_s,52,3,0.0
conditional,70,GR-MR,original_resource_recompute_s,45,1,0.00046858299998575603
conditional,70,GR-MR,original_resource_recompute_s,46,1,1.2997885020000126
conditional,70,GR-MR,original_resource_recompute_s,47,1,0.00047818999996707134
conditional,70,GR-MR,original_resource_recompute_s,48,1,6.433486818000006
conditional,70,GR-MR,original_resource_recompute_s,49,1,0.43151231600000983
conditional,70,GR-MR,original_resource_recompute_s,50,1,3.1147488499999554
conditional,70,GR-MR,original_resource_recompute_s,51,1,0.0004461639999817635
conditional,70,GR-MR,original_resource_recompute_s,52,1,0.00031378400001358386
common,70,GR-MR,original_resource_recompute_s,45,3,0.00046858299998575603
common,70,GR-MR,original_resource_recompute_s,46,3,1.2997885020000126
common,70,GR-MR,original_resource_recompute_s,47,3,0.00047818999996707134
common,70,GR-MR,original_resource_recompute_s,48,3,6.433486818000006
common,70,GR-MR,original_resource_recompute_s,49,3,0.43151231600000983
common,70,GR-MR,original_resource_recompute_s,50,3,3.1147488499999554
common,70,GR-MR,original_resource_recompute_s,51,3,0.0004461639999817635
common,70,GR-MR,original_resource_recompute_s,52,3,0.00031378400001358386
conditional,70,FTR-NM,original_resource_recompute_s,45,1,2.0083290930000004
conditional,70,FTR-NM,original_resource_recompute_s,46,1,1.990544964000037
conditional,70,FTR-NM,original_resource_recompute_s,47,1,0.00023974200001930512
conditional,70,FTR-NM,original_resource_recompute_s,48,1,6.7417789269999275
conditional,70,FTR-NM,original_resource_recompute_s,49,1,0.00026683999999477237
conditional,70,FTR-NM,original_resource_recompute_s,50,1,6.564076265999972
conditional,70,FTR-NM,original_resource_recompute_s,51,1,0.00023742399997672692
conditional,70,FTR-NM,original_resource_recompute_s,52,1,10.757915603999976
common,70,FTR-NM,original_resource_recompute_s,45,3,2.0083290930000004
common,70,FTR-NM,original_resource_recompute_s,46,3,1.990544964000037
common,70,FTR-NM,original_resource_recompute_s,47,3,0.00023974200001930512
common,70,FTR-NM,original_resource_recompute_s,48,3,6.7417789269999275
common,70,FTR-NM,original_resource_recompute_s,49,3,0.00026683999999477237
common,70,FTR-NM,original_resource_recompute_s,50,3,6.564076265999972
common,70,FTR-NM,original_resource_recompute_s,51,3,0.00023742399997672692
common,70,FTR-NM,original_resource_recompute_s,52,3,10.757915603999976
conditional,70,RGA-MR,original_resource_recompute_s,45,3,0.00032600566667421543
conditional,70,RGA-MR,original_resource_recompute_s,46,3,1.3604586053333303
conditional,70,RGA-MR,original_resource_recompute_s,47,3,0.6469167023333094
conditional,70,RGA-MR,original_resource_recompute_s,48,3,5.329792311333354
conditional,70,RGA-MR,original_resource_recompute_s,49,3,0.4810564146666536
conditional,70,RGA-MR,original_resource_recompute_s,50,3,3.2807655156666726
conditional,70,RGA-MR,original_resource_recompute_s,51,3,0.8246941093333456
conditional,70,RGA-MR,original_resource_recompute_s,52,3,0.0002496109999962452
common,70,RGA-MR,original_resource_recompute_s,45,3,0.00032600566667421543
common,70,RGA-MR,original_resource_recompute_s,46,3,1.3604586053333303
common,70,RGA-MR,original_resource_recompute_s,47,3,0.6469167023333094
common,70,RGA-MR,original_resource_recompute_s,48,3,5.329792311333354
common,70,RGA-MR,original_resource_recompute_s,49,3,0.4810564146666536
common,70,RGA-MR,original_resource_recompute_s,50,3,3.2807655156666726
common,70,RGA-MR,original_resource_recompute_s,51,3,0.8246941093333456
common,70,RGA-MR,original_resource_recompute_s,52,3,0.0002496109999962452
conditional,70,B-ALNS,original_resource_recompute_s,45,3,7.384532785999994
conditional,70,B-ALNS,original_resource_recompute_s,46,3,4.078574712999976
conditional,70,B-ALNS,original_resource_recompute_s,47,3,3.0014267993333497
conditional,70,B-ALNS,original_resource_recompute_s,48,3,4.413592661666655
conditional,70,B-ALNS,original_resource_recompute_s,49,3,4.574805134666676
conditional,70,B-ALNS,original_resource_recompute_s,50,3,7.011522468666669
conditional,70,B-ALNS,original_resource_recompute_s,51,3,5.056561032999999
conditional,70,B-ALNS,original_resource_recompute_s,52,3,7.26064360033332
common,70,B-ALNS,original_resource_recompute_s,45,3,7.384532785999994
common,70,B-ALNS,original_resource_recompute_s,46,3,4.078574712999976
common,70,B-ALNS,original_resource_recompute_s,47,3,3.0014267993333497
common,70,B-ALNS,original_resource_recompute_s,48,3,4.413592661666655
common,70,B-ALNS,original_resource_recompute_s,49,3,4.574805134666676
common,70,B-ALNS,original_resource_recompute_s,50,3,7.011522468666669
common,70,B-ALNS,original_resource_recompute_s,51,3,5.056561032999999
common,70,B-ALNS,original_resource_recompute_s,52,3,7.26064360033332
conditional,70,ESI-ALNS,original_resource_recompute_s,45,3,5.758852453333337
conditional,70,ESI-ALNS,original_resource_recompute_s,46,3,4.200625891333336
conditional,70,ESI-ALNS,original_resource_recompute_s,47,3,5.70100776
conditional,70,ESI-ALNS,original_resource_recompute_s,48,3,4.984800194000002
conditional,70,ESI-ALNS,original_resource_recompute_s,49,3,5.143779012333336
conditional,70,ESI-ALNS,original_resource_recompute_s,50,3,6.700408307333333
conditional,70,ESI-ALNS,original_resource_recompute_s,51,3,6.151898596666665
conditional,70,ESI-ALNS,original_resource_recompute_s,52,3,5.353284817666657
common,70,ESI-ALNS,original_resource_recompute_s,45,3,5.758852453333337
common,70,ESI-ALNS,original_resource_recompute_s,46,3,4.200625891333336
common,70,ESI-ALNS,original_resource_recompute_s,47,3,5.70100776
common,70,ESI-ALNS,original_resource_recompute_s,48,3,4.984800194000002
common,70,ESI-ALNS,original_resource_recompute_s,49,3,5.143779012333336
common,70,ESI-ALNS,original_resource_recompute_s,50,3,6.700408307333333
common,70,ESI-ALNS,original_resource_recompute_s,51,3,6.151898596666665
common,70,ESI-ALNS,original_resource_recompute_s,52,3,5.353284817666657
paired,70,GR-MR,original_resource_recompute_s,45,3,5.758383870333351
paired,70,GR-MR,original_resource_recompute_s,46,3,2.9008373893333235
paired,70,GR-MR,original_resource_recompute_s,47,3,5.700529570000033
paired,70,GR-MR,original_resource_recompute_s,48,3,-1.448686624000004
paired,70,GR-MR,original_resource_recompute_s,49,3,4.712266696333326
paired,70,GR-MR,original_resource_recompute_s,50,3,3.585659457333378
paired,70,GR-MR,original_resource_recompute_s,51,3,6.151452432666683
paired,70,GR-MR,original_resource_recompute_s,52,3,5.352971033666644
paired,70,FTR-NM,original_resource_recompute_s,45,3,3.750523360333337
paired,70,FTR-NM,original_resource_recompute_s,46,3,2.210080927333299
paired,70,FTR-NM,original_resource_recompute_s,47,3,5.700768017999981
paired,70,FTR-NM,original_resource_recompute_s,48,3,-1.7569787329999258
paired,70,FTR-NM,original_resource_recompute_s,49,3,5.143512172333341
paired,70,FTR-NM,original_resource_recompute_s,50,3,0.13633204133336108
paired,70,FTR-NM,original_resource_recompute_s,51,3,6.151661172666688
paired,70,FTR-NM,original_resource_recompute_s,52,3,-5.4046307863333185
paired,70,RGA-MR,original_resource_recompute_s,45,3,5.7585264476666636
paired,70,RGA-MR,original_resource_recompute_s,46,3,2.8401672860000056
paired,70,RGA-MR,original_resource_recompute_s,47,3,5.0540910576666915
paired,70,RGA-MR,original_resource_recompute_s,48,3,-0.3449921173333526
paired,70,RGA-MR,original_resource_recompute_s,49,3,4.662722597666682
paired,70,RGA-MR,original_resource_recompute_s,50,3,3.4196427916666607
paired,70,RGA-MR,original_resource_recompute_s,51,3,5.327204487333319
paired,70,RGA-MR,original_resource_recompute_s,52,3,5.353035206666661
paired,70,B-ALNS,original_resource_recompute_s,45,3,-1.6256803326666567
paired,70,B-ALNS,original_resource_recompute_s,46,3,0.12205117833336014
paired,70,B-ALNS,original_resource_recompute_s,47,3,2.699580960666651
paired,70,B-ALNS,original_resource_recompute_s,48,3,0.5712075323333465
paired,70,B-ALNS,original_resource_recompute_s,49,3,0.5689738776666596
paired,70,B-ALNS,original_resource_recompute_s,50,3,-0.3111141613333359
paired,70,B-ALNS,original_resource_recompute_s,51,3,1.0953375636666653
paired,70,B-ALNS,original_resource_recompute_s,52,3,-1.9073587826666625
conditional,70,GR-MR,original_search_s,45,1,0.0
conditional,70,GR-MR,original_search_s,46,1,0.0
conditional,70,GR-MR,original_search_s,47,1,0.0
conditional,70,GR-MR,original_search_s,48,1,0.0
conditional,70,GR-MR,original_search_s,49,1,0.0
conditional,70,GR-MR,original_search_s,50,1,0.0
conditional,70,GR-MR,original_search_s,51,1,0.0
conditional,70,GR-MR,original_search_s,52,1,0.0
common,70,GR-MR,original_search_s,45,3,0.0
common,70,GR-MR,original_search_s,46,3,0.0
common,70,GR-MR,original_search_s,47,3,0.0
common,70,GR-MR,original_search_s,48,3,0.0
common,70,GR-MR,original_search_s,49,3,0.0
common,70,GR-MR,original_search_s,50,3,0.0
common,70,GR-MR,original_search_s,51,3,0.0
common,70,GR-MR,original_search_s,52,3,0.0
conditional,70,FTR-NM,original_search_s,45,1,0.0
conditional,70,FTR-NM,original_search_s,46,1,0.0
conditional,70,FTR-NM,original_search_s,47,1,0.0
conditional,70,FTR-NM,original_search_s,48,1,0.0
conditional,70,FTR-NM,original_search_s,49,1,0.0
conditional,70,FTR-NM,original_search_s,50,1,0.0
conditional,70,FTR-NM,original_search_s,51,1,0.0
conditional,70,FTR-NM,original_search_s,52,1,0.0
common,70,FTR-NM,original_search_s,45,3,0.0
common,70,FTR-NM,original_search_s,46,3,0.0
common,70,FTR-NM,original_search_s,47,3,0.0
common,70,FTR-NM,original_search_s,48,3,0.0
common,70,FTR-NM,original_search_s,49,3,0.0
common,70,FTR-NM,original_search_s,50,3,0.0
common,70,FTR-NM,original_search_s,51,3,0.0
common,70,FTR-NM,original_search_s,52,3,0.0
conditional,70,RGA-MR,original_search_s,45,3,23.47271804733335
conditional,70,RGA-MR,original_search_s,46,3,14.930756643999976
conditional,70,RGA-MR,original_search_s,47,3,33.001053501
conditional,70,RGA-MR,original_search_s,48,3,25.225604079999965
conditional,70,RGA-MR,original_search_s,49,3,41.608162984
conditional,70,RGA-MR,original_search_s,50,3,35.505791277333344
conditional,70,RGA-MR,original_search_s,51,3,35.989652590999995
conditional,70,RGA-MR,original_search_s,52,3,27.44657169533333
common,70,RGA-MR,original_search_s,45,3,23.47271804733335
common,70,RGA-MR,original_search_s,46,3,14.930756643999976
common,70,RGA-MR,original_search_s,47,3,33.001053501
common,70,RGA-MR,original_search_s,48,3,25.225604079999965
common,70,RGA-MR,original_search_s,49,3,41.608162984
common,70,RGA-MR,original_search_s,50,3,35.505791277333344
common,70,RGA-MR,original_search_s,51,3,35.989652590999995
common,70,RGA-MR,original_search_s,52,3,27.44657169533333
conditional,70,B-ALNS,original_search_s,45,3,28.518437131333332
conditional,70,B-ALNS,original_search_s,46,3,10.330870454999996
conditional,70,B-ALNS,original_search_s,47,3,22.93688741800001
conditional,70,B-ALNS,original_search_s,48,3,14.578752801666647
conditional,70,B-ALNS,original_search_s,49,3,21.141550187999993
conditional,70,B-ALNS,original_search_s,50,3,54.107274059999995
conditional,70,B-ALNS,original_search_s,51,3,30.738853334999988
conditional,70,B-ALNS,original_search_s,52,3,18.610159489333324
common,70,B-ALNS,original_search_s,45,3,28.518437131333332
common,70,B-ALNS,original_search_s,46,3,10.330870454999996
common,70,B-ALNS,original_search_s,47,3,22.93688741800001
common,70,B-ALNS,original_search_s,48,3,14.578752801666647
common,70,B-ALNS,original_search_s,49,3,21.141550187999993
common,70,B-ALNS,original_search_s,50,3,54.107274059999995
common,70,B-ALNS,original_search_s,51,3,30.738853334999988
common,70,B-ALNS,original_search_s,52,3,18.610159489333324
conditional,70,ESI-ALNS,original_search_s,45,3,32.96442784533333
conditional,70,ESI-ALNS,original_search_s,46,3,12.493051717333335
conditional,70,ESI-ALNS,original_search_s,47,3,28.40289969899999
conditional,70,ESI-ALNS,original_search_s,48,3,18.603887415333322
conditional,70,ESI-ALNS,original_search_s,49,3,27.106994573666668
conditional,70,ESI-ALNS,original_search_s,50,3,59.791108041666675
conditional,70,ESI-ALNS,original_search_s,51,3,38.000247908
conditional,70,ESI-ALNS,original_search_s,52,3,22.774968558999998
common,70,ESI-ALNS,original_search_s,45,3,32.96442784533333
common,70,ESI-ALNS,original_search_s,46,3,12.493051717333335
common,70,ESI-ALNS,original_search_s,47,3,28.40289969899999
common,70,ESI-ALNS,original_search_s,48,3,18.603887415333322
common,70,ESI-ALNS,original_search_s,49,3,27.106994573666668
common,70,ESI-ALNS,original_search_s,50,3,59.791108041666675
common,70,ESI-ALNS,original_search_s,51,3,38.000247908
common,70,ESI-ALNS,original_search_s,52,3,22.774968558999998
paired,70,GR-MR,original_search_s,45,3,32.96442784533333
paired,70,GR-MR,original_search_s,46,3,12.493051717333335
paired,70,GR-MR,original_search_s,47,3,28.40289969899999
paired,70,GR-MR,original_search_s,48,3,18.603887415333322
paired,70,GR-MR,original_search_s,49,3,27.106994573666668
paired,70,GR-MR,original_search_s,50,3,59.791108041666675
paired,70,GR-MR,original_search_s,51,3,38.000247908
paired,70,GR-MR,original_search_s,52,3,22.774968558999998
paired,70,FTR-NM,original_search_s,45,3,32.96442784533333
paired,70,FTR-NM,original_search_s,46,3,12.493051717333335
paired,70,FTR-NM,original_search_s,47,3,28.40289969899999
paired,70,FTR-NM,original_search_s,48,3,18.603887415333322
paired,70,FTR-NM,original_search_s,49,3,27.106994573666668
paired,70,FTR-NM,original_search_s,50,3,59.791108041666675
paired,70,FTR-NM,original_search_s,51,3,38.000247908
paired,70,FTR-NM,original_search_s,52,3,22.774968558999998
paired,70,RGA-MR,original_search_s,45,3,9.491709797999986
paired,70,RGA-MR,original_search_s,46,3,-2.4377049266666404
paired,70,RGA-MR,original_search_s,47,3,-4.598153802000013
paired,70,RGA-MR,original_search_s,48,3,-6.62171666466664
paired,70,RGA-MR,original_search_s,49,3,-14.501168410333335
paired,70,RGA-MR,original_search_s,50,3,24.28531676433333
paired,70,RGA-MR,original_search_s,51,3,2.0105953170000013
paired,70,RGA-MR,original_search_s,52,3,-4.6716031363333315
paired,70,B-ALNS,original_search_s,45,3,4.445990714
paired,70,B-ALNS,original_search_s,46,3,2.162181262333339
paired,70,B-ALNS,original_search_s,47,3,5.466012280999981
paired,70,B-ALNS,original_search_s,48,3,4.025134613666675
paired,70,B-ALNS,original_search_s,49,3,5.965444385666674
paired,70,B-ALNS,original_search_s,50,3,5.68383398166668
paired,70,B-ALNS,original_search_s,51,3,7.2613945730000085
paired,70,B-ALNS,original_search_s,52,3,4.164809069666674
conditional,70,GR-MR,original_total_to_resources_s,45,1,0.20979431499998213
conditional,70,GR-MR,original_total_to_resources_s,46,1,1.4261070139999958
conditional,70,GR-MR,original_total_to_resources_s,47,1,0.37942730600002506
conditional,70,GR-MR,original_total_to_resources_s,48,1,6.643491151000035
conditional,70,GR-MR,original_total_to_resources_s,49,1,0.8852571010000077
conditional,70,GR-MR,original_total_to_resources_s,50,1,3.442485226999949
conditional,70,GR-MR,original_total_to_resources_s,51,1,0.3961241299999756
conditional,70,GR-MR,original_total_to_resources_s,52,1,0.29114367600001856
common,70,GR-MR,original_total_to_resources_s,45,3,0.20979431499998213
common,70,GR-MR,original_total_to_resources_s,46,3,1.4261070139999958
common,70,GR-MR,original_total_to_resources_s,47,3,0.37942730600002506
common,70,GR-MR,original_total_to_resources_s,48,3,6.643491151000035
common,70,GR-MR,original_total_to_resources_s,49,3,0.8852571010000077
common,70,GR-MR,original_total_to_resources_s,50,3,3.442485226999949
common,70,GR-MR,original_total_to_resources_s,51,3,0.3961241299999756
common,70,GR-MR,original_total_to_resources_s,52,3,0.29114367600001856
conditional,70,FTR-NM,original_total_to_resources_s,45,1,2.1525340499999928
conditional,70,FTR-NM,original_total_to_resources_s,46,1,2.0676950620000127
conditional,70,FTR-NM,original_total_to_resources_s,47,1,0.23530344600004582
conditional,70,FTR-NM,original_total_to_resources_s,48,1,6.8646961099998975
conditional,70,FTR-NM,original_total_to_resources_s,49,1,0.22888644599998287
conditional,70,FTR-NM,original_total_to_resources_s,50,1,6.75658456499994
conditional,70,FTR-NM,original_total_to_resources_s,51,1,0.19867805999997756
conditional,70,FTR-NM,original_total_to_resources_s,52,1,10.907023651999964
common,70,FTR-NM,original_total_to_resources_s,45,3,2.1525340499999928
common,70,FTR-NM,original_total_to_resources_s,46,3,2.0676950620000127
common,70,FTR-NM,original_total_to_resources_s,47,3,0.23530344600004582
common,70,FTR-NM,original_total_to_resources_s,48,3,6.8646961099998975
common,70,FTR-NM,original_total_to_resources_s,49,3,0.22888644599998287
common,70,FTR-NM,original_total_to_resources_s,50,3,6.75658456499994
common,70,FTR-NM,original_total_to_resources_s,51,3,0.19867805999997756
common,70,FTR-NM,original_total_to_resources_s,52,3,10.907023651999964
conditional,70,RGA-MR,original_total_to_resources_s,45,3,23.47304405300002
conditional,70,RGA-MR,original_total_to_resources_s,46,3,16.291215249333305
conditional,70,RGA-MR,original_total_to_resources_s,47,3,33.64797020333331
conditional,70,RGA-MR,original_total_to_resources_s,48,3,30.555396391333318
conditional,70,RGA-MR,original_total_to_resources_s,49,3,42.08921939866666
conditional,70,RGA-MR,original_total_to_resources_s,50,3,38.78655679300002
conditional,70,RGA-MR,original_total_to_resources_s,51,3,36.81434670033334
conditional,70,RGA-MR,original_total_to_resources_s,52,3,27.446821306333323
common,70,RGA-MR,original_total_to_resources_s,45,3,23.47304405300002
common,70,RGA-MR,original_total_to_resources_s,46,3,16.291215249333305
common,70,RGA-MR,original_total_to_resources_s,47,3,33.64797020333331
common,70,RGA-MR,original_total_to_resources_s,48,3,30.555396391333318
common,70,RGA-MR,original_total_to_resources_s,49,3,42.08921939866666
common,70,RGA-MR,original_total_to_resources_s,50,3,38.78655679300002
common,70,RGA-MR,original_total_to_resources_s,51,3,36.81434670033334
common,70,RGA-MR,original_total_to_resources_s,52,3,27.446821306333323
conditional,70,B-ALNS,original_total_to_resources_s,45,3,36.112295649333326
conditional,70,B-ALNS,original_total_to_resources_s,46,3,14.535763679999954
conditional,70,B-ALNS,original_total_to_resources_s,47,3,26.317263333333415
conditional,70,B-ALNS,original_total_to_resources_s,48,3,19.202349796333333
conditional,70,B-ALNS,original_total_to_resources_s,49,3,26.170100107666666
conditional,70,B-ALNS,original_total_to_resources_s,50,3,61.44653290566666
conditional,70,B-ALNS,original_total_to_resources_s,51,3,36.19109233399998
conditional,70,B-ALNS,original_total_to_resources_s,52,3,26.161632981666646
common,70,B-ALNS,original_total_to_resources_s,45,3,36.112295649333326
common,70,B-ALNS,original_total_to_resources_s,46,3,14.535763679999954
common,70,B-ALNS,original_total_to_resources_s,47,3,26.317263333333415
common,70,B-ALNS,original_total_to_resources_s,48,3,19.202349796333333
common,70,B-ALNS,original_total_to_resources_s,49,3,26.170100107666666
common,70,B-ALNS,original_total_to_resources_s,50,3,61.44653290566666
common,70,B-ALNS,original_total_to_resources_s,51,3,36.19109233399998
common,70,B-ALNS,original_total_to_resources_s,52,3,26.161632981666646
conditional,70,ESI-ALNS,original_total_to_resources_s,45,3,38.93260603066667
conditional,70,ESI-ALNS,original_total_to_resources_s,46,3,16.819996120666655
conditional,70,ESI-ALNS,original_total_to_resources_s,47,3,34.48285657500005
conditional,70,ESI-ALNS,original_total_to_resources_s,48,3,23.798691942333353
conditional,70,ESI-ALNS,original_total_to_resources_s,49,3,32.704518371
conditional,70,ESI-ALNS,original_total_to_resources_s,50,3,66.819252726
conditional,70,ESI-ALNS,original_total_to_resources_s,51,3,44.547824470666654
conditional,70,ESI-ALNS,original_total_to_resources_s,52,3,28.419083268666657
common,70,ESI-ALNS,original_total_to_resources_s,45,3,38.93260603066667
common,70,ESI-ALNS,original_total_to_resources_s,46,3,16.819996120666655
common,70,ESI-ALNS,original_total_to_resources_s,47,3,34.48285657500005
common,70,ESI-ALNS,original_total_to_resources_s,48,3,23.798691942333353
common,70,ESI-ALNS,original_total_to_resources_s,49,3,32.704518371
common,70,ESI-ALNS,original_total_to_resources_s,50,3,66.819252726
common,70,ESI-ALNS,original_total_to_resources_s,51,3,44.547824470666654
common,70,ESI-ALNS,original_total_to_resources_s,52,3,28.419083268666657
paired,70,GR-MR,original_total_to_resources_s,45,3,38.72281171566669
paired,70,GR-MR,original_total_to_resources_s,46,3,15.393889106666657
paired,70,GR-MR,original_total_to_resources_s,47,3,34.103429269000024
paired,70,GR-MR,original_total_to_resources_s,48,3,17.155200791333318
paired,70,GR-MR,original_total_to_resources_s,49,3,31.819261269999995
paired,70,GR-MR,original_total_to_resources_s,50,3,63.37676749900005
paired,70,GR-MR,original_total_to_resources_s,51,3,44.15170034066668
paired,70,GR-MR,original_total_to_resources_s,52,3,28.12793959266664
paired,70,FTR-NM,original_total_to_resources_s,45,3,36.780071980666676
paired,70,FTR-NM,original_total_to_resources_s,46,3,14.75230105866664
paired,70,FTR-NM,original_total_to_resources_s,47,3,34.247553129
paired,70,FTR-NM,original_total_to_resources_s,48,3,16.933995832333455
paired,70,FTR-NM,original_total_to_resources_s,49,3,32.475631925000016
paired,70,FTR-NM,original_total_to_resources_s,50,3,60.06266816100006
paired,70,FTR-NM,original_total_to_resources_s,51,3,44.34914641066668
paired,70,FTR-NM,original_total_to_resources_s,52,3,17.512059616666694
paired,70,RGA-MR,original_total_to_resources_s,45,3,15.459561977666645
paired,70,RGA-MR,original_total_to_resources_s,46,3,0.5287808713333485
paired,70,RGA-MR,original_total_to_resources_s,47,3,0.8348863716667362
paired,70,RGA-MR,original_total_to_resources_s,48,3,-6.756704448999964
paired,70,RGA-MR,original_total_to_resources_s,49,3,-9.384701027666656
paired,70,RGA-MR,original_total_to_resources_s,50,3,28.032695932999985
paired,70,RGA-MR,original_total_to_resources_s,51,3,7.733477770333313
paired,70,RGA-MR,original_total_to_resources_s,52,3,0.9722619623333344
paired,70,B-ALNS,original_total_to_resources_s,45,3,2.8203103813333428
paired,70,B-ALNS,original_total_to_resources_s,46,3,2.284232440666699
paired,70,B-ALNS,original_total_to_resources_s,47,3,8.165593241666633
paired,70,B-ALNS,original_total_to_resources_s,48,3,4.596342146000022
paired,70,B-ALNS,original_total_to_resources_s,49,3,6.534418263333333
paired,70,B-ALNS,original_total_to_resources_s,50,3,5.372719820333344
paired,70,B-ALNS,original_total_to_resources_s,51,3,8.356732136666674
paired,70,B-ALNS,original_total_to_resources_s,52,3,2.2574502870000117
conditional,70,GR-MR,original_total_with_audit_s,45,1,0.20979922199998668
conditional,70,GR-MR,original_total_with_audit_s,46,1,1.429514323999996
conditional,70,GR-MR,original_total_with_audit_s,47,1,0.37943370100003904
conditional,70,GR-MR,original_total_with_audit_s,48,1,6.648177832999977
conditional,70,GR-MR,original_total_with_audit_s,49,1,0.8852627310000116
conditional,70,GR-MR,original_total_with_audit_s,50,1,3.44729145999996
conditional,70,GR-MR,original_total_with_audit_s,51,1,0.39612982099998817
conditional,70,GR-MR,original_total_with_audit_s,52,1,0.29114698100002556
common,70,GR-MR,original_total_with_audit_s,45,3,0.20979922199998668
common,70,GR-MR,original_total_with_audit_s,46,3,1.429514323999996
common,70,GR-MR,original_total_with_audit_s,47,3,0.37943370100003904
common,70,GR-MR,original_total_with_audit_s,48,3,6.648177832999977
common,70,GR-MR,original_total_with_audit_s,49,3,0.8852627310000116
common,70,GR-MR,original_total_with_audit_s,50,3,3.44729145999996
common,70,GR-MR,original_total_with_audit_s,51,3,0.39612982099998817
common,70,GR-MR,original_total_with_audit_s,52,3,0.29114698100002556
conditional,70,FTR-NM,original_total_with_audit_s,45,1,2.1525391909999954
conditional,70,FTR-NM,original_total_with_audit_s,46,1,2.0713162750000436
conditional,70,FTR-NM,original_total_with_audit_s,47,1,0.2353086600000438
conditional,70,FTR-NM,original_total_with_audit_s,48,1,6.869645076999916
conditional,70,FTR-NM,original_total_with_audit_s,49,1,0.2288907339999966
conditional,70,FTR-NM,original_total_with_audit_s,50,1,6.761007016999912
conditional,70,FTR-NM,original_total_with_audit_s,51,1,0.1986823179999675
conditional,70,FTR-NM,original_total_with_audit_s,52,1,10.909529872999968
common,70,FTR-NM,original_total_with_audit_s,45,3,2.1525391909999954
common,70,FTR-NM,original_total_with_audit_s,46,3,2.0713162750000436
common,70,FTR-NM,original_total_with_audit_s,47,3,0.2353086600000438
common,70,FTR-NM,original_total_with_audit_s,48,3,6.869645076999916
common,70,FTR-NM,original_total_with_audit_s,49,3,0.2288907339999966
common,70,FTR-NM,original_total_with_audit_s,50,3,6.761007016999912
common,70,FTR-NM,original_total_with_audit_s,51,3,0.1986823179999675
common,70,FTR-NM,original_total_with_audit_s,52,3,10.909529872999968
conditional,70,RGA-MR,original_total_with_audit_s,45,3,23.473048812000027
conditional,70,RGA-MR,original_total_with_audit_s,46,3,16.294836982666624
conditional,70,RGA-MR,original_total_with_audit_s,47,3,33.647975475333304
conditional,70,RGA-MR,original_total_with_audit_s,48,3,30.559990857999974
conditional,70,RGA-MR,original_total_with_audit_s,49,3,42.08922555366665
conditional,70,RGA-MR,original_total_with_audit_s,50,3,38.79134775633335
conditional,70,RGA-MR,original_total_with_audit_s,51,3,36.81435219033334
conditional,70,RGA-MR,original_total_with_audit_s,52,3,27.446825739999998
common,70,RGA-MR,original_total_with_audit_s,45,3,23.473048812000027
common,70,RGA-MR,original_total_with_audit_s,46,3,16.294836982666624
common,70,RGA-MR,original_total_with_audit_s,47,3,33.647975475333304
common,70,RGA-MR,original_total_with_audit_s,48,3,30.559990857999974
common,70,RGA-MR,original_total_with_audit_s,49,3,42.08922555366665
common,70,RGA-MR,original_total_with_audit_s,50,3,38.79134775633335
common,70,RGA-MR,original_total_with_audit_s,51,3,36.81435219033334
common,70,RGA-MR,original_total_with_audit_s,52,3,27.446825739999998
conditional,70,B-ALNS,original_total_with_audit_s,45,3,36.11857254766665
conditional,70,B-ALNS,original_total_with_audit_s,46,3,14.539460736333277
conditional,70,B-ALNS,original_total_with_audit_s,47,3,26.322731685333434
conditional,70,B-ALNS,original_total_with_audit_s,48,3,19.207045249666635
conditional,70,B-ALNS,original_total_with_audit_s,49,3,26.17634659633334
conditional,70,B-ALNS,original_total_with_audit_s,50,3,61.449882132999996
conditional,70,B-ALNS,original_total_with_audit_s,51,3,36.209804266666644
conditional,70,B-ALNS,original_total_with_audit_s,52,3,26.166526228999995
common,70,B-ALNS,original_total_with_audit_s,45,3,36.11857254766665
common,70,B-ALNS,original_total_with_audit_s,46,3,14.539460736333277
common,70,B-ALNS,original_total_with_audit_s,47,3,26.322731685333434
common,70,B-ALNS,original_total_with_audit_s,48,3,19.207045249666635
common,70,B-ALNS,original_total_with_audit_s,49,3,26.17634659633334
common,70,B-ALNS,original_total_with_audit_s,50,3,61.449882132999996
common,70,B-ALNS,original_total_with_audit_s,51,3,36.209804266666644
common,70,B-ALNS,original_total_with_audit_s,52,3,26.166526228999995
conditional,70,ESI-ALNS,original_total_with_audit_s,45,3,38.93881877733333
conditional,70,ESI-ALNS,original_total_with_audit_s,46,3,16.82381208333332
conditional,70,ESI-ALNS,original_total_with_audit_s,47,3,34.48817059166672
conditional,70,ESI-ALNS,original_total_with_audit_s,48,3,23.803631446000015
conditional,70,ESI-ALNS,original_total_with_audit_s,49,3,32.711010589666664
conditional,70,ESI-ALNS,original_total_with_audit_s,50,3,66.82249794066668
conditional,70,ESI-ALNS,original_total_with_audit_s,51,3,44.55403429266664
conditional,70,ESI-ALNS,original_total_with_audit_s,52,3,28.423840299999977
common,70,ESI-ALNS,original_total_with_audit_s,45,3,38.93881877733333
common,70,ESI-ALNS,original_total_with_audit_s,46,3,16.82381208333332
common,70,ESI-ALNS,original_total_with_audit_s,47,3,34.48817059166672
common,70,ESI-ALNS,original_total_with_audit_s,48,3,23.803631446000015
common,70,ESI-ALNS,original_total_with_audit_s,49,3,32.711010589666664
common,70,ESI-ALNS,original_total_with_audit_s,50,3,66.82249794066668
common,70,ESI-ALNS,original_total_with_audit_s,51,3,44.55403429266664
common,70,ESI-ALNS,original_total_with_audit_s,52,3,28.423840299999977
paired,70,GR-MR,original_total_with_audit_s,45,3,38.729019555333345
paired,70,GR-MR,original_total_with_audit_s,46,3,15.394297759333321
paired,70,GR-MR,original_total_with_audit_s,47,3,34.108736890666684
paired,70,GR-MR,original_total_with_audit_s,48,3,17.155453613000038
paired,70,GR-MR,original_total_with_audit_s,49,3,31.825747858666656
paired,70,GR-MR,original_total_with_audit_s,50,3,63.37520648066671
paired,70,GR-MR,original_total_with_audit_s,51,3,44.157904471666654
paired,70,GR-MR,original_total_with_audit_s,52,3,28.13269331899995
paired,70,FTR-NM,original_total_with_audit_s,45,3,36.786279586333336
paired,70,FTR-NM,original_total_with_audit_s,46,3,14.752495808333274
paired,70,FTR-NM,original_total_with_audit_s,47,3,34.25286193166668
paired,70,FTR-NM,original_total_with_audit_s,48,3,16.9339863690001
paired,70,FTR-NM,original_total_with_audit_s,49,3,32.48211985566667
paired,70,FTR-NM,original_total_with_audit_s,50,3,60.06149092366676
paired,70,FTR-NM,original_total_with_audit_s,51,3,44.355351974666675
paired,70,FTR-NM,original_total_with_audit_s,52,3,17.51431042700001
paired,70,RGA-MR,original_total_with_audit_s,45,3,15.465769965333307
paired,70,RGA-MR,original_total_with_audit_s,46,3,0.5289751006666942
paired,70,RGA-MR,original_total_with_audit_s,47,3,0.8401951163334237
paired,70,RGA-MR,original_total_with_audit_s,48,3,-6.756359411999957
paired,70,RGA-MR,original_total_with_audit_s,49,3,-9.378214963999985
paired,70,RGA-MR,original_total_with_audit_s,50,3,28.031150184333324
paired,70,RGA-MR,original_total_with_audit_s,51,3,7.739682102333305
paired,70,RGA-MR,original_total_with_audit_s,52,3,0.977014559999977
paired,70,B-ALNS,original_total_with_audit_s,45,3,2.8202462296666795
paired,70,B-ALNS,original_total_with_audit_s,46,3,2.2843513470000403
paired,70,B-ALNS,original_total_with_audit_s,47,3,8.165438906333293
paired,70,B-ALNS,original_total_with_audit_s,48,3,4.596586196333381
paired,70,B-ALNS,original_total_with_audit_s,49,3,6.534663993333328
paired,70,B-ALNS,original_total_with_audit_s,50,3,5.372615807666676
paired,70,B-ALNS,original_total_with_audit_s,51,3,8.344230026
paired,70,B-ALNS,original_total_with_audit_s,52,3,2.257314070999982
conditional,70,GR-MR,p95_delay_s,46,1,361.9791630101488
conditional,70,GR-MR,p95_delay_s,48,1,369.80093120540704
conditional,70,GR-MR,p95_delay_s,50,1,363.7909610466417
common,70,GR-MR,p95_delay_s,46,3,361.9791630101488
common,70,GR-MR,p95_delay_s,48,3,369.80093120540704
common,70,GR-MR,p95_delay_s,50,1,363.7909610466417
conditional,70,FTR-NM,p95_delay_s,46,1,361.9791628298582
conditional,70,FTR-NM,p95_delay_s,48,1,369.8009312732643
conditional,70,FTR-NM,p95_delay_s,50,1,363.79096147193644
common,70,FTR-NM,p95_delay_s,46,3,361.9791628298582
common,70,FTR-NM,p95_delay_s,48,3,369.8009312732643
common,70,FTR-NM,p95_delay_s,50,1,363.79096147193644
conditional,70,RGA-MR,p95_delay_s,46,3,361.9791630101488
conditional,70,RGA-MR,p95_delay_s,48,3,369.80093125247555
conditional,70,RGA-MR,p95_delay_s,50,3,363.7909610466417
common,70,RGA-MR,p95_delay_s,46,3,361.9791630101488
common,70,RGA-MR,p95_delay_s,48,3,369.80093125247555
common,70,RGA-MR,p95_delay_s,50,1,363.7909610466417
conditional,70,B-ALNS,p95_delay_s,45,3,363.9960723695915
conditional,70,B-ALNS,p95_delay_s,46,3,361.7665954117586
conditional,70,B-ALNS,p95_delay_s,47,3,363.7370785018937
conditional,70,B-ALNS,p95_delay_s,48,3,391.07658033266614
conditional,70,B-ALNS,p95_delay_s,49,3,350.55535342278233
conditional,70,B-ALNS,p95_delay_s,50,1,351.4450938500703
conditional,70,B-ALNS,p95_delay_s,51,3,369.536030921912
conditional,70,B-ALNS,p95_delay_s,52,3,364.5842421675998
common,70,B-ALNS,p95_delay_s,46,3,361.7665954117586
common,70,B-ALNS,p95_delay_s,48,3,391.07658033266614
common,70,B-ALNS,p95_delay_s,50,1,351.4450938500703
conditional,70,ESI-ALNS,p95_delay_s,45,3,363.99607235400856
conditional,70,ESI-ALNS,p95_delay_s,46,3,358.4067971135352
conditional,70,ESI-ALNS,p95_delay_s,47,3,367.7900280456618
conditional,70,ESI-ALNS,p95_delay_s,48,3,388.5482940240942
conditional,70,ESI-ALNS,p95_delay_s,49,3,350.55534097393456
conditional,70,ESI-ALNS,p95_delay_s,50,1,353.3202882889655
conditional,70,ESI-ALNS,p95_delay_s,51,3,369.53603093717413
conditional,70,ESI-ALNS,p95_delay_s,52,3,366.0150246898873
common,70,ESI-ALNS,p95_delay_s,46,3,358.4067971135352
common,70,ESI-ALNS,p95_delay_s,48,3,388.5482940240942
common,70,ESI-ALNS,p95_delay_s,50,1,353.3202882889655
paired,70,GR-MR,p95_delay_s,46,3,-3.5723658966135567
paired,70,GR-MR,p95_delay_s,48,3,18.74736281868718
paired,70,GR-MR,p95_delay_s,50,1,-10.470672757676198
paired,70,FTR-NM,p95_delay_s,46,3,-3.572365716322944
paired,70,FTR-NM,p95_delay_s,48,3,18.747362750829893
paired,70,FTR-NM,p95_delay_s,50,1,-10.470673182970927
paired,70,RGA-MR,p95_delay_s,46,3,-3.5723658966135567
paired,70,RGA-MR,p95_delay_s,48,3,18.747362771618686
paired,70,RGA-MR,p95_delay_s,50,1,-10.470672757676198
paired,70,B-ALNS,p95_delay_s,45,3,-1.5582960107470473e-08
paired,70,B-ALNS,p95_delay_s,46,3,-3.359798298223344
paired,70,B-ALNS,p95_delay_s,47,3,4.052949543768136
paired,70,B-ALNS,p95_delay_s,48,3,-2.5282863085719405
paired,70,B-ALNS,p95_delay_s,49,3,-1.2448847750571682e-05
paired,70,B-ALNS,p95_delay_s,50,1,1.875194438895221
paired,70,B-ALNS,p95_delay_s,51,3,1.5262116903613787e-08
paired,70,B-ALNS,p95_delay_s,52,3,1.4307825222874346
conditional,70,GR-MR,stage1_energy_j,46,1,243824.0777917188
conditional,70,GR-MR,stage1_energy_j,48,1,249452.94617854632
conditional,70,GR-MR,stage1_energy_j,50,1,247337.98962449265
common,70,GR-MR,stage1_energy_j,46,3,243824.0777917188
common,70,GR-MR,stage1_energy_j,48,3,249452.94617854632
common,70,GR-MR,stage1_energy_j,50,1,247337.98962449265
conditional,70,FTR-NM,stage1_energy_j,46,1,250009.03386443612
conditional,70,FTR-NM,stage1_energy_j,48,1,260833.07556708844
conditional,70,FTR-NM,stage1_energy_j,50,1,250743.96532540832
common,70,FTR-NM,stage1_energy_j,46,3,250009.03386443612
common,70,FTR-NM,stage1_energy_j,48,3,260833.07556708844
common,70,FTR-NM,stage1_energy_j,50,1,250743.96532540832
conditional,70,RGA-MR,stage1_energy_j,46,3,243824.0777917188
conditional,70,RGA-MR,stage1_energy_j,48,3,248090.89807558357
conditional,70,RGA-MR,stage1_energy_j,50,3,247337.98962449265
common,70,RGA-MR,stage1_energy_j,46,3,243824.0777917188
common,70,RGA-MR,stage1_energy_j,48,3,248090.89807558357
common,70,RGA-MR,stage1_energy_j,50,1,247337.98962449265
conditional,70,B-ALNS,stage1_energy_j,45,3,200476.1377322347
conditional,70,B-ALNS,stage1_energy_j,46,3,210884.65733806413
conditional,70,B-ALNS,stage1_energy_j,47,3,203697.05875766257
conditional,70,B-ALNS,stage1_energy_j,48,3,203341.3436901221
conditional,70,B-ALNS,stage1_energy_j,49,3,209104.90765377565
conditional,70,B-ALNS,stage1_energy_j,50,1,205337.9829815384
conditional,70,B-ALNS,stage1_energy_j,51,3,230575.93652064336
conditional,70,B-ALNS,stage1_energy_j,52,3,201164.43680867055
common,70,B-ALNS,stage1_energy_j,46,3,210884.65733806413
common,70,B-ALNS,stage1_energy_j,48,3,203341.3436901221
common,70,B-ALNS,stage1_energy_j,50,1,205337.9829815384
conditional,70,ESI-ALNS,stage1_energy_j,45,3,200300.88557592887
conditional,70,ESI-ALNS,stage1_energy_j,46,3,207199.27169095905
conditional,70,ESI-ALNS,stage1_energy_j,47,3,199894.18848781454
conditional,70,ESI-ALNS,stage1_energy_j,48,3,201531.96469616942
conditional,70,ESI-ALNS,stage1_energy_j,49,3,204701.64317689155
conditional,70,ESI-ALNS,stage1_energy_j,50,1,200577.66487377984
conditional,70,ESI-ALNS,stage1_energy_j,51,3,228095.71170236942
conditional,70,ESI-ALNS,stage1_energy_j,52,3,201098.83970913745
common,70,ESI-ALNS,stage1_energy_j,46,3,207199.27169095905
common,70,ESI-ALNS,stage1_energy_j,48,3,201531.96469616942
common,70,ESI-ALNS,stage1_energy_j,50,1,200577.66487377984
paired,70,GR-MR,stage1_energy_j,46,3,-36624.806100759735
paired,70,GR-MR,stage1_energy_j,48,3,-47920.98148237689
paired,70,GR-MR,stage1_energy_j,50,1,-46760.32475071281
paired,70,FTR-NM,stage1_energy_j,46,3,-42809.76217347706
paired,70,FTR-NM,stage1_energy_j,48,3,-59301.11087091901
paired,70,FTR-NM,stage1_energy_j,50,1,-50166.300451628485
paired,70,RGA-MR,stage1_energy_j,46,3,-36624.806100759735
paired,70,RGA-MR,stage1_energy_j,48,3,-46558.93337941414
paired,70,RGA-MR,stage1_energy_j,50,1,-46760.32475071281
paired,70,B-ALNS,stage1_energy_j,45,3,-175.25215630583503
paired,70,B-ALNS,stage1_energy_j,46,3,-3685.3856471050726
paired,70,B-ALNS,stage1_energy_j,47,3,-3802.870269848034
paired,70,B-ALNS,stage1_energy_j,48,3,-1809.378993952676
paired,70,B-ALNS,stage1_energy_j,49,3,-4403.264476884088
paired,70,B-ALNS,stage1_energy_j,50,1,-4760.318107758561
paired,70,B-ALNS,stage1_energy_j,51,3,-2480.2248182739327
paired,70,B-ALNS,stage1_energy_j,52,3,-65.59709953310085
conditional,70,GR-MR,stage1_qualified_rate,45,1,0.0
conditional,70,GR-MR,stage1_qualified_rate,46,1,1.0
conditional,70,GR-MR,stage1_qualified_rate,47,1,0.0
conditional,70,GR-MR,stage1_qualified_rate,48,1,1.0
conditional,70,GR-MR,stage1_qualified_rate,49,1,0.0
conditional,70,GR-MR,stage1_qualified_rate,50,1,1.0
conditional,70,GR-MR,stage1_qualified_rate,51,1,0.0
conditional,70,GR-MR,stage1_qualified_rate,52,1,0.0
common,70,GR-MR,stage1_qualified_rate,45,3,0.0
common,70,GR-MR,stage1_qualified_rate,46,3,1.0
common,70,GR-MR,stage1_qualified_rate,47,3,0.0
common,70,GR-MR,stage1_qualified_rate,48,3,1.0
common,70,GR-MR,stage1_qualified_rate,49,3,0.0
common,70,GR-MR,stage1_qualified_rate,50,3,1.0
common,70,GR-MR,stage1_qualified_rate,51,3,0.0
common,70,GR-MR,stage1_qualified_rate,52,3,0.0
conditional,70,FTR-NM,stage1_qualified_rate,45,1,0.0
conditional,70,FTR-NM,stage1_qualified_rate,46,1,1.0
conditional,70,FTR-NM,stage1_qualified_rate,47,1,0.0
conditional,70,FTR-NM,stage1_qualified_rate,48,1,1.0
conditional,70,FTR-NM,stage1_qualified_rate,49,1,0.0
conditional,70,FTR-NM,stage1_qualified_rate,50,1,1.0
conditional,70,FTR-NM,stage1_qualified_rate,51,1,0.0
conditional,70,FTR-NM,stage1_qualified_rate,52,1,0.0
common,70,FTR-NM,stage1_qualified_rate,45,3,0.0
common,70,FTR-NM,stage1_qualified_rate,46,3,1.0
common,70,FTR-NM,stage1_qualified_rate,47,3,0.0
common,70,FTR-NM,stage1_qualified_rate,48,3,1.0
common,70,FTR-NM,stage1_qualified_rate,49,3,0.0
common,70,FTR-NM,stage1_qualified_rate,50,3,1.0
common,70,FTR-NM,stage1_qualified_rate,51,3,0.0
common,70,FTR-NM,stage1_qualified_rate,52,3,0.0
conditional,70,RGA-MR,stage1_qualified_rate,45,3,0.0
conditional,70,RGA-MR,stage1_qualified_rate,46,3,1.0
conditional,70,RGA-MR,stage1_qualified_rate,47,3,0.0
conditional,70,RGA-MR,stage1_qualified_rate,48,3,1.0
conditional,70,RGA-MR,stage1_qualified_rate,49,3,0.0
conditional,70,RGA-MR,stage1_qualified_rate,50,3,1.0
conditional,70,RGA-MR,stage1_qualified_rate,51,3,0.0
conditional,70,RGA-MR,stage1_qualified_rate,52,3,0.0
common,70,RGA-MR,stage1_qualified_rate,45,3,0.0
common,70,RGA-MR,stage1_qualified_rate,46,3,1.0
common,70,RGA-MR,stage1_qualified_rate,47,3,0.0
common,70,RGA-MR,stage1_qualified_rate,48,3,1.0
common,70,RGA-MR,stage1_qualified_rate,49,3,0.0
common,70,RGA-MR,stage1_qualified_rate,50,3,1.0
common,70,RGA-MR,stage1_qualified_rate,51,3,0.0
common,70,RGA-MR,stage1_qualified_rate,52,3,0.0
conditional,70,B-ALNS,stage1_qualified_rate,45,3,1.0
conditional,70,B-ALNS,stage1_qualified_rate,46,3,1.0
conditional,70,B-ALNS,stage1_qualified_rate,47,3,1.0
conditional,70,B-ALNS,stage1_qualified_rate,48,3,1.0
conditional,70,B-ALNS,stage1_qualified_rate,49,3,1.0
conditional,70,B-ALNS,stage1_qualified_rate,50,3,0.3333333333333333
conditional,70,B-ALNS,stage1_qualified_rate,51,3,1.0
conditional,70,B-ALNS,stage1_qualified_rate,52,3,1.0
common,70,B-ALNS,stage1_qualified_rate,45,3,1.0
common,70,B-ALNS,stage1_qualified_rate,46,3,1.0
common,70,B-ALNS,stage1_qualified_rate,47,3,1.0
common,70,B-ALNS,stage1_qualified_rate,48,3,1.0
common,70,B-ALNS,stage1_qualified_rate,49,3,1.0
common,70,B-ALNS,stage1_qualified_rate,50,3,0.3333333333333333
common,70,B-ALNS,stage1_qualified_rate,51,3,1.0
common,70,B-ALNS,stage1_qualified_rate,52,3,1.0
conditional,70,ESI-ALNS,stage1_qualified_rate,45,3,1.0
conditional,70,ESI-ALNS,stage1_qualified_rate,46,3,1.0
conditional,70,ESI-ALNS,stage1_qualified_rate,47,3,1.0
conditional,70,ESI-ALNS,stage1_qualified_rate,48,3,1.0
conditional,70,ESI-ALNS,stage1_qualified_rate,49,3,1.0
conditional,70,ESI-ALNS,stage1_qualified_rate,50,3,0.3333333333333333
conditional,70,ESI-ALNS,stage1_qualified_rate,51,3,1.0
conditional,70,ESI-ALNS,stage1_qualified_rate,52,3,1.0
common,70,ESI-ALNS,stage1_qualified_rate,45,3,1.0
common,70,ESI-ALNS,stage1_qualified_rate,46,3,1.0
common,70,ESI-ALNS,stage1_qualified_rate,47,3,1.0
common,70,ESI-ALNS,stage1_qualified_rate,48,3,1.0
common,70,ESI-ALNS,stage1_qualified_rate,49,3,1.0
common,70,ESI-ALNS,stage1_qualified_rate,50,3,0.3333333333333333
common,70,ESI-ALNS,stage1_qualified_rate,51,3,1.0
common,70,ESI-ALNS,stage1_qualified_rate,52,3,1.0
paired,70,GR-MR,stage1_qualified_rate,45,3,1.0
paired,70,GR-MR,stage1_qualified_rate,46,3,0.0
paired,70,GR-MR,stage1_qualified_rate,47,3,1.0
paired,70,GR-MR,stage1_qualified_rate,48,3,0.0
paired,70,GR-MR,stage1_qualified_rate,49,3,1.0
paired,70,GR-MR,stage1_qualified_rate,50,3,-0.6666666666666666
paired,70,GR-MR,stage1_qualified_rate,51,3,1.0
paired,70,GR-MR,stage1_qualified_rate,52,3,1.0
paired,70,FTR-NM,stage1_qualified_rate,45,3,1.0
paired,70,FTR-NM,stage1_qualified_rate,46,3,0.0
paired,70,FTR-NM,stage1_qualified_rate,47,3,1.0
paired,70,FTR-NM,stage1_qualified_rate,48,3,0.0
paired,70,FTR-NM,stage1_qualified_rate,49,3,1.0
paired,70,FTR-NM,stage1_qualified_rate,50,3,-0.6666666666666666
paired,70,FTR-NM,stage1_qualified_rate,51,3,1.0
paired,70,FTR-NM,stage1_qualified_rate,52,3,1.0
paired,70,RGA-MR,stage1_qualified_rate,45,3,1.0
paired,70,RGA-MR,stage1_qualified_rate,46,3,0.0
paired,70,RGA-MR,stage1_qualified_rate,47,3,1.0
paired,70,RGA-MR,stage1_qualified_rate,48,3,0.0
paired,70,RGA-MR,stage1_qualified_rate,49,3,1.0
paired,70,RGA-MR,stage1_qualified_rate,50,3,-0.6666666666666666
paired,70,RGA-MR,stage1_qualified_rate,51,3,1.0
paired,70,RGA-MR,stage1_qualified_rate,52,3,1.0
paired,70,B-ALNS,stage1_qualified_rate,45,3,0.0
paired,70,B-ALNS,stage1_qualified_rate,46,3,0.0
paired,70,B-ALNS,stage1_qualified_rate,47,3,0.0
paired,70,B-ALNS,stage1_qualified_rate,48,3,0.0
paired,70,B-ALNS,stage1_qualified_rate,49,3,0.0
paired,70,B-ALNS,stage1_qualified_rate,50,3,0.0
paired,70,B-ALNS,stage1_qualified_rate,51,3,0.0
paired,70,B-ALNS,stage1_qualified_rate,52,3,0.0
conditional,70,GR-MR,stage2_component_collection_j_j,46,1,14000.0
conditional,70,GR-MR,stage2_component_collection_j_j,48,1,14000.0
conditional,70,GR-MR,stage2_component_collection_j_j,50,1,14000.0
common,70,GR-MR,stage2_component_collection_j_j,46,3,14000.0
common,70,GR-MR,stage2_component_collection_j_j,48,3,14000.0
common,70,GR-MR,stage2_component_collection_j_j,50,1,14000.0
conditional,70,FTR-NM,stage2_component_collection_j_j,46,1,14000.0
conditional,70,FTR-NM,stage2_component_collection_j_j,48,1,14000.0
conditional,70,FTR-NM,stage2_component_collection_j_j,50,1,14000.0
common,70,FTR-NM,stage2_component_collection_j_j,46,3,14000.0
common,70,FTR-NM,stage2_component_collection_j_j,48,3,14000.0
common,70,FTR-NM,stage2_component_collection_j_j,50,1,14000.0
conditional,70,RGA-MR,stage2_component_collection_j_j,46,3,14000.0
conditional,70,RGA-MR,stage2_component_collection_j_j,48,3,14000.0
conditional,70,RGA-MR,stage2_component_collection_j_j,50,3,14000.0
common,70,RGA-MR,stage2_component_collection_j_j,46,3,14000.0
common,70,RGA-MR,stage2_component_collection_j_j,48,3,14000.0
common,70,RGA-MR,stage2_component_collection_j_j,50,1,14000.0
conditional,70,B-ALNS,stage2_component_collection_j_j,45,3,14000.0
conditional,70,B-ALNS,stage2_component_collection_j_j,46,3,14000.0
conditional,70,B-ALNS,stage2_component_collection_j_j,47,3,14000.0
conditional,70,B-ALNS,stage2_component_collection_j_j,48,3,14000.0
conditional,70,B-ALNS,stage2_component_collection_j_j,49,3,14000.0
conditional,70,B-ALNS,stage2_component_collection_j_j,50,1,14000.0
conditional,70,B-ALNS,stage2_component_collection_j_j,51,3,14000.0
conditional,70,B-ALNS,stage2_component_collection_j_j,52,3,14000.0
common,70,B-ALNS,stage2_component_collection_j_j,46,3,14000.0
common,70,B-ALNS,stage2_component_collection_j_j,48,3,14000.0
common,70,B-ALNS,stage2_component_collection_j_j,50,1,14000.0
conditional,70,ESI-ALNS,stage2_component_collection_j_j,45,3,14000.0
conditional,70,ESI-ALNS,stage2_component_collection_j_j,46,3,14000.0
conditional,70,ESI-ALNS,stage2_component_collection_j_j,47,3,14000.0
conditional,70,ESI-ALNS,stage2_component_collection_j_j,48,3,14000.0
conditional,70,ESI-ALNS,stage2_component_collection_j_j,49,3,14000.0
conditional,70,ESI-ALNS,stage2_component_collection_j_j,50,1,14000.0
conditional,70,ESI-ALNS,stage2_component_collection_j_j,51,3,14000.0
conditional,70,ESI-ALNS,stage2_component_collection_j_j,52,3,14000.0
common,70,ESI-ALNS,stage2_component_collection_j_j,46,3,14000.0
common,70,ESI-ALNS,stage2_component_collection_j_j,48,3,14000.0
common,70,ESI-ALNS,stage2_component_collection_j_j,50,1,14000.0
paired,70,GR-MR,stage2_component_collection_j_j,46,3,0.0
paired,70,GR-MR,stage2_component_collection_j_j,48,3,0.0
paired,70,GR-MR,stage2_component_collection_j_j,50,1,0.0
paired,70,FTR-NM,stage2_component_collection_j_j,46,3,0.0
paired,70,FTR-NM,stage2_component_collection_j_j,48,3,0.0
paired,70,FTR-NM,stage2_component_collection_j_j,50,1,0.0
paired,70,RGA-MR,stage2_component_collection_j_j,46,3,0.0
paired,70,RGA-MR,stage2_component_collection_j_j,48,3,0.0
paired,70,RGA-MR,stage2_component_collection_j_j,50,1,0.0
paired,70,B-ALNS,stage2_component_collection_j_j,45,3,0.0
paired,70,B-ALNS,stage2_component_collection_j_j,46,3,0.0
paired,70,B-ALNS,stage2_component_collection_j_j,47,3,0.0
paired,70,B-ALNS,stage2_component_collection_j_j,48,3,0.0
paired,70,B-ALNS,stage2_component_collection_j_j,49,3,0.0
paired,70,B-ALNS,stage2_component_collection_j_j,50,1,0.0
paired,70,B-ALNS,stage2_component_collection_j_j,51,3,0.0
paired,70,B-ALNS,stage2_component_collection_j_j,52,3,0.0
conditional,70,GR-MR,stage2_component_flight_j_j,46,1,227737.61977675123
conditional,70,GR-MR,stage2_component_flight_j_j,48,1,233505.62563048536
conditional,70,GR-MR,stage2_component_flight_j_j,50,1,230749.2545377576
common,70,GR-MR,stage2_component_flight_j_j,46,3,227737.61977675123
common,70,GR-MR,stage2_component_flight_j_j,48,3,233505.62563048536
common,70,GR-MR,stage2_component_flight_j_j,50,1,230749.2545377576
conditional,70,FTR-NM,stage2_component_flight_j_j,46,1,233028.46791534187
conditional,70,FTR-NM,stage2_component_flight_j_j,48,1,244031.62283615005
conditional,70,FTR-NM,stage2_component_flight_j_j,50,1,233605.81956202423
common,70,FTR-NM,stage2_component_flight_j_j,46,3,233028.46791534187
common,70,FTR-NM,stage2_component_flight_j_j,48,3,244031.62283615005
common,70,FTR-NM,stage2_component_flight_j_j,50,1,233605.81956202423
conditional,70,RGA-MR,stage2_component_flight_j_j,46,3,227737.61977675123
conditional,70,RGA-MR,stage2_component_flight_j_j,48,3,232141.73422464496
conditional,70,RGA-MR,stage2_component_flight_j_j,50,3,230749.2545377576
common,70,RGA-MR,stage2_component_flight_j_j,46,3,227737.61977675123
common,70,RGA-MR,stage2_component_flight_j_j,48,3,232141.73422464496
common,70,RGA-MR,stage2_component_flight_j_j,50,1,230749.2545377576
conditional,70,B-ALNS,stage2_component_flight_j_j,45,3,183333.03956862248
conditional,70,B-ALNS,stage2_component_flight_j_j,46,3,195180.9022319965
conditional,70,B-ALNS,stage2_component_flight_j_j,47,3,187715.49150213267
conditional,70,B-ALNS,stage2_component_flight_j_j,48,3,187096.14983479356
conditional,70,B-ALNS,stage2_component_flight_j_j,49,3,193148.04373446867
conditional,70,B-ALNS,stage2_component_flight_j_j,50,1,189132.02944215186
conditional,70,B-ALNS,stage2_component_flight_j_j,51,3,214642.04762034747
conditional,70,B-ALNS,stage2_component_flight_j_j,52,3,184381.65154648057
common,70,B-ALNS,stage2_component_flight_j_j,46,3,195180.9022319965
common,70,B-ALNS,stage2_component_flight_j_j,48,3,187096.14983479356
common,70,B-ALNS,stage2_component_flight_j_j,50,1,189132.02944215186
conditional,70,ESI-ALNS,stage2_component_flight_j_j,45,3,183117.91341200826
conditional,70,ESI-ALNS,stage2_component_flight_j_j,46,3,191458.42387227595
conditional,70,ESI-ALNS,stage2_component_flight_j_j,47,3,183865.09115462587
conditional,70,ESI-ALNS,stage2_component_flight_j_j,48,3,185062.2564761811
conditional,70,ESI-ALNS,stage2_component_flight_j_j,49,3,188787.76307335382
conditional,70,ESI-ALNS,stage2_component_flight_j_j,50,1,184360.22693687555
conditional,70,ESI-ALNS,stage2_component_flight_j_j,51,3,212083.27689731348
conditional,70,ESI-ALNS,stage2_component_flight_j_j,52,3,184350.8910768151
common,70,ESI-ALNS,stage2_component_flight_j_j,46,3,191458.42387227595
common,70,ESI-ALNS,stage2_component_flight_j_j,48,3,185062.2564761811
common,70,ESI-ALNS,stage2_component_flight_j_j,50,1,184360.22693687555
paired,70,GR-MR,stage2_component_flight_j_j,46,3,-36279.19590447529
paired,70,GR-MR,stage2_component_flight_j_j,48,3,-48443.36915430427
paired,70,GR-MR,stage2_component_flight_j_j,50,1,-46389.02760088205
paired,70,FTR-NM,stage2_component_flight_j_j,46,3,-41570.04404306592
paired,70,FTR-NM,stage2_component_flight_j_j,48,3,-58969.36635996897
paired,70,FTR-NM,stage2_component_flight_j_j,50,1,-49245.59262514868
paired,70,RGA-MR,stage2_component_flight_j_j,46,3,-36279.19590447529
paired,70,RGA-MR,stage2_component_flight_j_j,48,3,-47079.47774846387
paired,70,RGA-MR,stage2_component_flight_j_j,50,1,-46389.02760088205
paired,70,B-ALNS,stage2_component_flight_j_j,45,3,-215.12615661422993
paired,70,B-ALNS,stage2_component_flight_j_j,46,3,-3722.4783597205437
paired,70,B-ALNS,stage2_component_flight_j_j,47,3,-3850.4003475067825
paired,70,B-ALNS,stage2_component_flight_j_j,48,3,-2033.8933586124815
paired,70,B-ALNS,stage2_component_flight_j_j,49,3,-4360.280661114851
paired,70,B-ALNS,stage2_component_flight_j_j,50,1,-4771.802505276311
paired,70,B-ALNS,stage2_component_flight_j_j,51,3,-2558.770723033978
paired,70,B-ALNS,stage2_component_flight_j_j,52,3,-30.760469665479224
conditional,70,GR-MR,stage2_component_local_compute_j_j,46,1,791.3596411049083
conditional,70,GR-MR,stage2_component_local_compute_j_j,48,1,813.0120253475525
conditional,70,GR-MR,stage2_component_local_compute_j_j,50,1,745.3757630656829
common,70,GR-MR,stage2_component_local_compute_j_j,46,3,791.3596411049083
common,70,GR-MR,stage2_component_local_compute_j_j,48,3,813.0120253475525
common,70,GR-MR,stage2_component_local_compute_j_j,50,1,745.3757630656829
conditional,70,FTR-NM,stage2_component_local_compute_j_j,46,1,791.3596418783975
conditional,70,FTR-NM,stage2_component_local_compute_j_j,48,1,813.0120247432294
conditional,70,FTR-NM,stage2_component_local_compute_j_j,50,1,745.3757611706397
common,70,FTR-NM,stage2_component_local_compute_j_j,46,3,791.3596418783975
common,70,FTR-NM,stage2_component_local_compute_j_j,48,3,813.0120247432294
common,70,FTR-NM,stage2_component_local_compute_j_j,50,1,745.3757611706397
conditional,70,RGA-MR,stage2_component_local_compute_j_j,46,3,791.3596411049083
conditional,70,RGA-MR,stage2_component_local_compute_j_j,48,3,805.1083883482437
conditional,70,RGA-MR,stage2_component_local_compute_j_j,50,3,745.3757630656829
common,70,RGA-MR,stage2_component_local_compute_j_j,46,3,791.3596411049083
common,70,RGA-MR,stage2_component_local_compute_j_j,48,3,805.1083883482437
common,70,RGA-MR,stage2_component_local_compute_j_j,50,1,745.3757630656829
conditional,70,B-ALNS,stage2_component_local_compute_j_j,45,3,861.0850810026483
conditional,70,B-ALNS,stage2_component_local_compute_j_j,46,3,986.9012494397576
conditional,70,B-ALNS,stage2_component_local_compute_j_j,47,3,955.5390136538448
conditional,70,B-ALNS,stage2_component_local_compute_j_j,48,3,853.8274925937051
conditional,70,B-ALNS,stage2_component_local_compute_j_j,49,3,975.6409265051759
conditional,70,B-ALNS,stage2_component_local_compute_j_j,50,1,893.2516757966501
conditional,70,B-ALNS,stage2_component_local_compute_j_j,51,3,948.030029878364
conditional,70,B-ALNS,stage2_component_local_compute_j_j,52,3,900.600902662472
common,70,B-ALNS,stage2_component_local_compute_j_j,46,3,986.9012494397576
common,70,B-ALNS,stage2_component_local_compute_j_j,48,3,853.8274925937051
common,70,B-ALNS,stage2_component_local_compute_j_j,50,1,893.2516757966501
conditional,70,ESI-ALNS,stage2_component_local_compute_j_j,45,3,858.4009488623781
conditional,70,ESI-ALNS,stage2_component_local_compute_j_j,46,3,982.8613426282577
conditional,70,ESI-ALNS,stage2_component_local_compute_j_j,47,3,957.009100436139
conditional,70,ESI-ALNS,stage2_component_local_compute_j_j,48,3,860.1452236110531
conditional,70,ESI-ALNS,stage2_component_local_compute_j_j,49,3,984.5794242000159
conditional,70,ESI-ALNS,stage2_component_local_compute_j_j,50,1,904.7360702938139
conditional,70,ESI-ALNS,stage2_component_local_compute_j_j,51,3,944.5742060109752
conditional,70,ESI-ALNS,stage2_component_local_compute_j_j,52,3,865.7642723042229
common,70,ESI-ALNS,stage2_component_local_compute_j_j,46,3,982.8613426282577
common,70,ESI-ALNS,stage2_component_local_compute_j_j,48,3,860.1452236110531
common,70,ESI-ALNS,stage2_component_local_compute_j_j,50,1,904.7360702938139
paired,70,GR-MR,stage2_component_local_compute_j_j,46,3,191.50170152334942
paired,70,GR-MR,stage2_component_local_compute_j_j,48,3,47.13319826350062
paired,70,GR-MR,stage2_component_local_compute_j_j,50,1,159.36030722813098
paired,70,FTR-NM,stage2_component_local_compute_j_j,46,3,191.50170074986022
paired,70,FTR-NM,stage2_component_local_compute_j_j,48,3,47.133198867823694
paired,70,FTR-NM,stage2_component_local_compute_j_j,50,1,159.36030912317415
paired,70,RGA-MR,stage2_component_local_compute_j_j,46,3,191.50170152334942
paired,70,RGA-MR,stage2_component_local_compute_j_j,48,3,55.03683526280944
paired,70,RGA-MR,stage2_component_local_compute_j_j,50,1,159.36030722813098
paired,70,B-ALNS,stage2_component_local_compute_j_j,45,3,-2.68413214027017
paired,70,B-ALNS,stage2_component_local_compute_j_j,46,3,-4.039906811499956
paired,70,B-ALNS,stage2_component_local_compute_j_j,47,3,1.4700867822940988
paired,70,B-ALNS,stage2_component_local_compute_j_j,48,3,6.317731017348062
paired,70,B-ALNS,stage2_component_local_compute_j_j,49,3,8.938497694839953
paired,70,B-ALNS,stage2_component_local_compute_j_j,50,1,11.484394497163748
paired,70,B-ALNS,stage2_component_local_compute_j_j,51,3,-3.4558238673887067
paired,70,B-ALNS,stage2_component_local_compute_j_j,52,3,-34.8366303582491
conditional,70,GR-MR,stage2_component_transmit_j_j,46,1,0.647347425190839
conditional,70,GR-MR,stage2_component_transmit_j_j,48,1,0.5669954900158751
conditional,70,GR-MR,stage2_component_transmit_j_j,50,1,0.9213426592753315
common,70,GR-MR,stage2_component_transmit_j_j,46,3,0.647347425190839
common,70,GR-MR,stage2_component_transmit_j_j,48,3,0.5669954900158751
common,70,GR-MR,stage2_component_transmit_j_j,50,1,0.9213426592753315
conditional,70,FTR-NM,stage2_component_transmit_j_j,46,1,1.0941810675558863
conditional,70,FTR-NM,stage2_component_transmit_j_j,48,1,0.9938538427062822
conditional,70,FTR-NM,stage2_component_transmit_j_j,50,1,1.195912416799701
common,70,FTR-NM,stage2_component_transmit_j_j,46,3,1.0941810675558863
common,70,FTR-NM,stage2_component_transmit_j_j,48,3,0.9938538427062822
common,70,FTR-NM,stage2_component_transmit_j_j,50,1,1.195912416799701
conditional,70,RGA-MR,stage2_component_transmit_j_j,46,3,0.647347425190839
conditional,70,RGA-MR,stage2_component_transmit_j_j,48,3,0.5718658437920218
conditional,70,RGA-MR,stage2_component_transmit_j_j,50,3,0.9213426592753315
common,70,RGA-MR,stage2_component_transmit_j_j,46,3,0.647347425190839
common,70,RGA-MR,stage2_component_transmit_j_j,48,3,0.5718658437920218
common,70,RGA-MR,stage2_component_transmit_j_j,50,1,0.9213426592753315
conditional,70,B-ALNS,stage2_component_transmit_j_j,45,3,1.1405307461064853
conditional,70,B-ALNS,stage2_component_transmit_j_j,46,3,0.3583531940741397
conditional,70,B-ALNS,stage2_component_transmit_j_j,47,3,0.5128540254655686
conditional,70,B-ALNS,stage2_component_transmit_j_j,48,3,0.695431663058891
conditional,70,B-ALNS,stage2_component_transmit_j_j,49,3,0.4904594333943961
conditional,70,B-ALNS,stage2_component_transmit_j_j,50,1,0.6561255378276266
conditional,70,B-ALNS,stage2_component_transmit_j_j,51,3,0.49279832399927104
conditional,70,B-ALNS,stage2_component_transmit_j_j,52,3,0.9407224007737454
common,70,B-ALNS,stage2_component_transmit_j_j,46,3,0.3583531940741397
common,70,B-ALNS,stage2_component_transmit_j_j,48,3,0.695431663058891
common,70,B-ALNS,stage2_component_transmit_j_j,50,1,0.6561255378276266
conditional,70,ESI-ALNS,stage2_component_transmit_j_j,45,3,1.1617990905354616
conditional,70,ESI-ALNS,stage2_component_transmit_j_j,46,3,0.3789073841067239
conditional,70,ESI-ALNS,stage2_component_transmit_j_j,47,3,0.5358709527876939
conditional,70,ESI-ALNS,stage2_component_transmit_j_j,48,3,0.8044745537389184
conditional,70,ESI-ALNS,stage2_component_transmit_j_j,49,3,0.4645093095552624
conditional,70,ESI-ALNS,stage2_component_transmit_j_j,50,1,0.6561231606332469
conditional,70,ESI-ALNS,stage2_component_transmit_j_j,51,3,0.5337774586542099
conditional,70,ESI-ALNS,stage2_component_transmit_j_j,52,3,0.9407223682070597
common,70,ESI-ALNS,stage2_component_transmit_j_j,46,3,0.3789073841067239
common,70,ESI-ALNS,stage2_component_transmit_j_j,48,3,0.8044745537389184
common,70,ESI-ALNS,stage2_component_transmit_j_j,50,1,0.6561231606332469
paired,70,GR-MR,stage2_component_transmit_j_j,46,3,-0.26844004108411507
paired,70,GR-MR,stage2_component_transmit_j_j,48,3,0.23747906372304334
paired,70,GR-MR,stage2_component_transmit_j_j,50,1,-0.2652194986420846
paired,70,FTR-NM,stage2_component_transmit_j_j,46,3,-0.7152736834491623
paired,70,FTR-NM,stage2_component_transmit_j_j,48,3,-0.1893792889673637
paired,70,FTR-NM,stage2_component_transmit_j_j,50,1,-0.5397892561664541
paired,70,RGA-MR,stage2_component_transmit_j_j,46,3,-0.26844004108411507
paired,70,RGA-MR,stage2_component_transmit_j_j,48,3,0.2326087099468967
paired,70,RGA-MR,stage2_component_transmit_j_j,50,1,-0.2652194986420846
paired,70,B-ALNS,stage2_component_transmit_j_j,45,3,0.021268344428976366
paired,70,B-ALNS,stage2_component_transmit_j_j,46,3,0.020554190032584223
paired,70,B-ALNS,stage2_component_transmit_j_j,47,3,0.023016927322125274
paired,70,B-ALNS,stage2_component_transmit_j_j,48,3,0.10904289068002744
paired,70,B-ALNS,stage2_component_transmit_j_j,49,3,-0.025950123839133754
paired,70,B-ALNS,stage2_component_transmit_j_j,50,1,-2.3771943796768724e-06
paired,70,B-ALNS,stage2_component_transmit_j_j,51,3,0.04097913465493882
paired,70,B-ALNS,stage2_component_transmit_j_j,52,3,-3.256668560750834e-08
conditional,70,GR-MR,stage2_component_upload_hover_j_j,46,1,1294.694850381678
conditional,70,GR-MR,stage2_component_upload_hover_j_j,48,1,1133.9909800317503
conditional,70,GR-MR,stage2_component_upload_hover_j_j,50,1,1842.685318550663
common,70,GR-MR,stage2_component_upload_hover_j_j,46,3,1294.694850381678
common,70,GR-MR,stage2_component_upload_hover_j_j,48,3,1133.9909800317503
common,70,GR-MR,stage2_component_upload_hover_j_j,50,1,1842.685318550663
conditional,70,FTR-NM,stage2_component_upload_hover_j_j,46,1,2188.362135111772
conditional,70,FTR-NM,stage2_component_upload_hover_j_j,48,1,1987.7076854125644
conditional,70,FTR-NM,stage2_component_upload_hover_j_j,50,1,2391.824833599402
common,70,FTR-NM,stage2_component_upload_hover_j_j,46,3,2188.362135111772
common,70,FTR-NM,stage2_component_upload_hover_j_j,48,3,1987.7076854125644
common,70,FTR-NM,stage2_component_upload_hover_j_j,50,1,2391.824833599402
conditional,70,RGA-MR,stage2_component_upload_hover_j_j,46,3,1294.694850381678
conditional,70,RGA-MR,stage2_component_upload_hover_j_j,48,3,1143.7316875840436
conditional,70,RGA-MR,stage2_component_upload_hover_j_j,50,3,1842.685318550663
common,70,RGA-MR,stage2_component_upload_hover_j_j,46,3,1294.694850381678
common,70,RGA-MR,stage2_component_upload_hover_j_j,48,3,1143.7316875840436
common,70,RGA-MR,stage2_component_upload_hover_j_j,50,1,1842.685318550663
conditional,70,B-ALNS,stage2_component_upload_hover_j_j,45,3,2281.0614922129707
conditional,70,B-ALNS,stage2_component_upload_hover_j_j,46,3,716.7063881482793
conditional,70,B-ALNS,stage2_component_upload_hover_j_j,47,3,1025.7080509311372
conditional,70,B-ALNS,stage2_component_upload_hover_j_j,48,3,1390.863326117782
conditional,70,B-ALNS,stage2_component_upload_hover_j_j,49,3,980.9188667887922
conditional,70,B-ALNS,stage2_component_upload_hover_j_j,50,1,1312.2510756552529
conditional,70,B-ALNS,stage2_component_upload_hover_j_j,51,3,985.5966479985419
conditional,70,B-ALNS,stage2_component_upload_hover_j_j,52,3,1881.4448015474904
common,70,B-ALNS,stage2_component_upload_hover_j_j,46,3,716.7063881482793
common,70,B-ALNS,stage2_component_upload_hover_j_j,48,3,1390.863326117782
common,70,B-ALNS,stage2_component_upload_hover_j_j,50,1,1312.2510756552529
conditional,70,ESI-ALNS,stage2_component_upload_hover_j_j,45,3,2323.598181070923
conditional,70,ESI-ALNS,stage2_component_upload_hover_j_j,46,3,757.8147682134478
conditional,70,ESI-ALNS,stage2_component_upload_hover_j_j,47,3,1071.7419055753876
conditional,70,ESI-ALNS,stage2_component_upload_hover_j_j,48,3,1608.9491074778368
conditional,70,ESI-ALNS,stage2_component_upload_hover_j_j,49,3,929.0186191105247
conditional,70,ESI-ALNS,stage2_component_upload_hover_j_j,50,1,1312.2463212664939
conditional,70,ESI-ALNS,stage2_component_upload_hover_j_j,51,3,1067.5549173084198
conditional,70,ESI-ALNS,stage2_component_upload_hover_j_j,52,3,1881.4447364141192
common,70,ESI-ALNS,stage2_component_upload_hover_j_j,46,3,757.8147682134478
common,70,ESI-ALNS,stage2_component_upload_hover_j_j,48,3,1608.9491074778368
common,70,ESI-ALNS,stage2_component_upload_hover_j_j,50,1,1312.2463212664939
paired,70,GR-MR,stage2_component_upload_hover_j_j,46,3,-536.8800821682302
paired,70,GR-MR,stage2_component_upload_hover_j_j,48,3,474.9581274460865
paired,70,GR-MR,stage2_component_upload_hover_j_j,50,1,-530.4389972841691
paired,70,FTR-NM,stage2_component_upload_hover_j_j,46,3,-1430.5473668983245
paired,70,FTR-NM,stage2_component_upload_hover_j_j,48,3,-378.7585779347276
paired,70,FTR-NM,stage2_component_upload_hover_j_j,50,1,-1079.5785123329083
paired,70,RGA-MR,stage2_component_upload_hover_j_j,46,3,-536.8800821682302
paired,70,RGA-MR,stage2_component_upload_hover_j_j,48,3,465.21741989379325
paired,70,RGA-MR,stage2_component_upload_hover_j_j,50,1,-530.4389972841691
paired,70,B-ALNS,stage2_component_upload_hover_j_j,45,3,42.53668885795256
paired,70,B-ALNS,stage2_component_upload_hover_j_j,46,3,41.108380065168454
paired,70,B-ALNS,stage2_component_upload_hover_j_j,47,3,46.033854644250404
paired,70,B-ALNS,stage2_component_upload_hover_j_j,48,3,218.08578136005485
paired,70,B-ALNS,stage2_component_upload_hover_j_j,49,3,-51.90024767826761
paired,70,B-ALNS,stage2_component_upload_hover_j_j,50,1,-0.004754388759010908
paired,70,B-ALNS,stage2_component_upload_hover_j_j,51,3,81.95826930987782
paired,70,B-ALNS,stage2_component_upload_hover_j_j,52,3,-6.51333712842946e-05
conditional,70,GR-MR,stage2_energy_j,46,1,243824.321615663
conditional,70,GR-MR,stage2_energy_j,48,1,249453.1956313547
conditional,70,GR-MR,stage2_energy_j,50,1,247338.23696203323
common,70,GR-MR,stage2_energy_j,46,3,243824.321615663
common,70,GR-MR,stage2_energy_j,48,3,249453.1956313547
common,70,GR-MR,stage2_energy_j,50,1,247338.23696203323
conditional,70,FTR-NM,stage2_energy_j,46,1,250009.2838733996
conditional,70,FTR-NM,stage2_energy_j,48,1,260833.33640014858
conditional,70,FTR-NM,stage2_energy_j,50,1,250744.21606921108
common,70,FTR-NM,stage2_energy_j,46,3,250009.2838733996
common,70,FTR-NM,stage2_energy_j,48,3,260833.33640014858
common,70,FTR-NM,stage2_energy_j,50,1,250744.21606921108
conditional,70,RGA-MR,stage2_energy_j,46,3,243824.321615663
conditional,70,RGA-MR,stage2_energy_j,48,3,248091.14616642107
conditional,70,RGA-MR,stage2_energy_j,50,3,247338.23696203323
common,70,RGA-MR,stage2_energy_j,46,3,243824.321615663
common,70,RGA-MR,stage2_energy_j,48,3,248091.14616642107
common,70,RGA-MR,stage2_energy_j,50,1,247338.23696203323
conditional,70,B-ALNS,stage2_energy_j,45,3,200476.32667258423
conditional,70,B-ALNS,stage2_energy_j,46,3,210884.8682227786
conditional,70,B-ALNS,stage2_energy_j,47,3,203697.2514207431
conditional,70,B-ALNS,stage2_energy_j,48,3,203341.53608516813
conditional,70,B-ALNS,stage2_energy_j,49,3,209105.09398719604
conditional,70,B-ALNS,stage2_energy_j,50,1,205338.1883191416
conditional,70,B-ALNS,stage2_energy_j,51,3,230576.16709654836
conditional,70,B-ALNS,stage2_energy_j,52,3,201164.63797309133
common,70,B-ALNS,stage2_energy_j,46,3,210884.8682227786
common,70,B-ALNS,stage2_energy_j,48,3,203341.53608516813
common,70,B-ALNS,stage2_energy_j,50,1,205338.1883191416
conditional,70,ESI-ALNS,stage2_energy_j,45,3,200301.0743410321
conditional,70,ESI-ALNS,stage2_energy_j,46,3,207199.47889050175
conditional,70,ESI-ALNS,stage2_energy_j,47,3,199894.37803159017
conditional,70,ESI-ALNS,stage2_energy_j,48,3,201532.1552818237
conditional,70,ESI-ALNS,stage2_energy_j,49,3,204701.82562597393
conditional,70,ESI-ALNS,stage2_energy_j,50,1,200577.8654515965
conditional,70,ESI-ALNS,stage2_energy_j,51,3,228095.93979809154
conditional,70,ESI-ALNS,stage2_energy_j,52,3,201099.04080790165
common,70,ESI-ALNS,stage2_energy_j,46,3,207199.47889050175
common,70,ESI-ALNS,stage2_energy_j,48,3,201532.1552818237
common,70,ESI-ALNS,stage2_energy_j,50,1,200577.8654515965
paired,70,GR-MR,stage2_energy_j,46,3,-36624.84272516125
paired,70,GR-MR,stage2_energy_j,48,3,-47921.04034953098
paired,70,GR-MR,stage2_energy_j,50,1,-46760.37151043673
paired,70,FTR-NM,stage2_energy_j,46,3,-42809.80498289785
paired,70,FTR-NM,stage2_energy_j,48,3,-59301.18111832486
paired,70,FTR-NM,stage2_energy_j,50,1,-50166.350617614575
paired,70,RGA-MR,stage2_energy_j,46,3,-36624.84272516125
paired,70,RGA-MR,stage2_energy_j,48,3,-46558.99088459733
paired,70,RGA-MR,stage2_energy_j,50,1,-46760.37151043673
paired,70,B-ALNS,stage2_energy_j,45,3,-175.25233155211512
paired,70,B-ALNS,stage2_energy_j,46,3,-3685.3893322768467
paired,70,B-ALNS,stage2_energy_j,47,3,-3802.8733891529264
paired,70,B-ALNS,stage2_energy_j,48,3,-1809.3808033444027
paired,70,B-ALNS,stage2_energy_j,49,3,-4403.268361222096
paired,70,B-ALNS,stage2_energy_j,50,1,-4760.3228675450955
paired,70,B-ALNS,stage2_energy_j,51,3,-2480.2272984568262
paired,70,B-ALNS,stage2_energy_j,52,3,-65.59716518967373
conditional,70,GR-MR,stage2_replay_s,46,1,1.3006063749999939
conditional,70,GR-MR,stage2_replay_s,48,1,0.689227719999991
conditional,70,GR-MR,stage2_replay_s,50,1,0.6942178499999869
common,70,GR-MR,stage2_replay_s,46,3,1.3006063749999939
common,70,GR-MR,stage2_replay_s,48,3,0.689227719999991
common,70,GR-MR,stage2_replay_s,50,1,0.6942178499999869
conditional,70,FTR-NM,stage2_replay_s,46,1,0.7298176040000044
conditional,70,FTR-NM,stage2_replay_s,48,1,0.7083203969999943
conditional,70,FTR-NM,stage2_replay_s,50,1,1.248999739999988
common,70,FTR-NM,stage2_replay_s,46,3,0.7298176040000044
common,70,FTR-NM,stage2_replay_s,48,3,0.7083203969999943
common,70,FTR-NM,stage2_replay_s,50,1,1.248999739999988
conditional,70,RGA-MR,stage2_replay_s,46,3,1.316481868666666
conditional,70,RGA-MR,stage2_replay_s,48,3,0.6522978546666659
conditional,70,RGA-MR,stage2_replay_s,50,3,0.6265746316666707
common,70,RGA-MR,stage2_replay_s,46,3,1.316481868666666
common,70,RGA-MR,stage2_replay_s,48,3,0.6522978546666659
common,70,RGA-MR,stage2_replay_s,50,1,0.5881258609999946
conditional,70,B-ALNS,stage2_replay_s,45,3,0.8197141586666655
conditional,70,B-ALNS,stage2_replay_s,46,3,0.895500301333333
conditional,70,B-ALNS,stage2_replay_s,47,3,1.5502804966666635
conditional,70,B-ALNS,stage2_replay_s,48,3,0.6582986686666695
conditional,70,B-ALNS,stage2_replay_s,49,3,0.6613779916666687
conditional,70,B-ALNS,stage2_replay_s,50,1,0.5960893060000103
conditional,70,B-ALNS,stage2_replay_s,51,3,1.1550379679999925
conditional,70,B-ALNS,stage2_replay_s,52,3,1.3047474723333277
common,70,B-ALNS,stage2_replay_s,46,3,0.895500301333333
common,70,B-ALNS,stage2_replay_s,48,3,0.6582986686666695
common,70,B-ALNS,stage2_replay_s,50,1,0.5960893060000103
conditional,70,ESI-ALNS,stage2_replay_s,45,3,0.8604200806666663
conditional,70,ESI-ALNS,stage2_replay_s,46,3,1.0584074939999983
conditional,70,ESI-ALNS,stage2_replay_s,47,3,1.031373280666666
conditional,70,ESI-ALNS,stage2_replay_s,48,3,0.6193401643333326
conditional,70,ESI-ALNS,stage2_replay_s,49,3,0.6161149666666622
conditional,70,ESI-ALNS,stage2_replay_s,50,1,1.9396857290000042
conditional,70,ESI-ALNS,stage2_replay_s,51,3,0.6276464249999995
conditional,70,ESI-ALNS,stage2_replay_s,52,3,1.044271098666665
common,70,ESI-ALNS,stage2_replay_s,46,3,1.0584074939999983
common,70,ESI-ALNS,stage2_replay_s,48,3,0.6193401643333326
common,70,ESI-ALNS,stage2_replay_s,50,1,1.9396857290000042
paired,70,GR-MR,stage2_replay_s,46,3,-0.24219888099999545
paired,70,GR-MR,stage2_replay_s,48,3,-0.06988755566665834
paired,70,GR-MR,stage2_replay_s,50,1,1.2454678790000173
paired,70,FTR-NM,stage2_replay_s,46,3,0.328589889999994
paired,70,FTR-NM,stage2_replay_s,48,3,-0.08898023266666162
paired,70,FTR-NM,stage2_replay_s,50,1,0.6906859890000163
paired,70,RGA-MR,stage2_replay_s,46,3,-0.25807437466666744
paired,70,RGA-MR,stage2_replay_s,48,3,-0.03295769033333329
paired,70,RGA-MR,stage2_replay_s,50,1,1.3515598680000096
paired,70,B-ALNS,stage2_replay_s,45,3,0.04070592200000078
paired,70,B-ALNS,stage2_replay_s,46,3,0.16290719266666542
paired,70,B-ALNS,stage2_replay_s,47,3,-0.5189072159999976
paired,70,B-ALNS,stage2_replay_s,48,3,-0.03895850433333692
paired,70,B-ALNS,stage2_replay_s,49,3,-0.045263025000006486
paired,70,B-ALNS,stage2_replay_s,50,1,1.343596422999994
paired,70,B-ALNS,stage2_replay_s,51,3,-0.5273915429999931
paired,70,B-ALNS,stage2_replay_s,52,3,-0.26047637366666265
conditional,70,GR-MR,total_distance_m,46,1,12652.08998759729
conditional,70,GR-MR,total_distance_m,48,1,12972.534757249188
conditional,70,GR-MR,total_distance_m,50,1,12819.403029875422
common,70,GR-MR,total_distance_m,46,3,12652.08998759729
common,70,GR-MR,total_distance_m,48,3,12972.534757249188
common,70,GR-MR,total_distance_m,50,1,12819.403029875422
conditional,70,FTR-NM,total_distance_m,46,1,12946.02599529677
conditional,70,FTR-NM,total_distance_m,48,1,13557.312379786115
conditional,70,FTR-NM,total_distance_m,50,1,12978.101086779123
common,70,FTR-NM,total_distance_m,46,3,12946.02599529677
common,70,FTR-NM,total_distance_m,48,3,13557.312379786115
common,70,FTR-NM,total_distance_m,50,1,12978.101086779123
conditional,70,RGA-MR,total_distance_m,46,3,12652.08998759729
conditional,70,RGA-MR,total_distance_m,48,3,12896.763012480276
conditional,70,RGA-MR,total_distance_m,50,3,12819.403029875422
common,70,RGA-MR,total_distance_m,46,3,12652.08998759729
common,70,RGA-MR,total_distance_m,48,3,12896.763012480276
common,70,RGA-MR,total_distance_m,50,1,12819.403029875422
conditional,70,B-ALNS,total_distance_m,45,3,10185.168864923471
conditional,70,B-ALNS,total_distance_m,46,3,10843.383457333139
conditional,70,B-ALNS,total_distance_m,47,3,10428.638416785148
conditional,70,B-ALNS,total_distance_m,48,3,10394.230546377421
conditional,70,B-ALNS,total_distance_m,49,3,10730.44687413715
conditional,70,B-ALNS,total_distance_m,50,1,10507.334969008436
conditional,70,B-ALNS,total_distance_m,51,3,11924.558201130416
conditional,70,B-ALNS,total_distance_m,52,3,10243.425085915587
common,70,B-ALNS,total_distance_m,46,3,10843.383457333139
common,70,B-ALNS,total_distance_m,48,3,10394.230546377421
common,70,B-ALNS,total_distance_m,50,1,10507.334969008436
conditional,70,ESI-ALNS,total_distance_m,45,3,10173.217411778238
conditional,70,ESI-ALNS,total_distance_m,46,3,10636.57910401533
conditional,70,ESI-ALNS,total_distance_m,47,3,10214.727286368105
conditional,70,ESI-ALNS,total_distance_m,48,3,10281.236470898948
conditional,70,ESI-ALNS,total_distance_m,49,3,10488.209059630768
conditional,70,ESI-ALNS,total_distance_m,50,1,10242.234829826419
conditional,70,ESI-ALNS,total_distance_m,51,3,11782.404272072972
conditional,70,ESI-ALNS,total_distance_m,52,3,10241.716170934173
common,70,ESI-ALNS,total_distance_m,46,3,10636.57910401533
common,70,ESI-ALNS,total_distance_m,48,3,10281.236470898948
common,70,ESI-ALNS,total_distance_m,50,1,10242.234829826419
paired,70,GR-MR,total_distance_m,46,3,-2015.51088358196
paired,70,GR-MR,total_distance_m,48,3,-2691.29828635024
paired,70,GR-MR,total_distance_m,50,1,-2577.1682000490036
paired,70,FTR-NM,total_distance_m,46,3,-2309.4468912814395
paired,70,FTR-NM,total_distance_m,48,3,-3276.075908887167
paired,70,FTR-NM,total_distance_m,50,1,-2735.866256952704
paired,70,RGA-MR,total_distance_m,46,3,-2015.51088358196
paired,70,RGA-MR,total_distance_m,48,3,-2615.5265415813283
paired,70,RGA-MR,total_distance_m,50,1,-2577.1682000490036
paired,70,B-ALNS,total_distance_m,45,3,-11.951453145234458
paired,70,B-ALNS,total_distance_m,46,3,-206.8043533178085
paired,70,B-ALNS,total_distance_m,47,3,-213.91113041704375
paired,70,B-ALNS,total_distance_m,48,3,-112.99407547847174
paired,70,B-ALNS,total_distance_m,49,3,-242.23781450638126
paired,70,B-ALNS,total_distance_m,50,1,-265.1001391820173
paired,70,B-ALNS,total_distance_m,51,3,-142.15392905744253
paired,70,B-ALNS,total_distance_m,52,3,-1.7089149814158493
conditional,80,GR-MR,both_stages_qualified_rate,45,1,0.0
conditional,80,GR-MR,both_stages_qualified_rate,46,1,0.0
conditional,80,GR-MR,both_stages_qualified_rate,47,1,0.0
conditional,80,GR-MR,both_stages_qualified_rate,48,1,0.0
conditional,80,GR-MR,both_stages_qualified_rate,49,1,1.0
conditional,80,GR-MR,both_stages_qualified_rate,50,1,0.0
conditional,80,GR-MR,both_stages_qualified_rate,51,1,0.0
conditional,80,GR-MR,both_stages_qualified_rate,52,1,0.0
common,80,GR-MR,both_stages_qualified_rate,45,3,0.0
common,80,GR-MR,both_stages_qualified_rate,46,3,0.0
common,80,GR-MR,both_stages_qualified_rate,47,3,0.0
common,80,GR-MR,both_stages_qualified_rate,48,3,0.0
common,80,GR-MR,both_stages_qualified_rate,49,3,1.0
common,80,GR-MR,both_stages_qualified_rate,50,3,0.0
common,80,GR-MR,both_stages_qualified_rate,51,3,0.0
common,80,GR-MR,both_stages_qualified_rate,52,3,0.0
conditional,80,FTR-NM,both_stages_qualified_rate,45,1,0.0
conditional,80,FTR-NM,both_stages_qualified_rate,46,1,0.0
conditional,80,FTR-NM,both_stages_qualified_rate,47,1,0.0
conditional,80,FTR-NM,both_stages_qualified_rate,48,1,0.0
conditional,80,FTR-NM,both_stages_qualified_rate,49,1,1.0
conditional,80,FTR-NM,both_stages_qualified_rate,50,1,0.0
conditional,80,FTR-NM,both_stages_qualified_rate,51,1,0.0
conditional,80,FTR-NM,both_stages_qualified_rate,52,1,0.0
common,80,FTR-NM,both_stages_qualified_rate,45,3,0.0
common,80,FTR-NM,both_stages_qualified_rate,46,3,0.0
common,80,FTR-NM,both_stages_qualified_rate,47,3,0.0
common,80,FTR-NM,both_stages_qualified_rate,48,3,0.0
common,80,FTR-NM,both_stages_qualified_rate,49,3,1.0
common,80,FTR-NM,both_stages_qualified_rate,50,3,0.0
common,80,FTR-NM,both_stages_qualified_rate,51,3,0.0
common,80,FTR-NM,both_stages_qualified_rate,52,3,0.0
conditional,80,RGA-MR,both_stages_qualified_rate,45,3,0.0
conditional,80,RGA-MR,both_stages_qualified_rate,46,3,0.0
conditional,80,RGA-MR,both_stages_qualified_rate,47,3,0.0
conditional,80,RGA-MR,both_stages_qualified_rate,48,3,0.0
conditional,80,RGA-MR,both_stages_qualified_rate,49,3,1.0
conditional,80,RGA-MR,both_stages_qualified_rate,50,3,0.0
conditional,80,RGA-MR,both_stages_qualified_rate,51,3,0.0
conditional,80,RGA-MR,both_stages_qualified_rate,52,3,0.0
common,80,RGA-MR,both_stages_qualified_rate,45,3,0.0
common,80,RGA-MR,both_stages_qualified_rate,46,3,0.0
common,80,RGA-MR,both_stages_qualified_rate,47,3,0.0
common,80,RGA-MR,both_stages_qualified_rate,48,3,0.0
common,80,RGA-MR,both_stages_qualified_rate,49,3,1.0
common,80,RGA-MR,both_stages_qualified_rate,50,3,0.0
common,80,RGA-MR,both_stages_qualified_rate,51,3,0.0
common,80,RGA-MR,both_stages_qualified_rate,52,3,0.0
conditional,80,B-ALNS,both_stages_qualified_rate,45,3,1.0
conditional,80,B-ALNS,both_stages_qualified_rate,46,3,1.0
conditional,80,B-ALNS,both_stages_qualified_rate,47,3,1.0
conditional,80,B-ALNS,both_stages_qualified_rate,48,3,1.0
conditional,80,B-ALNS,both_stages_qualified_rate,49,3,0.6666666666666666
conditional,80,B-ALNS,both_stages_qualified_rate,50,3,1.0
conditional,80,B-ALNS,both_stages_qualified_rate,51,3,1.0
conditional,80,B-ALNS,both_stages_qualified_rate,52,3,0.3333333333333333
common,80,B-ALNS,both_stages_qualified_rate,45,3,1.0
common,80,B-ALNS,both_stages_qualified_rate,46,3,1.0
common,80,B-ALNS,both_stages_qualified_rate,47,3,1.0
common,80,B-ALNS,both_stages_qualified_rate,48,3,1.0
common,80,B-ALNS,both_stages_qualified_rate,49,3,0.6666666666666666
common,80,B-ALNS,both_stages_qualified_rate,50,3,1.0
common,80,B-ALNS,both_stages_qualified_rate,51,3,1.0
common,80,B-ALNS,both_stages_qualified_rate,52,3,0.3333333333333333
conditional,80,ESI-ALNS,both_stages_qualified_rate,45,3,1.0
conditional,80,ESI-ALNS,both_stages_qualified_rate,46,3,1.0
conditional,80,ESI-ALNS,both_stages_qualified_rate,47,3,1.0
conditional,80,ESI-ALNS,both_stages_qualified_rate,48,3,1.0
conditional,80,ESI-ALNS,both_stages_qualified_rate,49,3,0.6666666666666666
conditional,80,ESI-ALNS,both_stages_qualified_rate,50,3,1.0
conditional,80,ESI-ALNS,both_stages_qualified_rate,51,3,1.0
conditional,80,ESI-ALNS,both_stages_qualified_rate,52,3,0.3333333333333333
common,80,ESI-ALNS,both_stages_qualified_rate,45,3,1.0
common,80,ESI-ALNS,both_stages_qualified_rate,46,3,1.0
common,80,ESI-ALNS,both_stages_qualified_rate,47,3,1.0
common,80,ESI-ALNS,both_stages_qualified_rate,48,3,1.0
common,80,ESI-ALNS,both_stages_qualified_rate,49,3,0.6666666666666666
common,80,ESI-ALNS,both_stages_qualified_rate,50,3,1.0
common,80,ESI-ALNS,both_stages_qualified_rate,51,3,1.0
common,80,ESI-ALNS,both_stages_qualified_rate,52,3,0.3333333333333333
paired,80,GR-MR,both_stages_qualified_rate,45,3,1.0
paired,80,GR-MR,both_stages_qualified_rate,46,3,1.0
paired,80,GR-MR,both_stages_qualified_rate,47,3,1.0
paired,80,GR-MR,both_stages_qualified_rate,48,3,1.0
paired,80,GR-MR,both_stages_qualified_rate,49,3,-0.3333333333333333
paired,80,GR-MR,both_stages_qualified_rate,50,3,1.0
paired,80,GR-MR,both_stages_qualified_rate,51,3,1.0
paired,80,GR-MR,both_stages_qualified_rate,52,3,0.3333333333333333
paired,80,FTR-NM,both_stages_qualified_rate,45,3,1.0
paired,80,FTR-NM,both_stages_qualified_rate,46,3,1.0
paired,80,FTR-NM,both_stages_qualified_rate,47,3,1.0
paired,80,FTR-NM,both_stages_qualified_rate,48,3,1.0
paired,80,FTR-NM,both_stages_qualified_rate,49,3,-0.3333333333333333
paired,80,FTR-NM,both_stages_qualified_rate,50,3,1.0
paired,80,FTR-NM,both_stages_qualified_rate,51,3,1.0
paired,80,FTR-NM,both_stages_qualified_rate,52,3,0.3333333333333333
paired,80,RGA-MR,both_stages_qualified_rate,45,3,1.0
paired,80,RGA-MR,both_stages_qualified_rate,46,3,1.0
paired,80,RGA-MR,both_stages_qualified_rate,47,3,1.0
paired,80,RGA-MR,both_stages_qualified_rate,48,3,1.0
paired,80,RGA-MR,both_stages_qualified_rate,49,3,-0.3333333333333333
paired,80,RGA-MR,both_stages_qualified_rate,50,3,1.0
paired,80,RGA-MR,both_stages_qualified_rate,51,3,1.0
paired,80,RGA-MR,both_stages_qualified_rate,52,3,0.3333333333333333
paired,80,B-ALNS,both_stages_qualified_rate,45,3,0.0
paired,80,B-ALNS,both_stages_qualified_rate,46,3,0.0
paired,80,B-ALNS,both_stages_qualified_rate,47,3,0.0
paired,80,B-ALNS,both_stages_qualified_rate,48,3,0.0
paired,80,B-ALNS,both_stages_qualified_rate,49,3,0.0
paired,80,B-ALNS,both_stages_qualified_rate,50,3,0.0
paired,80,B-ALNS,both_stages_qualified_rate,51,3,0.0
paired,80,B-ALNS,both_stages_qualified_rate,52,3,0.0
conditional,80,GR-MR,contacts,49,1,5.0
common,80,GR-MR,contacts,49,2,5.0
conditional,80,FTR-NM,contacts,49,1,6.0
common,80,FTR-NM,contacts,49,2,6.0
conditional,80,RGA-MR,contacts,49,3,5.0
common,80,RGA-MR,contacts,49,2,5.0
conditional,80,B-ALNS,contacts,45,3,6.333333333333333
conditional,80,B-ALNS,contacts,46,3,6.0
conditional,80,B-ALNS,contacts,47,3,5.666666666666667
conditional,80,B-ALNS,contacts,48,3,4.333333333333333
conditional,80,B-ALNS,contacts,49,2,5.0
conditional,80,B-ALNS,contacts,50,3,5.0
conditional,80,B-ALNS,contacts,51,3,6.0
conditional,80,B-ALNS,contacts,52,1,6.0
common,80,B-ALNS,contacts,49,2,5.0
conditional,80,ESI-ALNS,contacts,45,3,5.333333333333333
conditional,80,ESI-ALNS,contacts,46,3,4.666666666666667
conditional,80,ESI-ALNS,contacts,47,3,5.666666666666667
conditional,80,ESI-ALNS,contacts,48,3,4.0
conditional,80,ESI-ALNS,contacts,49,2,4.0
conditional,80,ESI-ALNS,contacts,50,3,5.0
conditional,80,ESI-ALNS,contacts,51,3,5.333333333333333
conditional,80,ESI-ALNS,contacts,52,1,6.0
common,80,ESI-ALNS,contacts,49,2,4.0
paired,80,GR-MR,contacts,49,2,-1.0
paired,80,FTR-NM,contacts,49,2,-2.0
paired,80,RGA-MR,contacts,49,2,-1.0
paired,80,B-ALNS,contacts,45,3,-1.0
paired,80,B-ALNS,contacts,46,3,-1.3333333333333333
paired,80,B-ALNS,contacts,47,3,0.0
paired,80,B-ALNS,contacts,48,3,-0.3333333333333333
paired,80,B-ALNS,contacts,49,2,-1.0
paired,80,B-ALNS,contacts,50,3,0.0
paired,80,B-ALNS,contacts,51,3,-0.6666666666666666
paired,80,B-ALNS,contacts,52,1,0.0
conditional,80,GR-MR,cpu_stage2_minus_stage1,49,1,-1.0302463739886334
common,80,GR-MR,cpu_stage2_minus_stage1,49,2,-1.0302463739886334
conditional,80,FTR-NM,cpu_stage2_minus_stage1,49,1,-1.3560504110270863
common,80,FTR-NM,cpu_stage2_minus_stage1,49,2,-1.3560504110270863
conditional,80,RGA-MR,cpu_stage2_minus_stage1,49,3,-1.0302463739886334
common,80,RGA-MR,cpu_stage2_minus_stage1,49,2,-1.0302463739886334
conditional,80,B-ALNS,cpu_stage2_minus_stage1,45,3,-0.9298626562408063
conditional,80,B-ALNS,cpu_stage2_minus_stage1,46,3,-0.9156068230902124
conditional,80,B-ALNS,cpu_stage2_minus_stage1,47,3,-0.8038264019495263
conditional,80,B-ALNS,cpu_stage2_minus_stage1,48,3,-1.0534149555528325
conditional,80,B-ALNS,cpu_stage2_minus_stage1,49,2,-0.7930843065592581
conditional,80,B-ALNS,cpu_stage2_minus_stage1,50,3,-0.7893844409586872
conditional,80,B-ALNS,cpu_stage2_minus_stage1,51,3,-0.5506342686335227
conditional,80,B-ALNS,cpu_stage2_minus_stage1,52,1,-0.8260962173400155
common,80,B-ALNS,cpu_stage2_minus_stage1,49,2,-0.7930843065592581
conditional,80,ESI-ALNS,cpu_stage2_minus_stage1,45,3,-1.0599345343558118
conditional,80,ESI-ALNS,cpu_stage2_minus_stage1,46,3,-0.8654283195043518
conditional,80,ESI-ALNS,cpu_stage2_minus_stage1,47,3,-0.6300336876722525
conditional,80,ESI-ALNS,cpu_stage2_minus_stage1,48,3,-1.1009476796130262
conditional,80,ESI-ALNS,cpu_stage2_minus_stage1,49,2,-0.7802273380576069
conditional,80,ESI-ALNS,cpu_stage2_minus_stage1,50,3,-0.8010038504929212
conditional,80,ESI-ALNS,cpu_stage2_minus_stage1,51,3,-0.5525072108711943
conditional,80,ESI-ALNS,cpu_stage2_minus_stage1,52,1,-1.2573909980990319
common,80,ESI-ALNS,cpu_stage2_minus_stage1,49,2,-0.7802273380576069
paired,80,GR-MR,cpu_stage2_minus_stage1,49,2,0.2500190359310265
paired,80,FTR-NM,cpu_stage2_minus_stage1,49,2,0.5758230729694794
paired,80,RGA-MR,cpu_stage2_minus_stage1,49,2,0.2500190359310265
paired,80,B-ALNS,cpu_stage2_minus_stage1,45,3,-0.13007187811500534
paired,80,B-ALNS,cpu_stage2_minus_stage1,46,3,0.05017850358586048
paired,80,B-ALNS,cpu_stage2_minus_stage1,47,3,0.17379271427727372
paired,80,B-ALNS,cpu_stage2_minus_stage1,48,3,-0.047532724060193786
paired,80,B-ALNS,cpu_stage2_minus_stage1,49,2,0.01285696850165119
paired,80,B-ALNS,cpu_stage2_minus_stage1,50,3,-0.01161940953423409
paired,80,B-ALNS,cpu_stage2_minus_stage1,51,3,-0.0018729422376715377
paired,80,B-ALNS,cpu_stage2_minus_stage1,52,1,-0.4312947807590164
conditional,80,GR-MR,energy_stage2_minus_stage1_j,49,1,0.26276221935404465
common,80,GR-MR,energy_stage2_minus_stage1_j,49,2,0.26276221935404465
conditional,80,FTR-NM,energy_stage2_minus_stage1_j,49,1,0.25842975900741294
common,80,FTR-NM,energy_stage2_minus_stage1_j,49,2,0.25842975900741294
conditional,80,RGA-MR,energy_stage2_minus_stage1_j,49,3,0.26276221935404465
common,80,RGA-MR,energy_stage2_minus_stage1_j,49,2,0.26276221935404465
conditional,80,B-ALNS,energy_stage2_minus_stage1_j,45,3,0.24684729372772077
conditional,80,B-ALNS,energy_stage2_minus_stage1_j,46,3,0.21807329282940677
conditional,80,B-ALNS,energy_stage2_minus_stage1_j,47,3,0.22519423950385922
conditional,80,B-ALNS,energy_stage2_minus_stage1_j,48,3,0.22579723487918577
conditional,80,B-ALNS,energy_stage2_minus_stage1_j,49,2,0.21017516592110042
conditional,80,B-ALNS,energy_stage2_minus_stage1_j,50,3,0.22024370676566227
conditional,80,B-ALNS,energy_stage2_minus_stage1_j,51,3,0.2301824360814256
conditional,80,B-ALNS,energy_stage2_minus_stage1_j,52,1,0.22676122930715792
common,80,B-ALNS,energy_stage2_minus_stage1_j,49,2,0.21017516592110042
conditional,80,ESI-ALNS,energy_stage2_minus_stage1_j,45,3,0.24162011417017007
conditional,80,ESI-ALNS,energy_stage2_minus_stage1_j,46,3,0.2160913433181122
conditional,80,ESI-ALNS,energy_stage2_minus_stage1_j,47,3,0.22259306804820275
conditional,80,ESI-ALNS,energy_stage2_minus_stage1_j,48,3,0.22560247196815908
conditional,80,ESI-ALNS,energy_stage2_minus_stage1_j,49,2,0.20992389314051252
conditional,80,ESI-ALNS,energy_stage2_minus_stage1_j,50,3,0.22009501686746566
conditional,80,ESI-ALNS,energy_stage2_minus_stage1_j,51,3,0.22943248764689392
conditional,80,ESI-ALNS,energy_stage2_minus_stage1_j,52,1,0.2266024836571887
common,80,ESI-ALNS,energy_stage2_minus_stage1_j,49,2,0.20992389314051252
paired,80,GR-MR,energy_stage2_minus_stage1_j,49,2,-0.05283832621353213
paired,80,FTR-NM,energy_stage2_minus_stage1_j,49,2,-0.04850586586690042
paired,80,RGA-MR,energy_stage2_minus_stage1_j,49,2,-0.05283832621353213
paired,80,B-ALNS,energy_stage2_minus_stage1_j,45,3,-0.0052271795575506985
paired,80,B-ALNS,energy_stage2_minus_stage1_j,46,3,-0.0019819495112945638
paired,80,B-ALNS,energy_stage2_minus_stage1_j,47,3,-0.002601171455656489
paired,80,B-ALNS,energy_stage2_minus_stage1_j,48,3,-0.0001947629110266765
paired,80,B-ALNS,energy_stage2_minus_stage1_j,49,2,-0.0002512727805878967
paired,80,B-ALNS,energy_stage2_minus_stage1_j,50,3,-0.00014868989819660783
paired,80,B-ALNS,energy_stage2_minus_stage1_j,51,3,-0.0007499484345316887
paired,80,B-ALNS,energy_stage2_minus_stage1_j,52,1,-0.00015874564996920526
conditional,80,GR-MR,mean_delay_s,49,1,214.03509982604191
common,80,GR-MR,mean_delay_s,49,2,214.03509982604191
conditional,80,FTR-NM,mean_delay_s,49,1,214.1881950395473
common,80,FTR-NM,mean_delay_s,49,2,214.1881950395473
conditional,80,RGA-MR,mean_delay_s,49,3,214.03509982604191
common,80,RGA-MR,mean_delay_s,49,2,214.03509982604191
conditional,80,B-ALNS,mean_delay_s,45,3,221.21840540982203
conditional,80,B-ALNS,mean_delay_s,46,3,213.52219500744405
conditional,80,B-ALNS,mean_delay_s,47,3,215.13255019341653
conditional,80,B-ALNS,mean_delay_s,48,3,221.5811620519519
conditional,80,B-ALNS,mean_delay_s,49,2,218.03668725425442
conditional,80,B-ALNS,mean_delay_s,50,3,219.68537976299368
conditional,80,B-ALNS,mean_delay_s,51,3,214.8365968373397
conditional,80,B-ALNS,mean_delay_s,52,1,213.06711309766146
common,80,B-ALNS,mean_delay_s,49,2,218.03668725425442
conditional,80,ESI-ALNS,mean_delay_s,45,3,220.3095222821105
conditional,80,ESI-ALNS,mean_delay_s,46,3,213.59470850845403
conditional,80,ESI-ALNS,mean_delay_s,47,3,215.71532739797593
conditional,80,ESI-ALNS,mean_delay_s,48,3,220.92959461244695
conditional,80,ESI-ALNS,mean_delay_s,49,2,217.77725021342513
conditional,80,ESI-ALNS,mean_delay_s,50,3,219.84825743313138
conditional,80,ESI-ALNS,mean_delay_s,51,3,213.73271879534798
conditional,80,ESI-ALNS,mean_delay_s,52,1,213.3878219359475
common,80,ESI-ALNS,mean_delay_s,49,2,217.77725021342513
paired,80,GR-MR,mean_delay_s,49,2,3.7421503873832336
paired,80,FTR-NM,mean_delay_s,49,2,3.5890551738778385
paired,80,RGA-MR,mean_delay_s,49,2,3.7421503873832336
paired,80,B-ALNS,mean_delay_s,45,3,-0.9088831277115238
paired,80,B-ALNS,mean_delay_s,46,3,0.07251350100998859
paired,80,B-ALNS,mean_delay_s,47,3,0.5827772045593823
paired,80,B-ALNS,mean_delay_s,48,3,-0.6515674395049776
paired,80,B-ALNS,mean_delay_s,49,2,-0.259437040829269
paired,80,B-ALNS,mean_delay_s,50,3,0.1628776701377035
paired,80,B-ALNS,mean_delay_s,51,3,-1.1038780419917202
paired,80,B-ALNS,mean_delay_s,52,1,0.3207088382860377
conditional,80,GR-MR,min_deadline_slack_s,49,1,6.224354365258478e-11
common,80,GR-MR,min_deadline_slack_s,49,2,6.224354365258478e-11
conditional,80,FTR-NM,min_deadline_slack_s,49,1,4.726842917079921e-09
common,80,FTR-NM,min_deadline_slack_s,49,2,4.726842917079921e-09
conditional,80,RGA-MR,min_deadline_slack_s,49,3,6.224354365258478e-11
common,80,RGA-MR,min_deadline_slack_s,49,2,6.224354365258478e-11
conditional,80,B-ALNS,min_deadline_slack_s,45,3,-1.997959676221702e-06
conditional,80,B-ALNS,min_deadline_slack_s,46,3,-7.043987200934983e-08
conditional,80,B-ALNS,min_deadline_slack_s,47,3,-9.650930602826217e-08
conditional,80,B-ALNS,min_deadline_slack_s,48,3,-3.2165038040451086e-09
conditional,80,B-ALNS,min_deadline_slack_s,49,2,-3.429025241530326e-08
conditional,80,B-ALNS,min_deadline_slack_s,50,3,-1.3155537696244815e-08
conditional,80,B-ALNS,min_deadline_slack_s,51,3,-1.3587183881706247e-07
conditional,80,B-ALNS,min_deadline_slack_s,52,1,-1.4674571957584703e-07
common,80,B-ALNS,min_deadline_slack_s,49,2,-3.429025241530326e-08
conditional,80,ESI-ALNS,min_deadline_slack_s,45,3,-2.270883404283571e-07
conditional,80,ESI-ALNS,min_deadline_slack_s,46,3,-1.4829951548260092e-07
conditional,80,ESI-ALNS,min_deadline_slack_s,47,3,-9.33258945678972e-08
conditional,80,ESI-ALNS,min_deadline_slack_s,48,3,1.636995724159836e-09
conditional,80,ESI-ALNS,min_deadline_slack_s,49,2,-3.895172540069325e-08
conditional,80,ESI-ALNS,min_deadline_slack_s,50,3,-6.043118598123935e-08
conditional,80,ESI-ALNS,min_deadline_slack_s,51,3,-3.7025813905226337e-06
conditional,80,ESI-ALNS,min_deadline_slack_s,52,1,-5.05573325426667e-08
common,80,ESI-ALNS,min_deadline_slack_s,49,2,-3.895172540069325e-08
paired,80,GR-MR,min_deadline_slack_s,49,2,-3.9013968944345834e-08
paired,80,FTR-NM,min_deadline_slack_s,49,2,-4.367856831777317e-08
paired,80,RGA-MR,min_deadline_slack_s,49,2,-3.9013968944345834e-08
paired,80,B-ALNS,min_deadline_slack_s,45,3,1.7708713357933448e-06
paired,80,B-ALNS,min_deadline_slack_s,46,3,-7.78596434732511e-08
paired,80,B-ALNS,min_deadline_slack_s,47,3,3.1834114603649746e-09
paired,80,B-ALNS,min_deadline_slack_s,48,3,4.853499528204945e-09
paired,80,B-ALNS,min_deadline_slack_s,49,2,-4.661472985389992e-09
paired,80,B-ALNS,min_deadline_slack_s,50,3,-4.727564828499453e-08
paired,80,B-ALNS,min_deadline_slack_s,51,3,-3.5667095517055714e-06
paired,80,B-ALNS,min_deadline_slack_s,52,1,9.618838703318033e-08
conditional,80,GR-MR,normalized_mec_cpu,49,1,0.7932011674455864
common,80,GR-MR,normalized_mec_cpu,49,2,0.7932011674455864
conditional,80,FTR-NM,normalized_mec_cpu,49,1,0.4522941476787895
common,80,FTR-NM,normalized_mec_cpu,49,2,0.4522941476787895
conditional,80,RGA-MR,normalized_mec_cpu,49,3,0.7932011674455864
common,80,RGA-MR,normalized_mec_cpu,49,2,0.7932011674455864
conditional,80,B-ALNS,normalized_mec_cpu,45,3,0.9166767829681217
conditional,80,B-ALNS,normalized_mec_cpu,46,3,0.9336398428668073
conditional,80,B-ALNS,normalized_mec_cpu,47,3,1.0222201633720118
conditional,80,B-ALNS,normalized_mec_cpu,48,3,0.736883929193544
conditional,80,B-ALNS,normalized_mec_cpu,49,2,1.0533607269570098
conditional,80,B-ALNS,normalized_mec_cpu,50,3,1.0204788793155513
conditional,80,B-ALNS,normalized_mec_cpu,51,3,1.019107065511048
conditional,80,B-ALNS,normalized_mec_cpu,52,1,1.0169218681602925
common,80,B-ALNS,normalized_mec_cpu,49,2,1.0533607269570098
conditional,80,ESI-ALNS,normalized_mec_cpu,45,3,0.754210132961762
conditional,80,ESI-ALNS,normalized_mec_cpu,46,3,0.9833490678122124
conditional,80,ESI-ALNS,normalized_mec_cpu,47,3,1.219191249173375
conditional,80,ESI-ALNS,normalized_mec_cpu,48,3,0.670089371590693
conditional,80,ESI-ALNS,normalized_mec_cpu,49,2,1.0632424211409905
conditional,80,ESI-ALNS,normalized_mec_cpu,50,3,1.0074927034835375
conditional,80,ESI-ALNS,normalized_mec_cpu,51,3,1.0164148783581852
conditional,80,ESI-ALNS,normalized_mec_cpu,52,1,0.5354925665856963
common,80,ESI-ALNS,normalized_mec_cpu,49,2,1.0632424211409905
paired,80,GR-MR,normalized_mec_cpu,49,2,0.2700412536954041
paired,80,FTR-NM,normalized_mec_cpu,49,2,0.610948273462201
paired,80,RGA-MR,normalized_mec_cpu,49,2,0.2700412536954041
paired,80,B-ALNS,normalized_mec_cpu,45,3,-0.1624666500063597
paired,80,B-ALNS,normalized_mec_cpu,46,3,0.04970922494540512
paired,80,B-ALNS,normalized_mec_cpu,47,3,0.196971085801363
paired,80,B-ALNS,normalized_mec_cpu,48,3,-0.06679455760285095
paired,80,B-ALNS,normalized_mec_cpu,49,2,0.009881694183980883
paired,80,B-ALNS,normalized_mec_cpu,50,3,-0.012986175832013594
paired,80,B-ALNS,normalized_mec_cpu,51,3,-0.0026921871528627537
paired,80,B-ALNS,normalized_mec_cpu,52,1,-0.4814293015745962
conditional,80,GR-MR,offload_ratio,49,1,0.0875
common,80,GR-MR,offload_ratio,49,2,0.0875
conditional,80,FTR-NM,offload_ratio,49,1,0.0875
common,80,FTR-NM,offload_ratio,49,2,0.0875
conditional,80,RGA-MR,offload_ratio,49,3,0.0875
common,80,RGA-MR,offload_ratio,49,2,0.0875
conditional,80,B-ALNS,offload_ratio,45,3,0.11666666666666667
conditional,80,B-ALNS,offload_ratio,46,3,0.125
conditional,80,B-ALNS,offload_ratio,47,3,0.13333333333333333
conditional,80,B-ALNS,offload_ratio,48,3,0.1125
conditional,80,B-ALNS,offload_ratio,49,2,0.16249999999999998
conditional,80,B-ALNS,offload_ratio,50,3,0.12083333333333333
conditional,80,B-ALNS,offload_ratio,51,3,0.125
conditional,80,B-ALNS,offload_ratio,52,1,0.1375
common,80,B-ALNS,offload_ratio,49,2,0.16249999999999998
conditional,80,ESI-ALNS,offload_ratio,45,3,0.10833333333333334
conditional,80,ESI-ALNS,offload_ratio,46,3,0.125
conditional,80,ESI-ALNS,offload_ratio,47,3,0.13333333333333333
conditional,80,ESI-ALNS,offload_ratio,48,3,0.10833333333333334
conditional,80,ESI-ALNS,offload_ratio,49,2,0.16249999999999998
conditional,80,ESI-ALNS,offload_ratio,50,3,0.12083333333333333
conditional,80,ESI-ALNS,offload_ratio,51,3,0.12083333333333333
conditional,80,ESI-ALNS,offload_ratio,52,1,0.125
common,80,ESI-ALNS,offload_ratio,49,2,0.16249999999999998
paired,80,GR-MR,offload_ratio,49,2,0.075
paired,80,FTR-NM,offload_ratio,49,2,0.075
paired,80,RGA-MR,offload_ratio,49,2,0.075
paired,80,B-ALNS,offload_ratio,45,3,-0.008333333333333337
paired,80,B-ALNS,offload_ratio,46,3,0.0
paired,80,B-ALNS,offload_ratio,47,3,0.0
paired,80,B-ALNS,offload_ratio,48,3,-0.004166666666666666
paired,80,B-ALNS,offload_ratio,49,2,0.0
paired,80,B-ALNS,offload_ratio,50,3,0.0
paired,80,B-ALNS,offload_ratio,51,3,-0.00416666666666667
paired,80,B-ALNS,offload_ratio,52,1,-0.012500000000000011
conditional,80,GR-MR,original_construction_search_s,45,1,0.5060194780000131
conditional,80,GR-MR,original_construction_search_s,46,1,0.4578004960000044
conditional,80,GR-MR,original_construction_search_s,47,1,0.43411090200000046
conditional,80,GR-MR,original_construction_search_s,48,1,0.5999624389999951
conditional,80,GR-MR,original_construction_search_s,49,1,0.2824544219999723
conditional,80,GR-MR,original_construction_search_s,50,1,0.4823238529999969
conditional,80,GR-MR,original_construction_search_s,51,1,0.45184785600000055
conditional,80,GR-MR,original_construction_search_s,52,1,0.7645176729999932
common,80,GR-MR,original_construction_search_s,45,3,0.5060194780000131
common,80,GR-MR,original_construction_search_s,46,3,0.4578004960000044
common,80,GR-MR,original_construction_search_s,47,3,0.43411090200000046
common,80,GR-MR,original_construction_search_s,48,3,0.5999624389999951
common,80,GR-MR,original_construction_search_s,49,3,0.2824544219999723
common,80,GR-MR,original_construction_search_s,50,3,0.4823238529999969
common,80,GR-MR,original_construction_search_s,51,3,0.45184785600000055
common,80,GR-MR,original_construction_search_s,52,3,0.7645176729999932
conditional,80,FTR-NM,original_construction_search_s,45,1,0.2301013980000306
conditional,80,FTR-NM,original_construction_search_s,46,1,0.36965895500001267
conditional,80,FTR-NM,original_construction_search_s,47,1,0.24077585899999576
conditional,80,FTR-NM,original_construction_search_s,48,1,0.33142377899996234
conditional,80,FTR-NM,original_construction_search_s,49,1,0.15034949399998254
conditional,80,FTR-NM,original_construction_search_s,50,1,0.2804263759999941
conditional,80,FTR-NM,original_construction_search_s,51,1,0.25593333699997345
conditional,80,FTR-NM,original_construction_search_s,52,1,0.3584702429999993
common,80,FTR-NM,original_construction_search_s,45,3,0.2301013980000306
common,80,FTR-NM,original_construction_search_s,46,3,0.36965895500001267
common,80,FTR-NM,original_construction_search_s,47,3,0.24077585899999576
common,80,FTR-NM,original_construction_search_s,48,3,0.33142377899996234
common,80,FTR-NM,original_construction_search_s,49,3,0.15034949399998254
common,80,FTR-NM,original_construction_search_s,50,3,0.2804263759999941
common,80,FTR-NM,original_construction_search_s,51,3,0.25593333699997345
common,80,FTR-NM,original_construction_search_s,52,3,0.3584702429999993
conditional,80,RGA-MR,original_construction_search_s,45,3,35.04572773366667
conditional,80,RGA-MR,original_construction_search_s,46,3,38.35161113833333
conditional,80,RGA-MR,original_construction_search_s,47,3,38.996434966333325
conditional,80,RGA-MR,original_construction_search_s,48,3,55.03277692699999
conditional,80,RGA-MR,original_construction_search_s,49,3,27.57161189233335
conditional,80,RGA-MR,original_construction_search_s,50,3,25.606034996666676
conditional,80,RGA-MR,original_construction_search_s,51,3,31.422201498333333
conditional,80,RGA-MR,original_construction_search_s,52,3,45.799071559000005
common,80,RGA-MR,original_construction_search_s,45,3,35.04572773366667
common,80,RGA-MR,original_construction_search_s,46,3,38.35161113833333
common,80,RGA-MR,original_construction_search_s,47,3,38.996434966333325
common,80,RGA-MR,original_construction_search_s,48,3,55.03277692699999
common,80,RGA-MR,original_construction_search_s,49,3,27.57161189233335
common,80,RGA-MR,original_construction_search_s,50,3,25.606034996666676
common,80,RGA-MR,original_construction_search_s,51,3,31.422201498333333
common,80,RGA-MR,original_construction_search_s,52,3,45.799071559000005
conditional,80,B-ALNS,original_construction_search_s,45,3,44.701522340000004
conditional,80,B-ALNS,original_construction_search_s,46,3,56.13013216133334
conditional,80,B-ALNS,original_construction_search_s,47,3,43.13178011733335
conditional,80,B-ALNS,original_construction_search_s,48,3,37.73024131
conditional,80,B-ALNS,original_construction_search_s,49,3,48.94038253466663
conditional,80,B-ALNS,original_construction_search_s,50,3,21.842184808333332
conditional,80,B-ALNS,original_construction_search_s,51,3,32.359279488333335
conditional,80,B-ALNS,original_construction_search_s,52,3,44.020282151666656
common,80,B-ALNS,original_construction_search_s,45,3,44.701522340000004
common,80,B-ALNS,original_construction_search_s,46,3,56.13013216133334
common,80,B-ALNS,original_construction_search_s,47,3,43.13178011733335
common,80,B-ALNS,original_construction_search_s,48,3,37.73024131
common,80,B-ALNS,original_construction_search_s,49,3,48.94038253466663
common,80,B-ALNS,original_construction_search_s,50,3,21.842184808333332
common,80,B-ALNS,original_construction_search_s,51,3,32.359279488333335
common,80,B-ALNS,original_construction_search_s,52,3,44.020282151666656
conditional,80,ESI-ALNS,original_construction_search_s,45,3,59.979133205000025
conditional,80,ESI-ALNS,original_construction_search_s,46,3,63.702772137
conditional,80,ESI-ALNS,original_construction_search_s,47,3,53.04861822966668
conditional,80,ESI-ALNS,original_construction_search_s,48,3,43.80118572066666
conditional,80,ESI-ALNS,original_construction_search_s,49,3,54.62422070399995
conditional,80,ESI-ALNS,original_construction_search_s,50,3,24.674677283333338
conditional,80,ESI-ALNS,original_construction_search_s,51,3,39.02694566133333
conditional,80,ESI-ALNS,original_construction_search_s,52,3,49.96744094700001
common,80,ESI-ALNS,original_construction_search_s,45,3,59.979133205000025
common,80,ESI-ALNS,original_construction_search_s,46,3,63.702772137
common,80,ESI-ALNS,original_construction_search_s,47,3,53.04861822966668
common,80,ESI-ALNS,original_construction_search_s,48,3,43.80118572066666
common,80,ESI-ALNS,original_construction_search_s,49,3,54.62422070399995
common,80,ESI-ALNS,original_construction_search_s,50,3,24.674677283333338
common,80,ESI-ALNS,original_construction_search_s,51,3,39.02694566133333
common,80,ESI-ALNS,original_construction_search_s,52,3,49.96744094700001
paired,80,GR-MR,original_construction_search_s,45,3,59.47311372700001
paired,80,GR-MR,original_construction_search_s,46,3,63.24497164099999
paired,80,GR-MR,original_construction_search_s,47,3,52.61450732766668
paired,80,GR-MR,original_construction_search_s,48,3,43.201223281666664
paired,80,GR-MR,original_construction_search_s,49,3,54.34176628199998
paired,80,GR-MR,original_construction_search_s,50,3,24.19235343033334
paired,80,GR-MR,original_construction_search_s,51,3,38.57509780533333
paired,80,GR-MR,original_construction_search_s,52,3,49.20292327400001
paired,80,FTR-NM,original_construction_search_s,45,3,59.749031806999994
paired,80,FTR-NM,original_construction_search_s,46,3,63.333113181999984
paired,80,FTR-NM,original_construction_search_s,47,3,52.807842370666684
paired,80,FTR-NM,original_construction_search_s,48,3,43.4697619416667
paired,80,FTR-NM,original_construction_search_s,49,3,54.47387120999997
paired,80,FTR-NM,original_construction_search_s,50,3,24.394250907333344
paired,80,FTR-NM,original_construction_search_s,51,3,38.771012324333356
paired,80,FTR-NM,original_construction_search_s,52,3,49.60897070400001
paired,80,RGA-MR,original_construction_search_s,45,3,24.933405471333348
paired,80,RGA-MR,original_construction_search_s,46,3,25.351160998666668
paired,80,RGA-MR,original_construction_search_s,47,3,14.052183263333356
paired,80,RGA-MR,original_construction_search_s,48,3,-11.23159120633334
paired,80,RGA-MR,original_construction_search_s,49,3,27.0526088116666
paired,80,RGA-MR,original_construction_search_s,50,3,-0.9313577133333363
paired,80,RGA-MR,original_construction_search_s,51,3,7.6047441629999994
paired,80,RGA-MR,original_construction_search_s,52,3,4.1683693879999995
paired,80,B-ALNS,original_construction_search_s,45,3,15.27761086500002
paired,80,B-ALNS,original_construction_search_s,46,3,7.572639975666651
paired,80,B-ALNS,original_construction_search_s,47,3,9.916838112333332
paired,80,B-ALNS,original_construction_search_s,48,3,6.07094441066666
paired,80,B-ALNS,original_construction_search_s,49,3,5.683838169333323
paired,80,B-ALNS,original_construction_search_s,50,3,2.8324924750000045
paired,80,B-ALNS,original_construction_search_s,51,3,6.667666172999996
paired,80,B-ALNS,original_construction_search_s,52,3,5.9471587953333485
conditional,80,GR-MR,original_independent_audit_s,45,1,4.508000017722225e-06
conditional,80,GR-MR,original_independent_audit_s,46,1,4.609000029631716e-06
conditional,80,GR-MR,original_independent_audit_s,47,1,7.694000032643089e-06
conditional,80,GR-MR,original_independent_audit_s,48,1,4.729000011138851e-06
conditional,80,GR-MR,original_independent_audit_s,49,1,0.0054131859999984044
conditional,80,GR-MR,original_independent_audit_s,50,1,3.9260000050944655e-06
conditional,80,GR-MR,original_independent_audit_s,51,1,6.469999988212294e-06
conditional,80,GR-MR,original_independent_audit_s,52,1,3.787000025567977e-06
common,80,GR-MR,original_independent_audit_s,45,3,4.508000017722225e-06
common,80,GR-MR,original_independent_audit_s,46,3,4.609000029631716e-06
common,80,GR-MR,original_independent_audit_s,47,3,7.694000032643089e-06
common,80,GR-MR,original_independent_audit_s,48,3,4.729000011138851e-06
common,80,GR-MR,original_independent_audit_s,49,3,0.0054131859999984044
common,80,GR-MR,original_independent_audit_s,50,3,3.9260000050944655e-06
common,80,GR-MR,original_independent_audit_s,51,3,6.469999988212294e-06
common,80,GR-MR,original_independent_audit_s,52,3,3.787000025567977e-06
conditional,80,FTR-NM,original_independent_audit_s,45,1,5.029999954331288e-06
conditional,80,FTR-NM,original_independent_audit_s,46,1,4.618999994931983e-06
conditional,80,FTR-NM,original_independent_audit_s,47,1,5.030000011174707e-06
conditional,80,FTR-NM,original_independent_audit_s,48,1,4.4689999754155e-06
conditional,80,FTR-NM,original_independent_audit_s,49,1,0.005829592999987199
conditional,80,FTR-NM,original_independent_audit_s,50,1,3.605000017614657e-06
conditional,80,FTR-NM,original_independent_audit_s,51,1,4.055999994534432e-06
conditional,80,FTR-NM,original_independent_audit_s,52,1,5.018999985395567e-06
common,80,FTR-NM,original_independent_audit_s,45,3,5.029999954331288e-06
common,80,FTR-NM,original_independent_audit_s,46,3,4.618999994931983e-06
common,80,FTR-NM,original_independent_audit_s,47,3,5.030000011174707e-06
common,80,FTR-NM,original_independent_audit_s,48,3,4.4689999754155e-06
common,80,FTR-NM,original_independent_audit_s,49,3,0.005829592999987199
common,80,FTR-NM,original_independent_audit_s,50,3,3.605000017614657e-06
common,80,FTR-NM,original_independent_audit_s,51,3,4.055999994534432e-06
common,80,FTR-NM,original_independent_audit_s,52,3,5.018999985395567e-06
conditional,80,RGA-MR,original_independent_audit_s,45,3,4.144333322149881e-06
conditional,80,RGA-MR,original_independent_audit_s,46,3,4.685333337306474e-06
conditional,80,RGA-MR,original_independent_audit_s,47,3,7.710666674635528e-06
conditional,80,RGA-MR,original_independent_audit_s,48,3,4.517666657951243e-06
conditional,80,RGA-MR,original_independent_audit_s,49,3,0.005673933666656694
conditional,80,RGA-MR,original_independent_audit_s,50,3,3.7020000055084288e-06
conditional,80,RGA-MR,original_independent_audit_s,51,3,4.777000005636485e-06
conditional,80,RGA-MR,original_independent_audit_s,52,3,4.9323333399797775e-06
common,80,RGA-MR,original_independent_audit_s,45,3,4.144333322149881e-06
common,80,RGA-MR,original_independent_audit_s,46,3,4.685333337306474e-06
common,80,RGA-MR,original_independent_audit_s,47,3,7.710666674635528e-06
common,80,RGA-MR,original_independent_audit_s,48,3,4.517666657951243e-06
common,80,RGA-MR,original_independent_audit_s,49,3,0.005673933666656694
common,80,RGA-MR,original_independent_audit_s,50,3,3.7020000055084288e-06
common,80,RGA-MR,original_independent_audit_s,51,3,4.777000005636485e-06
common,80,RGA-MR,original_independent_audit_s,52,3,4.9323333399797775e-06
conditional,80,B-ALNS,original_independent_audit_s,45,3,0.008081310999993244
conditional,80,B-ALNS,original_independent_audit_s,46,3,0.007947233000019574
conditional,80,B-ALNS,original_independent_audit_s,47,3,0.00744893699998291
conditional,80,B-ALNS,original_independent_audit_s,48,3,0.007629019666656707
conditional,80,B-ALNS,original_independent_audit_s,49,3,0.004943919666667777
conditional,80,B-ALNS,original_independent_audit_s,50,3,0.004115112666662905
conditional,80,B-ALNS,original_independent_audit_s,51,3,0.006352719333330962
conditional,80,B-ALNS,original_independent_audit_s,52,3,0.002600653333331593
common,80,B-ALNS,original_independent_audit_s,45,3,0.008081310999993244
common,80,B-ALNS,original_independent_audit_s,46,3,0.007947233000019574
common,80,B-ALNS,original_independent_audit_s,47,3,0.00744893699998291
common,80,B-ALNS,original_independent_audit_s,48,3,0.007629019666656707
common,80,B-ALNS,original_independent_audit_s,49,3,0.004943919666667777
common,80,B-ALNS,original_independent_audit_s,50,3,0.004115112666662905
common,80,B-ALNS,original_independent_audit_s,51,3,0.006352719333330962
common,80,B-ALNS,original_independent_audit_s,52,3,0.002600653333331593
conditional,80,ESI-ALNS,original_independent_audit_s,45,3,0.007598969666664364
conditional,80,ESI-ALNS,original_independent_audit_s,46,3,0.007715548666681116
conditional,80,ESI-ALNS,original_independent_audit_s,47,3,0.007236279333341145
conditional,80,ESI-ALNS,original_independent_audit_s,48,3,0.007627289999997326
conditional,80,ESI-ALNS,original_independent_audit_s,49,3,0.004581751000008201
conditional,80,ESI-ALNS,original_independent_audit_s,50,3,0.004120691666666214
conditional,80,ESI-ALNS,original_independent_audit_s,51,3,0.005751752999984205
conditional,80,ESI-ALNS,original_independent_audit_s,52,3,0.0026560623333390745
common,80,ESI-ALNS,original_independent_audit_s,45,3,0.007598969666664364
common,80,ESI-ALNS,original_independent_audit_s,46,3,0.007715548666681116
common,80,ESI-ALNS,original_independent_audit_s,47,3,0.007236279333341145
common,80,ESI-ALNS,original_independent_audit_s,48,3,0.007627289999997326
common,80,ESI-ALNS,original_independent_audit_s,49,3,0.004581751000008201
common,80,ESI-ALNS,original_independent_audit_s,50,3,0.004120691666666214
common,80,ESI-ALNS,original_independent_audit_s,51,3,0.005751752999984205
common,80,ESI-ALNS,original_independent_audit_s,52,3,0.0026560623333390745
paired,80,GR-MR,original_independent_audit_s,45,3,0.007594461666646642
paired,80,GR-MR,original_independent_audit_s,46,3,0.007710939666651484
paired,80,GR-MR,original_independent_audit_s,47,3,0.0072285853333085015
paired,80,GR-MR,original_independent_audit_s,48,3,0.007622560999986187
paired,80,GR-MR,original_independent_audit_s,49,3,-0.000831434999990203
paired,80,GR-MR,original_independent_audit_s,50,3,0.004116765666661119
paired,80,GR-MR,original_independent_audit_s,51,3,0.005745282999995993
paired,80,GR-MR,original_independent_audit_s,52,3,0.0026522753333135065
paired,80,FTR-NM,original_independent_audit_s,45,3,0.007593939666710033
paired,80,FTR-NM,original_independent_audit_s,46,3,0.007710929666686184
paired,80,FTR-NM,original_independent_audit_s,47,3,0.00723124933332997
paired,80,FTR-NM,original_independent_audit_s,48,3,0.0076228210000219105
paired,80,FTR-NM,original_independent_audit_s,49,3,-0.0012478419999789974
paired,80,FTR-NM,original_independent_audit_s,50,3,0.004117086666648599
paired,80,FTR-NM,original_independent_audit_s,51,3,0.005747696999989671
paired,80,FTR-NM,original_independent_audit_s,52,3,0.002651043333353679
paired,80,RGA-MR,original_independent_audit_s,45,3,0.0075948253333422144
paired,80,RGA-MR,original_independent_audit_s,46,3,0.007710863333343809
paired,80,RGA-MR,original_independent_audit_s,47,3,0.007228568666666509
paired,80,RGA-MR,original_independent_audit_s,48,3,0.007622772333339374
paired,80,RGA-MR,original_independent_audit_s,49,3,-0.0010921826666484928
paired,80,RGA-MR,original_independent_audit_s,50,3,0.004116989666660705
paired,80,RGA-MR,original_independent_audit_s,51,3,0.005746975999978569
paired,80,RGA-MR,original_independent_audit_s,52,3,0.0026511299999990947
paired,80,B-ALNS,original_independent_audit_s,45,3,-0.00048234133332888024
paired,80,B-ALNS,original_independent_audit_s,46,3,-0.0002316843333384592
paired,80,B-ALNS,original_independent_audit_s,47,3,-0.0002126576666417653
paired,80,B-ALNS,original_independent_audit_s,48,3,-1.729666659381716e-06
paired,80,B-ALNS,original_independent_audit_s,49,3,-0.0003621686666595754
paired,80,B-ALNS,original_independent_audit_s,50,3,5.579000003308465e-06
paired,80,B-ALNS,original_independent_audit_s,51,3,-0.0006009663333467566
paired,80,B-ALNS,original_independent_audit_s,52,3,5.540900000748176e-05
conditional,80,GR-MR,original_initialization_s,45,1,0.5060194780000131
conditional,80,GR-MR,original_initialization_s,46,1,0.4578004960000044
conditional,80,GR-MR,original_initialization_s,47,1,0.43411090200000046
conditional,80,GR-MR,original_initialization_s,48,1,0.5999624389999951
conditional,80,GR-MR,original_initialization_s,49,1,0.2824544219999723
conditional,80,GR-MR,original_initialization_s,50,1,0.4823238529999969
conditional,80,GR-MR,original_initialization_s,51,1,0.45184785600000055
conditional,80,GR-MR,original_initialization_s,52,1,0.7645176729999932
common,80,GR-MR,original_initialization_s,45,3,0.5060194780000131
common,80,GR-MR,original_initialization_s,46,3,0.4578004960000044
common,80,GR-MR,original_initialization_s,47,3,0.43411090200000046
common,80,GR-MR,original_initialization_s,48,3,0.5999624389999951
common,80,GR-MR,original_initialization_s,49,3,0.2824544219999723
common,80,GR-MR,original_initialization_s,50,3,0.4823238529999969
common,80,GR-MR,original_initialization_s,51,3,0.45184785600000055
common,80,GR-MR,original_initialization_s,52,3,0.7645176729999932
conditional,80,FTR-NM,original_initialization_s,45,1,0.2301013980000306
conditional,80,FTR-NM,original_initialization_s,46,1,0.36965895500001267
conditional,80,FTR-NM,original_initialization_s,47,1,0.24077585899999576
conditional,80,FTR-NM,original_initialization_s,48,1,0.33142377899996234
conditional,80,FTR-NM,original_initialization_s,49,1,0.15034949399998254
conditional,80,FTR-NM,original_initialization_s,50,1,0.2804263759999941
conditional,80,FTR-NM,original_initialization_s,51,1,0.25593333699997345
conditional,80,FTR-NM,original_initialization_s,52,1,0.3584702429999993
common,80,FTR-NM,original_initialization_s,45,3,0.2301013980000306
common,80,FTR-NM,original_initialization_s,46,3,0.36965895500001267
common,80,FTR-NM,original_initialization_s,47,3,0.24077585899999576
common,80,FTR-NM,original_initialization_s,48,3,0.33142377899996234
common,80,FTR-NM,original_initialization_s,49,3,0.15034949399998254
common,80,FTR-NM,original_initialization_s,50,3,0.2804263759999941
common,80,FTR-NM,original_initialization_s,51,3,0.25593333699997345
common,80,FTR-NM,original_initialization_s,52,3,0.3584702429999993
conditional,80,RGA-MR,original_initialization_s,45,3,0.0
conditional,80,RGA-MR,original_initialization_s,46,3,0.0
conditional,80,RGA-MR,original_initialization_s,47,3,0.0
conditional,80,RGA-MR,original_initialization_s,48,3,0.0
conditional,80,RGA-MR,original_initialization_s,49,3,0.0
conditional,80,RGA-MR,original_initialization_s,50,3,0.0
conditional,80,RGA-MR,original_initialization_s,51,3,0.0
conditional,80,RGA-MR,original_initialization_s,52,3,0.0
common,80,RGA-MR,original_initialization_s,45,3,0.0
common,80,RGA-MR,original_initialization_s,46,3,0.0
common,80,RGA-MR,original_initialization_s,47,3,0.0
common,80,RGA-MR,original_initialization_s,48,3,0.0
common,80,RGA-MR,original_initialization_s,49,3,0.0
common,80,RGA-MR,original_initialization_s,50,3,0.0
common,80,RGA-MR,original_initialization_s,51,3,0.0
common,80,RGA-MR,original_initialization_s,52,3,0.0
conditional,80,B-ALNS,original_initialization_s,45,3,0.5060194780000131
conditional,80,B-ALNS,original_initialization_s,46,3,0.4578004960000044
conditional,80,B-ALNS,original_initialization_s,47,3,0.43411090200000046
conditional,80,B-ALNS,original_initialization_s,48,3,0.5999624389999951
conditional,80,B-ALNS,original_initialization_s,49,3,0.2824544219999723
conditional,80,B-ALNS,original_initialization_s,50,3,0.4823238529999969
conditional,80,B-ALNS,original_initialization_s,51,3,0.45184785600000055
conditional,80,B-ALNS,original_initialization_s,52,3,0.7645176729999932
common,80,B-ALNS,original_initialization_s,45,3,0.5060194780000131
common,80,B-ALNS,original_initialization_s,46,3,0.4578004960000044
common,80,B-ALNS,original_initialization_s,47,3,0.43411090200000046
common,80,B-ALNS,original_initialization_s,48,3,0.5999624389999951
common,80,B-ALNS,original_initialization_s,49,3,0.2824544219999723
common,80,B-ALNS,original_initialization_s,50,3,0.4823238529999969
common,80,B-ALNS,original_initialization_s,51,3,0.45184785600000055
common,80,B-ALNS,original_initialization_s,52,3,0.7645176729999932
conditional,80,ESI-ALNS,original_initialization_s,45,3,0.5060194780000131
conditional,80,ESI-ALNS,original_initialization_s,46,3,0.4578004960000044
conditional,80,ESI-ALNS,original_initialization_s,47,3,0.43411090200000046
conditional,80,ESI-ALNS,original_initialization_s,48,3,0.5999624389999951
conditional,80,ESI-ALNS,original_initialization_s,49,3,0.2824544219999723
conditional,80,ESI-ALNS,original_initialization_s,50,3,0.4823238529999969
conditional,80,ESI-ALNS,original_initialization_s,51,3,0.45184785600000055
conditional,80,ESI-ALNS,original_initialization_s,52,3,0.7645176729999932
common,80,ESI-ALNS,original_initialization_s,45,3,0.5060194780000131
common,80,ESI-ALNS,original_initialization_s,46,3,0.4578004960000044
common,80,ESI-ALNS,original_initialization_s,47,3,0.43411090200000046
common,80,ESI-ALNS,original_initialization_s,48,3,0.5999624389999951
common,80,ESI-ALNS,original_initialization_s,49,3,0.2824544219999723
common,80,ESI-ALNS,original_initialization_s,50,3,0.4823238529999969
common,80,ESI-ALNS,original_initialization_s,51,3,0.45184785600000055
common,80,ESI-ALNS,original_initialization_s,52,3,0.7645176729999932
paired,80,GR-MR,original_initialization_s,45,3,0.0
paired,80,GR-MR,original_initialization_s,46,3,0.0
paired,80,GR-MR,original_initialization_s,47,3,0.0
paired,80,GR-MR,original_initialization_s,48,3,0.0
paired,80,GR-MR,original_initialization_s,49,3,0.0
paired,80,GR-MR,original_initialization_s,50,3,0.0
paired,80,GR-MR,original_initialization_s,51,3,0.0
paired,80,GR-MR,original_initialization_s,52,3,0.0
paired,80,FTR-NM,original_initialization_s,45,3,0.2759180799999825
paired,80,FTR-NM,original_initialization_s,46,3,0.08814154099999172
paired,80,FTR-NM,original_initialization_s,47,3,0.1933350430000047
paired,80,FTR-NM,original_initialization_s,48,3,0.2685386600000328
paired,80,FTR-NM,original_initialization_s,49,3,0.13210492799998974
paired,80,FTR-NM,original_initialization_s,50,3,0.20189747700000282
paired,80,FTR-NM,original_initialization_s,51,3,0.1959145190000271
paired,80,FTR-NM,original_initialization_s,52,3,0.4060474299999939
paired,80,RGA-MR,original_initialization_s,45,3,0.5060194780000131
paired,80,RGA-MR,original_initialization_s,46,3,0.4578004960000044
paired,80,RGA-MR,original_initialization_s,47,3,0.43411090200000046
paired,80,RGA-MR,original_initialization_s,48,3,0.5999624389999951
paired,80,RGA-MR,original_initialization_s,49,3,0.2824544219999723
paired,80,RGA-MR,original_initialization_s,50,3,0.4823238529999969
paired,80,RGA-MR,original_initialization_s,51,3,0.45184785600000055
paired,80,RGA-MR,original_initialization_s,52,3,0.7645176729999932
paired,80,B-ALNS,original_initialization_s,45,3,0.0
paired,80,B-ALNS,original_initialization_s,46,3,0.0
paired,80,B-ALNS,original_initialization_s,47,3,0.0
paired,80,B-ALNS,original_initialization_s,48,3,0.0
paired,80,B-ALNS,original_initialization_s,49,3,0.0
paired,80,B-ALNS,original_initialization_s,50,3,0.0
paired,80,B-ALNS,original_initialization_s,51,3,0.0
paired,80,B-ALNS,original_initialization_s,52,3,0.0
conditional,80,GR-MR,original_resource_recompute_s,45,1,0.0005533600000262595
conditional,80,GR-MR,original_resource_recompute_s,46,1,0.0005697750000308588
conditional,80,GR-MR,original_resource_recompute_s,47,1,0.5851542089999953
conditional,80,GR-MR,original_resource_recompute_s,48,1,0.0005325440000092385
conditional,80,GR-MR,original_resource_recompute_s,49,1,1.960345779000022
conditional,80,GR-MR,original_resource_recompute_s,50,1,0.0003098599999873386
conditional,80,GR-MR,original_resource_recompute_s,51,1,0.4109897459999843
conditional,80,GR-MR,original_resource_recompute_s,52,1,0.0005706540000005589
common,80,GR-MR,original_resource_recompute_s,45,3,0.0005533600000262595
common,80,GR-MR,original_resource_recompute_s,46,3,0.0005697750000308588
common,80,GR-MR,original_resource_recompute_s,47,3,0.5851542089999953
common,80,GR-MR,original_resource_recompute_s,48,3,0.0005325440000092385
common,80,GR-MR,original_resource_recompute_s,49,3,1.960345779000022
common,80,GR-MR,original_resource_recompute_s,50,3,0.0003098599999873386
common,80,GR-MR,original_resource_recompute_s,51,3,0.4109897459999843
common,80,GR-MR,original_resource_recompute_s,52,3,0.0005706540000005589
conditional,80,FTR-NM,original_resource_recompute_s,45,1,0.00029010999998035913
conditional,80,FTR-NM,original_resource_recompute_s,46,1,0.00031466699999782577
conditional,80,FTR-NM,original_resource_recompute_s,47,1,0.0002821480000250176
conditional,80,FTR-NM,original_resource_recompute_s,48,1,0.0002972739999904661
conditional,80,FTR-NM,original_resource_recompute_s,49,1,8.641763228000002
conditional,80,FTR-NM,original_resource_recompute_s,50,1,0.00017962300000817777
conditional,80,FTR-NM,original_resource_recompute_s,51,1,0.00023626800000897674
conditional,80,FTR-NM,original_resource_recompute_s,52,1,0.00032826300000010633
common,80,FTR-NM,original_resource_recompute_s,45,3,0.00029010999998035913
common,80,FTR-NM,original_resource_recompute_s,46,3,0.00031466699999782577
common,80,FTR-NM,original_resource_recompute_s,47,3,0.0002821480000250176
common,80,FTR-NM,original_resource_recompute_s,48,3,0.0002972739999904661
common,80,FTR-NM,original_resource_recompute_s,49,3,8.641763228000002
common,80,FTR-NM,original_resource_recompute_s,50,3,0.00017962300000817777
common,80,FTR-NM,original_resource_recompute_s,51,3,0.00023626800000897674
common,80,FTR-NM,original_resource_recompute_s,52,3,0.00032826300000010633
conditional,80,RGA-MR,original_resource_recompute_s,45,3,0.0003804353333218084
conditional,80,RGA-MR,original_resource_recompute_s,46,3,0.6369764090000084
conditional,80,RGA-MR,original_resource_recompute_s,47,3,1.1802942959999996
conditional,80,RGA-MR,original_resource_recompute_s,48,3,0.00037969133332656685
conditional,80,RGA-MR,original_resource_recompute_s,49,3,2.5684307193333304
conditional,80,RGA-MR,original_resource_recompute_s,50,3,0.00025828166665557245
conditional,80,RGA-MR,original_resource_recompute_s,51,3,0.11231076999999345
conditional,80,RGA-MR,original_resource_recompute_s,52,3,0.6487373686666587
common,80,RGA-MR,original_resource_recompute_s,45,3,0.0003804353333218084
common,80,RGA-MR,original_resource_recompute_s,46,3,0.6369764090000084
common,80,RGA-MR,original_resource_recompute_s,47,3,1.1802942959999996
common,80,RGA-MR,original_resource_recompute_s,48,3,0.00037969133332656685
common,80,RGA-MR,original_resource_recompute_s,49,3,2.5684307193333304
common,80,RGA-MR,original_resource_recompute_s,50,3,0.00025828166665557245
common,80,RGA-MR,original_resource_recompute_s,51,3,0.11231076999999345
common,80,RGA-MR,original_resource_recompute_s,52,3,0.6487373686666587
conditional,80,B-ALNS,original_resource_recompute_s,45,3,8.120125092333325
conditional,80,B-ALNS,original_resource_recompute_s,46,3,5.577751750666664
conditional,80,B-ALNS,original_resource_recompute_s,47,3,7.808359211999989
conditional,80,B-ALNS,original_resource_recompute_s,48,3,2.3889065143333332
conditional,80,B-ALNS,original_resource_recompute_s,49,3,9.175714149333317
conditional,80,B-ALNS,original_resource_recompute_s,50,3,5.543628310999996
conditional,80,B-ALNS,original_resource_recompute_s,51,3,4.845095507333326
conditional,80,B-ALNS,original_resource_recompute_s,52,3,0.33286067133334046
common,80,B-ALNS,original_resource_recompute_s,45,3,8.120125092333325
common,80,B-ALNS,original_resource_recompute_s,46,3,5.577751750666664
common,80,B-ALNS,original_resource_recompute_s,47,3,7.808359211999989
common,80,B-ALNS,original_resource_recompute_s,48,3,2.3889065143333332
common,80,B-ALNS,original_resource_recompute_s,49,3,9.175714149333317
common,80,B-ALNS,original_resource_recompute_s,50,3,5.543628310999996
common,80,B-ALNS,original_resource_recompute_s,51,3,4.845095507333326
common,80,B-ALNS,original_resource_recompute_s,52,3,0.33286067133334046
conditional,80,ESI-ALNS,original_resource_recompute_s,45,3,2.1756429003333153
conditional,80,ESI-ALNS,original_resource_recompute_s,46,3,8.544211366666673
conditional,80,ESI-ALNS,original_resource_recompute_s,47,3,10.527330973333335
conditional,80,ESI-ALNS,original_resource_recompute_s,48,3,7.8477217506666745
conditional,80,ESI-ALNS,original_resource_recompute_s,49,3,7.314091922000007
conditional,80,ESI-ALNS,original_resource_recompute_s,50,3,5.663165185999996
conditional,80,ESI-ALNS,original_resource_recompute_s,51,3,2.909022808333333
conditional,80,ESI-ALNS,original_resource_recompute_s,52,3,3.4688590393333336
common,80,ESI-ALNS,original_resource_recompute_s,45,3,2.1756429003333153
common,80,ESI-ALNS,original_resource_recompute_s,46,3,8.544211366666673
common,80,ESI-ALNS,original_resource_recompute_s,47,3,10.527330973333335
common,80,ESI-ALNS,original_resource_recompute_s,48,3,7.8477217506666745
common,80,ESI-ALNS,original_resource_recompute_s,49,3,7.314091922000007
common,80,ESI-ALNS,original_resource_recompute_s,50,3,5.663165185999996
common,80,ESI-ALNS,original_resource_recompute_s,51,3,2.909022808333333
common,80,ESI-ALNS,original_resource_recompute_s,52,3,3.4688590393333336
paired,80,GR-MR,original_resource_recompute_s,45,3,2.175089540333289
paired,80,GR-MR,original_resource_recompute_s,46,3,8.543641591666642
paired,80,GR-MR,original_resource_recompute_s,47,3,9.94217676433334
paired,80,GR-MR,original_resource_recompute_s,48,3,7.847189206666665
paired,80,GR-MR,original_resource_recompute_s,49,3,5.353746142999985
paired,80,GR-MR,original_resource_recompute_s,50,3,5.662855326000009
paired,80,GR-MR,original_resource_recompute_s,51,3,2.4980330623333487
paired,80,GR-MR,original_resource_recompute_s,52,3,3.468288385333333
paired,80,FTR-NM,original_resource_recompute_s,45,3,2.175352790333335
paired,80,FTR-NM,original_resource_recompute_s,46,3,8.543896699666675
paired,80,FTR-NM,original_resource_recompute_s,47,3,10.52704882533331
paired,80,FTR-NM,original_resource_recompute_s,48,3,7.847424476666684
paired,80,FTR-NM,original_resource_recompute_s,49,3,-1.3276713059999945
paired,80,FTR-NM,original_resource_recompute_s,50,3,5.662985562999988
paired,80,FTR-NM,original_resource_recompute_s,51,3,2.908786540333324
paired,80,FTR-NM,original_resource_recompute_s,52,3,3.4685307763333335
paired,80,RGA-MR,original_resource_recompute_s,45,3,2.1752624649999937
paired,80,RGA-MR,original_resource_recompute_s,46,3,7.907234957666664
paired,80,RGA-MR,original_resource_recompute_s,47,3,9.347036677333335
paired,80,RGA-MR,original_resource_recompute_s,48,3,7.847342059333347
paired,80,RGA-MR,original_resource_recompute_s,49,3,4.745661202666677
paired,80,RGA-MR,original_resource_recompute_s,50,3,5.66290690433334
paired,80,RGA-MR,original_resource_recompute_s,51,3,2.7967120383333395
paired,80,RGA-MR,original_resource_recompute_s,52,3,2.820121670666675
paired,80,B-ALNS,original_resource_recompute_s,45,3,-5.9444821920000095
paired,80,B-ALNS,original_resource_recompute_s,46,3,2.9664596160000087
paired,80,B-ALNS,original_resource_recompute_s,47,3,2.718971761333345
paired,80,B-ALNS,original_resource_recompute_s,48,3,5.458815236333341
paired,80,B-ALNS,original_resource_recompute_s,49,3,-1.861622227333309
paired,80,B-ALNS,original_resource_recompute_s,50,3,0.11953687499999906
paired,80,B-ALNS,original_resource_recompute_s,51,3,-1.9360726989999932
paired,80,B-ALNS,original_resource_recompute_s,52,3,3.1359983679999934
conditional,80,GR-MR,original_search_s,45,1,0.0
conditional,80,GR-MR,original_search_s,46,1,0.0
conditional,80,GR-MR,original_search_s,47,1,0.0
conditional,80,GR-MR,original_search_s,48,1,0.0
conditional,80,GR-MR,original_search_s,49,1,0.0
conditional,80,GR-MR,original_search_s,50,1,0.0
conditional,80,GR-MR,original_search_s,51,1,0.0
conditional,80,GR-MR,original_search_s,52,1,0.0
common,80,GR-MR,original_search_s,45,3,0.0
common,80,GR-MR,original_search_s,46,3,0.0
common,80,GR-MR,original_search_s,47,3,0.0
common,80,GR-MR,original_search_s,48,3,0.0
common,80,GR-MR,original_search_s,49,3,0.0
common,80,GR-MR,original_search_s,50,3,0.0
common,80,GR-MR,original_search_s,51,3,0.0
common,80,GR-MR,original_search_s,52,3,0.0
conditional,80,FTR-NM,original_search_s,45,1,0.0
conditional,80,FTR-NM,original_search_s,46,1,0.0
conditional,80,FTR-NM,original_search_s,47,1,0.0
conditional,80,FTR-NM,original_search_s,48,1,0.0
conditional,80,FTR-NM,original_search_s,49,1,0.0
conditional,80,FTR-NM,original_search_s,50,1,0.0
conditional,80,FTR-NM,original_search_s,51,1,0.0
conditional,80,FTR-NM,original_search_s,52,1,0.0
common,80,FTR-NM,original_search_s,45,3,0.0
common,80,FTR-NM,original_search_s,46,3,0.0
common,80,FTR-NM,original_search_s,47,3,0.0
common,80,FTR-NM,original_search_s,48,3,0.0
common,80,FTR-NM,original_search_s,49,3,0.0
common,80,FTR-NM,original_search_s,50,3,0.0
common,80,FTR-NM,original_search_s,51,3,0.0
common,80,FTR-NM,original_search_s,52,3,0.0
conditional,80,RGA-MR,original_search_s,45,3,35.04572773366667
conditional,80,RGA-MR,original_search_s,46,3,38.35161113833333
conditional,80,RGA-MR,original_search_s,47,3,38.996434966333325
conditional,80,RGA-MR,original_search_s,48,3,55.03277692699999
conditional,80,RGA-MR,original_search_s,49,3,27.57161189233335
conditional,80,RGA-MR,original_search_s,50,3,25.606034996666676
conditional,80,RGA-MR,original_search_s,51,3,31.422201498333333
conditional,80,RGA-MR,original_search_s,52,3,45.799071559000005
common,80,RGA-MR,original_search_s,45,3,35.04572773366667
common,80,RGA-MR,original_search_s,46,3,38.35161113833333
common,80,RGA-MR,original_search_s,47,3,38.996434966333325
common,80,RGA-MR,original_search_s,48,3,55.03277692699999
common,80,RGA-MR,original_search_s,49,3,27.57161189233335
common,80,RGA-MR,original_search_s,50,3,25.606034996666676
common,80,RGA-MR,original_search_s,51,3,31.422201498333333
common,80,RGA-MR,original_search_s,52,3,45.799071559000005
conditional,80,B-ALNS,original_search_s,45,3,44.19550286199999
conditional,80,B-ALNS,original_search_s,46,3,55.67233166533334
conditional,80,B-ALNS,original_search_s,47,3,42.69766921533335
conditional,80,B-ALNS,original_search_s,48,3,37.130278871
conditional,80,B-ALNS,original_search_s,49,3,48.65792811266666
conditional,80,B-ALNS,original_search_s,50,3,21.359860955333335
conditional,80,B-ALNS,original_search_s,51,3,31.907431632333335
conditional,80,B-ALNS,original_search_s,52,3,43.25576447866666
common,80,B-ALNS,original_search_s,45,3,44.19550286199999
common,80,B-ALNS,original_search_s,46,3,55.67233166533334
common,80,B-ALNS,original_search_s,47,3,42.69766921533335
common,80,B-ALNS,original_search_s,48,3,37.130278871
common,80,B-ALNS,original_search_s,49,3,48.65792811266666
common,80,B-ALNS,original_search_s,50,3,21.359860955333335
common,80,B-ALNS,original_search_s,51,3,31.907431632333335
common,80,B-ALNS,original_search_s,52,3,43.25576447866666
conditional,80,ESI-ALNS,original_search_s,45,3,59.47311372700001
conditional,80,ESI-ALNS,original_search_s,46,3,63.24497164099999
conditional,80,ESI-ALNS,original_search_s,47,3,52.61450732766668
conditional,80,ESI-ALNS,original_search_s,48,3,43.201223281666664
conditional,80,ESI-ALNS,original_search_s,49,3,54.34176628199998
conditional,80,ESI-ALNS,original_search_s,50,3,24.19235343033334
conditional,80,ESI-ALNS,original_search_s,51,3,38.57509780533333
conditional,80,ESI-ALNS,original_search_s,52,3,49.20292327400001
common,80,ESI-ALNS,original_search_s,45,3,59.47311372700001
common,80,ESI-ALNS,original_search_s,46,3,63.24497164099999
common,80,ESI-ALNS,original_search_s,47,3,52.61450732766668
common,80,ESI-ALNS,original_search_s,48,3,43.201223281666664
common,80,ESI-ALNS,original_search_s,49,3,54.34176628199998
common,80,ESI-ALNS,original_search_s,50,3,24.19235343033334
common,80,ESI-ALNS,original_search_s,51,3,38.57509780533333
common,80,ESI-ALNS,original_search_s,52,3,49.20292327400001
paired,80,GR-MR,original_search_s,45,3,59.47311372700001
paired,80,GR-MR,original_search_s,46,3,63.24497164099999
paired,80,GR-MR,original_search_s,47,3,52.61450732766668
paired,80,GR-MR,original_search_s,48,3,43.201223281666664
paired,80,GR-MR,original_search_s,49,3,54.34176628199998
paired,80,GR-MR,original_search_s,50,3,24.19235343033334
paired,80,GR-MR,original_search_s,51,3,38.57509780533333
paired,80,GR-MR,original_search_s,52,3,49.20292327400001
paired,80,FTR-NM,original_search_s,45,3,59.47311372700001
paired,80,FTR-NM,original_search_s,46,3,63.24497164099999
paired,80,FTR-NM,original_search_s,47,3,52.61450732766668
paired,80,FTR-NM,original_search_s,48,3,43.201223281666664
paired,80,FTR-NM,original_search_s,49,3,54.34176628199998
paired,80,FTR-NM,original_search_s,50,3,24.19235343033334
paired,80,FTR-NM,original_search_s,51,3,38.57509780533333
paired,80,FTR-NM,original_search_s,52,3,49.20292327400001
paired,80,RGA-MR,original_search_s,45,3,24.427385993333335
paired,80,RGA-MR,original_search_s,46,3,24.893360502666663
paired,80,RGA-MR,original_search_s,47,3,13.618072361333356
paired,80,RGA-MR,original_search_s,48,3,-11.831553645333335
paired,80,RGA-MR,original_search_s,49,3,26.77015438966663
paired,80,RGA-MR,original_search_s,50,3,-1.4136815663333333
paired,80,RGA-MR,original_search_s,51,3,7.152896306999999
paired,80,RGA-MR,original_search_s,52,3,3.403851715000004
paired,80,B-ALNS,original_search_s,45,3,15.27761086500002
paired,80,B-ALNS,original_search_s,46,3,7.572639975666651
paired,80,B-ALNS,original_search_s,47,3,9.916838112333332
paired,80,B-ALNS,original_search_s,48,3,6.07094441066666
paired,80,B-ALNS,original_search_s,49,3,5.683838169333323
paired,80,B-ALNS,original_search_s,50,3,2.8324924750000045
paired,80,B-ALNS,original_search_s,51,3,6.667666172999996
paired,80,B-ALNS,original_search_s,52,3,5.947158795333347
conditional,80,GR-MR,original_total_to_resources_s,45,1,0.5065728380000394
conditional,80,GR-MR,original_total_to_resources_s,46,1,0.45837027100003525
conditional,80,GR-MR,original_total_to_resources_s,47,1,1.0192651109999957
conditional,80,GR-MR,original_total_to_resources_s,48,1,0.6004949830000044
conditional,80,GR-MR,original_total_to_resources_s,49,1,2.2428002009999943
conditional,80,GR-MR,original_total_to_resources_s,50,1,0.48263371299998425
conditional,80,GR-MR,original_total_to_resources_s,51,1,0.8628376019999848
conditional,80,GR-MR,original_total_to_resources_s,52,1,0.7650883269999937
common,80,GR-MR,original_total_to_resources_s,45,3,0.5065728380000394
common,80,GR-MR,original_total_to_resources_s,46,3,0.45837027100003525
common,80,GR-MR,original_total_to_resources_s,47,3,1.0192651109999957
common,80,GR-MR,original_total_to_resources_s,48,3,0.6004949830000044
common,80,GR-MR,original_total_to_resources_s,49,3,2.2428002009999943
common,80,GR-MR,original_total_to_resources_s,50,3,0.48263371299998425
common,80,GR-MR,original_total_to_resources_s,51,3,0.8628376019999848
common,80,GR-MR,original_total_to_resources_s,52,3,0.7650883269999937
conditional,80,FTR-NM,original_total_to_resources_s,45,1,0.23039150800001096
conditional,80,FTR-NM,original_total_to_resources_s,46,1,0.3699736220000105
conditional,80,FTR-NM,original_total_to_resources_s,47,1,0.24105800700002078
conditional,80,FTR-NM,original_total_to_resources_s,48,1,0.3317210529999528
conditional,80,FTR-NM,original_total_to_resources_s,49,1,8.792112721999985
conditional,80,FTR-NM,original_total_to_resources_s,50,1,0.28060599900000227
conditional,80,FTR-NM,original_total_to_resources_s,51,1,0.2561696049999824
conditional,80,FTR-NM,original_total_to_resources_s,52,1,0.3587985059999994
common,80,FTR-NM,original_total_to_resources_s,45,3,0.23039150800001096
common,80,FTR-NM,original_total_to_resources_s,46,3,0.3699736220000105
common,80,FTR-NM,original_total_to_resources_s,47,3,0.24105800700002078
common,80,FTR-NM,original_total_to_resources_s,48,3,0.3317210529999528
common,80,FTR-NM,original_total_to_resources_s,49,3,8.792112721999985
common,80,FTR-NM,original_total_to_resources_s,50,3,0.28060599900000227
common,80,FTR-NM,original_total_to_resources_s,51,3,0.2561696049999824
common,80,FTR-NM,original_total_to_resources_s,52,3,0.3587985059999994
conditional,80,RGA-MR,original_total_to_resources_s,45,3,35.046108169
conditional,80,RGA-MR,original_total_to_resources_s,46,3,38.98858754733334
conditional,80,RGA-MR,original_total_to_resources_s,47,3,40.176729262333325
conditional,80,RGA-MR,original_total_to_resources_s,48,3,55.03315661833332
conditional,80,RGA-MR,original_total_to_resources_s,49,3,30.140042611666683
conditional,80,RGA-MR,original_total_to_resources_s,50,3,25.60629327833333
conditional,80,RGA-MR,original_total_to_resources_s,51,3,31.534512268333327
conditional,80,RGA-MR,original_total_to_resources_s,52,3,46.447808927666664
common,80,RGA-MR,original_total_to_resources_s,45,3,35.046108169
common,80,RGA-MR,original_total_to_resources_s,46,3,38.98858754733334
common,80,RGA-MR,original_total_to_resources_s,47,3,40.176729262333325
common,80,RGA-MR,original_total_to_resources_s,48,3,55.03315661833332
common,80,RGA-MR,original_total_to_resources_s,49,3,30.140042611666683
common,80,RGA-MR,original_total_to_resources_s,50,3,25.60629327833333
common,80,RGA-MR,original_total_to_resources_s,51,3,31.534512268333327
common,80,RGA-MR,original_total_to_resources_s,52,3,46.447808927666664
conditional,80,B-ALNS,original_total_to_resources_s,45,3,52.82164743233333
conditional,80,B-ALNS,original_total_to_resources_s,46,3,61.70788391200001
conditional,80,B-ALNS,original_total_to_resources_s,47,3,50.94013932933334
conditional,80,B-ALNS,original_total_to_resources_s,48,3,40.11914782433333
conditional,80,B-ALNS,original_total_to_resources_s,49,3,58.11609668399995
conditional,80,B-ALNS,original_total_to_resources_s,50,3,27.38581311933333
conditional,80,B-ALNS,original_total_to_resources_s,51,3,37.20437499566666
conditional,80,B-ALNS,original_total_to_resources_s,52,3,44.353142823
common,80,B-ALNS,original_total_to_resources_s,45,3,52.82164743233333
common,80,B-ALNS,original_total_to_resources_s,46,3,61.70788391200001
common,80,B-ALNS,original_total_to_resources_s,47,3,50.94013932933334
common,80,B-ALNS,original_total_to_resources_s,48,3,40.11914782433333
common,80,B-ALNS,original_total_to_resources_s,49,3,58.11609668399995
common,80,B-ALNS,original_total_to_resources_s,50,3,27.38581311933333
common,80,B-ALNS,original_total_to_resources_s,51,3,37.20437499566666
common,80,B-ALNS,original_total_to_resources_s,52,3,44.353142823
conditional,80,ESI-ALNS,original_total_to_resources_s,45,3,62.15477610533334
conditional,80,ESI-ALNS,original_total_to_resources_s,46,3,72.24698350366667
conditional,80,ESI-ALNS,original_total_to_resources_s,47,3,63.575949203000015
conditional,80,ESI-ALNS,original_total_to_resources_s,48,3,51.64890747133333
conditional,80,ESI-ALNS,original_total_to_resources_s,49,3,61.93831262599996
conditional,80,ESI-ALNS,original_total_to_resources_s,50,3,30.337842469333335
conditional,80,ESI-ALNS,original_total_to_resources_s,51,3,41.93596846966666
conditional,80,ESI-ALNS,original_total_to_resources_s,52,3,53.43629998633334
common,80,ESI-ALNS,original_total_to_resources_s,45,3,62.15477610533334
common,80,ESI-ALNS,original_total_to_resources_s,46,3,72.24698350366667
common,80,ESI-ALNS,original_total_to_resources_s,47,3,63.575949203000015
common,80,ESI-ALNS,original_total_to_resources_s,48,3,51.64890747133333
common,80,ESI-ALNS,original_total_to_resources_s,49,3,61.93831262599996
common,80,ESI-ALNS,original_total_to_resources_s,50,3,30.337842469333335
common,80,ESI-ALNS,original_total_to_resources_s,51,3,41.93596846966666
common,80,ESI-ALNS,original_total_to_resources_s,52,3,53.43629998633334
paired,80,GR-MR,original_total_to_resources_s,45,3,61.6482032673333
paired,80,GR-MR,original_total_to_resources_s,46,3,71.78861323266663
paired,80,GR-MR,original_total_to_resources_s,47,3,62.55668409200002
paired,80,GR-MR,original_total_to_resources_s,48,3,51.04841248833333
paired,80,GR-MR,original_total_to_resources_s,49,3,59.69551242499997
paired,80,GR-MR,original_total_to_resources_s,50,3,29.85520875633335
paired,80,GR-MR,original_total_to_resources_s,51,3,41.07313086766668
paired,80,GR-MR,original_total_to_resources_s,52,3,52.671211659333345
paired,80,FTR-NM,original_total_to_resources_s,45,3,61.92438459733333
paired,80,FTR-NM,original_total_to_resources_s,46,3,71.87700988166665
paired,80,FTR-NM,original_total_to_resources_s,47,3,63.334891195999994
paired,80,FTR-NM,original_total_to_resources_s,48,3,51.31718641833338
paired,80,FTR-NM,original_total_to_resources_s,49,3,53.14619990399998
paired,80,FTR-NM,original_total_to_resources_s,50,3,30.057236470333333
paired,80,FTR-NM,original_total_to_resources_s,51,3,41.67979886466668
paired,80,FTR-NM,original_total_to_resources_s,52,3,53.07750148033334
paired,80,RGA-MR,original_total_to_resources_s,45,3,27.108667936333344
paired,80,RGA-MR,original_total_to_resources_s,46,3,33.25839595633333
paired,80,RGA-MR,original_total_to_resources_s,47,3,23.399219940666693
paired,80,RGA-MR,original_total_to_resources_s,48,3,-3.3842491469999914
paired,80,RGA-MR,original_total_to_resources_s,49,3,31.79827001433328
paired,80,RGA-MR,original_total_to_resources_s,50,3,4.731549191000004
paired,80,RGA-MR,original_total_to_resources_s,51,3,10.401456201333339
paired,80,RGA-MR,original_total_to_resources_s,52,3,6.988491058666675
paired,80,B-ALNS,original_total_to_resources_s,45,3,9.33312867300001
paired,80,B-ALNS,original_total_to_resources_s,46,3,10.53909959166666
paired,80,B-ALNS,original_total_to_resources_s,47,3,12.635809873666679
paired,80,B-ALNS,original_total_to_resources_s,48,3,11.529759647
paired,80,B-ALNS,original_total_to_resources_s,49,3,3.822215942000014
paired,80,B-ALNS,original_total_to_resources_s,50,3,2.9520293500000037
paired,80,B-ALNS,original_total_to_resources_s,51,3,4.731593474000003
paired,80,B-ALNS,original_total_to_resources_s,52,3,9.083157163333341
conditional,80,GR-MR,original_total_with_audit_s,45,1,0.5065773460000571
conditional,80,GR-MR,original_total_with_audit_s,46,1,0.4583748800000649
conditional,80,GR-MR,original_total_with_audit_s,47,1,1.0192728050000284
conditional,80,GR-MR,original_total_with_audit_s,48,1,0.6004997120000155
conditional,80,GR-MR,original_total_with_audit_s,49,1,2.2482133869999927
conditional,80,GR-MR,original_total_with_audit_s,50,1,0.48263763899998935
conditional,80,GR-MR,original_total_with_audit_s,51,1,0.862844071999973
conditional,80,GR-MR,original_total_with_audit_s,52,1,0.7650921140000193
common,80,GR-MR,original_total_with_audit_s,45,3,0.5065773460000571
common,80,GR-MR,original_total_with_audit_s,46,3,0.4583748800000649
common,80,GR-MR,original_total_with_audit_s,47,3,1.0192728050000284
common,80,GR-MR,original_total_with_audit_s,48,3,0.6004997120000155
common,80,GR-MR,original_total_with_audit_s,49,3,2.2482133869999927
common,80,GR-MR,original_total_with_audit_s,50,3,0.48263763899998935
common,80,GR-MR,original_total_with_audit_s,51,3,0.862844071999973
common,80,GR-MR,original_total_with_audit_s,52,3,0.7650921140000193
conditional,80,FTR-NM,original_total_with_audit_s,45,1,0.2303965379999653
conditional,80,FTR-NM,original_total_with_audit_s,46,1,0.3699782410000054
conditional,80,FTR-NM,original_total_with_audit_s,47,1,0.24106303700003195
conditional,80,FTR-NM,original_total_with_audit_s,48,1,0.3317255219999282
conditional,80,FTR-NM,original_total_with_audit_s,49,1,8.797942314999972
conditional,80,FTR-NM,original_total_with_audit_s,50,1,0.2806096040000199
conditional,80,FTR-NM,original_total_with_audit_s,51,1,0.25617366099997696
conditional,80,FTR-NM,original_total_with_audit_s,52,1,0.3588035249999848
common,80,FTR-NM,original_total_with_audit_s,45,3,0.2303965379999653
common,80,FTR-NM,original_total_with_audit_s,46,3,0.3699782410000054
common,80,FTR-NM,original_total_with_audit_s,47,3,0.24106303700003195
common,80,FTR-NM,original_total_with_audit_s,48,3,0.3317255219999282
common,80,FTR-NM,original_total_with_audit_s,49,3,8.797942314999972
common,80,FTR-NM,original_total_with_audit_s,50,3,0.2806096040000199
common,80,FTR-NM,original_total_with_audit_s,51,3,0.25617366099997696
common,80,FTR-NM,original_total_with_audit_s,52,3,0.3588035249999848
conditional,80,RGA-MR,original_total_with_audit_s,45,3,35.04611231333332
conditional,80,RGA-MR,original_total_with_audit_s,46,3,38.988592232666676
conditional,80,RGA-MR,original_total_with_audit_s,47,3,40.176736973
conditional,80,RGA-MR,original_total_with_audit_s,48,3,55.03316113599998
conditional,80,RGA-MR,original_total_with_audit_s,49,3,30.14571654533334
conditional,80,RGA-MR,original_total_with_audit_s,50,3,25.606296980333337
conditional,80,RGA-MR,original_total_with_audit_s,51,3,31.53451704533333
conditional,80,RGA-MR,original_total_with_audit_s,52,3,46.447813860000004
common,80,RGA-MR,original_total_with_audit_s,45,3,35.04611231333332
common,80,RGA-MR,original_total_with_audit_s,46,3,38.988592232666676
common,80,RGA-MR,original_total_with_audit_s,47,3,40.176736973
common,80,RGA-MR,original_total_with_audit_s,48,3,55.03316113599998
common,80,RGA-MR,original_total_with_audit_s,49,3,30.14571654533334
common,80,RGA-MR,original_total_with_audit_s,50,3,25.606296980333337
common,80,RGA-MR,original_total_with_audit_s,51,3,31.53451704533333
common,80,RGA-MR,original_total_with_audit_s,52,3,46.447813860000004
conditional,80,B-ALNS,original_total_with_audit_s,45,3,52.82972874333333
conditional,80,B-ALNS,original_total_with_audit_s,46,3,61.71583114500003
conditional,80,B-ALNS,original_total_with_audit_s,47,3,50.94758826633332
conditional,80,B-ALNS,original_total_with_audit_s,48,3,40.126776843999984
conditional,80,B-ALNS,original_total_with_audit_s,49,3,58.121040603666614
conditional,80,B-ALNS,original_total_with_audit_s,50,3,27.389928231999992
conditional,80,B-ALNS,original_total_with_audit_s,51,3,37.21072771499999
conditional,80,B-ALNS,original_total_with_audit_s,52,3,44.35574347633333
common,80,B-ALNS,original_total_with_audit_s,45,3,52.82972874333333
common,80,B-ALNS,original_total_with_audit_s,46,3,61.71583114500003
common,80,B-ALNS,original_total_with_audit_s,47,3,50.94758826633332
common,80,B-ALNS,original_total_with_audit_s,48,3,40.126776843999984
common,80,B-ALNS,original_total_with_audit_s,49,3,58.121040603666614
common,80,B-ALNS,original_total_with_audit_s,50,3,27.389928231999992
common,80,B-ALNS,original_total_with_audit_s,51,3,37.21072771499999
common,80,B-ALNS,original_total_with_audit_s,52,3,44.35574347633333
conditional,80,ESI-ALNS,original_total_with_audit_s,45,3,62.16237507500001
conditional,80,ESI-ALNS,original_total_with_audit_s,46,3,72.25469905233335
conditional,80,ESI-ALNS,original_total_with_audit_s,47,3,63.583185482333356
conditional,80,ESI-ALNS,original_total_with_audit_s,48,3,51.656534761333326
conditional,80,ESI-ALNS,original_total_with_audit_s,49,3,61.942894376999966
conditional,80,ESI-ALNS,original_total_with_audit_s,50,3,30.341963161
conditional,80,ESI-ALNS,original_total_with_audit_s,51,3,41.941720222666646
conditional,80,ESI-ALNS,original_total_with_audit_s,52,3,53.438956048666675
common,80,ESI-ALNS,original_total_with_audit_s,45,3,62.16237507500001
common,80,ESI-ALNS,original_total_with_audit_s,46,3,72.25469905233335
common,80,ESI-ALNS,original_total_with_audit_s,47,3,63.583185482333356
common,80,ESI-ALNS,original_total_with_audit_s,48,3,51.656534761333326
common,80,ESI-ALNS,original_total_with_audit_s,49,3,61.942894376999966
common,80,ESI-ALNS,original_total_with_audit_s,50,3,30.341963161
common,80,ESI-ALNS,original_total_with_audit_s,51,3,41.941720222666646
common,80,ESI-ALNS,original_total_with_audit_s,52,3,53.438956048666675
paired,80,GR-MR,original_total_with_audit_s,45,3,61.65579772899995
paired,80,GR-MR,original_total_with_audit_s,46,3,71.79632417233329
paired,80,GR-MR,original_total_with_audit_s,47,3,62.56391267733333
paired,80,GR-MR,original_total_with_audit_s,48,3,51.05603504933331
paired,80,GR-MR,original_total_with_audit_s,49,3,59.69468098999997
paired,80,GR-MR,original_total_with_audit_s,50,3,29.85932552200001
paired,80,GR-MR,original_total_with_audit_s,51,3,41.07887615066667
paired,80,GR-MR,original_total_with_audit_s,52,3,52.673863934666656
paired,80,FTR-NM,original_total_with_audit_s,45,3,61.93197853700004
paired,80,FTR-NM,original_total_with_audit_s,46,3,71.88472081133335
paired,80,FTR-NM,original_total_with_audit_s,47,3,63.342122445333324
paired,80,FTR-NM,original_total_with_audit_s,48,3,51.3248092393334
paired,80,FTR-NM,original_total_with_audit_s,49,3,53.144952061999994
paired,80,FTR-NM,original_total_with_audit_s,50,3,30.06135355699998
paired,80,FTR-NM,original_total_with_audit_s,51,3,41.68554656166667
paired,80,FTR-NM,original_total_with_audit_s,52,3,53.08015252366669
paired,80,RGA-MR,original_total_with_audit_s,45,3,27.116262761666686
paired,80,RGA-MR,original_total_with_audit_s,46,3,33.266106819666675
paired,80,RGA-MR,original_total_with_audit_s,47,3,23.40644850933336
paired,80,RGA-MR,original_total_with_audit_s,48,3,-3.376626374666652
paired,80,RGA-MR,original_total_with_audit_s,49,3,31.79717783166663
paired,80,RGA-MR,original_total_with_audit_s,50,3,4.735666180666665
paired,80,RGA-MR,original_total_with_audit_s,51,3,10.407203177333317
paired,80,RGA-MR,original_total_with_audit_s,52,3,6.991142188666674
paired,80,B-ALNS,original_total_with_audit_s,45,3,9.33264633166668
paired,80,B-ALNS,original_total_with_audit_s,46,3,10.538867907333321
paired,80,B-ALNS,original_total_with_audit_s,47,3,12.635597216000036
paired,80,B-ALNS,original_total_with_audit_s,48,3,11.529757917333342
paired,80,B-ALNS,original_total_with_audit_s,49,3,3.821853773333354
paired,80,B-ALNS,original_total_with_audit_s,50,3,2.952034929000007
paired,80,B-ALNS,original_total_with_audit_s,51,3,4.730992507666656
paired,80,B-ALNS,original_total_with_audit_s,52,3,9.08321257233335
conditional,80,GR-MR,p95_delay_s,49,1,356.51771140698
common,80,GR-MR,p95_delay_s,49,2,356.51771140698
conditional,80,FTR-NM,p95_delay_s,49,1,356.5177114511378
common,80,FTR-NM,p95_delay_s,49,2,356.5177114511378
conditional,80,RGA-MR,p95_delay_s,49,3,356.51771140698
common,80,RGA-MR,p95_delay_s,49,2,356.51771140698
conditional,80,B-ALNS,p95_delay_s,45,3,369.1747270216925
conditional,80,B-ALNS,p95_delay_s,46,3,367.20601931997686
conditional,80,B-ALNS,p95_delay_s,47,3,369.13403530902565
conditional,80,B-ALNS,p95_delay_s,48,3,390.7734798927738
conditional,80,B-ALNS,p95_delay_s,49,2,365.6295706629683
conditional,80,B-ALNS,p95_delay_s,50,3,370.9885685561872
conditional,80,B-ALNS,p95_delay_s,51,3,372.08934352136987
conditional,80,B-ALNS,p95_delay_s,52,1,365.4715569694518
common,80,B-ALNS,p95_delay_s,49,2,365.6295706629683
conditional,80,ESI-ALNS,p95_delay_s,45,3,369.06288559956977
conditional,80,ESI-ALNS,p95_delay_s,46,3,368.3854432781303
conditional,80,ESI-ALNS,p95_delay_s,47,3,369.134035317676
conditional,80,ESI-ALNS,p95_delay_s,48,3,393.56626418262965
conditional,80,ESI-ALNS,p95_delay_s,49,2,357.23971449905775
conditional,80,ESI-ALNS,p95_delay_s,50,3,370.9885828404903
conditional,80,ESI-ALNS,p95_delay_s,51,3,367.2874237210466
conditional,80,ESI-ALNS,p95_delay_s,52,1,365.47155693509245
common,80,ESI-ALNS,p95_delay_s,49,2,357.23971449905775
paired,80,GR-MR,p95_delay_s,49,2,0.7220030920777276
paired,80,FTR-NM,p95_delay_s,49,2,0.7220030479199409
paired,80,RGA-MR,p95_delay_s,49,2,0.7220030920777276
paired,80,B-ALNS,p95_delay_s,45,3,-0.11184142212268473
paired,80,B-ALNS,p95_delay_s,46,3,1.1794239581534498
paired,80,B-ALNS,p95_delay_s,47,3,8.65033674320633e-09
paired,80,B-ALNS,p95_delay_s,48,3,2.792784289855831
paired,80,B-ALNS,p95_delay_s,49,2,-8.389856163910565
paired,80,B-ALNS,p95_delay_s,50,3,1.4284303119893593e-05
paired,80,B-ALNS,p95_delay_s,51,3,-4.801919800323295
paired,80,B-ALNS,p95_delay_s,52,1,-3.435934559092857e-08
conditional,80,GR-MR,stage1_energy_j,49,1,262762.348539238
common,80,GR-MR,stage1_energy_j,49,2,262762.348539238
conditional,80,FTR-NM,stage1_energy_j,49,1,258429.8089860081
common,80,FTR-NM,stage1_energy_j,49,2,258429.8089860081
conditional,80,RGA-MR,stage1_energy_j,49,3,262762.348539238
common,80,RGA-MR,stage1_energy_j,49,2,262762.348539238
conditional,80,B-ALNS,stage1_energy_j,45,3,246847.30680503434
conditional,80,B-ALNS,stage1_energy_j,46,3,218073.3466228486
conditional,80,B-ALNS,stage1_energy_j,47,3,225194.31512530518
conditional,80,B-ALNS,stage1_energy_j,48,3,225797.38751951754
conditional,80,B-ALNS,stage1_energy_j,49,2,210175.20268101193
conditional,80,B-ALNS,stage1_energy_j,50,3,220243.73025248607
conditional,80,B-ALNS,stage1_energy_j,51,3,230182.5091591036
conditional,80,B-ALNS,stage1_energy_j,52,1,226761.356393221
common,80,B-ALNS,stage1_energy_j,49,2,210175.20268101193
conditional,80,ESI-ALNS,stage1_energy_j,45,3,241620.2043848859
conditional,80,ESI-ALNS,stage1_energy_j,46,3,216091.30806400033
conditional,80,ESI-ALNS,stage1_energy_j,47,3,222593.07438145322
conditional,80,ESI-ALNS,stage1_energy_j,48,3,225602.55562065457
conditional,80,ESI-ALNS,stage1_energy_j,49,2,209923.9837846604
conditional,80,ESI-ALNS,stage1_energy_j,50,3,220095.0512438267
conditional,80,ESI-ALNS,stage1_energy_j,51,3,229432.5044982926
conditional,80,ESI-ALNS,stage1_energy_j,52,1,226602.53584775305
common,80,ESI-ALNS,stage1_energy_j,49,2,209923.9837846604
paired,80,GR-MR,stage1_energy_j,49,2,-52838.36475457756
paired,80,FTR-NM,stage1_energy_j,49,2,-48505.82520134769
paired,80,RGA-MR,stage1_energy_j,49,2,-52838.36475457756
paired,80,B-ALNS,stage1_energy_j,45,3,-5227.10242014843
paired,80,B-ALNS,stage1_energy_j,46,3,-1982.0385588482702
paired,80,B-ALNS,stage1_energy_j,47,3,-2601.2407438519585
paired,80,B-ALNS,stage1_energy_j,48,3,-194.83189886297137
paired,80,B-ALNS,stage1_energy_j,49,2,-251.21889635152183
paired,80,B-ALNS,stage1_energy_j,50,3,-148.67900865940223
paired,80,B-ALNS,stage1_energy_j,51,3,-750.0046608109842
paired,80,B-ALNS,stage1_energy_j,52,1,-158.82054546795553
conditional,80,GR-MR,stage1_qualified_rate,45,1,0.0
conditional,80,GR-MR,stage1_qualified_rate,46,1,0.0
conditional,80,GR-MR,stage1_qualified_rate,47,1,0.0
conditional,80,GR-MR,stage1_qualified_rate,48,1,0.0
conditional,80,GR-MR,stage1_qualified_rate,49,1,1.0
conditional,80,GR-MR,stage1_qualified_rate,50,1,0.0
conditional,80,GR-MR,stage1_qualified_rate,51,1,0.0
conditional,80,GR-MR,stage1_qualified_rate,52,1,0.0
common,80,GR-MR,stage1_qualified_rate,45,3,0.0
common,80,GR-MR,stage1_qualified_rate,46,3,0.0
common,80,GR-MR,stage1_qualified_rate,47,3,0.0
common,80,GR-MR,stage1_qualified_rate,48,3,0.0
common,80,GR-MR,stage1_qualified_rate,49,3,1.0
common,80,GR-MR,stage1_qualified_rate,50,3,0.0
common,80,GR-MR,stage1_qualified_rate,51,3,0.0
common,80,GR-MR,stage1_qualified_rate,52,3,0.0
conditional,80,FTR-NM,stage1_qualified_rate,45,1,0.0
conditional,80,FTR-NM,stage1_qualified_rate,46,1,0.0
conditional,80,FTR-NM,stage1_qualified_rate,47,1,0.0
conditional,80,FTR-NM,stage1_qualified_rate,48,1,0.0
conditional,80,FTR-NM,stage1_qualified_rate,49,1,1.0
conditional,80,FTR-NM,stage1_qualified_rate,50,1,0.0
conditional,80,FTR-NM,stage1_qualified_rate,51,1,0.0
conditional,80,FTR-NM,stage1_qualified_rate,52,1,0.0
common,80,FTR-NM,stage1_qualified_rate,45,3,0.0
common,80,FTR-NM,stage1_qualified_rate,46,3,0.0
common,80,FTR-NM,stage1_qualified_rate,47,3,0.0
common,80,FTR-NM,stage1_qualified_rate,48,3,0.0
common,80,FTR-NM,stage1_qualified_rate,49,3,1.0
common,80,FTR-NM,stage1_qualified_rate,50,3,0.0
common,80,FTR-NM,stage1_qualified_rate,51,3,0.0
common,80,FTR-NM,stage1_qualified_rate,52,3,0.0
conditional,80,RGA-MR,stage1_qualified_rate,45,3,0.0
conditional,80,RGA-MR,stage1_qualified_rate,46,3,0.0
conditional,80,RGA-MR,stage1_qualified_rate,47,3,0.0
conditional,80,RGA-MR,stage1_qualified_rate,48,3,0.0
conditional,80,RGA-MR,stage1_qualified_rate,49,3,1.0
conditional,80,RGA-MR,stage1_qualified_rate,50,3,0.0
conditional,80,RGA-MR,stage1_qualified_rate,51,3,0.0
conditional,80,RGA-MR,stage1_qualified_rate,52,3,0.0
common,80,RGA-MR,stage1_qualified_rate,45,3,0.0
common,80,RGA-MR,stage1_qualified_rate,46,3,0.0
common,80,RGA-MR,stage1_qualified_rate,47,3,0.0
common,80,RGA-MR,stage1_qualified_rate,48,3,0.0
common,80,RGA-MR,stage1_qualified_rate,49,3,1.0
common,80,RGA-MR,stage1_qualified_rate,50,3,0.0
common,80,RGA-MR,stage1_qualified_rate,51,3,0.0
common,80,RGA-MR,stage1_qualified_rate,52,3,0.0
conditional,80,B-ALNS,stage1_qualified_rate,45,3,1.0
conditional,80,B-ALNS,stage1_qualified_rate,46,3,1.0
conditional,80,B-ALNS,stage1_qualified_rate,47,3,1.0
conditional,80,B-ALNS,stage1_qualified_rate,48,3,1.0
conditional,80,B-ALNS,stage1_qualified_rate,49,3,0.6666666666666666
conditional,80,B-ALNS,stage1_qualified_rate,50,3,1.0
conditional,80,B-ALNS,stage1_qualified_rate,51,3,1.0
conditional,80,B-ALNS,stage1_qualified_rate,52,3,0.3333333333333333
common,80,B-ALNS,stage1_qualified_rate,45,3,1.0
common,80,B-ALNS,stage1_qualified_rate,46,3,1.0
common,80,B-ALNS,stage1_qualified_rate,47,3,1.0
common,80,B-ALNS,stage1_qualified_rate,48,3,1.0
common,80,B-ALNS,stage1_qualified_rate,49,3,0.6666666666666666
common,80,B-ALNS,stage1_qualified_rate,50,3,1.0
common,80,B-ALNS,stage1_qualified_rate,51,3,1.0
common,80,B-ALNS,stage1_qualified_rate,52,3,0.3333333333333333
conditional,80,ESI-ALNS,stage1_qualified_rate,45,3,1.0
conditional,80,ESI-ALNS,stage1_qualified_rate,46,3,1.0
conditional,80,ESI-ALNS,stage1_qualified_rate,47,3,1.0
conditional,80,ESI-ALNS,stage1_qualified_rate,48,3,1.0
conditional,80,ESI-ALNS,stage1_qualified_rate,49,3,0.6666666666666666
conditional,80,ESI-ALNS,stage1_qualified_rate,50,3,1.0
conditional,80,ESI-ALNS,stage1_qualified_rate,51,3,1.0
conditional,80,ESI-ALNS,stage1_qualified_rate,52,3,0.3333333333333333
common,80,ESI-ALNS,stage1_qualified_rate,45,3,1.0
common,80,ESI-ALNS,stage1_qualified_rate,46,3,1.0
common,80,ESI-ALNS,stage1_qualified_rate,47,3,1.0
common,80,ESI-ALNS,stage1_qualified_rate,48,3,1.0
common,80,ESI-ALNS,stage1_qualified_rate,49,3,0.6666666666666666
common,80,ESI-ALNS,stage1_qualified_rate,50,3,1.0
common,80,ESI-ALNS,stage1_qualified_rate,51,3,1.0
common,80,ESI-ALNS,stage1_qualified_rate,52,3,0.3333333333333333
paired,80,GR-MR,stage1_qualified_rate,45,3,1.0
paired,80,GR-MR,stage1_qualified_rate,46,3,1.0
paired,80,GR-MR,stage1_qualified_rate,47,3,1.0
paired,80,GR-MR,stage1_qualified_rate,48,3,1.0
paired,80,GR-MR,stage1_qualified_rate,49,3,-0.3333333333333333
paired,80,GR-MR,stage1_qualified_rate,50,3,1.0
paired,80,GR-MR,stage1_qualified_rate,51,3,1.0
paired,80,GR-MR,stage1_qualified_rate,52,3,0.3333333333333333
paired,80,FTR-NM,stage1_qualified_rate,45,3,1.0
paired,80,FTR-NM,stage1_qualified_rate,46,3,1.0
paired,80,FTR-NM,stage1_qualified_rate,47,3,1.0
paired,80,FTR-NM,stage1_qualified_rate,48,3,1.0
paired,80,FTR-NM,stage1_qualified_rate,49,3,-0.3333333333333333
paired,80,FTR-NM,stage1_qualified_rate,50,3,1.0
paired,80,FTR-NM,stage1_qualified_rate,51,3,1.0
paired,80,FTR-NM,stage1_qualified_rate,52,3,0.3333333333333333
paired,80,RGA-MR,stage1_qualified_rate,45,3,1.0
paired,80,RGA-MR,stage1_qualified_rate,46,3,1.0
paired,80,RGA-MR,stage1_qualified_rate,47,3,1.0
paired,80,RGA-MR,stage1_qualified_rate,48,3,1.0
paired,80,RGA-MR,stage1_qualified_rate,49,3,-0.3333333333333333
paired,80,RGA-MR,stage1_qualified_rate,50,3,1.0
paired,80,RGA-MR,stage1_qualified_rate,51,3,1.0
paired,80,RGA-MR,stage1_qualified_rate,52,3,0.3333333333333333
paired,80,B-ALNS,stage1_qualified_rate,45,3,0.0
paired,80,B-ALNS,stage1_qualified_rate,46,3,0.0
paired,80,B-ALNS,stage1_qualified_rate,47,3,0.0
paired,80,B-ALNS,stage1_qualified_rate,48,3,0.0
paired,80,B-ALNS,stage1_qualified_rate,49,3,0.0
paired,80,B-ALNS,stage1_qualified_rate,50,3,0.0
paired,80,B-ALNS,stage1_qualified_rate,51,3,0.0
paired,80,B-ALNS,stage1_qualified_rate,52,3,0.0
conditional,80,GR-MR,stage2_component_collection_j_j,49,1,16000.0
common,80,GR-MR,stage2_component_collection_j_j,49,2,16000.0
conditional,80,FTR-NM,stage2_component_collection_j_j,49,1,16000.0
common,80,FTR-NM,stage2_component_collection_j_j,49,2,16000.0
conditional,80,RGA-MR,stage2_component_collection_j_j,49,3,16000.0
common,80,RGA-MR,stage2_component_collection_j_j,49,2,16000.0
conditional,80,B-ALNS,stage2_component_collection_j_j,45,3,16000.0
conditional,80,B-ALNS,stage2_component_collection_j_j,46,3,16000.0
conditional,80,B-ALNS,stage2_component_collection_j_j,47,3,16000.0
conditional,80,B-ALNS,stage2_component_collection_j_j,48,3,16000.0
conditional,80,B-ALNS,stage2_component_collection_j_j,49,2,16000.0
conditional,80,B-ALNS,stage2_component_collection_j_j,50,3,16000.0
conditional,80,B-ALNS,stage2_component_collection_j_j,51,3,16000.0
conditional,80,B-ALNS,stage2_component_collection_j_j,52,1,16000.0
common,80,B-ALNS,stage2_component_collection_j_j,49,2,16000.0
conditional,80,ESI-ALNS,stage2_component_collection_j_j,45,3,16000.0
conditional,80,ESI-ALNS,stage2_component_collection_j_j,46,3,16000.0
conditional,80,ESI-ALNS,stage2_component_collection_j_j,47,3,16000.0
conditional,80,ESI-ALNS,stage2_component_collection_j_j,48,3,16000.0
conditional,80,ESI-ALNS,stage2_component_collection_j_j,49,2,16000.0
conditional,80,ESI-ALNS,stage2_component_collection_j_j,50,3,16000.0
conditional,80,ESI-ALNS,stage2_component_collection_j_j,51,3,16000.0
conditional,80,ESI-ALNS,stage2_component_collection_j_j,52,1,16000.0
common,80,ESI-ALNS,stage2_component_collection_j_j,49,2,16000.0
paired,80,GR-MR,stage2_component_collection_j_j,49,2,0.0
paired,80,FTR-NM,stage2_component_collection_j_j,49,2,0.0
paired,80,RGA-MR,stage2_component_collection_j_j,49,2,0.0
paired,80,B-ALNS,stage2_component_collection_j_j,45,3,0.0
paired,80,B-ALNS,stage2_component_collection_j_j,46,3,0.0
paired,80,B-ALNS,stage2_component_collection_j_j,47,3,0.0
paired,80,B-ALNS,stage2_component_collection_j_j,48,3,0.0
paired,80,B-ALNS,stage2_component_collection_j_j,49,2,0.0
paired,80,B-ALNS,stage2_component_collection_j_j,50,3,0.0
paired,80,B-ALNS,stage2_component_collection_j_j,51,3,0.0
paired,80,B-ALNS,stage2_component_collection_j_j,52,1,0.0
conditional,80,GR-MR,stage2_component_flight_j_j,49,1,243700.5092415101
common,80,GR-MR,stage2_component_flight_j_j,49,2,243700.5092415101
conditional,80,FTR-NM,stage2_component_flight_j_j,49,1,239123.87459793844
common,80,FTR-NM,stage2_component_flight_j_j,49,2,239123.87459793844
conditional,80,RGA-MR,stage2_component_flight_j_j,49,3,243700.5092415101
common,80,RGA-MR,stage2_component_flight_j_j,49,2,243700.5092415101
conditional,80,B-ALNS,stage2_component_flight_j_j,45,3,226749.87492807323
conditional,80,B-ALNS,stage2_component_flight_j_j,46,3,197743.59856754262
conditional,80,B-ALNS,stage2_component_flight_j_j,47,3,205026.16114591152
conditional,80,B-ALNS,stage2_component_flight_j_j,48,3,207110.24593898788
conditional,80,B-ALNS,stage2_component_flight_j_j,49,2,190435.56992547633
conditional,80,B-ALNS,stage2_component_flight_j_j,50,3,200791.32922575416
conditional,80,B-ALNS,stage2_component_flight_j_j,51,3,210115.08646545964
conditional,80,B-ALNS,stage2_component_flight_j_j,52,1,207699.95538117614
common,80,B-ALNS,stage2_component_flight_j_j,49,2,190435.56992547633
conditional,80,ESI-ALNS,stage2_component_flight_j_j,45,3,222164.22579139326
conditional,80,ESI-ALNS,stage2_component_flight_j_j,46,3,196226.7504513525
conditional,80,ESI-ALNS,stage2_component_flight_j_j,47,3,202299.0506683287
conditional,80,ESI-ALNS,stage2_component_flight_j_j,48,3,207062.47840617163
conditional,80,ESI-ALNS,stage2_component_flight_j_j,49,2,190394.74506850858
conditional,80,ESI-ALNS,stage2_component_flight_j_j,50,3,200654.47365581957
conditional,80,ESI-ALNS,stage2_component_flight_j_j,51,3,209794.8688238104
conditional,80,ESI-ALNS,stage2_component_flight_j_j,52,1,207642.97755630253
common,80,ESI-ALNS,stage2_component_flight_j_j,49,2,190394.74506850858
paired,80,GR-MR,stage2_component_flight_j_j,49,2,-53305.76417300152
paired,80,FTR-NM,stage2_component_flight_j_j,49,2,-48729.12952942986
paired,80,RGA-MR,stage2_component_flight_j_j,49,2,-53305.76417300152
paired,80,B-ALNS,stage2_component_flight_j_j,45,3,-4585.649136679985
paired,80,B-ALNS,stage2_component_flight_j_j,46,3,-1516.8481161901145
paired,80,B-ALNS,stage2_component_flight_j_j,47,3,-2727.1104775828135
paired,80,B-ALNS,stage2_component_flight_j_j,48,3,-47.76753281622465
paired,80,B-ALNS,stage2_component_flight_j_j,49,2,-40.82485696775257
paired,80,B-ALNS,stage2_component_flight_j_j,50,3,-136.85556993460827
paired,80,B-ALNS,stage2_component_flight_j_j,51,3,-320.2176416492439
paired,80,B-ALNS,stage2_component_flight_j_j,52,1,-56.9778248736111
conditional,80,GR-MR,stage2_component_local_compute_j_j,49,1,1125.1069899323109
common,80,GR-MR,stage2_component_local_compute_j_j,49,2,1125.1069899323109
conditional,80,FTR-NM,stage2_component_local_compute_j_j,49,1,1115.6763716570256
common,80,FTR-NM,stage2_component_local_compute_j_j,49,2,1115.6763716570256
conditional,80,RGA-MR,stage2_component_local_compute_j_j,49,3,1125.1069899323109
common,80,RGA-MR,stage2_component_local_compute_j_j,49,2,1125.1069899323109
conditional,80,B-ALNS,stage2_component_local_compute_j_j,45,3,1080.5582903221316
conditional,80,B-ALNS,stage2_component_local_compute_j_j,46,3,1101.0962947966532
conditional,80,B-ALNS,stage2_component_local_compute_j_j,47,3,1169.9378637195762
conditional,80,B-ALNS,stage2_component_local_compute_j_j,48,3,955.8640927438012
conditional,80,B-ALNS,stage2_component_local_compute_j_j,49,2,1081.309696190303
conditional,80,B-ALNS,stage2_component_local_compute_j_j,50,3,1173.999750966619
conditional,80,B-ALNS,stage2_component_local_compute_j_j,51,3,1044.0648277339455
conditional,80,B-ALNS,stage2_component_local_compute_j_j,52,1,1050.3616765756158
common,80,B-ALNS,stage2_component_local_compute_j_j,49,2,1081.309696190303
conditional,80,ESI-ALNS,stage2_component_local_compute_j_j,45,3,1091.091308252474
conditional,80,ESI-ALNS,stage2_component_local_compute_j_j,46,3,1101.4872325369574
conditional,80,ESI-ALNS,stage2_component_local_compute_j_j,47,3,1149.7197062309883
conditional,80,ESI-ALNS,stage2_component_local_compute_j_j,48,3,963.8395906159707
conditional,80,ESI-ALNS,stage2_component_local_compute_j_j,49,2,1081.3096963565529
conditional,80,ESI-ALNS,stage2_component_local_compute_j_j,50,3,1162.1763120218027
conditional,80,ESI-ALNS,stage2_component_local_compute_j_j,51,3,1066.6459766463022
conditional,80,ESI-ALNS,stage2_component_local_compute_j_j,52,1,1079.6452581599733
common,80,ESI-ALNS,stage2_component_local_compute_j_j,49,2,1081.3096963565529
paired,80,GR-MR,stage2_component_local_compute_j_j,49,2,-43.797293575757976
paired,80,FTR-NM,stage2_component_local_compute_j_j,49,2,-34.36667530047271
paired,80,RGA-MR,stage2_component_local_compute_j_j,49,2,-43.797293575757976
paired,80,B-ALNS,stage2_component_local_compute_j_j,45,3,10.53301793034234
paired,80,B-ALNS,stage2_component_local_compute_j_j,46,3,0.39093774030432843
paired,80,B-ALNS,stage2_component_local_compute_j_j,47,3,-20.218157488587924
paired,80,B-ALNS,stage2_component_local_compute_j_j,48,3,7.9754978721695124
paired,80,B-ALNS,stage2_component_local_compute_j_j,49,2,1.6625006082904292e-07
paired,80,B-ALNS,stage2_component_local_compute_j_j,50,3,-11.823438944816417
paired,80,B-ALNS,stage2_component_local_compute_j_j,51,3,22.581148912356678
paired,80,B-ALNS,stage2_component_local_compute_j_j,52,1,29.283581584357535
conditional,80,GR-MR,stage2_component_transmit_j_j,49,1,0.968013528243343
common,80,GR-MR,stage2_component_transmit_j_j,49,2,0.968013528243343
conditional,80,FTR-NM,stage2_component_transmit_j_j,49,1,1.0947108676519952
common,80,FTR-NM,stage2_component_transmit_j_j,49,2,1.0947108676519952
conditional,80,RGA-MR,stage2_component_transmit_j_j,49,3,0.968013528243343
common,80,RGA-MR,stage2_component_transmit_j_j,49,2,0.968013528243343
conditional,80,B-ALNS,stage2_component_transmit_j_j,45,3,1.5078063138094462
conditional,80,B-ALNS,stage2_component_transmit_j_j,46,3,1.6136281028496486
conditional,80,B-ALNS,stage2_component_transmit_j_j,47,3,1.4984714192471742
conditional,80,B-ALNS,stage2_component_transmit_j_j,48,3,0.8653189830188704
conditional,80,B-ALNS,stage2_component_transmit_j_j,49,2,1.3286023160975655
conditional,80,B-ALNS,stage2_component_transmit_j_j,50,3,1.138741389041509
conditional,80,B-ALNS,stage2_component_transmit_j_j,51,3,1.511038504920583
conditional,80,B-ALNS,stage2_component_transmit_j_j,52,1,1.0051304831077372
common,80,B-ALNS,stage2_component_transmit_j_j,49,2,1.3286023160975655
conditional,80,ESI-ALNS,stage2_component_transmit_j_j,45,3,1.181973465944209
conditional,80,ESI-ALNS,stage2_component_transmit_j_j,46,3,1.3809527593474087
conditional,80,ESI-ALNS,stage2_component_transmit_j_j,47,3,1.571477561200192
conditional,80,ESI-ALNS,stage2_component_transmit_j_j,48,3,0.7878376943223012
conditional,80,ESI-ALNS,stage2_component_transmit_j_j,49,2,1.2234577429727351
conditional,80,ESI-ALNS,stage2_component_transmit_j_j,50,3,1.1387413148436698
conditional,80,ESI-ALNS,stage2_component_transmit_j_j,51,3,1.2849670816209715
conditional,80,ESI-ALNS,stage2_component_transmit_j_j,52,1,0.9396000178781618
common,80,ESI-ALNS,stage2_component_transmit_j_j,49,2,1.2234577429727351
paired,80,GR-MR,stage2_component_transmit_j_j,49,2,0.25544421472939216
paired,80,FTR-NM,stage2_component_transmit_j_j,49,2,0.12874687532073992
paired,80,RGA-MR,stage2_component_transmit_j_j,49,2,0.25544421472939216
paired,80,B-ALNS,stage2_component_transmit_j_j,45,3,-0.3258328478652373
paired,80,B-ALNS,stage2_component_transmit_j_j,46,3,-0.2326753435022401
paired,80,B-ALNS,stage2_component_transmit_j_j,47,3,0.07300614195301784
paired,80,B-ALNS,stage2_component_transmit_j_j,48,3,-0.07748128869656927
paired,80,B-ALNS,stage2_component_transmit_j_j,49,2,-0.1051445731248305
paired,80,B-ALNS,stage2_component_transmit_j_j,50,3,-7.41978392430435e-08
paired,80,B-ALNS,stage2_component_transmit_j_j,51,3,-0.2260714232996115
paired,80,B-ALNS,stage2_component_transmit_j_j,52,1,-0.0655304652295754
conditional,80,GR-MR,stage2_component_upload_hover_j_j,49,1,1936.0270564866855
common,80,GR-MR,stage2_component_upload_hover_j_j,49,2,1936.0270564866855
conditional,80,FTR-NM,stage2_component_upload_hover_j_j,49,1,2189.4217353039903
common,80,FTR-NM,stage2_component_upload_hover_j_j,49,2,2189.4217353039903
conditional,80,RGA-MR,stage2_component_upload_hover_j_j,49,3,1936.0270564866855
common,80,RGA-MR,stage2_component_upload_hover_j_j,49,2,1936.0270564866855
conditional,80,B-ALNS,stage2_component_upload_hover_j_j,45,3,3015.6126276188925
conditional,80,B-ALNS,stage2_component_upload_hover_j_j,46,3,3227.256205699297
conditional,80,B-ALNS,stage2_component_upload_hover_j_j,47,3,2996.942838494348
conditional,80,B-ALNS,stage2_component_upload_hover_j_j,48,3,1730.637966037741
conditional,80,B-ALNS,stage2_component_upload_hover_j_j,49,2,2657.204632195131
conditional,80,B-ALNS,stage2_component_upload_hover_j_j,50,3,2277.482778083018
conditional,80,B-ALNS,stage2_component_upload_hover_j_j,51,3,3022.077009841166
conditional,80,B-ALNS,stage2_component_upload_hover_j_j,52,1,2010.2609662154744
common,80,B-ALNS,stage2_component_upload_hover_j_j,49,2,2657.204632195131
conditional,80,ESI-ALNS,stage2_component_upload_hover_j_j,45,3,2363.9469318884176
conditional,80,ESI-ALNS,stage2_component_upload_hover_j_j,46,3,2761.905518694817
conditional,80,ESI-ALNS,stage2_component_upload_hover_j_j,47,3,3142.9551224003835
conditional,80,ESI-ALNS,stage2_component_upload_hover_j_j,48,3,1575.6753886446024
conditional,80,ESI-ALNS,stage2_component_upload_hover_j_j,49,2,2446.91548594547
conditional,80,ESI-ALNS,stage2_component_upload_hover_j_j,50,3,2277.4826296873393
conditional,80,ESI-ALNS,stage2_component_upload_hover_j_j,51,3,2569.9341632419428
conditional,80,ESI-ALNS,stage2_component_upload_hover_j_j,52,1,1879.2000357563238
common,80,ESI-ALNS,stage2_component_upload_hover_j_j,49,2,2446.91548594547
paired,80,GR-MR,stage2_component_upload_hover_j_j,49,2,510.8884294587847
paired,80,FTR-NM,stage2_component_upload_hover_j_j,49,2,257.4937506414799
paired,80,RGA-MR,stage2_component_upload_hover_j_j,49,2,510.8884294587847
paired,80,B-ALNS,stage2_component_upload_hover_j_j,45,3,-651.6656957304747
paired,80,B-ALNS,stage2_component_upload_hover_j_j,46,3,-465.35068700448005
paired,80,B-ALNS,stage2_component_upload_hover_j_j,47,3,146.0122839060356
paired,80,B-ALNS,stage2_component_upload_hover_j_j,48,3,-154.96257739313856
paired,80,B-ALNS,stage2_component_upload_hover_j_j,49,2,-210.28914624966092
paired,80,B-ALNS,stage2_component_upload_hover_j_j,50,3,-0.0001483956784795737
paired,80,B-ALNS,stage2_component_upload_hover_j_j,51,3,-452.14284659922305
paired,80,B-ALNS,stage2_component_upload_hover_j_j,52,1,-131.06093045915054
conditional,80,GR-MR,stage2_energy_j,49,1,262762.61130145733
common,80,GR-MR,stage2_energy_j,49,2,262762.61130145733
conditional,80,FTR-NM,stage2_energy_j,49,1,258430.06741576712
common,80,FTR-NM,stage2_energy_j,49,2,258430.06741576712
conditional,80,RGA-MR,stage2_energy_j,49,3,262762.61130145733
common,80,RGA-MR,stage2_energy_j,49,2,262762.61130145733
conditional,80,B-ALNS,stage2_energy_j,45,3,246847.55365232806
conditional,80,B-ALNS,stage2_energy_j,46,3,218073.56469614143
conditional,80,B-ALNS,stage2_energy_j,47,3,225194.54031954467
conditional,80,B-ALNS,stage2_energy_j,48,3,225797.61331675242
conditional,80,B-ALNS,stage2_energy_j,49,2,210175.41285617786
conditional,80,B-ALNS,stage2_energy_j,50,3,220243.95049619285
conditional,80,B-ALNS,stage2_energy_j,51,3,230182.73934153965
conditional,80,B-ALNS,stage2_energy_j,52,1,226761.58315445032
common,80,B-ALNS,stage2_energy_j,49,2,210175.41285617786
conditional,80,ESI-ALNS,stage2_energy_j,45,3,241620.4460050001
conditional,80,ESI-ALNS,stage2_energy_j,46,3,216091.52415534365
conditional,80,ESI-ALNS,stage2_energy_j,47,3,222593.29697452128
conditional,80,ESI-ALNS,stage2_energy_j,48,3,225602.78122312654
conditional,80,ESI-ALNS,stage2_energy_j,49,2,209924.19370855356
conditional,80,ESI-ALNS,stage2_energy_j,50,3,220095.27133884354
conditional,80,ESI-ALNS,stage2_energy_j,51,3,229432.73393078023
conditional,80,ESI-ALNS,stage2_energy_j,52,1,226602.7624502367
common,80,ESI-ALNS,stage2_energy_j,49,2,209924.19370855356
paired,80,GR-MR,stage2_energy_j,49,2,-52838.417592903774
paired,80,FTR-NM,stage2_energy_j,49,2,-48505.873707213555
paired,80,RGA-MR,stage2_energy_j,49,2,-52838.417592903774
paired,80,B-ALNS,stage2_energy_j,45,3,-5227.107647327987
paired,80,B-ALNS,stage2_energy_j,46,3,-1982.0405407977814
paired,80,B-ALNS,stage2_energy_j,47,3,-2601.2433450234143
paired,80,B-ALNS,stage2_energy_j,48,3,-194.8320936258824
paired,80,B-ALNS,stage2_energy_j,49,2,-251.21914762430242
paired,80,B-ALNS,stage2_energy_j,50,3,-148.67915734930043
paired,80,B-ALNS,stage2_energy_j,51,3,-750.0054107594187
paired,80,B-ALNS,stage2_energy_j,52,1,-158.8207042136055
conditional,80,GR-MR,stage2_replay_s,49,1,0.5824256310000067
common,80,GR-MR,stage2_replay_s,49,2,0.5824256310000067
conditional,80,FTR-NM,stage2_replay_s,49,1,0.5941541119999982
common,80,FTR-NM,stage2_replay_s,49,2,0.5941541119999982
conditional,80,RGA-MR,stage2_replay_s,49,3,0.5477325979999961
common,80,RGA-MR,stage2_replay_s,49,2,0.572658766999993
conditional,80,B-ALNS,stage2_replay_s,45,3,0.9196386049999958
conditional,80,B-ALNS,stage2_replay_s,46,3,0.7020323693333358
conditional,80,B-ALNS,stage2_replay_s,47,3,1.4124872976666676
conditional,80,B-ALNS,stage2_replay_s,48,3,0.8694474063333336
conditional,80,B-ALNS,stage2_replay_s,49,2,1.2967629480000014
conditional,80,B-ALNS,stage2_replay_s,50,3,1.417647018666661
conditional,80,B-ALNS,stage2_replay_s,51,3,1.2585440829999992
conditional,80,B-ALNS,stage2_replay_s,52,1,1.1338573949999926
common,80,B-ALNS,stage2_replay_s,49,2,1.2967629480000014
conditional,80,ESI-ALNS,stage2_replay_s,45,3,0.738564024000001
conditional,80,ESI-ALNS,stage2_replay_s,46,3,1.0490544156666672
conditional,80,ESI-ALNS,stage2_replay_s,47,3,0.893424910666667
conditional,80,ESI-ALNS,stage2_replay_s,48,3,0.9020073183333324
conditional,80,ESI-ALNS,stage2_replay_s,49,2,1.2491373099999947
conditional,80,ESI-ALNS,stage2_replay_s,50,3,0.9216351896666689
conditional,80,ESI-ALNS,stage2_replay_s,51,3,0.7237088106666647
conditional,80,ESI-ALNS,stage2_replay_s,52,1,1.0394243369999998
common,80,ESI-ALNS,stage2_replay_s,49,2,1.2491373099999947
paired,80,GR-MR,stage2_replay_s,49,2,0.6667116789999881
paired,80,FTR-NM,stage2_replay_s,49,2,0.6549831979999965
paired,80,RGA-MR,stage2_replay_s,49,2,0.6764785430000018
paired,80,B-ALNS,stage2_replay_s,45,3,-0.18107458099999482
paired,80,B-ALNS,stage2_replay_s,46,3,0.3470220463333315
paired,80,B-ALNS,stage2_replay_s,47,3,-0.5190623870000005
paired,80,B-ALNS,stage2_replay_s,48,3,0.03255991199999878
paired,80,B-ALNS,stage2_replay_s,49,2,-0.04762563800000663
paired,80,B-ALNS,stage2_replay_s,50,3,-0.49601182899999213
paired,80,B-ALNS,stage2_replay_s,51,3,-0.5348352723333344
paired,80,B-ALNS,stage2_replay_s,52,1,-0.0944330579999928
conditional,80,GR-MR,total_distance_m,49,1,13538.917180083896
common,80,GR-MR,total_distance_m,49,2,13538.917180083896
conditional,80,FTR-NM,total_distance_m,49,1,13284.65969988547
common,80,FTR-NM,total_distance_m,49,2,13284.65969988547
conditional,80,RGA-MR,total_distance_m,49,3,13538.917180083896
common,80,RGA-MR,total_distance_m,49,2,13538.917180083896
conditional,80,B-ALNS,total_distance_m,45,3,12597.215273781845
conditional,80,B-ALNS,total_distance_m,46,3,10985.75547597459
conditional,80,B-ALNS,total_distance_m,47,3,11390.342285883973
conditional,80,B-ALNS,total_distance_m,48,3,11506.124774388214
conditional,80,B-ALNS,total_distance_m,49,2,10579.753884748685
conditional,80,B-ALNS,total_distance_m,50,3,11155.073845875233
conditional,80,B-ALNS,total_distance_m,51,3,11673.060359192203
conditional,80,B-ALNS,total_distance_m,52,1,11538.88641006534
common,80,B-ALNS,total_distance_m,49,2,10579.753884748685
conditional,80,ESI-ALNS,total_distance_m,45,3,12342.456988410737
conditional,80,ESI-ALNS,total_distance_m,46,3,10901.486136186251
conditional,80,ESI-ALNS,total_distance_m,47,3,11238.836148240483
conditional,80,ESI-ALNS,total_distance_m,48,3,11503.47102256509
conditional,80,ESI-ALNS,total_distance_m,49,2,10577.485837139364
conditional,80,ESI-ALNS,total_distance_m,50,3,11147.470758656644
conditional,80,ESI-ALNS,total_distance_m,51,3,11655.270490211688
conditional,80,ESI-ALNS,total_distance_m,52,1,11535.720975350141
common,80,ESI-ALNS,total_distance_m,49,2,10577.485837139364
paired,80,GR-MR,total_distance_m,49,2,-2961.431342944531
paired,80,FTR-NM,total_distance_m,49,2,-2707.1738627461045
paired,80,RGA-MR,total_distance_m,49,2,-2961.431342944531
paired,80,B-ALNS,total_distance_m,45,3,-254.7582853711095
paired,80,B-ALNS,total_distance_m,46,3,-84.26933978833888
paired,80,B-ALNS,total_distance_m,47,3,-151.50613764348964
paired,80,B-ALNS,total_distance_m,48,3,-2.653751823123457
paired,80,B-ALNS,total_distance_m,49,2,-2.2680476093200923
paired,80,B-ALNS,total_distance_m,50,3,-7.60308721858928
paired,80,B-ALNS,total_distance_m,51,3,-17.789868980513955
paired,80,B-ALNS,total_distance_m,52,1,-3.165434715199808
