figure,tasks,method,scenario_seed,observations,value
fig01_energy_common,30,GR-MR,45,3,208.34173076591372
fig01_energy_common,30,GR-MR,46,2,182.92028711163522
fig01_energy_common,30,GR-MR,47,3,201.1593752890026
fig01_energy_common,30,GR-MR,48,3,182.98982858582426
fig01_energy_common,30,GR-MR,49,3,181.73440423742852
fig01_energy_common,30,GR-MR,50,3,183.91639405024247
fig01_energy_common,30,GR-MR,51,3,206.06950210363684
fig01_energy_common,30,GR-MR,52,3,213.19902158012266
fig01_energy_common,40,GR-MR,45,3,232.5626169056647
fig01_energy_common,40,GR-MR,46,3,198.83320313989645
fig01_energy_common,40,GR-MR,47,3,212.01349714033665
fig01_energy_common,40,GR-MR,48,3,195.2759980818472
fig01_energy_common,40,GR-MR,49,3,201.3560565381422
fig01_energy_common,40,GR-MR,50,3,204.5956278390381
fig01_energy_common,40,GR-MR,51,3,216.40862376592693
fig01_energy_common,40,GR-MR,52,3,222.9659782072778
fig01_energy_common,50,GR-MR,45,3,233.5066912214783
fig01_energy_common,50,GR-MR,46,3,227.76855793589039
fig01_energy_common,50,GR-MR,48,3,221.79031420286339
fig01_energy_common,50,GR-MR,49,3,218.62956104221922
fig01_energy_common,50,GR-MR,50,3,218.0816247514627
fig01_energy_common,50,GR-MR,51,3,233.70657239951393
fig01_energy_common,50,GR-MR,52,3,231.66162849978994
fig01_energy_common,60,GR-MR,46,3,226.8170363384955
fig01_energy_common,60,GR-MR,48,3,216.699661243419
fig01_energy_common,60,GR-MR,49,3,235.25284454502165
fig01_energy_common,60,GR-MR,50,2,224.32232715164108
fig01_energy_common,60,GR-MR,52,3,235.845366964745
fig01_energy_common,70,GR-MR,46,3,243.8240777917188
fig01_energy_common,70,GR-MR,48,3,249.4529461785463
fig01_energy_common,70,GR-MR,50,1,247.33798962449265
fig01_energy_common,80,GR-MR,49,2,262.76234853923796
fig01_energy_common,30,FTR-NM,45,3,208.34173076591372
fig01_energy_common,30,FTR-NM,46,2,182.92028711163522
fig01_energy_common,30,FTR-NM,47,3,201.1593752890026
fig01_energy_common,30,FTR-NM,48,3,182.98982858582426
fig01_energy_common,30,FTR-NM,49,3,181.73440423742852
fig01_energy_common,30,FTR-NM,50,3,183.91639405024247
fig01_energy_common,30,FTR-NM,51,3,206.06950210363684
fig01_energy_common,30,FTR-NM,52,3,213.19902158012266
fig01_energy_common,40,FTR-NM,45,3,232.5626169056647
fig01_energy_common,40,FTR-NM,46,3,198.83320313989645
fig01_energy_common,40,FTR-NM,47,3,212.01349714033665
fig01_energy_common,40,FTR-NM,48,3,195.2759980818472
fig01_energy_common,40,FTR-NM,49,3,201.3560565381422
fig01_energy_common,40,FTR-NM,50,3,204.70318510098937
fig01_energy_common,40,FTR-NM,51,3,216.40862376592693
fig01_energy_common,40,FTR-NM,52,3,222.9659782072778
fig01_energy_common,50,FTR-NM,45,3,234.27696243383707
fig01_energy_common,50,FTR-NM,46,3,224.69537926161505
fig01_energy_common,50,FTR-NM,48,3,222.33188421785505
fig01_energy_common,50,FTR-NM,49,3,218.62956104221922
fig01_energy_common,50,FTR-NM,50,3,218.60816729036557
fig01_energy_common,50,FTR-NM,51,3,241.88844271059128
fig01_energy_common,50,FTR-NM,52,3,232.30444174327513
fig01_energy_common,60,FTR-NM,46,3,226.88141771547473
fig01_energy_common,60,FTR-NM,48,3,221.91208107116503
fig01_energy_common,60,FTR-NM,49,3,236.68648733800688
fig01_energy_common,60,FTR-NM,50,2,231.56846224553544
fig01_energy_common,60,FTR-NM,52,3,238.67987942614627
fig01_energy_common,70,FTR-NM,46,3,250.00903386443613
fig01_energy_common,70,FTR-NM,48,3,260.83307556708843
fig01_energy_common,70,FTR-NM,50,1,250.74396532540834
fig01_energy_common,80,FTR-NM,49,2,258.42980898600814
fig01_energy_common,30,RGA-MR,45,3,202.36648818735304
fig01_energy_common,30,RGA-MR,46,2,182.92028711163522
fig01_energy_common,30,RGA-MR,47,3,199.94200597317243
fig01_energy_common,30,RGA-MR,48,3,181.47106144921239
fig01_energy_common,30,RGA-MR,49,3,175.60519086687353
fig01_energy_common,30,RGA-MR,50,3,183.91639405024247
fig01_energy_common,30,RGA-MR,51,3,204.75572649900778
fig01_energy_common,30,RGA-MR,52,3,210.73524103807898
fig01_energy_common,40,RGA-MR,45,3,232.3882053855155
fig01_energy_common,40,RGA-MR,46,3,198.83320313989645
fig01_energy_common,40,RGA-MR,47,3,211.72575131414956
fig01_energy_common,40,RGA-MR,48,3,194.8133517523987
fig01_energy_common,40,RGA-MR,49,3,200.6881707194742
fig01_energy_common,40,RGA-MR,50,3,204.5956278390381
fig01_energy_common,40,RGA-MR,51,3,215.9833319341327
fig01_energy_common,40,RGA-MR,52,3,222.9659782072778
fig01_energy_common,50,RGA-MR,45,3,233.5066912214783
fig01_energy_common,50,RGA-MR,46,3,227.76855793589039
fig01_energy_common,50,RGA-MR,48,3,220.18390154498059
fig01_energy_common,50,RGA-MR,49,3,218.54105926613437
fig01_energy_common,50,RGA-MR,50,3,218.0816247514627
fig01_energy_common,50,RGA-MR,51,3,233.70657239951393
fig01_energy_common,50,RGA-MR,52,3,231.2514918478843
fig01_energy_common,60,RGA-MR,46,3,226.8170363384955
fig01_energy_common,60,RGA-MR,48,3,216.54614815924478
fig01_energy_common,60,RGA-MR,49,3,235.25284454502165
fig01_energy_common,60,RGA-MR,50,2,224.32232715164108
fig01_energy_common,60,RGA-MR,52,3,235.845366964745
fig01_energy_common,70,RGA-MR,46,3,243.8240777917188
fig01_energy_common,70,RGA-MR,48,3,248.09089807558357
fig01_energy_common,70,RGA-MR,50,1,247.33798962449265
fig01_energy_common,80,RGA-MR,49,2,262.76234853923796
fig01_energy_common,30,B-ALNS,45,3,122.5810159508812
fig01_energy_common,30,B-ALNS,46,2,125.83733369243238
fig01_energy_common,30,B-ALNS,47,3,121.16884912065554
fig01_energy_common,30,B-ALNS,48,3,99.35406150254474
fig01_energy_common,30,B-ALNS,49,3,123.915308507418
fig01_energy_common,30,B-ALNS,50,3,112.9004014963407
fig01_energy_common,30,B-ALNS,51,3,129.7016818913616
fig01_energy_common,30,B-ALNS,52,3,118.71235667975317
fig01_energy_common,40,B-ALNS,45,3,134.54605845928467
fig01_energy_common,40,B-ALNS,46,3,136.63211897234336
fig01_energy_common,40,B-ALNS,47,3,136.17190533042486
fig01_energy_common,40,B-ALNS,48,3,121.7693572697013
fig01_energy_common,40,B-ALNS,49,3,131.33972635003607
fig01_energy_common,40,B-ALNS,50,3,139.4047682704886
fig01_energy_common,40,B-ALNS,51,3,162.35381430041434
fig01_energy_common,40,B-ALNS,52,3,153.3481082915678
fig01_energy_common,50,B-ALNS,45,3,177.092134088501
fig01_energy_common,50,B-ALNS,46,3,154.99218879116452
fig01_energy_common,50,B-ALNS,48,3,149.1878569876343
fig01_energy_common,50,B-ALNS,49,3,154.13007612526613
fig01_energy_common,50,B-ALNS,50,3,170.84251612508038
fig01_energy_common,50,B-ALNS,51,3,174.27065623548998
fig01_energy_common,50,B-ALNS,52,3,168.33374074371548
fig01_energy_common,60,B-ALNS,46,3,184.6124946589514
fig01_energy_common,60,B-ALNS,48,3,168.17296240153908
fig01_energy_common,60,B-ALNS,49,3,175.74713588265965
fig01_energy_common,60,B-ALNS,50,2,171.79711084275647
fig01_energy_common,60,B-ALNS,52,3,177.62211086050021
fig01_energy_common,70,B-ALNS,46,3,210.88465733806413
fig01_energy_common,70,B-ALNS,48,3,203.3413436901221
fig01_energy_common,70,B-ALNS,50,1,205.3379829815384
fig01_energy_common,80,B-ALNS,49,2,210.17520268101194
fig01_energy_common,30,ESI-ALNS,45,3,122.5810159508812
fig01_energy_common,30,ESI-ALNS,46,2,125.82236883179795
fig01_energy_common,30,ESI-ALNS,47,3,121.16884912065554
fig01_energy_common,30,ESI-ALNS,48,3,96.26947398298236
fig01_energy_common,30,ESI-ALNS,49,3,123.8512163375573
fig01_energy_common,30,ESI-ALNS,50,3,112.77587620665372
fig01_energy_common,30,ESI-ALNS,51,3,129.7016818913616
fig01_energy_common,30,ESI-ALNS,52,3,118.66707439389519
fig01_energy_common,40,ESI-ALNS,45,3,134.54605845928467
fig01_energy_common,40,ESI-ALNS,46,3,136.63211897234336
fig01_energy_common,40,ESI-ALNS,47,3,135.90208243155496
fig01_energy_common,40,ESI-ALNS,48,3,121.70633623945075
fig01_energy_common,40,ESI-ALNS,49,3,131.33972635003607
fig01_energy_common,40,ESI-ALNS,50,3,139.2843312699746
fig01_energy_common,40,ESI-ALNS,51,3,162.35381430041434
fig01_energy_common,40,ESI-ALNS,52,3,151.47522747919882
fig01_energy_common,50,ESI-ALNS,45,3,172.94850385662184
fig01_energy_common,50,ESI-ALNS,46,3,154.99218879116452
fig01_energy_common,50,ESI-ALNS,48,3,148.32225387013185
fig01_energy_common,50,ESI-ALNS,49,3,153.709260657794
fig01_energy_common,50,ESI-ALNS,50,3,167.53263397934626
fig01_energy_common,50,ESI-ALNS,51,3,173.3413751975879
fig01_energy_common,50,ESI-ALNS,52,3,161.56718258513214
fig01_energy_common,60,ESI-ALNS,46,3,184.5037160521403
fig01_energy_common,60,ESI-ALNS,48,3,168.14407075649302
fig01_energy_common,60,ESI-ALNS,49,3,175.4352011403237
fig01_energy_common,60,ESI-ALNS,50,2,171.6749650429262
fig01_energy_common,60,ESI-ALNS,52,3,177.08215407104865
fig01_energy_common,70,ESI-ALNS,46,3,207.19927169095905
fig01_energy_common,70,ESI-ALNS,48,3,201.53196469616944
fig01_energy_common,70,ESI-ALNS,50,1,200.57766487377984
fig01_energy_common,80,ESI-ALNS,49,2,209.9239837846604
fig02_qualification,30,GR-MR,45,1,100.0
fig02_qualification,30,GR-MR,46,1,100.0
fig02_qualification,30,GR-MR,47,1,100.0
fig02_qualification,30,GR-MR,48,1,100.0
fig02_qualification,30,GR-MR,49,1,100.0
fig02_qualification,30,GR-MR,50,1,100.0
fig02_qualification,30,GR-MR,51,1,100.0
fig02_qualification,30,GR-MR,52,1,100.0
fig02_qualification,40,GR-MR,45,1,100.0
fig02_qualification,40,GR-MR,46,1,100.0
fig02_qualification,40,GR-MR,47,1,100.0
fig02_qualification,40,GR-MR,48,1,100.0
fig02_qualification,40,GR-MR,49,1,100.0
fig02_qualification,40,GR-MR,50,1,100.0
fig02_qualification,40,GR-MR,51,1,100.0
fig02_qualification,40,GR-MR,52,1,100.0
fig02_qualification,50,GR-MR,45,1,100.0
fig02_qualification,50,GR-MR,46,1,100.0
fig02_qualification,50,GR-MR,47,1,0.0
fig02_qualification,50,GR-MR,48,1,100.0
fig02_qualification,50,GR-MR,49,1,100.0
fig02_qualification,50,GR-MR,50,1,100.0
fig02_qualification,50,GR-MR,51,1,100.0
fig02_qualification,50,GR-MR,52,1,100.0
fig02_qualification,60,GR-MR,45,1,100.0
fig02_qualification,60,GR-MR,46,1,100.0
fig02_qualification,60,GR-MR,47,1,0.0
fig02_qualification,60,GR-MR,48,1,100.0
fig02_qualification,60,GR-MR,49,1,100.0
fig02_qualification,60,GR-MR,50,1,100.0
fig02_qualification,60,GR-MR,51,1,0.0
fig02_qualification,60,GR-MR,52,1,100.0
fig02_qualification,70,GR-MR,45,1,0.0
fig02_qualification,70,GR-MR,46,1,100.0
fig02_qualification,70,GR-MR,47,1,0.0
fig02_qualification,70,GR-MR,48,1,100.0
fig02_qualification,70,GR-MR,49,1,0.0
fig02_qualification,70,GR-MR,50,1,100.0
fig02_qualification,70,GR-MR,51,1,0.0
fig02_qualification,70,GR-MR,52,1,0.0
fig02_qualification,80,GR-MR,45,1,0.0
fig02_qualification,80,GR-MR,46,1,0.0
fig02_qualification,80,GR-MR,47,1,0.0
fig02_qualification,80,GR-MR,48,1,0.0
fig02_qualification,80,GR-MR,49,1,100.0
fig02_qualification,80,GR-MR,50,1,0.0
fig02_qualification,80,GR-MR,51,1,0.0
fig02_qualification,80,GR-MR,52,1,0.0
fig02_qualification,30,FTR-NM,45,1,100.0
fig02_qualification,30,FTR-NM,46,1,100.0
fig02_qualification,30,FTR-NM,47,1,100.0
fig02_qualification,30,FTR-NM,48,1,100.0
fig02_qualification,30,FTR-NM,49,1,100.0
fig02_qualification,30,FTR-NM,50,1,100.0
fig02_qualification,30,FTR-NM,51,1,100.0
fig02_qualification,30,FTR-NM,52,1,100.0
fig02_qualification,40,FTR-NM,45,1,100.0
fig02_qualification,40,FTR-NM,46,1,100.0
fig02_qualification,40,FTR-NM,47,1,100.0
fig02_qualification,40,FTR-NM,48,1,100.0
fig02_qualification,40,FTR-NM,49,1,100.0
fig02_qualification,40,FTR-NM,50,1,100.0
fig02_qualification,40,FTR-NM,51,1,100.0
fig02_qualification,40,FTR-NM,52,1,100.0
fig02_qualification,50,FTR-NM,45,1,100.0
fig02_qualification,50,FTR-NM,46,1,100.0
fig02_qualification,50,FTR-NM,47,1,100.0
fig02_qualification,50,FTR-NM,48,1,100.0
fig02_qualification,50,FTR-NM,49,1,100.0
fig02_qualification,50,FTR-NM,50,1,100.0
fig02_qualification,50,FTR-NM,51,1,100.0
fig02_qualification,50,FTR-NM,52,1,100.0
fig02_qualification,60,FTR-NM,45,1,0.0
fig02_qualification,60,FTR-NM,46,1,100.0
fig02_qualification,60,FTR-NM,47,1,0.0
fig02_qualification,60,FTR-NM,48,1,100.0
fig02_qualification,60,FTR-NM,49,1,100.0
fig02_qualification,60,FTR-NM,50,1,100.0
fig02_qualification,60,FTR-NM,51,1,0.0
fig02_qualification,60,FTR-NM,52,1,100.0
fig02_qualification,70,FTR-NM,45,1,0.0
fig02_qualification,70,FTR-NM,46,1,100.0
fig02_qualification,70,FTR-NM,47,1,0.0
fig02_qualification,70,FTR-NM,48,1,100.0
fig02_qualification,70,FTR-NM,49,1,0.0
fig02_qualification,70,FTR-NM,50,1,100.0
fig02_qualification,70,FTR-NM,51,1,0.0
fig02_qualification,70,FTR-NM,52,1,0.0
fig02_qualification,80,FTR-NM,45,1,0.0
fig02_qualification,80,FTR-NM,46,1,0.0
fig02_qualification,80,FTR-NM,47,1,0.0
fig02_qualification,80,FTR-NM,48,1,0.0
fig02_qualification,80,FTR-NM,49,1,100.0
fig02_qualification,80,FTR-NM,50,1,0.0
fig02_qualification,80,FTR-NM,51,1,0.0
fig02_qualification,80,FTR-NM,52,1,0.0
fig02_qualification,30,RGA-MR,45,3,100.0
fig02_qualification,30,RGA-MR,46,3,100.0
fig02_qualification,30,RGA-MR,47,3,100.0
fig02_qualification,30,RGA-MR,48,3,100.0
fig02_qualification,30,RGA-MR,49,3,100.0
fig02_qualification,30,RGA-MR,50,3,100.0
fig02_qualification,30,RGA-MR,51,3,100.0
fig02_qualification,30,RGA-MR,52,3,100.0
fig02_qualification,40,RGA-MR,45,3,100.0
fig02_qualification,40,RGA-MR,46,3,100.0
fig02_qualification,40,RGA-MR,47,3,100.0
fig02_qualification,40,RGA-MR,48,3,100.0
fig02_qualification,40,RGA-MR,49,3,100.0
fig02_qualification,40,RGA-MR,50,3,100.0
fig02_qualification,40,RGA-MR,51,3,100.0
fig02_qualification,40,RGA-MR,52,3,100.0
fig02_qualification,50,RGA-MR,45,3,100.0
fig02_qualification,50,RGA-MR,46,3,100.0
fig02_qualification,50,RGA-MR,47,3,100.0
fig02_qualification,50,RGA-MR,48,3,100.0
fig02_qualification,50,RGA-MR,49,3,100.0
fig02_qualification,50,RGA-MR,50,3,100.0
fig02_qualification,50,RGA-MR,51,3,100.0
fig02_qualification,50,RGA-MR,52,3,100.0
fig02_qualification,60,RGA-MR,45,3,100.0
fig02_qualification,60,RGA-MR,46,3,100.0
fig02_qualification,60,RGA-MR,47,3,0.0
fig02_qualification,60,RGA-MR,48,3,100.0
fig02_qualification,60,RGA-MR,49,3,100.0
fig02_qualification,60,RGA-MR,50,3,100.0
fig02_qualification,60,RGA-MR,51,3,0.0
fig02_qualification,60,RGA-MR,52,3,100.0
fig02_qualification,70,RGA-MR,45,3,0.0
fig02_qualification,70,RGA-MR,46,3,100.0
fig02_qualification,70,RGA-MR,47,3,0.0
fig02_qualification,70,RGA-MR,48,3,100.0
fig02_qualification,70,RGA-MR,49,3,0.0
fig02_qualification,70,RGA-MR,50,3,100.0
fig02_qualification,70,RGA-MR,51,3,0.0
fig02_qualification,70,RGA-MR,52,3,0.0
fig02_qualification,80,RGA-MR,45,3,0.0
fig02_qualification,80,RGA-MR,46,3,0.0
fig02_qualification,80,RGA-MR,47,3,0.0
fig02_qualification,80,RGA-MR,48,3,0.0
fig02_qualification,80,RGA-MR,49,3,100.0
fig02_qualification,80,RGA-MR,50,3,0.0
fig02_qualification,80,RGA-MR,51,3,0.0
fig02_qualification,80,RGA-MR,52,3,0.0
fig02_qualification,30,B-ALNS,45,3,100.0
fig02_qualification,30,B-ALNS,46,3,66.66666666666666
fig02_qualification,30,B-ALNS,47,3,100.0
fig02_qualification,30,B-ALNS,48,3,100.0
fig02_qualification,30,B-ALNS,49,3,100.0
fig02_qualification,30,B-ALNS,50,3,100.0
fig02_qualification,30,B-ALNS,51,3,100.0
fig02_qualification,30,B-ALNS,52,3,100.0
fig02_qualification,40,B-ALNS,45,3,100.0
fig02_qualification,40,B-ALNS,46,3,100.0
fig02_qualification,40,B-ALNS,47,3,100.0
fig02_qualification,40,B-ALNS,48,3,100.0
fig02_qualification,40,B-ALNS,49,3,100.0
fig02_qualification,40,B-ALNS,50,3,100.0
fig02_qualification,40,B-ALNS,51,3,100.0
fig02_qualification,40,B-ALNS,52,3,100.0
fig02_qualification,50,B-ALNS,45,3,100.0
fig02_qualification,50,B-ALNS,46,3,100.0
fig02_qualification,50,B-ALNS,47,3,100.0
fig02_qualification,50,B-ALNS,48,3,100.0
fig02_qualification,50,B-ALNS,49,3,100.0
fig02_qualification,50,B-ALNS,50,3,100.0
fig02_qualification,50,B-ALNS,51,3,100.0
fig02_qualification,50,B-ALNS,52,3,100.0
fig02_qualification,60,B-ALNS,45,3,100.0
fig02_qualification,60,B-ALNS,46,3,100.0
fig02_qualification,60,B-ALNS,47,3,100.0
fig02_qualification,60,B-ALNS,48,3,100.0
fig02_qualification,60,B-ALNS,49,3,100.0
fig02_qualification,60,B-ALNS,50,3,66.66666666666666
fig02_qualification,60,B-ALNS,51,3,100.0
fig02_qualification,60,B-ALNS,52,3,100.0
fig02_qualification,70,B-ALNS,45,3,100.0
fig02_qualification,70,B-ALNS,46,3,100.0
fig02_qualification,70,B-ALNS,47,3,100.0
fig02_qualification,70,B-ALNS,48,3,100.0
fig02_qualification,70,B-ALNS,49,3,100.0
fig02_qualification,70,B-ALNS,50,3,33.33333333333333
fig02_qualification,70,B-ALNS,51,3,100.0
fig02_qualification,70,B-ALNS,52,3,100.0
fig02_qualification,80,B-ALNS,45,3,100.0
fig02_qualification,80,B-ALNS,46,3,100.0
fig02_qualification,80,B-ALNS,47,3,100.0
fig02_qualification,80,B-ALNS,48,3,100.0
fig02_qualification,80,B-ALNS,49,3,66.66666666666666
fig02_qualification,80,B-ALNS,50,3,100.0
fig02_qualification,80,B-ALNS,51,3,100.0
fig02_qualification,80,B-ALNS,52,3,33.33333333333333
fig02_qualification,30,ESI-ALNS,45,3,100.0
fig02_qualification,30,ESI-ALNS,46,3,66.66666666666666
fig02_qualification,30,ESI-ALNS,47,3,100.0
fig02_qualification,30,ESI-ALNS,48,3,100.0
fig02_qualification,30,ESI-ALNS,49,3,100.0
fig02_qualification,30,ESI-ALNS,50,3,100.0
fig02_qualification,30,ESI-ALNS,51,3,100.0
fig02_qualification,30,ESI-ALNS,52,3,100.0
fig02_qualification,40,ESI-ALNS,45,3,100.0
fig02_qualification,40,ESI-ALNS,46,3,100.0
fig02_qualification,40,ESI-ALNS,47,3,100.0
fig02_qualification,40,ESI-ALNS,48,3,100.0
fig02_qualification,40,ESI-ALNS,49,3,100.0
fig02_qualification,40,ESI-ALNS,50,3,100.0
fig02_qualification,40,ESI-ALNS,51,3,100.0
fig02_qualification,40,ESI-ALNS,52,3,100.0
fig02_qualification,50,ESI-ALNS,45,3,100.0
fig02_qualification,50,ESI-ALNS,46,3,100.0
fig02_qualification,50,ESI-ALNS,47,3,66.66666666666666
fig02_qualification,50,ESI-ALNS,48,3,100.0
fig02_qualification,50,ESI-ALNS,49,3,100.0
fig02_qualification,50,ESI-ALNS,50,3,100.0
fig02_qualification,50,ESI-ALNS,51,3,100.0
fig02_qualification,50,ESI-ALNS,52,3,100.0
fig02_qualification,60,ESI-ALNS,45,3,100.0
fig02_qualification,60,ESI-ALNS,46,3,100.0
fig02_qualification,60,ESI-ALNS,47,3,100.0
fig02_qualification,60,ESI-ALNS,48,3,100.0
fig02_qualification,60,ESI-ALNS,49,3,100.0
fig02_qualification,60,ESI-ALNS,50,3,66.66666666666666
fig02_qualification,60,ESI-ALNS,51,3,100.0
fig02_qualification,60,ESI-ALNS,52,3,100.0
fig02_qualification,70,ESI-ALNS,45,3,100.0
fig02_qualification,70,ESI-ALNS,46,3,100.0
fig02_qualification,70,ESI-ALNS,47,3,100.0
fig02_qualification,70,ESI-ALNS,48,3,100.0
fig02_qualification,70,ESI-ALNS,49,3,100.0
fig02_qualification,70,ESI-ALNS,50,3,33.33333333333333
fig02_qualification,70,ESI-ALNS,51,3,100.0
fig02_qualification,70,ESI-ALNS,52,3,100.0
fig02_qualification,80,ESI-ALNS,45,3,100.0
fig02_qualification,80,ESI-ALNS,46,3,100.0
fig02_qualification,80,ESI-ALNS,47,3,100.0
fig02_qualification,80,ESI-ALNS,48,3,100.0
fig02_qualification,80,ESI-ALNS,49,3,66.66666666666666
fig02_qualification,80,ESI-ALNS,50,3,100.0
fig02_qualification,80,ESI-ALNS,51,3,100.0
fig02_qualification,80,ESI-ALNS,52,3,33.33333333333333
fig03_p95_delay_common,30,GR-MR,45,3,281.2511208336098
fig03_p95_delay_common,30,GR-MR,46,2,296.4158733504123
fig03_p95_delay_common,30,GR-MR,47,3,316.19280416201065
fig03_p95_delay_common,30,GR-MR,48,3,384.0120352510832
fig03_p95_delay_common,30,GR-MR,49,3,356.6592751963411
fig03_p95_delay_common,30,GR-MR,50,3,362.7121673914975
fig03_p95_delay_common,30,GR-MR,51,3,306.0510285914539
fig03_p95_delay_common,30,GR-MR,52,3,311.17376329992084
fig03_p95_delay_common,40,GR-MR,45,3,332.52821939409614
fig03_p95_delay_common,40,GR-MR,46,3,360.5831100604385
fig03_p95_delay_common,40,GR-MR,47,3,340.26040903441975
fig03_p95_delay_common,40,GR-MR,48,3,327.3708144580421
fig03_p95_delay_common,40,GR-MR,49,3,304.6024189648124
fig03_p95_delay_common,40,GR-MR,50,3,326.9886080485046
fig03_p95_delay_common,40,GR-MR,51,3,374.5407269818571
fig03_p95_delay_common,40,GR-MR,52,3,375.3995660688568
fig03_p95_delay_common,50,GR-MR,45,3,365.11019494642534
fig03_p95_delay_common,50,GR-MR,46,3,356.40254924670745
fig03_p95_delay_common,50,GR-MR,48,3,400.887767570718
fig03_p95_delay_common,50,GR-MR,49,3,344.3570535862258
fig03_p95_delay_common,50,GR-MR,50,3,322.2676919679044
fig03_p95_delay_common,50,GR-MR,51,3,349.80326874373907
fig03_p95_delay_common,50,GR-MR,52,3,377.94083968249055
fig03_p95_delay_common,60,GR-MR,46,3,371.59873387619325
fig03_p95_delay_common,60,GR-MR,48,3,392.59439940634513
fig03_p95_delay_common,60,GR-MR,49,3,353.370440566145
fig03_p95_delay_common,60,GR-MR,50,2,356.4607775445204
fig03_p95_delay_common,60,GR-MR,52,3,368.91823916568245
fig03_p95_delay_common,70,GR-MR,46,3,361.9791630101488
fig03_p95_delay_common,70,GR-MR,48,3,369.80093120540704
fig03_p95_delay_common,70,GR-MR,50,1,363.7909610466417
fig03_p95_delay_common,80,GR-MR,49,2,356.51771140698
fig03_p95_delay_common,30,FTR-NM,45,3,281.2511208336098
fig03_p95_delay_common,30,FTR-NM,46,2,296.4158733504123
fig03_p95_delay_common,30,FTR-NM,47,3,316.19280416201065
fig03_p95_delay_common,30,FTR-NM,48,3,384.0120352510832
fig03_p95_delay_common,30,FTR-NM,49,3,356.6592751963411
fig03_p95_delay_common,30,FTR-NM,50,3,362.7121673914975
fig03_p95_delay_common,30,FTR-NM,51,3,306.0510285914539
fig03_p95_delay_common,30,FTR-NM,52,3,311.17376329992084
fig03_p95_delay_common,40,FTR-NM,45,3,332.52821939409614
fig03_p95_delay_common,40,FTR-NM,46,3,360.5831100604385
fig03_p95_delay_common,40,FTR-NM,47,3,340.26040903441975
fig03_p95_delay_common,40,FTR-NM,48,3,327.3708144580421
fig03_p95_delay_common,40,FTR-NM,49,3,304.6024189648124
fig03_p95_delay_common,40,FTR-NM,50,3,326.98920156466187
fig03_p95_delay_common,40,FTR-NM,51,3,374.5407269818571
fig03_p95_delay_common,40,FTR-NM,52,3,375.3995660688568
fig03_p95_delay_common,50,FTR-NM,45,3,365.10859198450794
fig03_p95_delay_common,50,FTR-NM,46,3,313.6594466541166
fig03_p95_delay_common,50,FTR-NM,48,3,408.84130555893455
fig03_p95_delay_common,50,FTR-NM,49,3,344.3570535862258
fig03_p95_delay_common,50,FTR-NM,50,3,322.2671362951835
fig03_p95_delay_common,50,FTR-NM,51,3,349.7989347059116
fig03_p95_delay_common,50,FTR-NM,52,3,377.94083593016995
fig03_p95_delay_common,60,FTR-NM,46,3,371.5935108752137
fig03_p95_delay_common,60,FTR-NM,48,3,392.58905731535793
fig03_p95_delay_common,60,FTR-NM,49,3,353.37044070123534
fig03_p95_delay_common,60,FTR-NM,50,2,356.4611493730454
fig03_p95_delay_common,60,FTR-NM,52,3,368.91823942096937
fig03_p95_delay_common,70,FTR-NM,46,3,361.9791628298582
fig03_p95_delay_common,70,FTR-NM,48,3,369.8009312732643
fig03_p95_delay_common,70,FTR-NM,50,1,363.79096147193644
fig03_p95_delay_common,80,FTR-NM,49,2,356.5177114511378
fig03_p95_delay_common,30,RGA-MR,45,3,311.75761407207546
fig03_p95_delay_common,30,RGA-MR,46,2,296.4158733504123
fig03_p95_delay_common,30,RGA-MR,47,3,313.39214613183225
fig03_p95_delay_common,30,RGA-MR,48,3,384.06535185314675
fig03_p95_delay_common,30,RGA-MR,49,3,356.7346812089533
fig03_p95_delay_common,30,RGA-MR,50,3,362.7121673914975
fig03_p95_delay_common,30,RGA-MR,51,3,310.99375372783726
fig03_p95_delay_common,30,RGA-MR,52,3,316.2611292715721
fig03_p95_delay_common,40,RGA-MR,45,3,332.5283169447535
fig03_p95_delay_common,40,RGA-MR,46,3,360.5831100604385
fig03_p95_delay_common,40,RGA-MR,47,3,340.2163221354608
fig03_p95_delay_common,40,RGA-MR,48,3,310.45046827772865
fig03_p95_delay_common,40,RGA-MR,49,3,305.89088500857184
fig03_p95_delay_common,40,RGA-MR,50,3,326.9886080485046
fig03_p95_delay_common,40,RGA-MR,51,3,374.5391536351842
fig03_p95_delay_common,40,RGA-MR,52,3,375.3995660688568
fig03_p95_delay_common,50,RGA-MR,45,3,365.11019494642534
fig03_p95_delay_common,50,RGA-MR,46,3,356.40254924670745
fig03_p95_delay_common,50,RGA-MR,48,3,403.57805502883446
fig03_p95_delay_common,50,RGA-MR,49,3,345.622305585749
fig03_p95_delay_common,50,RGA-MR,50,3,322.2676919679044
fig03_p95_delay_common,50,RGA-MR,51,3,349.80326874373907
fig03_p95_delay_common,50,RGA-MR,52,3,377.9408395481801
fig03_p95_delay_common,60,RGA-MR,46,3,371.59873387619325
fig03_p95_delay_common,60,RGA-MR,48,3,392.5946179204438
fig03_p95_delay_common,60,RGA-MR,49,3,353.370440566145
fig03_p95_delay_common,60,RGA-MR,50,2,356.4607775445204
fig03_p95_delay_common,60,RGA-MR,52,3,368.91823916568245
fig03_p95_delay_common,70,RGA-MR,46,3,361.9791630101488
fig03_p95_delay_common,70,RGA-MR,48,3,369.80093125247555
fig03_p95_delay_common,70,RGA-MR,50,1,363.7909610466417
fig03_p95_delay_common,80,RGA-MR,49,2,356.51771140698
fig03_p95_delay_common,30,B-ALNS,45,3,330.67311545864567
fig03_p95_delay_common,30,B-ALNS,46,2,328.1703898369998
fig03_p95_delay_common,30,B-ALNS,47,3,356.7145775965763
fig03_p95_delay_common,30,B-ALNS,48,3,317.8558623856523
fig03_p95_delay_common,30,B-ALNS,49,3,348.47693570526627
fig03_p95_delay_common,30,B-ALNS,50,3,331.120340359899
fig03_p95_delay_common,30,B-ALNS,51,3,375.2119439116662
fig03_p95_delay_common,30,B-ALNS,52,3,332.97088068363564
fig03_p95_delay_common,40,B-ALNS,45,3,318.4243645815698
fig03_p95_delay_common,40,B-ALNS,46,3,362.38638533006286
fig03_p95_delay_common,40,B-ALNS,47,3,370.0086573172911
fig03_p95_delay_common,40,B-ALNS,48,3,353.7798723397102
fig03_p95_delay_common,40,B-ALNS,49,3,329.4497647849664
fig03_p95_delay_common,40,B-ALNS,50,3,323.5336236984214
fig03_p95_delay_common,40,B-ALNS,51,3,381.31121745168446
fig03_p95_delay_common,40,B-ALNS,52,3,351.79808177997904
fig03_p95_delay_common,50,B-ALNS,45,3,357.3469197489239
fig03_p95_delay_common,50,B-ALNS,46,3,347.0085602027099
fig03_p95_delay_common,50,B-ALNS,48,3,384.0002473368295
fig03_p95_delay_common,50,B-ALNS,49,3,365.1711914343052
fig03_p95_delay_common,50,B-ALNS,50,3,357.85686512559425
fig03_p95_delay_common,50,B-ALNS,51,3,365.7195326335373
fig03_p95_delay_common,50,B-ALNS,52,3,369.8075603943638
fig03_p95_delay_common,60,B-ALNS,46,3,352.31374621936794
fig03_p95_delay_common,60,B-ALNS,48,3,368.53449627946827
fig03_p95_delay_common,60,B-ALNS,49,3,365.22721647066817
fig03_p95_delay_common,60,B-ALNS,50,2,360.38049100563563
fig03_p95_delay_common,60,B-ALNS,52,3,381.2873877052343
fig03_p95_delay_common,70,B-ALNS,46,3,361.7665954117586
fig03_p95_delay_common,70,B-ALNS,48,3,391.07658033266614
fig03_p95_delay_common,70,B-ALNS,50,1,351.4450938500703
fig03_p95_delay_common,80,B-ALNS,49,2,365.6295706629683
fig03_p95_delay_common,30,ESI-ALNS,45,3,330.67311545864567
fig03_p95_delay_common,30,ESI-ALNS,46,2,328.21338542967953
fig03_p95_delay_common,30,ESI-ALNS,47,3,356.7145775965763
fig03_p95_delay_common,30,ESI-ALNS,48,3,317.8570395845421
fig03_p95_delay_common,30,ESI-ALNS,49,3,357.6560546870878
fig03_p95_delay_common,30,ESI-ALNS,50,3,331.12064188350917
fig03_p95_delay_common,30,ESI-ALNS,51,3,375.2119439116662
fig03_p95_delay_common,30,ESI-ALNS,52,3,332.7732173050039
fig03_p95_delay_common,40,ESI-ALNS,45,3,318.4243645815698
fig03_p95_delay_common,40,ESI-ALNS,46,3,362.38638533006286
fig03_p95_delay_common,40,ESI-ALNS,47,3,362.1689280766362
fig03_p95_delay_common,40,ESI-ALNS,48,3,366.44064745588065
fig03_p95_delay_common,40,ESI-ALNS,49,3,329.4497647849664
fig03_p95_delay_common,40,ESI-ALNS,50,3,322.75249333192096
fig03_p95_delay_common,40,ESI-ALNS,51,3,381.31121745168446
fig03_p95_delay_common,40,ESI-ALNS,52,3,351.80138902447464
fig03_p95_delay_common,50,ESI-ALNS,45,3,356.2343047817201
fig03_p95_delay_common,50,ESI-ALNS,46,3,347.0085602027099
fig03_p95_delay_common,50,ESI-ALNS,48,3,383.9470993292088
fig03_p95_delay_common,50,ESI-ALNS,49,3,365.17119138467234
fig03_p95_delay_common,50,ESI-ALNS,50,3,354.5489977937589
fig03_p95_delay_common,50,ESI-ALNS,51,3,372.5053407725846
fig03_p95_delay_common,50,ESI-ALNS,52,3,367.1507231785013
fig03_p95_delay_common,60,ESI-ALNS,46,3,353.5281007234892
fig03_p95_delay_common,60,ESI-ALNS,48,3,368.53449628212815
fig03_p95_delay_common,60,ESI-ALNS,49,3,364.41022985651733
fig03_p95_delay_common,60,ESI-ALNS,50,2,360.38049124812875
fig03_p95_delay_common,60,ESI-ALNS,52,3,382.1409765639276
fig03_p95_delay_common,70,ESI-ALNS,46,3,358.4067971135352
fig03_p95_delay_common,70,ESI-ALNS,48,3,388.5482940240942
fig03_p95_delay_common,70,ESI-ALNS,50,1,353.3202882889655
fig03_p95_delay_common,80,ESI-ALNS,49,2,357.23971449905775
fig04_cpu_common,30,GR-MR,45,3,0.0
fig04_cpu_common,30,GR-MR,46,2,0.0
fig04_cpu_common,30,GR-MR,47,3,0.0
fig04_cpu_common,30,GR-MR,48,3,0.0
fig04_cpu_common,30,GR-MR,49,3,0.0
fig04_cpu_common,30,GR-MR,50,3,0.0
fig04_cpu_common,30,GR-MR,51,3,0.0
fig04_cpu_common,30,GR-MR,52,3,0.0
fig04_cpu_common,40,GR-MR,45,3,0.0
fig04_cpu_common,40,GR-MR,46,3,0.0
fig04_cpu_common,40,GR-MR,47,3,0.0
fig04_cpu_common,40,GR-MR,48,3,0.0
fig04_cpu_common,40,GR-MR,49,3,0.0
fig04_cpu_common,40,GR-MR,50,3,0.025163032639759962
fig04_cpu_common,40,GR-MR,51,3,0.0
fig04_cpu_common,40,GR-MR,52,3,0.0
fig04_cpu_common,50,GR-MR,45,3,0.052161794600254587
fig04_cpu_common,50,GR-MR,46,3,1.0241429696403266
fig04_cpu_common,50,GR-MR,48,3,0.5432061373149797
fig04_cpu_common,50,GR-MR,49,3,0.0
fig04_cpu_common,50,GR-MR,50,3,0.18318380387388378
fig04_cpu_common,50,GR-MR,51,3,0.4132632165539906
fig04_cpu_common,50,GR-MR,52,3,0.9021532141247481
fig04_cpu_common,60,GR-MR,46,3,0.4676129096462642
fig04_cpu_common,60,GR-MR,48,3,0.2745615578969138
fig04_cpu_common,60,GR-MR,49,3,0.19421506126741228
fig04_cpu_common,60,GR-MR,50,2,0.2142544363393629
fig04_cpu_common,60,GR-MR,52,3,0.8850957157285428
fig04_cpu_common,70,GR-MR,46,3,0.7817221660002193
fig04_cpu_common,70,GR-MR,48,3,0.40279057752455305
fig04_cpu_common,70,GR-MR,50,1,1.1819238988664402
fig04_cpu_common,80,GR-MR,49,2,0.7932011674455864
fig04_cpu_common,30,FTR-NM,45,3,0.0
fig04_cpu_common,30,FTR-NM,46,2,0.0
fig04_cpu_common,30,FTR-NM,47,3,0.0
fig04_cpu_common,30,FTR-NM,48,3,0.0
fig04_cpu_common,30,FTR-NM,49,3,0.0
fig04_cpu_common,30,FTR-NM,50,3,0.0
fig04_cpu_common,30,FTR-NM,51,3,0.0
fig04_cpu_common,30,FTR-NM,52,3,0.0
fig04_cpu_common,40,FTR-NM,45,3,0.0
fig04_cpu_common,40,FTR-NM,46,3,0.0
fig04_cpu_common,40,FTR-NM,47,3,0.0
fig04_cpu_common,40,FTR-NM,48,3,0.0
fig04_cpu_common,40,FTR-NM,49,3,0.0
fig04_cpu_common,40,FTR-NM,50,3,0.02102922704273241
fig04_cpu_common,40,FTR-NM,51,3,0.0
fig04_cpu_common,40,FTR-NM,52,3,0.0
fig04_cpu_common,50,FTR-NM,45,3,0.04288424327741215
fig04_cpu_common,50,FTR-NM,46,3,1.0374445221672244
fig04_cpu_common,50,FTR-NM,48,3,0.06832602869737997
fig04_cpu_common,50,FTR-NM,49,3,0.0
fig04_cpu_common,50,FTR-NM,50,3,0.12497432818728398
fig04_cpu_common,50,FTR-NM,51,3,0.049132173280902365
fig04_cpu_common,50,FTR-NM,52,3,0.3394539224911589
fig04_cpu_common,60,FTR-NM,46,3,0.6373018677106193
fig04_cpu_common,60,FTR-NM,48,3,0.040982205054223446
fig04_cpu_common,60,FTR-NM,49,3,0.13218657097793945
fig04_cpu_common,60,FTR-NM,50,2,0.2927294735968336
fig04_cpu_common,60,FTR-NM,52,3,0.6662233435813685
fig04_cpu_common,70,FTR-NM,46,3,0.6680426376825719
fig04_cpu_common,70,FTR-NM,48,3,0.5721502957425703
fig04_cpu_common,70,FTR-NM,50,1,1.1785961031509218
fig04_cpu_common,80,FTR-NM,49,2,0.4522941476787895
fig04_cpu_common,30,RGA-MR,45,3,0.0
fig04_cpu_common,30,RGA-MR,46,2,0.0
fig04_cpu_common,30,RGA-MR,47,3,0.0
fig04_cpu_common,30,RGA-MR,48,3,0.0
fig04_cpu_common,30,RGA-MR,49,3,0.0
fig04_cpu_common,30,RGA-MR,50,3,0.0
fig04_cpu_common,30,RGA-MR,51,3,0.0
fig04_cpu_common,30,RGA-MR,52,3,0.0
fig04_cpu_common,40,RGA-MR,45,3,0.0
fig04_cpu_common,40,RGA-MR,46,3,0.0
fig04_cpu_common,40,RGA-MR,47,3,0.0
fig04_cpu_common,40,RGA-MR,48,3,0.0
fig04_cpu_common,40,RGA-MR,49,3,0.0
fig04_cpu_common,40,RGA-MR,50,3,0.025163032639759962
fig04_cpu_common,40,RGA-MR,51,3,0.0
fig04_cpu_common,40,RGA-MR,52,3,0.0
fig04_cpu_common,50,RGA-MR,45,3,0.052161794600254587
fig04_cpu_common,50,RGA-MR,46,3,1.0241429696403266
fig04_cpu_common,50,RGA-MR,48,3,0.4800449601921681
fig04_cpu_common,50,RGA-MR,49,3,0.010307459119554533
fig04_cpu_common,50,RGA-MR,50,3,0.18318380387388378
fig04_cpu_common,50,RGA-MR,51,3,0.4132632165539906
fig04_cpu_common,50,RGA-MR,52,3,0.9021539790127605
fig04_cpu_common,60,RGA-MR,46,3,0.4676129096462642
fig04_cpu_common,60,RGA-MR,48,3,0.2514818520883169
fig04_cpu_common,60,RGA-MR,49,3,0.19421506126741228
fig04_cpu_common,60,RGA-MR,50,2,0.2142544363393629
fig04_cpu_common,60,RGA-MR,52,3,0.8850957157285428
fig04_cpu_common,70,RGA-MR,46,3,0.7817221660002193
fig04_cpu_common,70,RGA-MR,48,3,0.4411922888504615
fig04_cpu_common,70,RGA-MR,50,1,1.1819238988664402
fig04_cpu_common,80,RGA-MR,49,2,0.7932011674455864
fig04_cpu_common,30,B-ALNS,45,3,0.48067138404147647
fig04_cpu_common,30,B-ALNS,46,2,0.0
fig04_cpu_common,30,B-ALNS,47,3,0.8004363434418823
fig04_cpu_common,30,B-ALNS,48,3,0.0
fig04_cpu_common,30,B-ALNS,49,3,0.33453280746852226
fig04_cpu_common,30,B-ALNS,50,3,0.9453853184797524
fig04_cpu_common,30,B-ALNS,51,3,0.3078375554387833
fig04_cpu_common,30,B-ALNS,52,3,0.549987094954573
fig04_cpu_common,40,B-ALNS,45,3,0.49097430137186815
fig04_cpu_common,40,B-ALNS,46,3,0.40509602025897257
fig04_cpu_common,40,B-ALNS,47,3,0.6785283344260578
fig04_cpu_common,40,B-ALNS,48,3,0.5604582094277416
fig04_cpu_common,40,B-ALNS,49,3,0.23154418562034376
fig04_cpu_common,40,B-ALNS,50,3,0.44576098002596104
fig04_cpu_common,40,B-ALNS,51,3,0.5249761224962856
fig04_cpu_common,40,B-ALNS,52,3,0.31585932702985553
fig04_cpu_common,50,B-ALNS,45,3,0.6687858969755653
fig04_cpu_common,50,B-ALNS,46,3,0.7379315449137679
fig04_cpu_common,50,B-ALNS,48,3,0.3579635449565721
fig04_cpu_common,50,B-ALNS,49,3,0.7622481838106228
fig04_cpu_common,50,B-ALNS,50,3,0.5104563976515678
fig04_cpu_common,50,B-ALNS,51,3,0.7666753514642703
fig04_cpu_common,50,B-ALNS,52,3,0.5325236408809784
fig04_cpu_common,60,B-ALNS,46,3,0.8546995630804504
fig04_cpu_common,60,B-ALNS,48,3,0.5616474548610926
fig04_cpu_common,60,B-ALNS,49,3,0.4518630725994175
fig04_cpu_common,60,B-ALNS,50,2,1.2631412945617204
fig04_cpu_common,60,B-ALNS,52,3,1.0584433168255036
fig04_cpu_common,70,B-ALNS,46,3,0.5655935805352269
fig04_cpu_common,70,B-ALNS,48,3,0.5991337756619619
fig04_cpu_common,70,B-ALNS,50,1,0.7577464186393504
fig04_cpu_common,80,B-ALNS,49,2,1.0533607269570098
fig04_cpu_common,30,ESI-ALNS,45,3,0.48067138404147647
fig04_cpu_common,30,ESI-ALNS,46,2,0.147076298338986
fig04_cpu_common,30,ESI-ALNS,47,3,0.8004363434418823
fig04_cpu_common,30,ESI-ALNS,48,3,0.0582332985678693
fig04_cpu_common,30,ESI-ALNS,49,3,0.5133108716801659
fig04_cpu_common,30,ESI-ALNS,50,3,0.9415166323029112
fig04_cpu_common,30,ESI-ALNS,51,3,0.3078375554387833
fig04_cpu_common,30,ESI-ALNS,52,3,0.3908837021449394
fig04_cpu_common,40,ESI-ALNS,45,3,0.49097430137186815
fig04_cpu_common,40,ESI-ALNS,46,3,0.40509602025897257
fig04_cpu_common,40,ESI-ALNS,47,3,0.5360474578618544
fig04_cpu_common,40,ESI-ALNS,48,3,0.6673582590563539
fig04_cpu_common,40,ESI-ALNS,49,3,0.23154418562034376
fig04_cpu_common,40,ESI-ALNS,50,3,0.44407853758142984
fig04_cpu_common,40,ESI-ALNS,51,3,0.5249761224962856
fig04_cpu_common,40,ESI-ALNS,52,3,0.316319761884679
fig04_cpu_common,50,ESI-ALNS,45,3,0.7999408279428867
fig04_cpu_common,50,ESI-ALNS,46,3,0.7379315449137679
fig04_cpu_common,50,ESI-ALNS,48,3,0.4271990705848042
fig04_cpu_common,50,ESI-ALNS,49,3,0.7560574805426944
fig04_cpu_common,50,ESI-ALNS,50,3,0.5145585881698883
fig04_cpu_common,50,ESI-ALNS,51,3,0.6906128174205689
fig04_cpu_common,50,ESI-ALNS,52,3,0.5315384757189395
fig04_cpu_common,60,ESI-ALNS,46,3,0.6800545933812538
fig04_cpu_common,60,ESI-ALNS,48,3,0.4700788018745202
fig04_cpu_common,60,ESI-ALNS,49,3,0.5041212980114322
fig04_cpu_common,60,ESI-ALNS,50,2,1.4179113742352736
fig04_cpu_common,60,ESI-ALNS,52,3,0.9732938387264004
fig04_cpu_common,70,ESI-ALNS,46,3,0.5806492369382713
fig04_cpu_common,70,ESI-ALNS,48,3,0.7611553273303013
fig04_cpu_common,70,ESI-ALNS,50,1,0.9171969501842817
fig04_cpu_common,80,ESI-ALNS,49,2,1.0632424211409905
fig05_construction_search_time,30,GR-MR,45,1,0.007169337999997083
fig05_construction_search_time,30,GR-MR,46,1,0.007855753000001187
fig05_construction_search_time,30,GR-MR,47,1,0.008228916999996727
fig05_construction_search_time,30,GR-MR,48,1,0.008687439999988555
fig05_construction_search_time,30,GR-MR,49,1,0.004232547999997394
fig05_construction_search_time,30,GR-MR,50,1,0.009275907999992228
fig05_construction_search_time,30,GR-MR,51,1,0.009200225999997258
fig05_construction_search_time,30,GR-MR,52,1,0.007911287999974093
fig05_construction_search_time,40,GR-MR,45,1,0.021562549000009312
fig05_construction_search_time,40,GR-MR,46,1,0.016631692999993675
fig05_construction_search_time,40,GR-MR,47,1,0.016377630000008025
fig05_construction_search_time,40,GR-MR,48,1,0.01602419700000013
fig05_construction_search_time,40,GR-MR,49,1,0.008247165999996753
fig05_construction_search_time,40,GR-MR,50,1,0.03443051900000427
fig05_construction_search_time,40,GR-MR,51,1,0.015372606999989102
fig05_construction_search_time,40,GR-MR,52,1,0.017492239999995718
fig05_construction_search_time,50,GR-MR,45,1,0.05903561199997398
fig05_construction_search_time,50,GR-MR,46,1,0.08031400900000563
fig05_construction_search_time,50,GR-MR,47,1,0.11888871600000073
fig05_construction_search_time,50,GR-MR,48,1,0.06639671800000002
fig05_construction_search_time,50,GR-MR,49,1,0.028241193999996028
fig05_construction_search_time,50,GR-MR,50,1,0.09189677199999835
fig05_construction_search_time,50,GR-MR,51,1,0.053328465000006986
fig05_construction_search_time,50,GR-MR,52,1,0.08144188299999655
fig05_construction_search_time,60,GR-MR,45,1,0.18658109100000075
fig05_construction_search_time,60,GR-MR,46,1,0.054314021999999795
fig05_construction_search_time,60,GR-MR,47,1,0.26765057799999425
fig05_construction_search_time,60,GR-MR,48,1,0.11715786300000275
fig05_construction_search_time,60,GR-MR,49,1,0.1483090830000009
fig05_construction_search_time,60,GR-MR,50,1,0.30696407900001077
fig05_construction_search_time,60,GR-MR,51,1,0.18651877100000291
fig05_construction_search_time,60,GR-MR,52,1,0.2277370600000026
fig05_construction_search_time,70,GR-MR,45,1,0.20932573199999638
fig05_construction_search_time,70,GR-MR,46,1,0.12631851199998323
fig05_construction_search_time,70,GR-MR,47,1,0.378949116000058
fig05_construction_search_time,70,GR-MR,48,1,0.21000433300002896
fig05_construction_search_time,70,GR-MR,49,1,0.4537447849999978
fig05_construction_search_time,70,GR-MR,50,1,0.3277363769999937
fig05_construction_search_time,70,GR-MR,51,1,0.39567796599999383
fig05_construction_search_time,70,GR-MR,52,1,0.290829892000005
fig05_construction_search_time,80,GR-MR,45,1,0.5060194780000131
fig05_construction_search_time,80,GR-MR,46,1,0.4578004960000044
fig05_construction_search_time,80,GR-MR,47,1,0.43411090200000046
fig05_construction_search_time,80,GR-MR,48,1,0.5999624389999951
fig05_construction_search_time,80,GR-MR,49,1,0.2824544219999723
fig05_construction_search_time,80,GR-MR,50,1,0.4823238529999969
fig05_construction_search_time,80,GR-MR,51,1,0.45184785600000055
fig05_construction_search_time,80,GR-MR,52,1,0.7645176729999932
fig05_construction_search_time,30,FTR-NM,45,1,0.007318729999994389
fig05_construction_search_time,30,FTR-NM,46,1,0.008077289999995685
fig05_construction_search_time,30,FTR-NM,47,1,0.00864694500000951
fig05_construction_search_time,30,FTR-NM,48,1,0.00880833700000494
fig05_construction_search_time,30,FTR-NM,49,1,0.004388091999999233
fig05_construction_search_time,30,FTR-NM,50,1,0.009300012999993612
fig05_construction_search_time,30,FTR-NM,51,1,0.009360589000003472
fig05_construction_search_time,30,FTR-NM,52,1,0.007974302999997462
fig05_construction_search_time,40,FTR-NM,45,1,0.021875435000026755
fig05_construction_search_time,40,FTR-NM,46,1,0.01695650199999932
fig05_construction_search_time,40,FTR-NM,47,1,0.01656090900001317
fig05_construction_search_time,40,FTR-NM,48,1,0.016203513000007774
fig05_construction_search_time,40,FTR-NM,49,1,0.0084032090000008
fig05_construction_search_time,40,FTR-NM,50,1,0.02293940199999156
fig05_construction_search_time,40,FTR-NM,51,1,0.015646521999997276
fig05_construction_search_time,40,FTR-NM,52,1,0.017566589000011845
fig05_construction_search_time,50,FTR-NM,45,1,0.042633066999968605
fig05_construction_search_time,50,FTR-NM,46,1,0.057734522000032484
fig05_construction_search_time,50,FTR-NM,47,1,0.054036062999990975
fig05_construction_search_time,50,FTR-NM,48,1,0.04325750699999986
fig05_construction_search_time,50,FTR-NM,49,1,0.028452897999990512
fig05_construction_search_time,50,FTR-NM,50,1,0.05946848799999316
fig05_construction_search_time,50,FTR-NM,51,1,0.03706436600002405
fig05_construction_search_time,50,FTR-NM,52,1,0.04854026000000289
fig05_construction_search_time,60,FTR-NM,45,1,0.09954982500001108
fig05_construction_search_time,60,FTR-NM,46,1,0.04164111400000081
fig05_construction_search_time,60,FTR-NM,47,1,0.1418023880000021
fig05_construction_search_time,60,FTR-NM,48,1,0.08161147199999874
fig05_construction_search_time,60,FTR-NM,49,1,0.08666457800000416
fig05_construction_search_time,60,FTR-NM,50,1,0.19072980699996833
fig05_construction_search_time,60,FTR-NM,51,1,0.11723403499999563
fig05_construction_search_time,60,FTR-NM,52,1,0.11698746799999782
fig05_construction_search_time,70,FTR-NM,45,1,0.14420495699999236
fig05_construction_search_time,70,FTR-NM,46,1,0.07715009799997574
fig05_construction_search_time,70,FTR-NM,47,1,0.23506370400002652
fig05_construction_search_time,70,FTR-NM,48,1,0.12291718299997001
fig05_construction_search_time,70,FTR-NM,49,1,0.2286196059999881
fig05_construction_search_time,70,FTR-NM,50,1,0.19250829899996802
fig05_construction_search_time,70,FTR-NM,51,1,0.19844063600000084
fig05_construction_search_time,70,FTR-NM,52,1,0.149108047999988
fig05_construction_search_time,80,FTR-NM,45,1,0.2301013980000306
fig05_construction_search_time,80,FTR-NM,46,1,0.36965895500001267
fig05_construction_search_time,80,FTR-NM,47,1,0.24077585899999576
fig05_construction_search_time,80,FTR-NM,48,1,0.33142377899996234
fig05_construction_search_time,80,FTR-NM,49,1,0.15034949399998254
fig05_construction_search_time,80,FTR-NM,50,1,0.2804263759999941
fig05_construction_search_time,80,FTR-NM,51,1,0.25593333699997345
fig05_construction_search_time,80,FTR-NM,52,1,0.3584702429999993
fig05_construction_search_time,30,RGA-MR,45,3,2.8803989896666664
fig05_construction_search_time,30,RGA-MR,46,3,3.912636540000001
fig05_construction_search_time,30,RGA-MR,47,3,3.767096684000004
fig05_construction_search_time,30,RGA-MR,48,3,1.0378286583333345
fig05_construction_search_time,30,RGA-MR,49,3,0.9766233649999995
fig05_construction_search_time,30,RGA-MR,50,3,2.4938723763333335
fig05_construction_search_time,30,RGA-MR,51,3,3.226092731666663
fig05_construction_search_time,30,RGA-MR,52,3,3.8825267176666594
fig05_construction_search_time,40,RGA-MR,45,3,8.051446776
fig05_construction_search_time,40,RGA-MR,46,3,7.051931928666676
fig05_construction_search_time,40,RGA-MR,47,3,6.201260145666666
fig05_construction_search_time,40,RGA-MR,48,3,6.654801222333336
fig05_construction_search_time,40,RGA-MR,49,3,3.5108593309999967
fig05_construction_search_time,40,RGA-MR,50,3,11.750469554000004
fig05_construction_search_time,40,RGA-MR,51,3,6.185989719000003
fig05_construction_search_time,40,RGA-MR,52,3,8.321766813333321
fig05_construction_search_time,50,RGA-MR,45,3,13.157038203666664
fig05_construction_search_time,50,RGA-MR,46,3,18.097743306333342
fig05_construction_search_time,50,RGA-MR,47,3,17.69178925366666
fig05_construction_search_time,50,RGA-MR,48,3,10.742281176333336
fig05_construction_search_time,50,RGA-MR,49,3,16.278707658666676
fig05_construction_search_time,50,RGA-MR,50,3,21.691191662999998
fig05_construction_search_time,50,RGA-MR,51,3,11.558537268
fig05_construction_search_time,50,RGA-MR,52,3,12.649870851666662
fig05_construction_search_time,60,RGA-MR,45,3,18.117151341333333
fig05_construction_search_time,60,RGA-MR,46,3,14.383089079666666
fig05_construction_search_time,60,RGA-MR,47,3,24.846369617666664
fig05_construction_search_time,60,RGA-MR,48,3,21.04121203466666
fig05_construction_search_time,60,RGA-MR,49,3,27.906897122
fig05_construction_search_time,60,RGA-MR,50,3,36.77529773933333
fig05_construction_search_time,60,RGA-MR,51,3,26.05760271133333
fig05_construction_search_time,60,RGA-MR,52,3,29.73783861733334
fig05_construction_search_time,70,RGA-MR,45,3,23.47271804733335
fig05_construction_search_time,70,RGA-MR,46,3,14.930756643999976
fig05_construction_search_time,70,RGA-MR,47,3,33.001053501
fig05_construction_search_time,70,RGA-MR,48,3,25.225604079999965
fig05_construction_search_time,70,RGA-MR,49,3,41.608162984
fig05_construction_search_time,70,RGA-MR,50,3,35.505791277333344
fig05_construction_search_time,70,RGA-MR,51,3,35.989652590999995
fig05_construction_search_time,70,RGA-MR,52,3,27.44657169533333
fig05_construction_search_time,80,RGA-MR,45,3,35.04572773366667
fig05_construction_search_time,80,RGA-MR,46,3,38.35161113833333
fig05_construction_search_time,80,RGA-MR,47,3,38.996434966333325
fig05_construction_search_time,80,RGA-MR,48,3,55.03277692699999
fig05_construction_search_time,80,RGA-MR,49,3,27.57161189233335
fig05_construction_search_time,80,RGA-MR,50,3,25.606034996666676
fig05_construction_search_time,80,RGA-MR,51,3,31.422201498333333
fig05_construction_search_time,80,RGA-MR,52,3,45.799071559000005
fig05_construction_search_time,30,B-ALNS,45,3,2.196513830666665
fig05_construction_search_time,30,B-ALNS,46,3,1.1639094573333348
fig05_construction_search_time,30,B-ALNS,47,3,2.8531720076666622
fig05_construction_search_time,30,B-ALNS,48,3,0.9586916113333169
fig05_construction_search_time,30,B-ALNS,49,3,1.1746009739999994
fig05_construction_search_time,30,B-ALNS,50,3,3.3424505299999936
fig05_construction_search_time,30,B-ALNS,51,3,2.8446340489999975
fig05_construction_search_time,30,B-ALNS,52,3,2.2554715049999743
fig05_construction_search_time,40,B-ALNS,45,3,5.640668367333343
fig05_construction_search_time,40,B-ALNS,46,3,3.915726899333322
fig05_construction_search_time,40,B-ALNS,47,3,7.391535776666676
fig05_construction_search_time,40,B-ALNS,48,3,4.313808780333332
fig05_construction_search_time,40,B-ALNS,49,3,2.046476526333329
fig05_construction_search_time,40,B-ALNS,50,3,5.394472772000005
fig05_construction_search_time,40,B-ALNS,51,3,6.630725135333321
fig05_construction_search_time,40,B-ALNS,52,3,3.7095570339999804
fig05_construction_search_time,50,B-ALNS,45,3,14.433168303999972
fig05_construction_search_time,50,B-ALNS,46,3,12.589828345
fig05_construction_search_time,50,B-ALNS,47,3,9.381593189333335
fig05_construction_search_time,50,B-ALNS,48,3,4.680616665999996
fig05_construction_search_time,50,B-ALNS,49,3,11.300187649333331
fig05_construction_search_time,50,B-ALNS,50,3,11.510432562666658
fig05_construction_search_time,50,B-ALNS,51,3,12.062174089666678
fig05_construction_search_time,50,B-ALNS,52,3,6.48332778266666
fig05_construction_search_time,60,B-ALNS,45,3,25.668957916000007
fig05_construction_search_time,60,B-ALNS,46,3,14.143715076666668
fig05_construction_search_time,60,B-ALNS,47,3,20.30839493466666
fig05_construction_search_time,60,B-ALNS,48,3,17.557127345666668
fig05_construction_search_time,60,B-ALNS,49,3,16.345694968666667
fig05_construction_search_time,60,B-ALNS,50,3,28.728926927333333
fig05_construction_search_time,60,B-ALNS,51,3,21.376995379
fig05_construction_search_time,60,B-ALNS,52,3,14.662481365999996
fig05_construction_search_time,70,B-ALNS,45,3,28.72776286333333
fig05_construction_search_time,70,B-ALNS,46,3,10.45718896699998
fig05_construction_search_time,70,B-ALNS,47,3,23.315836534000066
fig05_construction_search_time,70,B-ALNS,48,3,14.788757134666676
fig05_construction_search_time,70,B-ALNS,49,3,21.59529497299999
fig05_construction_search_time,70,B-ALNS,50,3,54.43501043699999
fig05_construction_search_time,70,B-ALNS,51,3,31.13453130099998
fig05_construction_search_time,70,B-ALNS,52,3,18.90098938133333
fig05_construction_search_time,80,B-ALNS,45,3,44.701522340000004
fig05_construction_search_time,80,B-ALNS,46,3,56.13013216133334
fig05_construction_search_time,80,B-ALNS,47,3,43.13178011733335
fig05_construction_search_time,80,B-ALNS,48,3,37.73024131
fig05_construction_search_time,80,B-ALNS,49,3,48.94038253466663
fig05_construction_search_time,80,B-ALNS,50,3,21.842184808333332
fig05_construction_search_time,80,B-ALNS,51,3,32.359279488333335
fig05_construction_search_time,80,B-ALNS,52,3,44.020282151666656
fig05_construction_search_time,30,ESI-ALNS,45,3,3.2243787976666645
fig05_construction_search_time,30,ESI-ALNS,46,3,4.004292428666671
fig05_construction_search_time,30,ESI-ALNS,47,3,4.205578617999994
fig05_construction_search_time,30,ESI-ALNS,48,3,2.86167795099999
fig05_construction_search_time,30,ESI-ALNS,49,3,2.6788738203333295
fig05_construction_search_time,30,ESI-ALNS,50,3,5.09122788099999
fig05_construction_search_time,30,ESI-ALNS,51,3,4.382159663999997
fig05_construction_search_time,30,ESI-ALNS,52,3,3.9429401849999786
fig05_construction_search_time,40,ESI-ALNS,45,3,7.712829701333348
fig05_construction_search_time,40,ESI-ALNS,46,3,6.06138446766666
fig05_construction_search_time,40,ESI-ALNS,47,3,10.584502714666678
fig05_construction_search_time,40,ESI-ALNS,48,3,7.638417493666665
fig05_construction_search_time,40,ESI-ALNS,49,3,3.75683246733333
fig05_construction_search_time,40,ESI-ALNS,50,3,7.554322293333335
fig05_construction_search_time,40,ESI-ALNS,51,3,8.863891542999987
fig05_construction_search_time,40,ESI-ALNS,52,3,6.586971470333339
fig05_construction_search_time,50,ESI-ALNS,45,3,18.734368874666654
fig05_construction_search_time,50,ESI-ALNS,46,3,14.723189931333337
fig05_construction_search_time,50,ESI-ALNS,47,3,14.883931974666671
fig05_construction_search_time,50,ESI-ALNS,48,3,9.34420184733333
fig05_construction_search_time,50,ESI-ALNS,49,3,14.961534647666666
fig05_construction_search_time,50,ESI-ALNS,50,3,15.15215547533333
fig05_construction_search_time,50,ESI-ALNS,51,3,16.61733744833333
fig05_construction_search_time,50,ESI-ALNS,52,3,9.130375152666666
fig05_construction_search_time,60,ESI-ALNS,45,3,31.540364180999998
fig05_construction_search_time,60,ESI-ALNS,46,3,17.240339630000005
fig05_construction_search_time,60,ESI-ALNS,47,3,26.78593926766666
fig05_construction_search_time,60,ESI-ALNS,48,3,21.02241175566667
fig05_construction_search_time,60,ESI-ALNS,49,3,21.000187898000004
fig05_construction_search_time,60,ESI-ALNS,50,3,36.257554408000004
fig05_construction_search_time,60,ESI-ALNS,51,3,25.02097063000001
fig05_construction_search_time,60,ESI-ALNS,52,3,19.382579272999997
fig05_construction_search_time,70,ESI-ALNS,45,3,33.17375357733333
fig05_construction_search_time,70,ESI-ALNS,46,3,12.619370229333319
fig05_construction_search_time,70,ESI-ALNS,47,3,28.781848815000046
fig05_construction_search_time,70,ESI-ALNS,48,3,18.81389174833335
fig05_construction_search_time,70,ESI-ALNS,49,3,27.560739358666666
fig05_construction_search_time,70,ESI-ALNS,50,3,60.11884441866667
fig05_construction_search_time,70,ESI-ALNS,51,3,38.39592587399999
fig05_construction_search_time,70,ESI-ALNS,52,3,23.065798451000003
fig05_construction_search_time,80,ESI-ALNS,45,3,59.979133205000025
fig05_construction_search_time,80,ESI-ALNS,46,3,63.702772137
fig05_construction_search_time,80,ESI-ALNS,47,3,53.04861822966668
fig05_construction_search_time,80,ESI-ALNS,48,3,43.80118572066666
fig05_construction_search_time,80,ESI-ALNS,49,3,54.62422070399995
fig05_construction_search_time,80,ESI-ALNS,50,3,24.674677283333338
fig05_construction_search_time,80,ESI-ALNS,51,3,39.02694566133333
fig05_construction_search_time,80,ESI-ALNS,52,3,49.96744094700001
fig06_paired_energy_saving,30,B-ALNS,45,3,-0.0
fig06_paired_energy_saving,30,B-ALNS,46,2,0.014964860634456272
fig06_paired_energy_saving,30,B-ALNS,47,3,-0.0
fig06_paired_energy_saving,30,B-ALNS,48,3,3.084587519562357
fig06_paired_energy_saving,30,B-ALNS,49,3,0.0640921698607029
fig06_paired_energy_saving,30,B-ALNS,50,3,0.12452528968699335
fig06_paired_energy_saving,30,B-ALNS,51,3,-0.0
fig06_paired_energy_saving,30,B-ALNS,52,3,0.04528228585797479
fig06_paired_energy_saving,40,B-ALNS,45,3,-0.0
fig06_paired_energy_saving,40,B-ALNS,46,3,-0.0
fig06_paired_energy_saving,40,B-ALNS,47,3,0.2698228988698781
fig06_paired_energy_saving,40,B-ALNS,48,3,0.0630210302505584
fig06_paired_energy_saving,40,B-ALNS,49,3,-0.0
fig06_paired_energy_saving,40,B-ALNS,50,3,0.1204370005140275
fig06_paired_energy_saving,40,B-ALNS,51,3,-0.0
fig06_paired_energy_saving,40,B-ALNS,52,3,1.8728808123689862
fig06_paired_energy_saving,50,B-ALNS,45,3,4.143630231879196
fig06_paired_energy_saving,50,B-ALNS,46,3,-0.0
fig06_paired_energy_saving,50,B-ALNS,47,2,0.2333910406374489
fig06_paired_energy_saving,50,B-ALNS,48,3,0.86560311750244
fig06_paired_energy_saving,50,B-ALNS,49,3,0.42081546747212023
fig06_paired_energy_saving,50,B-ALNS,50,3,3.3098821457341256
fig06_paired_energy_saving,50,B-ALNS,51,3,0.9292810379020908
fig06_paired_energy_saving,50,B-ALNS,52,3,6.766558158583357
fig06_paired_energy_saving,60,B-ALNS,45,3,4.735123250509078
fig06_paired_energy_saving,60,B-ALNS,46,3,0.10877860681106297
fig06_paired_energy_saving,60,B-ALNS,47,3,5.138085551321856
fig06_paired_energy_saving,60,B-ALNS,48,3,0.02889164504605772
fig06_paired_energy_saving,60,B-ALNS,49,3,0.3119347423359674
fig06_paired_energy_saving,60,B-ALNS,50,2,0.12214579983025033
fig06_paired_energy_saving,60,B-ALNS,51,3,0.04998925274739546
fig06_paired_energy_saving,60,B-ALNS,52,3,0.5399567894515737
fig06_paired_energy_saving,70,B-ALNS,45,3,0.17525215630583504
fig06_paired_energy_saving,70,B-ALNS,46,3,3.6853856471050728
fig06_paired_energy_saving,70,B-ALNS,47,3,3.8028702698480337
fig06_paired_energy_saving,70,B-ALNS,48,3,1.809378993952676
fig06_paired_energy_saving,70,B-ALNS,49,3,4.403264476884089
fig06_paired_energy_saving,70,B-ALNS,50,1,4.760318107758562
fig06_paired_energy_saving,70,B-ALNS,51,3,2.480224818273933
fig06_paired_energy_saving,70,B-ALNS,52,3,0.06559709953310085
fig06_paired_energy_saving,80,B-ALNS,45,3,5.22710242014843
fig06_paired_energy_saving,80,B-ALNS,46,3,1.9820385588482703
fig06_paired_energy_saving,80,B-ALNS,47,3,2.6012407438519585
fig06_paired_energy_saving,80,B-ALNS,48,3,0.19483189886297136
fig06_paired_energy_saving,80,B-ALNS,49,2,0.25121889635152184
fig06_paired_energy_saving,80,B-ALNS,50,3,0.14867900865940223
fig06_paired_energy_saving,80,B-ALNS,51,3,0.7500046608109843
fig06_paired_energy_saving,80,B-ALNS,52,1,0.15882054546795554
fig07_stage2_cpu_reduction,30,GR-MR,45,3,-0.0
fig07_stage2_cpu_reduction,30,GR-MR,46,2,-0.0
fig07_stage2_cpu_reduction,30,GR-MR,47,3,-0.0
fig07_stage2_cpu_reduction,30,GR-MR,48,3,-0.0
fig07_stage2_cpu_reduction,30,GR-MR,49,3,-0.0
fig07_stage2_cpu_reduction,30,GR-MR,50,3,-0.0
fig07_stage2_cpu_reduction,30,GR-MR,51,3,-0.0
fig07_stage2_cpu_reduction,30,GR-MR,52,3,-0.0
fig07_stage2_cpu_reduction,40,GR-MR,45,3,-0.0
fig07_stage2_cpu_reduction,40,GR-MR,46,3,-0.0
fig07_stage2_cpu_reduction,40,GR-MR,47,3,-0.0
fig07_stage2_cpu_reduction,40,GR-MR,48,3,-0.0
fig07_stage2_cpu_reduction,40,GR-MR,49,3,-0.0
fig07_stage2_cpu_reduction,40,GR-MR,50,3,0.6929993913833408
fig07_stage2_cpu_reduction,40,GR-MR,51,3,-0.0
fig07_stage2_cpu_reduction,40,GR-MR,52,3,-0.0
fig07_stage2_cpu_reduction,50,GR-MR,45,3,0.663310484270891
fig07_stage2_cpu_reduction,50,GR-MR,46,3,0.6874614918048756
fig07_stage2_cpu_reduction,50,GR-MR,48,3,1.0543263508845793
fig07_stage2_cpu_reduction,50,GR-MR,49,3,-0.0
fig07_stage2_cpu_reduction,50,GR-MR,50,3,0.6082113345409239
fig07_stage2_cpu_reduction,50,GR-MR,51,3,0.4368212556610049
fig07_stage2_cpu_reduction,50,GR-MR,52,3,0.08559030069700402
fig07_stage2_cpu_reduction,60,GR-MR,46,3,0.3938188750450225
fig07_stage2_cpu_reduction,60,GR-MR,48,3,0.5314172177358885
fig07_stage2_cpu_reduction,60,GR-MR,49,3,0.6797314473524818
fig07_stage2_cpu_reduction,60,GR-MR,50,2,0.6159943725582337
fig07_stage2_cpu_reduction,60,GR-MR,52,3,0.8409644531999754
fig07_stage2_cpu_reduction,70,GR-MR,46,3,0.9662209641135732
fig07_stage2_cpu_reduction,70,GR-MR,48,3,1.2647788304387289
fig07_stage2_cpu_reduction,70,GR-MR,50,1,0.6844071781899199
fig07_stage2_cpu_reduction,80,GR-MR,49,2,1.0302463739886334
fig07_stage2_cpu_reduction,30,FTR-NM,45,3,-0.0
fig07_stage2_cpu_reduction,30,FTR-NM,46,2,-0.0
fig07_stage2_cpu_reduction,30,FTR-NM,47,3,-0.0
fig07_stage2_cpu_reduction,30,FTR-NM,48,3,-0.0
fig07_stage2_cpu_reduction,30,FTR-NM,49,3,-0.0
fig07_stage2_cpu_reduction,30,FTR-NM,50,3,-0.0
fig07_stage2_cpu_reduction,30,FTR-NM,51,3,-0.0
fig07_stage2_cpu_reduction,30,FTR-NM,52,3,-0.0
fig07_stage2_cpu_reduction,40,FTR-NM,45,3,-0.0
fig07_stage2_cpu_reduction,40,FTR-NM,46,3,-0.0
fig07_stage2_cpu_reduction,40,FTR-NM,47,3,-0.0
fig07_stage2_cpu_reduction,40,FTR-NM,48,3,-0.0
fig07_stage2_cpu_reduction,40,FTR-NM,49,3,-0.0
fig07_stage2_cpu_reduction,40,FTR-NM,50,3,0.6960893902422549
fig07_stage2_cpu_reduction,40,FTR-NM,51,3,-0.0
fig07_stage2_cpu_reduction,40,FTR-NM,52,3,-0.0
fig07_stage2_cpu_reduction,50,FTR-NM,45,3,0.6754427262335831
fig07_stage2_cpu_reduction,50,FTR-NM,46,3,0.6918852756298048
fig07_stage2_cpu_reduction,50,FTR-NM,48,3,1.3679807309482945
fig07_stage2_cpu_reduction,50,FTR-NM,49,3,-0.0
fig07_stage2_cpu_reduction,50,FTR-NM,50,3,0.6372902181359404
fig07_stage2_cpu_reduction,50,FTR-NM,51,3,0.6753547368127982
fig07_stage2_cpu_reduction,50,FTR-NM,52,3,0.5636747721568488
fig07_stage2_cpu_reduction,60,FTR-NM,46,3,0.27363471033932507
fig07_stage2_cpu_reduction,60,FTR-NM,48,3,0.6860705701530602
fig07_stage2_cpu_reduction,60,FTR-NM,49,3,0.7298081343978089
fig07_stage2_cpu_reduction,60,FTR-NM,50,2,1.2626671733111838
fig07_stage2_cpu_reduction,60,FTR-NM,52,3,1.029049043624518
fig07_stage2_cpu_reduction,70,FTR-NM,46,3,1.1208025140260676
fig07_stage2_cpu_reduction,70,FTR-NM,48,3,1.1656291689442022
fig07_stage2_cpu_reduction,70,FTR-NM,50,1,0.6820359997591905
fig07_stage2_cpu_reduction,80,FTR-NM,49,2,1.3560504110270863
fig07_stage2_cpu_reduction,30,RGA-MR,45,3,-0.0
fig07_stage2_cpu_reduction,30,RGA-MR,46,2,-0.0
fig07_stage2_cpu_reduction,30,RGA-MR,47,3,-0.0
fig07_stage2_cpu_reduction,30,RGA-MR,48,3,-0.0
fig07_stage2_cpu_reduction,30,RGA-MR,49,3,-0.0
fig07_stage2_cpu_reduction,30,RGA-MR,50,3,-0.0
fig07_stage2_cpu_reduction,30,RGA-MR,51,3,-0.0
fig07_stage2_cpu_reduction,30,RGA-MR,52,3,-0.0
fig07_stage2_cpu_reduction,40,RGA-MR,45,3,-0.0
fig07_stage2_cpu_reduction,40,RGA-MR,46,3,-0.0
fig07_stage2_cpu_reduction,40,RGA-MR,47,3,-0.0
fig07_stage2_cpu_reduction,40,RGA-MR,48,3,-0.0
fig07_stage2_cpu_reduction,40,RGA-MR,49,3,-0.0
fig07_stage2_cpu_reduction,40,RGA-MR,50,3,0.6929993913833408
fig07_stage2_cpu_reduction,40,RGA-MR,51,3,-0.0
fig07_stage2_cpu_reduction,40,RGA-MR,52,3,-0.0
fig07_stage2_cpu_reduction,50,RGA-MR,45,3,0.663310484270891
fig07_stage2_cpu_reduction,50,RGA-MR,46,3,0.6874614918048756
fig07_stage2_cpu_reduction,50,RGA-MR,48,3,0.885451431450087
fig07_stage2_cpu_reduction,50,RGA-MR,49,3,0.22757413643575272
fig07_stage2_cpu_reduction,50,RGA-MR,50,3,0.6082113345409239
fig07_stage2_cpu_reduction,50,RGA-MR,51,3,0.4368212556610049
fig07_stage2_cpu_reduction,50,RGA-MR,52,3,0.085339591112272
fig07_stage2_cpu_reduction,60,RGA-MR,46,3,0.3938188750450225
fig07_stage2_cpu_reduction,60,RGA-MR,48,3,0.5471300705966986
fig07_stage2_cpu_reduction,60,RGA-MR,49,3,0.6797314473524818
fig07_stage2_cpu_reduction,60,RGA-MR,50,2,0.6159943725582337
fig07_stage2_cpu_reduction,60,RGA-MR,52,3,0.8409644531999754
fig07_stage2_cpu_reduction,70,RGA-MR,46,3,0.9662209641135732
fig07_stage2_cpu_reduction,70,RGA-MR,48,3,1.2271304542735388
fig07_stage2_cpu_reduction,70,RGA-MR,50,1,0.6844071781899199
fig07_stage2_cpu_reduction,80,RGA-MR,49,2,1.0302463739886334
fig07_stage2_cpu_reduction,30,B-ALNS,45,3,0.39002431738197757
fig07_stage2_cpu_reduction,30,B-ALNS,46,2,-0.0
fig07_stage2_cpu_reduction,30,B-ALNS,47,3,0.40470599955322545
fig07_stage2_cpu_reduction,30,B-ALNS,48,3,-0.0
fig07_stage2_cpu_reduction,30,B-ALNS,49,3,0.24399107014104957
fig07_stage2_cpu_reduction,30,B-ALNS,50,3,0.810020977579907
fig07_stage2_cpu_reduction,30,B-ALNS,51,3,0.5038207825160779
fig07_stage2_cpu_reduction,30,B-ALNS,52,3,0.8234449507314523
fig07_stage2_cpu_reduction,40,B-ALNS,45,3,1.112223165134516
fig07_stage2_cpu_reduction,40,B-ALNS,46,3,0.43827606216184345
fig07_stage2_cpu_reduction,40,B-ALNS,47,3,0.5227442254985855
fig07_stage2_cpu_reduction,40,B-ALNS,48,3,0.3330180516123656
fig07_stage2_cpu_reduction,40,B-ALNS,49,3,0.8111350530496183
fig07_stage2_cpu_reduction,40,B-ALNS,50,3,0.4746832804582111
fig07_stage2_cpu_reduction,40,B-ALNS,51,3,0.6077948656328552
fig07_stage2_cpu_reduction,40,B-ALNS,52,3,0.4966842564480693
fig07_stage2_cpu_reduction,50,B-ALNS,45,3,0.7877869602168204
fig07_stage2_cpu_reduction,50,B-ALNS,46,3,0.7226229337622166
fig07_stage2_cpu_reduction,50,B-ALNS,48,3,0.8137115709060977
fig07_stage2_cpu_reduction,50,B-ALNS,49,3,1.0064971860505485
fig07_stage2_cpu_reduction,50,B-ALNS,50,3,0.6471370596248387
fig07_stage2_cpu_reduction,50,B-ALNS,51,3,0.7269096580586042
fig07_stage2_cpu_reduction,50,B-ALNS,52,3,1.1210809682364522
fig07_stage2_cpu_reduction,60,B-ALNS,46,3,0.3637152068728195
fig07_stage2_cpu_reduction,60,B-ALNS,48,3,0.9047161148596262
fig07_stage2_cpu_reduction,60,B-ALNS,49,3,0.7368186545011942
fig07_stage2_cpu_reduction,60,B-ALNS,50,2,0.6092489555514751
fig07_stage2_cpu_reduction,60,B-ALNS,52,3,0.7816319481122457
fig07_stage2_cpu_reduction,70,B-ALNS,46,3,0.6377529012642809
fig07_stage2_cpu_reduction,70,B-ALNS,48,3,0.846465848986679
fig07_stage2_cpu_reduction,70,B-ALNS,50,1,1.032698333507795
fig07_stage2_cpu_reduction,80,B-ALNS,49,2,0.7930843065592581
fig07_stage2_cpu_reduction,30,ESI-ALNS,45,3,0.39002431738197757
fig07_stage2_cpu_reduction,30,ESI-ALNS,46,2,0.26034954136440386
fig07_stage2_cpu_reduction,30,ESI-ALNS,47,3,0.40470599955322545
fig07_stage2_cpu_reduction,30,ESI-ALNS,48,3,0.20056982076727428
fig07_stage2_cpu_reduction,30,ESI-ALNS,49,3,0.3569472489914675
fig07_stage2_cpu_reduction,30,ESI-ALNS,50,3,0.8110364888709162
fig07_stage2_cpu_reduction,30,ESI-ALNS,51,3,0.5038207825160779
fig07_stage2_cpu_reduction,30,ESI-ALNS,52,3,0.9409778069900023
fig07_stage2_cpu_reduction,40,ESI-ALNS,45,3,1.112223165134516
fig07_stage2_cpu_reduction,40,ESI-ALNS,46,3,0.43827606216184345
fig07_stage2_cpu_reduction,40,ESI-ALNS,47,3,0.609422078969959
fig07_stage2_cpu_reduction,40,ESI-ALNS,48,3,0.2584669517265302
fig07_stage2_cpu_reduction,40,ESI-ALNS,49,3,0.8111350530496183
fig07_stage2_cpu_reduction,40,ESI-ALNS,50,3,0.47671886893925186
fig07_stage2_cpu_reduction,40,ESI-ALNS,51,3,0.6077948656328552
fig07_stage2_cpu_reduction,40,ESI-ALNS,52,3,0.4961153119746961
fig07_stage2_cpu_reduction,50,ESI-ALNS,45,3,0.671078183837788
fig07_stage2_cpu_reduction,50,ESI-ALNS,46,3,0.7226229337622166
fig07_stage2_cpu_reduction,50,ESI-ALNS,48,3,0.47548355711214935
fig07_stage2_cpu_reduction,50,ESI-ALNS,49,3,1.011119187717107
fig07_stage2_cpu_reduction,50,ESI-ALNS,50,3,0.8669041217550748
fig07_stage2_cpu_reduction,50,ESI-ALNS,51,3,0.7494754505334152
fig07_stage2_cpu_reduction,50,ESI-ALNS,52,3,1.1196664679806618
fig07_stage2_cpu_reduction,60,ESI-ALNS,46,3,0.4937595995005844
fig07_stage2_cpu_reduction,60,ESI-ALNS,48,3,0.9828988213557681
fig07_stage2_cpu_reduction,60,ESI-ALNS,49,3,0.6890942037709474
fig07_stage2_cpu_reduction,60,ESI-ALNS,50,2,0.4692484310461055
fig07_stage2_cpu_reduction,60,ESI-ALNS,52,3,0.8306008257921298
fig07_stage2_cpu_reduction,70,ESI-ALNS,46,3,0.6080420798880763
fig07_stage2_cpu_reduction,70,ESI-ALNS,48,3,0.9340777288421829
fig07_stage2_cpu_reduction,70,ESI-ALNS,50,1,0.8993056413906574
fig07_stage2_cpu_reduction,80,ESI-ALNS,49,2,0.7802273380576069
figS01_mean_delay_common,30,GR-MR,45,3,180.66934788026336
figS01_mean_delay_common,30,GR-MR,46,2,183.45632883121414
figS01_mean_delay_common,30,GR-MR,47,3,185.09125873143176
figS01_mean_delay_common,30,GR-MR,48,3,219.73408151964736
figS01_mean_delay_common,30,GR-MR,49,3,199.45982770060897
figS01_mean_delay_common,30,GR-MR,50,3,210.67761145164852
figS01_mean_delay_common,30,GR-MR,51,3,200.18058825948287
figS01_mean_delay_common,30,GR-MR,52,3,195.00423488462494
figS01_mean_delay_common,40,GR-MR,45,3,197.677837481822
figS01_mean_delay_common,40,GR-MR,46,3,202.82885544710896
figS01_mean_delay_common,40,GR-MR,47,3,199.41676412081634
figS01_mean_delay_common,40,GR-MR,48,3,179.4393661249671
figS01_mean_delay_common,40,GR-MR,49,3,181.39943393343705
figS01_mean_delay_common,40,GR-MR,50,3,204.84107558215925
figS01_mean_delay_common,40,GR-MR,51,3,215.958891726788
figS01_mean_delay_common,40,GR-MR,52,3,217.03097862317082
figS01_mean_delay_common,50,GR-MR,45,3,212.55786862281536
figS01_mean_delay_common,50,GR-MR,46,3,205.48528876211532
figS01_mean_delay_common,50,GR-MR,48,3,213.7331024415716
figS01_mean_delay_common,50,GR-MR,49,3,199.14137996649734
figS01_mean_delay_common,50,GR-MR,50,3,196.2188829750027
figS01_mean_delay_common,50,GR-MR,51,3,204.117934392506
figS01_mean_delay_common,50,GR-MR,52,3,230.57509608972865
figS01_mean_delay_common,60,GR-MR,46,3,194.84440874520996
figS01_mean_delay_common,60,GR-MR,48,3,218.84522113243494
figS01_mean_delay_common,60,GR-MR,49,3,206.6747058825859
figS01_mean_delay_common,60,GR-MR,50,2,213.8019201257569
figS01_mean_delay_common,60,GR-MR,52,3,214.5634744507608
figS01_mean_delay_common,70,GR-MR,46,3,214.59378013197667
figS01_mean_delay_common,70,GR-MR,48,3,217.23411536412397
figS01_mean_delay_common,70,GR-MR,50,1,215.9865731554246
figS01_mean_delay_common,80,GR-MR,49,2,214.03509982604191
figS01_mean_delay_common,30,FTR-NM,45,3,180.66934788026336
figS01_mean_delay_common,30,FTR-NM,46,2,183.45632883121414
figS01_mean_delay_common,30,FTR-NM,47,3,185.09125873143176
figS01_mean_delay_common,30,FTR-NM,48,3,219.73408151964736
figS01_mean_delay_common,30,FTR-NM,49,3,199.45982770060897
figS01_mean_delay_common,30,FTR-NM,50,3,210.67761145164852
figS01_mean_delay_common,30,FTR-NM,51,3,200.18058825948287
figS01_mean_delay_common,30,FTR-NM,52,3,195.00423488462494
figS01_mean_delay_common,40,FTR-NM,45,3,197.677837481822
figS01_mean_delay_common,40,FTR-NM,46,3,202.82885544710896
figS01_mean_delay_common,40,FTR-NM,47,3,199.41676412081634
figS01_mean_delay_common,40,FTR-NM,48,3,179.4393661249671
figS01_mean_delay_common,40,FTR-NM,49,3,181.39943393343705
figS01_mean_delay_common,40,FTR-NM,50,3,204.84454163876646
figS01_mean_delay_common,40,FTR-NM,51,3,215.958891726788
figS01_mean_delay_common,40,FTR-NM,52,3,217.03097862317082
figS01_mean_delay_common,50,FTR-NM,45,3,212.54815849244963
figS01_mean_delay_common,50,FTR-NM,46,3,199.2562340596049
figS01_mean_delay_common,50,FTR-NM,48,3,216.31549483698072
figS01_mean_delay_common,50,FTR-NM,49,3,199.14137996649734
figS01_mean_delay_common,50,FTR-NM,50,3,195.9923581620975
figS01_mean_delay_common,50,FTR-NM,51,3,204.11613209664324
figS01_mean_delay_common,50,FTR-NM,52,3,230.4663720206175
figS01_mean_delay_common,60,FTR-NM,46,3,194.7191736391304
figS01_mean_delay_common,60,FTR-NM,48,3,219.54292843658283
figS01_mean_delay_common,60,FTR-NM,49,3,206.79971865766117
figS01_mean_delay_common,60,FTR-NM,50,2,212.19711359436326
figS01_mean_delay_common,60,FTR-NM,52,3,213.41193367154668
figS01_mean_delay_common,70,FTR-NM,46,3,214.58425012858115
figS01_mean_delay_common,70,FTR-NM,48,3,217.36750438940294
figS01_mean_delay_common,70,FTR-NM,50,1,216.00405511459272
figS01_mean_delay_common,80,FTR-NM,49,2,214.1881950395473
figS01_mean_delay_common,30,RGA-MR,45,3,184.7382686335176
figS01_mean_delay_common,30,RGA-MR,46,2,183.45632883121414
figS01_mean_delay_common,30,RGA-MR,47,3,185.16075987559694
figS01_mean_delay_common,30,RGA-MR,48,3,220.62328614446108
figS01_mean_delay_common,30,RGA-MR,49,3,204.76594272302054
figS01_mean_delay_common,30,RGA-MR,50,3,210.67761145164852
figS01_mean_delay_common,30,RGA-MR,51,3,201.9999333283747
figS01_mean_delay_common,30,RGA-MR,52,3,197.52918326356306
figS01_mean_delay_common,40,RGA-MR,45,3,197.55469536764977
figS01_mean_delay_common,40,RGA-MR,46,3,202.82885544710896
figS01_mean_delay_common,40,RGA-MR,47,3,199.38055661534608
figS01_mean_delay_common,40,RGA-MR,48,3,176.92533595661394
figS01_mean_delay_common,40,RGA-MR,49,3,180.94398762658295
figS01_mean_delay_common,40,RGA-MR,50,3,204.84107558215925
figS01_mean_delay_common,40,RGA-MR,51,3,215.20491196146835
figS01_mean_delay_common,40,RGA-MR,52,3,217.03097862317082
figS01_mean_delay_common,50,RGA-MR,45,3,212.55786862281536
figS01_mean_delay_common,50,RGA-MR,46,3,205.48528876211532
figS01_mean_delay_common,50,RGA-MR,48,3,214.91868989803697
figS01_mean_delay_common,50,RGA-MR,49,3,200.63560456494108
figS01_mean_delay_common,50,RGA-MR,50,3,196.2188829750027
figS01_mean_delay_common,50,RGA-MR,51,3,204.117934392506
figS01_mean_delay_common,50,RGA-MR,52,3,230.60635897044546
figS01_mean_delay_common,60,RGA-MR,46,3,194.84440874520996
figS01_mean_delay_common,60,RGA-MR,48,3,218.52933589351815
figS01_mean_delay_common,60,RGA-MR,49,3,206.6747058825859
figS01_mean_delay_common,60,RGA-MR,50,2,213.8019201257569
figS01_mean_delay_common,60,RGA-MR,52,3,214.5634744507608
figS01_mean_delay_common,70,RGA-MR,46,3,214.59378013197667
figS01_mean_delay_common,70,RGA-MR,48,3,216.67863173854823
figS01_mean_delay_common,70,RGA-MR,50,1,215.9865731554246
figS01_mean_delay_common,80,RGA-MR,49,2,214.03509982604191
figS01_mean_delay_common,30,B-ALNS,45,3,190.01109946293525
figS01_mean_delay_common,30,B-ALNS,46,2,178.09282760380512
figS01_mean_delay_common,30,B-ALNS,47,3,208.58445905269772
figS01_mean_delay_common,30,B-ALNS,48,3,192.52258773507202
figS01_mean_delay_common,30,B-ALNS,49,3,203.16536032212974
figS01_mean_delay_common,30,B-ALNS,50,3,213.41151878753027
figS01_mean_delay_common,30,B-ALNS,51,3,230.28611950942096
figS01_mean_delay_common,30,B-ALNS,52,3,206.1930204947684
figS01_mean_delay_common,40,B-ALNS,45,3,193.2351759588976
figS01_mean_delay_common,40,B-ALNS,46,3,197.45954944910997
figS01_mean_delay_common,40,B-ALNS,47,3,228.10011419937717
figS01_mean_delay_common,40,B-ALNS,48,3,196.20173702786352
figS01_mean_delay_common,40,B-ALNS,49,3,189.0688528010936
figS01_mean_delay_common,40,B-ALNS,50,3,196.593352267469
figS01_mean_delay_common,40,B-ALNS,51,3,224.59444567758192
figS01_mean_delay_common,40,B-ALNS,52,3,196.12421573753238
figS01_mean_delay_common,50,B-ALNS,45,3,215.4431580581759
figS01_mean_delay_common,50,B-ALNS,46,3,192.82178896597426
figS01_mean_delay_common,50,B-ALNS,48,3,214.96814500270517
figS01_mean_delay_common,50,B-ALNS,49,3,208.23015540476428
figS01_mean_delay_common,50,B-ALNS,50,3,200.95645972421391
figS01_mean_delay_common,50,B-ALNS,51,3,222.86304950996723
figS01_mean_delay_common,50,B-ALNS,52,3,220.9196284933044
figS01_mean_delay_common,60,B-ALNS,46,3,194.5865027381525
figS01_mean_delay_common,60,B-ALNS,48,3,212.42938200114148
figS01_mean_delay_common,60,B-ALNS,49,3,210.89156028375794
figS01_mean_delay_common,60,B-ALNS,50,2,224.60092833879116
figS01_mean_delay_common,60,B-ALNS,52,3,229.13465673261229
figS01_mean_delay_common,70,B-ALNS,46,3,201.18538758727513
figS01_mean_delay_common,70,B-ALNS,48,3,214.34606575605346
figS01_mean_delay_common,70,B-ALNS,50,1,209.30311375637424
figS01_mean_delay_common,80,B-ALNS,49,2,218.03668725425442
figS01_mean_delay_common,30,ESI-ALNS,45,3,190.01109946293525
figS01_mean_delay_common,30,ESI-ALNS,46,2,184.13927578368518
figS01_mean_delay_common,30,ESI-ALNS,47,3,208.58445905269772
figS01_mean_delay_common,30,ESI-ALNS,48,3,192.5738009893426
figS01_mean_delay_common,30,ESI-ALNS,49,3,208.70048269310453
figS01_mean_delay_common,30,ESI-ALNS,50,3,213.134934796984
figS01_mean_delay_common,30,ESI-ALNS,51,3,230.28611950942096
figS01_mean_delay_common,30,ESI-ALNS,52,3,205.8830479478684
figS01_mean_delay_common,40,ESI-ALNS,45,3,193.2351759588976
figS01_mean_delay_common,40,ESI-ALNS,46,3,197.45954944910997
figS01_mean_delay_common,40,ESI-ALNS,47,3,226.48931922466275
figS01_mean_delay_common,40,ESI-ALNS,48,3,201.61193144247375
figS01_mean_delay_common,40,ESI-ALNS,49,3,189.0688528010936
figS01_mean_delay_common,40,ESI-ALNS,50,3,195.20819134956926
figS01_mean_delay_common,40,ESI-ALNS,51,3,224.59444567758192
figS01_mean_delay_common,40,ESI-ALNS,52,3,193.671352573816
figS01_mean_delay_common,50,ESI-ALNS,45,3,216.1240693353025
figS01_mean_delay_common,50,ESI-ALNS,46,3,192.82178896597426
figS01_mean_delay_common,50,ESI-ALNS,48,3,212.89808666404937
figS01_mean_delay_common,50,ESI-ALNS,49,3,208.3761505768953
figS01_mean_delay_common,50,ESI-ALNS,50,3,201.57902254065402
figS01_mean_delay_common,50,ESI-ALNS,51,3,222.51988258444948
figS01_mean_delay_common,50,ESI-ALNS,52,3,219.61566867173022
figS01_mean_delay_common,60,ESI-ALNS,46,3,194.42409011700065
figS01_mean_delay_common,60,ESI-ALNS,48,3,212.216201986386
figS01_mean_delay_common,60,ESI-ALNS,49,3,208.57507329290178
figS01_mean_delay_common,60,ESI-ALNS,50,2,224.57881942270072
figS01_mean_delay_common,60,ESI-ALNS,52,3,227.3479610550637
figS01_mean_delay_common,70,ESI-ALNS,46,3,200.55936285072457
figS01_mean_delay_common,70,ESI-ALNS,48,3,213.33481006505576
figS01_mean_delay_common,70,ESI-ALNS,50,1,208.7872185832819
figS01_mean_delay_common,80,ESI-ALNS,49,2,217.77725021342513
figS02_offload_common,30,GR-MR,45,3,0.0
figS02_offload_common,30,GR-MR,46,2,0.0
figS02_offload_common,30,GR-MR,47,3,0.0
figS02_offload_common,30,GR-MR,48,3,0.0
figS02_offload_common,30,GR-MR,49,3,0.0
figS02_offload_common,30,GR-MR,50,3,0.0
figS02_offload_common,30,GR-MR,51,3,0.0
figS02_offload_common,30,GR-MR,52,3,0.0
figS02_offload_common,40,GR-MR,45,3,0.0
figS02_offload_common,40,GR-MR,46,3,0.0
figS02_offload_common,40,GR-MR,47,3,0.0
figS02_offload_common,40,GR-MR,48,3,0.0
figS02_offload_common,40,GR-MR,49,3,0.0
figS02_offload_common,40,GR-MR,50,3,2.5
figS02_offload_common,40,GR-MR,51,3,0.0
figS02_offload_common,40,GR-MR,52,3,0.0
figS02_offload_common,50,GR-MR,45,3,2.0
figS02_offload_common,50,GR-MR,46,3,4.0
figS02_offload_common,50,GR-MR,48,3,4.0
figS02_offload_common,50,GR-MR,49,3,0.0
figS02_offload_common,50,GR-MR,50,3,4.0
figS02_offload_common,50,GR-MR,51,3,2.0
figS02_offload_common,50,GR-MR,52,3,6.0
figS02_offload_common,60,GR-MR,46,3,1.6666666666666667
figS02_offload_common,60,GR-MR,48,3,3.3333333333333335
figS02_offload_common,60,GR-MR,49,3,5.0
figS02_offload_common,60,GR-MR,50,2,10.0
figS02_offload_common,60,GR-MR,52,3,8.333333333333332
figS02_offload_common,70,GR-MR,46,3,7.142857142857142
figS02_offload_common,70,GR-MR,48,3,8.571428571428571
figS02_offload_common,70,GR-MR,50,1,10.0
figS02_offload_common,80,GR-MR,49,2,8.75
figS02_offload_common,30,FTR-NM,45,3,0.0
figS02_offload_common,30,FTR-NM,46,2,0.0
figS02_offload_common,30,FTR-NM,47,3,0.0
figS02_offload_common,30,FTR-NM,48,3,0.0
figS02_offload_common,30,FTR-NM,49,3,0.0
figS02_offload_common,30,FTR-NM,50,3,0.0
figS02_offload_common,30,FTR-NM,51,3,0.0
figS02_offload_common,30,FTR-NM,52,3,0.0
figS02_offload_common,40,FTR-NM,45,3,0.0
figS02_offload_common,40,FTR-NM,46,3,0.0
figS02_offload_common,40,FTR-NM,47,3,0.0
figS02_offload_common,40,FTR-NM,48,3,0.0
figS02_offload_common,40,FTR-NM,49,3,0.0
figS02_offload_common,40,FTR-NM,50,3,2.5
figS02_offload_common,40,FTR-NM,51,3,0.0
figS02_offload_common,40,FTR-NM,52,3,0.0
figS02_offload_common,50,FTR-NM,45,3,2.0
figS02_offload_common,50,FTR-NM,46,3,6.0
figS02_offload_common,50,FTR-NM,48,3,4.0
figS02_offload_common,50,FTR-NM,49,3,0.0
figS02_offload_common,50,FTR-NM,50,3,4.0
figS02_offload_common,50,FTR-NM,51,3,2.0
figS02_offload_common,50,FTR-NM,52,3,6.0
figS02_offload_common,60,FTR-NM,46,3,1.6666666666666667
figS02_offload_common,60,FTR-NM,48,3,3.3333333333333335
figS02_offload_common,60,FTR-NM,49,3,5.0
figS02_offload_common,60,FTR-NM,50,2,10.0
figS02_offload_common,60,FTR-NM,52,3,8.333333333333332
figS02_offload_common,70,FTR-NM,46,3,7.142857142857142
figS02_offload_common,70,FTR-NM,48,3,8.571428571428571
figS02_offload_common,70,FTR-NM,50,1,10.0
figS02_offload_common,80,FTR-NM,49,2,8.75
figS02_offload_common,30,RGA-MR,45,3,0.0
figS02_offload_common,30,RGA-MR,46,2,0.0
figS02_offload_common,30,RGA-MR,47,3,0.0
figS02_offload_common,30,RGA-MR,48,3,0.0
figS02_offload_common,30,RGA-MR,49,3,0.0
figS02_offload_common,30,RGA-MR,50,3,0.0
figS02_offload_common,30,RGA-MR,51,3,0.0
figS02_offload_common,30,RGA-MR,52,3,0.0
figS02_offload_common,40,RGA-MR,45,3,0.0
figS02_offload_common,40,RGA-MR,46,3,0.0
figS02_offload_common,40,RGA-MR,47,3,0.0
figS02_offload_common,40,RGA-MR,48,3,0.0
figS02_offload_common,40,RGA-MR,49,3,0.0
figS02_offload_common,40,RGA-MR,50,3,2.5
figS02_offload_common,40,RGA-MR,51,3,0.0
figS02_offload_common,40,RGA-MR,52,3,0.0
figS02_offload_common,50,RGA-MR,45,3,2.0
figS02_offload_common,50,RGA-MR,46,3,4.0
figS02_offload_common,50,RGA-MR,48,3,4.0
figS02_offload_common,50,RGA-MR,49,3,0.6666666666666667
figS02_offload_common,50,RGA-MR,50,3,4.0
figS02_offload_common,50,RGA-MR,51,3,2.0
figS02_offload_common,50,RGA-MR,52,3,6.0
figS02_offload_common,60,RGA-MR,46,3,1.6666666666666667
figS02_offload_common,60,RGA-MR,48,3,3.3333333333333335
figS02_offload_common,60,RGA-MR,49,3,5.0
figS02_offload_common,60,RGA-MR,50,2,10.0
figS02_offload_common,60,RGA-MR,52,3,8.333333333333332
figS02_offload_common,70,RGA-MR,46,3,7.142857142857142
figS02_offload_common,70,RGA-MR,48,3,8.571428571428571
figS02_offload_common,70,RGA-MR,50,1,10.0
figS02_offload_common,80,RGA-MR,49,2,8.75
figS02_offload_common,30,B-ALNS,45,3,6.666666666666667
figS02_offload_common,30,B-ALNS,46,2,0.0
figS02_offload_common,30,B-ALNS,47,3,8.88888888888889
figS02_offload_common,30,B-ALNS,48,3,0.0
figS02_offload_common,30,B-ALNS,49,3,3.3333333333333335
figS02_offload_common,30,B-ALNS,50,3,16.666666666666664
figS02_offload_common,30,B-ALNS,51,3,5.555555555555556
figS02_offload_common,30,B-ALNS,52,3,8.88888888888889
figS02_offload_common,40,B-ALNS,45,3,10.833333333333334
figS02_offload_common,40,B-ALNS,46,3,4.166666666666666
figS02_offload_common,40,B-ALNS,47,3,12.5
figS02_offload_common,40,B-ALNS,48,3,5.0
figS02_offload_common,40,B-ALNS,49,3,5.0
figS02_offload_common,40,B-ALNS,50,3,7.5
figS02_offload_common,40,B-ALNS,51,3,7.5
figS02_offload_common,40,B-ALNS,52,3,2.5
figS02_offload_common,50,B-ALNS,45,3,9.333333333333334
figS02_offload_common,50,B-ALNS,46,3,8.666666666666668
figS02_offload_common,50,B-ALNS,48,3,6.666666666666667
figS02_offload_common,50,B-ALNS,49,3,9.333333333333334
figS02_offload_common,50,B-ALNS,50,3,6.666666666666667
figS02_offload_common,50,B-ALNS,51,3,10.666666666666668
figS02_offload_common,50,B-ALNS,52,3,10.0
figS02_offload_common,60,B-ALNS,46,3,7.777777777777778
figS02_offload_common,60,B-ALNS,48,3,10.555555555555555
figS02_offload_common,60,B-ALNS,49,3,9.444444444444445
figS02_offload_common,60,B-ALNS,50,2,19.166666666666664
figS02_offload_common,60,B-ALNS,52,3,12.777777777777777
figS02_offload_common,70,B-ALNS,46,3,6.666666666666667
figS02_offload_common,70,B-ALNS,48,3,9.523809523809524
figS02_offload_common,70,B-ALNS,50,1,11.428571428571429
figS02_offload_common,80,B-ALNS,49,2,16.249999999999996
figS02_offload_common,30,ESI-ALNS,45,3,6.666666666666667
figS02_offload_common,30,ESI-ALNS,46,2,1.6666666666666667
figS02_offload_common,30,ESI-ALNS,47,3,8.88888888888889
figS02_offload_common,30,ESI-ALNS,48,3,1.1111111111111112
figS02_offload_common,30,ESI-ALNS,49,3,4.444444444444445
figS02_offload_common,30,ESI-ALNS,50,3,15.555555555555555
figS02_offload_common,30,ESI-ALNS,51,3,5.555555555555556
figS02_offload_common,30,ESI-ALNS,52,3,7.777777777777778
figS02_offload_common,40,ESI-ALNS,45,3,10.833333333333334
figS02_offload_common,40,ESI-ALNS,46,3,4.166666666666666
figS02_offload_common,40,ESI-ALNS,47,3,11.666666666666666
figS02_offload_common,40,ESI-ALNS,48,3,6.666666666666667
figS02_offload_common,40,ESI-ALNS,49,3,5.0
figS02_offload_common,40,ESI-ALNS,50,3,7.5
figS02_offload_common,40,ESI-ALNS,51,3,7.5
figS02_offload_common,40,ESI-ALNS,52,3,2.5
figS02_offload_common,50,ESI-ALNS,45,3,10.0
figS02_offload_common,50,ESI-ALNS,46,3,8.666666666666668
figS02_offload_common,50,ESI-ALNS,48,3,5.333333333333334
figS02_offload_common,50,ESI-ALNS,49,3,9.333333333333334
figS02_offload_common,50,ESI-ALNS,50,3,7.333333333333333
figS02_offload_common,50,ESI-ALNS,51,3,9.333333333333334
figS02_offload_common,50,ESI-ALNS,52,3,10.0
figS02_offload_common,60,ESI-ALNS,46,3,7.222222222222223
figS02_offload_common,60,ESI-ALNS,48,3,10.0
figS02_offload_common,60,ESI-ALNS,49,3,8.333333333333332
figS02_offload_common,60,ESI-ALNS,50,2,19.166666666666664
figS02_offload_common,60,ESI-ALNS,52,3,12.222222222222221
figS02_offload_common,70,ESI-ALNS,46,3,6.666666666666667
figS02_offload_common,70,ESI-ALNS,48,3,10.476190476190474
figS02_offload_common,70,ESI-ALNS,50,1,11.428571428571429
figS02_offload_common,80,ESI-ALNS,49,2,16.249999999999996
figS03_energy_conditional,30,GR-MR,45,1,208.34173076591372
figS03_energy_conditional,30,GR-MR,46,1,182.92028711163522
figS03_energy_conditional,30,GR-MR,47,1,201.1593752890026
figS03_energy_conditional,30,GR-MR,48,1,182.98982858582426
figS03_energy_conditional,30,GR-MR,49,1,181.73440423742852
figS03_energy_conditional,30,GR-MR,50,1,183.91639405024247
figS03_energy_conditional,30,GR-MR,51,1,206.06950210363684
figS03_energy_conditional,30,GR-MR,52,1,213.19902158012266
figS03_energy_conditional,40,GR-MR,45,1,232.5626169056647
figS03_energy_conditional,40,GR-MR,46,1,198.83320313989645
figS03_energy_conditional,40,GR-MR,47,1,212.01349714033665
figS03_energy_conditional,40,GR-MR,48,1,195.2759980818472
figS03_energy_conditional,40,GR-MR,49,1,201.3560565381422
figS03_energy_conditional,40,GR-MR,50,1,204.5956278390381
figS03_energy_conditional,40,GR-MR,51,1,216.40862376592693
figS03_energy_conditional,40,GR-MR,52,1,222.9659782072778
figS03_energy_conditional,50,GR-MR,45,1,233.5066912214783
figS03_energy_conditional,50,GR-MR,46,1,227.76855793589039
figS03_energy_conditional,50,GR-MR,48,1,221.79031420286339
figS03_energy_conditional,50,GR-MR,49,1,218.62956104221922
figS03_energy_conditional,50,GR-MR,50,1,218.0816247514627
figS03_energy_conditional,50,GR-MR,51,1,233.70657239951393
figS03_energy_conditional,50,GR-MR,52,1,231.66162849978994
figS03_energy_conditional,60,GR-MR,45,1,242.16779189886898
figS03_energy_conditional,60,GR-MR,46,1,226.8170363384955
figS03_energy_conditional,60,GR-MR,48,1,216.699661243419
figS03_energy_conditional,60,GR-MR,49,1,235.25284454502165
figS03_energy_conditional,60,GR-MR,50,1,224.32232715164108
figS03_energy_conditional,60,GR-MR,52,1,235.845366964745
figS03_energy_conditional,70,GR-MR,46,1,243.8240777917188
figS03_energy_conditional,70,GR-MR,48,1,249.4529461785463
figS03_energy_conditional,70,GR-MR,50,1,247.33798962449265
figS03_energy_conditional,80,GR-MR,49,1,262.76234853923796
figS03_energy_conditional,30,FTR-NM,45,1,208.34173076591372
figS03_energy_conditional,30,FTR-NM,46,1,182.92028711163522
figS03_energy_conditional,30,FTR-NM,47,1,201.1593752890026
figS03_energy_conditional,30,FTR-NM,48,1,182.98982858582426
figS03_energy_conditional,30,FTR-NM,49,1,181.73440423742852
figS03_energy_conditional,30,FTR-NM,50,1,183.91639405024247
figS03_energy_conditional,30,FTR-NM,51,1,206.06950210363684
figS03_energy_conditional,30,FTR-NM,52,1,213.19902158012266
figS03_energy_conditional,40,FTR-NM,45,1,232.5626169056647
figS03_energy_conditional,40,FTR-NM,46,1,198.83320313989645
figS03_energy_conditional,40,FTR-NM,47,1,212.01349714033665
figS03_energy_conditional,40,FTR-NM,48,1,195.2759980818472
figS03_energy_conditional,40,FTR-NM,49,1,201.3560565381422
figS03_energy_conditional,40,FTR-NM,50,1,204.70318510098937
figS03_energy_conditional,40,FTR-NM,51,1,216.40862376592693
figS03_energy_conditional,40,FTR-NM,52,1,222.9659782072778
figS03_energy_conditional,50,FTR-NM,45,1,234.27696243383707
figS03_energy_conditional,50,FTR-NM,46,1,224.69537926161505
figS03_energy_conditional,50,FTR-NM,47,1,229.8669628648536
figS03_energy_conditional,50,FTR-NM,48,1,222.33188421785505
figS03_energy_conditional,50,FTR-NM,49,1,218.62956104221922
figS03_energy_conditional,50,FTR-NM,50,1,218.60816729036557
figS03_energy_conditional,50,FTR-NM,51,1,241.88844271059128
figS03_energy_conditional,50,FTR-NM,52,1,232.30444174327513
figS03_energy_conditional,60,FTR-NM,46,1,226.88141771547473
figS03_energy_conditional,60,FTR-NM,48,1,221.91208107116503
figS03_energy_conditional,60,FTR-NM,49,1,236.68648733800688
figS03_energy_conditional,60,FTR-NM,50,1,231.56846224553544
figS03_energy_conditional,60,FTR-NM,52,1,238.67987942614627
figS03_energy_conditional,70,FTR-NM,46,1,250.00903386443613
figS03_energy_conditional,70,FTR-NM,48,1,260.83307556708843
figS03_energy_conditional,70,FTR-NM,50,1,250.74396532540834
figS03_energy_conditional,80,FTR-NM,49,1,258.42980898600814
figS03_energy_conditional,30,RGA-MR,45,3,202.36648818735304
figS03_energy_conditional,30,RGA-MR,46,3,182.09840078080913
figS03_energy_conditional,30,RGA-MR,47,3,199.94200597317243
figS03_energy_conditional,30,RGA-MR,48,3,181.47106144921239
figS03_energy_conditional,30,RGA-MR,49,3,175.60519086687353
figS03_energy_conditional,30,RGA-MR,50,3,183.91639405024247
figS03_energy_conditional,30,RGA-MR,51,3,204.75572649900778
figS03_energy_conditional,30,RGA-MR,52,3,210.73524103807898
figS03_energy_conditional,40,RGA-MR,45,3,232.3882053855155
figS03_energy_conditional,40,RGA-MR,46,3,198.83320313989645
figS03_energy_conditional,40,RGA-MR,47,3,211.72575131414956
figS03_energy_conditional,40,RGA-MR,48,3,194.8133517523987
figS03_energy_conditional,40,RGA-MR,49,3,200.6881707194742
figS03_energy_conditional,40,RGA-MR,50,3,204.5956278390381
figS03_energy_conditional,40,RGA-MR,51,3,215.9833319341327
figS03_energy_conditional,40,RGA-MR,52,3,222.9659782072778
figS03_energy_conditional,50,RGA-MR,45,3,233.5066912214783
figS03_energy_conditional,50,RGA-MR,46,3,227.76855793589039
figS03_energy_conditional,50,RGA-MR,47,3,236.09777986302416
figS03_energy_conditional,50,RGA-MR,48,3,220.18390154498059
figS03_energy_conditional,50,RGA-MR,49,3,218.54105926613437
figS03_energy_conditional,50,RGA-MR,50,3,218.0816247514627
figS03_energy_conditional,50,RGA-MR,51,3,233.70657239951393
figS03_energy_conditional,50,RGA-MR,52,3,231.2514918478843
figS03_energy_conditional,60,RGA-MR,45,3,259.9343435411537
figS03_energy_conditional,60,RGA-MR,46,3,226.8170363384955
figS03_energy_conditional,60,RGA-MR,48,3,216.54614815924478
figS03_energy_conditional,60,RGA-MR,49,3,235.25284454502165
figS03_energy_conditional,60,RGA-MR,50,3,224.32232715164108
figS03_energy_conditional,60,RGA-MR,52,3,235.845366964745
figS03_energy_conditional,70,RGA-MR,46,3,243.8240777917188
figS03_energy_conditional,70,RGA-MR,48,3,248.09089807558357
figS03_energy_conditional,70,RGA-MR,50,3,247.33798962449265
figS03_energy_conditional,80,RGA-MR,49,3,262.76234853923796
figS03_energy_conditional,30,B-ALNS,45,3,122.5810159508812
figS03_energy_conditional,30,B-ALNS,46,2,125.83733369243238
figS03_energy_conditional,30,B-ALNS,47,3,121.16884912065554
figS03_energy_conditional,30,B-ALNS,48,3,99.35406150254474
figS03_energy_conditional,30,B-ALNS,49,3,123.915308507418
figS03_energy_conditional,30,B-ALNS,50,3,112.9004014963407
figS03_energy_conditional,30,B-ALNS,51,3,129.7016818913616
figS03_energy_conditional,30,B-ALNS,52,3,118.71235667975317
figS03_energy_conditional,40,B-ALNS,45,3,134.54605845928467
figS03_energy_conditional,40,B-ALNS,46,3,136.63211897234336
figS03_energy_conditional,40,B-ALNS,47,3,136.17190533042486
figS03_energy_conditional,40,B-ALNS,48,3,121.7693572697013
figS03_energy_conditional,40,B-ALNS,49,3,131.33972635003607
figS03_energy_conditional,40,B-ALNS,50,3,139.4047682704886
figS03_energy_conditional,40,B-ALNS,51,3,162.35381430041434
figS03_energy_conditional,40,B-ALNS,52,3,153.3481082915678
figS03_energy_conditional,50,B-ALNS,45,3,177.092134088501
figS03_energy_conditional,50,B-ALNS,46,3,154.99218879116452
figS03_energy_conditional,50,B-ALNS,47,3,178.88643450996955
figS03_energy_conditional,50,B-ALNS,48,3,149.1878569876343
figS03_energy_conditional,50,B-ALNS,49,3,154.13007612526613
figS03_energy_conditional,50,B-ALNS,50,3,170.84251612508038
figS03_energy_conditional,50,B-ALNS,51,3,174.27065623548998
figS03_energy_conditional,50,B-ALNS,52,3,168.33374074371548
figS03_energy_conditional,60,B-ALNS,45,3,179.6712198790175
figS03_energy_conditional,60,B-ALNS,46,3,184.6124946589514
figS03_energy_conditional,60,B-ALNS,47,3,194.16595957239772
figS03_energy_conditional,60,B-ALNS,48,3,168.17296240153908
figS03_energy_conditional,60,B-ALNS,49,3,175.74713588265965
figS03_energy_conditional,60,B-ALNS,50,2,171.79711084275647
figS03_energy_conditional,60,B-ALNS,51,3,176.4140084947928
figS03_energy_conditional,60,B-ALNS,52,3,177.62211086050021
figS03_energy_conditional,70,B-ALNS,45,3,200.4761377322347
figS03_energy_conditional,70,B-ALNS,46,3,210.88465733806413
figS03_energy_conditional,70,B-ALNS,47,3,203.69705875766257
figS03_energy_conditional,70,B-ALNS,48,3,203.3413436901221
figS03_energy_conditional,70,B-ALNS,49,3,209.10490765377565
figS03_energy_conditional,70,B-ALNS,50,1,205.3379829815384
figS03_energy_conditional,70,B-ALNS,51,3,230.57593652064335
figS03_energy_conditional,70,B-ALNS,52,3,201.16443680867056
figS03_energy_conditional,80,B-ALNS,45,3,246.84730680503435
figS03_energy_conditional,80,B-ALNS,46,3,218.0733466228486
figS03_energy_conditional,80,B-ALNS,47,3,225.1943151253052
figS03_energy_conditional,80,B-ALNS,48,3,225.79738751951754
figS03_energy_conditional,80,B-ALNS,49,2,210.17520268101194
figS03_energy_conditional,80,B-ALNS,50,3,220.24373025248607
figS03_energy_conditional,80,B-ALNS,51,3,230.1825091591036
figS03_energy_conditional,80,B-ALNS,52,1,226.761356393221
figS03_energy_conditional,30,ESI-ALNS,45,3,122.5810159508812
figS03_energy_conditional,30,ESI-ALNS,46,2,125.82236883179795
figS03_energy_conditional,30,ESI-ALNS,47,3,121.16884912065554
figS03_energy_conditional,30,ESI-ALNS,48,3,96.26947398298236
figS03_energy_conditional,30,ESI-ALNS,49,3,123.8512163375573
figS03_energy_conditional,30,ESI-ALNS,50,3,112.77587620665372
figS03_energy_conditional,30,ESI-ALNS,51,3,129.7016818913616
figS03_energy_conditional,30,ESI-ALNS,52,3,118.66707439389519
figS03_energy_conditional,40,ESI-ALNS,45,3,134.54605845928467
figS03_energy_conditional,40,ESI-ALNS,46,3,136.63211897234336
figS03_energy_conditional,40,ESI-ALNS,47,3,135.90208243155496
figS03_energy_conditional,40,ESI-ALNS,48,3,121.70633623945075
figS03_energy_conditional,40,ESI-ALNS,49,3,131.33972635003607
figS03_energy_conditional,40,ESI-ALNS,50,3,139.2843312699746
figS03_energy_conditional,40,ESI-ALNS,51,3,162.35381430041434
figS03_energy_conditional,40,ESI-ALNS,52,3,151.47522747919882
figS03_energy_conditional,50,ESI-ALNS,45,3,172.94850385662184
figS03_energy_conditional,50,ESI-ALNS,46,3,154.99218879116452
figS03_energy_conditional,50,ESI-ALNS,47,2,175.32987045154846
figS03_energy_conditional,50,ESI-ALNS,48,3,148.32225387013185
figS03_energy_conditional,50,ESI-ALNS,49,3,153.709260657794
figS03_energy_conditional,50,ESI-ALNS,50,3,167.53263397934626
figS03_energy_conditional,50,ESI-ALNS,51,3,173.3413751975879
figS03_energy_conditional,50,ESI-ALNS,52,3,161.56718258513214
figS03_energy_conditional,60,ESI-ALNS,45,3,174.9360966285084
figS03_energy_conditional,60,ESI-ALNS,46,3,184.5037160521403
figS03_energy_conditional,60,ESI-ALNS,47,3,189.02787402107586
figS03_energy_conditional,60,ESI-ALNS,48,3,168.14407075649302
figS03_energy_conditional,60,ESI-ALNS,49,3,175.4352011403237
figS03_energy_conditional,60,ESI-ALNS,50,2,171.6749650429262
figS03_energy_conditional,60,ESI-ALNS,51,3,176.36401924204537
figS03_energy_conditional,60,ESI-ALNS,52,3,177.08215407104865
figS03_energy_conditional,70,ESI-ALNS,45,3,200.30088557592887
figS03_energy_conditional,70,ESI-ALNS,46,3,207.19927169095905
figS03_energy_conditional,70,ESI-ALNS,47,3,199.89418848781455
figS03_energy_conditional,70,ESI-ALNS,48,3,201.53196469616944
figS03_energy_conditional,70,ESI-ALNS,49,3,204.70164317689157
figS03_energy_conditional,70,ESI-ALNS,50,1,200.57766487377984
figS03_energy_conditional,70,ESI-ALNS,51,3,228.0957117023694
figS03_energy_conditional,70,ESI-ALNS,52,3,201.09883970913745
figS03_energy_conditional,80,ESI-ALNS,45,3,241.6202043848859
figS03_energy_conditional,80,ESI-ALNS,46,3,216.09130806400034
figS03_energy_conditional,80,ESI-ALNS,47,3,222.59307438145322
figS03_energy_conditional,80,ESI-ALNS,48,3,225.60255562065458
figS03_energy_conditional,80,ESI-ALNS,49,2,209.9239837846604
figS03_energy_conditional,80,ESI-ALNS,50,3,220.0950512438267
figS03_energy_conditional,80,ESI-ALNS,51,3,229.43250449829262
figS03_energy_conditional,80,ESI-ALNS,52,1,226.60253584775305
figS04_route_common,30,GR-MR,45,3,11.22675084410034
figS04_route_common,30,GR-MR,46,2,9.8175919948707
figS04_route_common,30,GR-MR,47,3,10.829845265818422
figS04_route_common,30,GR-MR,48,3,9.829696473778144
figS04_route_common,30,GR-MR,49,3,9.751747193035072
figS04_route_common,30,GR-MR,50,3,9.875107305353735
figS04_route_common,30,GR-MR,51,3,11.099564064471906
figS04_route_common,30,GR-MR,52,3,11.501544117658424
figS04_route_common,40,GR-MR,45,3,12.456863371723548
figS04_route_common,40,GR-MR,46,3,10.587618878951151
figS04_route_common,40,GR-MR,47,3,11.308707471954827
figS04_route_common,40,GR-MR,48,3,10.387697783641226
figS04_route_common,40,GR-MR,49,3,10.72304025002336
figS04_route_common,40,GR-MR,50,3,10.89682855753543
figS04_route_common,40,GR-MR,51,3,11.557282355668228
figS04_route_common,40,GR-MR,52,3,11.927071393391357
figS04_route_common,50,GR-MR,45,3,12.37936650709252
figS04_route_common,50,GR-MR,46,3,12.053210776091182
figS04_route_common,50,GR-MR,48,3,11.723213931026015
figS04_route_common,50,GR-MR,49,3,11.559706742434907
figS04_route_common,50,GR-MR,50,3,11.516466352129319
figS04_route_common,50,GR-MR,51,3,12.387373755661388
figS04_route_common,50,GR-MR,52,3,12.267925111277686
figS04_route_common,60,GR-MR,46,3,11.882554818163012
figS04_route_common,60,GR-MR,48,3,11.334301365744755
figS04_route_common,60,GR-MR,49,3,12.34230588336351
figS04_route_common,60,GR-MR,50,2,11.721368647758679
figS04_route_common,60,GR-MR,52,3,12.326320893438968
figS04_route_common,70,GR-MR,46,3,12.65208998759729
figS04_route_common,70,GR-MR,48,3,12.97253475724919
figS04_route_common,70,GR-MR,50,1,12.819403029875422
figS04_route_common,80,GR-MR,49,2,13.538917180083896
figS04_route_common,30,FTR-NM,45,3,11.22675084410034
figS04_route_common,30,FTR-NM,46,2,9.8175919948707
figS04_route_common,30,FTR-NM,47,3,10.829845265818422
figS04_route_common,30,FTR-NM,48,3,9.829696473778144
figS04_route_common,30,FTR-NM,49,3,9.751747193035072
figS04_route_common,30,FTR-NM,50,3,9.875107305353735
figS04_route_common,30,FTR-NM,51,3,11.099564064471906
figS04_route_common,30,FTR-NM,52,3,11.501544117658424
figS04_route_common,40,FTR-NM,45,3,12.456863371723548
figS04_route_common,40,FTR-NM,46,3,10.587618878951151
figS04_route_common,40,FTR-NM,47,3,11.308707471954827
figS04_route_common,40,FTR-NM,48,3,10.387697783641226
figS04_route_common,40,FTR-NM,49,3,10.72304025002336
figS04_route_common,40,FTR-NM,50,3,10.899604363943407
figS04_route_common,40,FTR-NM,51,3,11.557282355668228
figS04_route_common,40,FTR-NM,52,3,11.927071393391357
figS04_route_common,50,FTR-NM,45,3,12.417700211244362
figS04_route_common,50,FTR-NM,46,3,11.882138661763486
figS04_route_common,50,FTR-NM,48,3,11.75363797974468
figS04_route_common,50,FTR-NM,49,3,11.559706742434907
figS04_route_common,50,FTR-NM,50,3,11.52703979121866
figS04_route_common,50,FTR-NM,51,3,12.840254881618408
figS04_route_common,50,FTR-NM,52,3,12.283291814765951
figS04_route_common,60,FTR-NM,46,3,11.889140370315321
figS04_route_common,60,FTR-NM,48,3,11.616327316384941
figS04_route_common,60,FTR-NM,49,3,12.410770861297593
figS04_route_common,60,FTR-NM,50,2,12.100020630482573
figS04_route_common,60,FTR-NM,52,3,12.454386853810608
figS04_route_common,70,FTR-NM,46,3,12.94602599529677
figS04_route_common,70,FTR-NM,48,3,13.557312379786115
figS04_route_common,70,FTR-NM,50,1,12.978101086779123
figS04_route_common,80,FTR-NM,49,2,13.28465969988547
figS04_route_common,30,RGA-MR,45,3,10.894345530611554
figS04_route_common,30,RGA-MR,46,2,9.8175919948707
figS04_route_common,30,RGA-MR,47,3,10.762403403989541
figS04_route_common,30,RGA-MR,48,3,9.745319964995009
figS04_route_common,30,RGA-MR,49,3,9.412230801810189
figS04_route_common,30,RGA-MR,50,3,9.875107305353735
figS04_route_common,30,RGA-MR,51,3,11.026598858236007
figS04_route_common,30,RGA-MR,52,3,11.364571864349116
figS04_route_common,40,RGA-MR,45,3,12.447306067313473
figS04_route_common,40,RGA-MR,46,3,10.587618878951151
figS04_route_common,40,RGA-MR,47,3,11.292993707391437
figS04_route_common,40,RGA-MR,48,3,10.361856945535392
figS04_route_common,40,RGA-MR,49,3,10.6853688937589
figS04_route_common,40,RGA-MR,50,3,10.89682855753543
figS04_route_common,40,RGA-MR,51,3,11.533901858390719
figS04_route_common,40,RGA-MR,52,3,11.927071393391357
figS04_route_common,50,RGA-MR,45,3,12.37936650709252
figS04_route_common,50,RGA-MR,46,3,12.053210776091182
figS04_route_common,50,RGA-MR,48,3,11.635144480760923
figS04_route_common,50,RGA-MR,49,3,11.555344927109237
figS04_route_common,50,RGA-MR,50,3,11.516466352129319
figS04_route_common,50,RGA-MR,51,3,12.387373755661388
figS04_route_common,50,RGA-MR,52,3,12.245169330597664
figS04_route_common,60,RGA-MR,46,3,11.882554818163012
figS04_route_common,60,RGA-MR,48,3,11.326165854847922
figS04_route_common,60,RGA-MR,49,3,12.34230588336351
figS04_route_common,60,RGA-MR,50,2,11.721368647758679
figS04_route_common,60,RGA-MR,52,3,12.326320893438968
figS04_route_common,70,RGA-MR,46,3,12.65208998759729
figS04_route_common,70,RGA-MR,48,3,12.896763012480276
figS04_route_common,70,RGA-MR,50,1,12.819403029875422
figS04_route_common,80,RGA-MR,49,2,13.538917180083896
figS04_route_common,30,B-ALNS,45,3,6.448267087678529
figS04_route_common,30,B-ALNS,46,2,6.639508589722556
figS04_route_common,30,B-ALNS,47,3,6.355867656764131
figS04_route_common,30,B-ALNS,48,3,5.1661423017525205
figS04_route_common,30,B-ALNS,49,3,6.52194143548055
figS04_route_common,30,B-ALNS,50,3,5.881628105983539
figS04_route_common,30,B-ALNS,51,3,6.8399014219059575
figS04_route_common,30,B-ALNS,52,3,6.215828149051723
figS04_route_common,40,B-ALNS,45,3,6.968383025779915
figS04_route_common,40,B-ALNS,46,3,7.106507878769429
figS04_route_common,40,B-ALNS,47,3,7.028406277326168
figS04_route_common,40,B-ALNS,48,3,6.285157273829883
figS04_route_common,40,B-ALNS,49,3,6.804686639501377
figS04_route_common,40,B-ALNS,50,3,7.245103200983027
figS04_route_common,40,B-ALNS,51,3,8.523128244070788
figS04_route_common,40,B-ALNS,52,3,8.040104461833495
figS04_route_common,50,B-ALNS,45,3,9.187105752515615
figS04_route_common,50,B-ALNS,46,3,7.975849081573826
figS04_route_common,50,B-ALNS,48,3,7.672988675776918
figS04_route_common,50,B-ALNS,49,3,7.919859548805961
figS04_route_common,50,B-ALNS,50,3,8.867625952830007
figS04_route_common,50,B-ALNS,51,3,9.037886160823813
figS04_route_common,50,B-ALNS,52,3,8.706998857004812
figS04_route_common,60,B-ALNS,46,3,9.492528353007444
figS04_route_common,60,B-ALNS,48,3,8.588523084559888
figS04_route_common,60,B-ALNS,49,3,8.988758659429614
figS04_route_common,60,B-ALNS,50,2,8.691652330770667
figS04_route_common,60,B-ALNS,52,3,9.084363206818153
figS04_route_common,70,B-ALNS,46,3,10.84338345733314
figS04_route_common,70,B-ALNS,48,3,10.394230546377422
figS04_route_common,70,B-ALNS,50,1,10.507334969008436
figS04_route_common,80,B-ALNS,49,2,10.579753884748685
figS04_route_common,30,ESI-ALNS,45,3,6.448267087678529
figS04_route_common,30,ESI-ALNS,46,2,6.639508589722556
figS04_route_common,30,ESI-ALNS,47,3,6.355867656764131
figS04_route_common,30,ESI-ALNS,48,3,4.99314381879005
figS04_route_common,30,ESI-ALNS,49,3,6.521005412232655
figS04_route_common,30,ESI-ALNS,50,3,5.876282319853714
figS04_route_common,30,ESI-ALNS,51,3,6.8399014219059575
figS04_route_common,30,ESI-ALNS,52,3,6.215828149051723
figS04_route_common,40,ESI-ALNS,45,3,6.968383025779915
figS04_route_common,40,ESI-ALNS,46,3,7.106507878769429
figS04_route_common,40,ESI-ALNS,47,3,7.028580662204896
figS04_route_common,40,ESI-ALNS,48,3,6.282075974949022
figS04_route_common,40,ESI-ALNS,49,3,6.804686639501377
figS04_route_common,40,ESI-ALNS,50,3,7.238399370658575
figS04_route_common,40,ESI-ALNS,51,3,8.523128244070788
figS04_route_common,40,ESI-ALNS,52,3,7.93554049879687
figS04_route_common,50,ESI-ALNS,45,3,8.977217608342846
figS04_route_common,50,ESI-ALNS,46,3,7.975849081573826
figS04_route_common,50,ESI-ALNS,48,3,7.633779675940628
figS04_route_common,50,ESI-ALNS,49,3,7.896386225348328
figS04_route_common,50,ESI-ALNS,50,3,8.682774042091935
figS04_route_common,50,ESI-ALNS,51,3,8.99140198682953
figS04_route_common,50,ESI-ALNS,52,3,8.330522876744872
figS04_route_common,60,ESI-ALNS,46,3,9.497676839676451
figS04_route_common,60,ESI-ALNS,48,3,8.590813277114668
figS04_route_common,60,ESI-ALNS,49,3,8.988265463137044
figS04_route_common,60,ESI-ALNS,50,2,8.687919837762625
figS04_route_common,60,ESI-ALNS,52,3,9.05910642825609
figS04_route_common,70,ESI-ALNS,46,3,10.63657910401533
figS04_route_common,70,ESI-ALNS,48,3,10.281236470898948
figS04_route_common,70,ESI-ALNS,50,1,10.242234829826419
figS04_route_common,80,ESI-ALNS,49,2,10.577485837139363
