tasks,scenario_seed,algorithm_seed,method,stage,timeline,available,solver_status,qualified,audit_passed,max_normalized_violation,worst_constraint,energy_j,normalized_mec_cpu,total_distance_m,contacts,offloaded_tasks,offload_ratio,mean_delay_s,p95_delay_s,min_deadline_slack_s,mean_carrying_wait_s,flight_j,collection_j,upload_hover_j,transmit_j,local_compute_j,carrying_wait_status
50,45,100,fixed_contacts,1,saved,True,optimal,True,True,0.0,nonnegative::tau_s::G_U2_1,186124.89578888466,0.7744845477090442,9744.652150940037,1,1,0.02,211.7134907108444,356.97123670863954,7.701430604356574e-09,7.162042613805312,175403.7387169207,10000.0,92.61532873472744,0.04630766436736372,628.4954355649107,available
50,45,100,fixed_contacts,1,reconstructed,True,optimal,True,True,0.0,nonnegative::tau_s::G_U2_1,186124.89578884252,0.7744845477090442,9744.652150940037,1,1,0.02,211.41451622143362,356.97123629973026,1.25271810702543e-07,7.162042613805312,175403.7387169207,10000.0,92.61532869259464,0.04630766434629732,628.4954355649107,available
50,45,100,fixed_contacts,2,saved,True,optimal,True,True,0.0,nonnegative::tau_s::G_U2_1,186126.4532006933,0.17987477756384593,9744.652150940037,1,1,0.02,211.5376357043484,356.9231223726536,1.5451178114744835e-09,7.162042613805312,175403.7387169207,10000.0,92.61535861376225,0.04630767930688113,630.052817479538,available
50,45,100,fixed_contacts,2,reconstructed,True,optimal,True,True,1.0092936587501422e-13,upload_epi::G_U2_1,186126.4531744997,0.17987477756384593,9744.652150940037,1,1,0.02,210.4668581675893,356.431815275474,1.3764486084255623e-07,7.162042613805312,175403.7387169207,10000.0,92.61533243326119,0.0463076662166306,630.052817479538,available
50,45,100,fixed_task_route,1,saved,True,optimal,True,True,0.0,nonnegative::tau_s::G_U2_1,233506.69122147828,0.7154722788711456,12379.36650709252,1,1,0.02,212.26633034230406,365.21998049800595,6.348557235469343e-09,54.41414843392391,222828.59712766536,10000.0,76.69751384432755,0.038348756922163774,601.3582312116833,available
50,45,100,fixed_task_route,1,reconstructed,True,optimal,True,True,0.0,nonnegative::tau_s::G_U2_1,233506.69122143596,0.7154722788711456,12379.36650709252,1,1,0.02,211.48144813605177,365.21997994149075,9.578832305123797e-08,54.41414843392391,222828.59712766536,10000.0,76.69751380204531,0.03834875690102266,601.3582312116833,available
50,45,100,fixed_task_route,2,saved,True,optimal,True,True,0.0,nonnegative::tau_s::G_U2_1,233508.62981852406,0.05216179498455823,12379.36650709252,1,1,0.02,212.61121283453542,365.067918169411,2.0348807083792053e-09,54.41414843392391,222828.59712766536,10000.0,76.69760069453686,0.03834880034726843,603.2967413638133,available
50,45,100,fixed_task_route,2,reconstructed,True,optimal,True,True,0.0,nonnegative::tau_s::G_U2_1,233508.6297370252,0.05216179498455823,12379.36650709252,1,1,0.02,212.2948580891452,364.4837430275215,4.149662231611728e-07,54.41414843392391,222828.59712766536,10000.0,76.69751923641985,0.03834875961820993,603.2967413638133,available
50,45,100,full,1,saved,True,optimal,True,True,0.0,nonnegative::tau_s::G_U2_2,175136.15684301034,1.6909856756210893,9110.163965410004,3,5,0.1,230.91496705928205,370.38503478013314,1.2655334558075992e-08,40.29125091114914,163982.95137738006,10000.0,669.8028426008236,0.3349014213004119,483.0677216081806,available
50,45,100,full,1,reconstructed,True,optimal,True,True,0.0,nonnegative::tau_s::G_U2_2,175136.15684292722,1.6909856756210893,9110.163965410004,3,5,0.1,227.7215847857668,370.385029912669,1.895755872283189e-07,40.291250911114886,163982.95137738006,10000.0,669.8028425177196,0.3349014212588598,483.0677216081806,available
50,45,100,full,2,saved,True,optimal,True,True,1.6929520411808465e-05,mec_task_complete::G_U2_2::1::S36,175137.61361871968,0.789250696398764,9110.163965410004,3,5,0.1,231.42019779757888,369.94359501180026,1.2846612662542611e-11,40.29125100845723,163982.95137738006,10000.0,669.847581706822,0.33492379085341106,484.47973584194904,available
50,45,100,full,2,reconstructed,True,optimal,True,True,0.0,nonnegative::tau_s::G_U2_2,175137.56885933896,0.789250696398764,9110.163965410004,3,5,0.1,229.16865271251112,369.54850514449953,4.769776182911301e-07,40.29125091120411,163982.95137738006,10000.0,669.802844694606,0.334901422347303,484.47973584194904,available
50,45,101,fixed_contacts,1,saved,True,optimal,True,True,3.128367221837503e-05,local_complete::S33,196129.74834769766,0.7951939280522826,10300.449228014777,1,2,0.04,221.47390352556877,376.1414880825367,7.22627646609908e-09,32.41764896068052,185408.086104266,10000.0,169.31284255318707,0.08465642127659354,552.2647444571929,available
50,45,101,fixed_contacts,1,reconstructed,True,optimal,True,True,0.0,nonnegative::tau_s::G_U2_1,196129.74834762976,0.7951939280522826,10300.449228014777,1,2,0.04,220.37006880350654,376.14148789103047,6.938648766663391e-08,32.41764896068052,185408.086104266,10000.0,169.31284248534442,0.08465642124267221,552.2647444571929,available
50,45,101,fixed_contacts,2,saved,True,optimal,True,True,0.0,nonnegative::tau_s::G_U2_1,196131.37973231374,0.2299904632461355,10300.449228014777,1,2,0.04,221.58251199797957,376.12169074792627,1.113846792577533e-09,32.41764896068052,185408.086104266,10000.0,169.3128905054883,0.08465644525274416,553.8960810970269,available
50,45,101,fixed_contacts,2,reconstructed,True,optimal,True,True,0.0,nonnegative::tau_s::G_U2_1,196131.37968493853,0.2299904632461355,10300.449228014777,1,2,0.04,220.49586633221847,375.2659794544548,2.4046772750807577e-07,32.41764896068052,185408.086104266,10000.0,169.31284315394092,0.08465642157697047,553.8960810970269,available
50,45,101,fixed_task_route,1,saved,True,optimal,True,True,0.0,nonnegative::tau_s::G_U2_1,233506.69122147828,0.7154722788711456,12379.36650709252,1,1,0.02,212.26633034230406,365.21998049800595,6.348557235469343e-09,54.41414843392391,222828.59712766536,10000.0,76.69751384432755,0.038348756922163774,601.3582312116833,available
50,45,101,fixed_task_route,1,reconstructed,True,optimal,True,True,0.0,nonnegative::tau_s::G_U2_1,233506.69122143596,0.7154722788711456,12379.36650709252,1,1,0.02,211.48144813605177,365.21997994149075,9.578832305123797e-08,54.41414843392391,222828.59712766536,10000.0,76.69751380204531,0.03834875690102266,601.3582312116833,available
50,45,101,fixed_task_route,2,saved,True,optimal,True,True,0.0,nonnegative::tau_s::G_U2_1,233508.62981852406,0.05216179498455823,12379.36650709252,1,1,0.02,212.61121283453542,365.067918169411,2.0348807083792053e-09,54.41414843392391,222828.59712766536,10000.0,76.69760069453686,0.03834880034726843,603.2967413638133,available
50,45,101,fixed_task_route,2,reconstructed,True,optimal,True,True,0.0,nonnegative::tau_s::G_U2_1,233508.6297370252,0.05216179498455823,12379.36650709252,1,1,0.02,212.2948580891452,364.4837430275215,4.149662231611728e-07,54.41414843392391,222828.59712766536,10000.0,76.69751923641985,0.03834875961820993,603.2967413638133,available
50,45,101,full,1,saved,True,optimal,True,True,2.0629735899355883e-05,upload_epi::G_U2_2,174093.48217045958,1.7602955282373047,9060.441061638898,4,4,0.08,234.01585439244283,370.38503633266134,6.318146006378811e-10,35.23556964280585,163087.93910950015,10000.0,456.39899039070866,0.22819949519535435,548.9158710735023,available
50,45,101,full,1,reconstructed,True,optimal,True,True,0.0,nonnegative::tau_s::G_U2_1,174093.48217044806,1.7602955282373047,9060.441061638898,4,4,0.08,232.0449341594507,370.3850361881419,1.2085251910320949e-08,35.235569645642435,163087.93910950015,10000.0,456.3989903791948,0.22819949518959742,548.9158710735023,available
50,45,101,full,2,saved,True,optimal,True,True,0.0,nonnegative::tau_s::G_U2_1,174094.93187233288,1.0698287513184812,9060.441061638898,4,4,0.08,234.30202505605132,370.2718071678836,3.75734998669941e-11,35.235569664374445,163087.93910950015,10000.0,456.41108098956204,0.228205540494781,550.353476302658,available
50,45,101,full,2,reconstructed,True,optimal,True,True,0.0,nonnegative::tau_s::G_U2_1,174094.9197803975,1.0698287513184812,9060.441061638898,4,4,0.08,232.94365227560277,369.5835751323015,8.370994919459918e-08,35.235569645696735,163087.93910950015,10000.0,456.3989950971236,0.22819949754856178,550.353476302658,available
50,45,102,fixed_contacts,1,saved,True,optimal,True,True,0.0,nonnegative::tau_s::G_U2_1,197686.4365140969,0.8783705429399072,10382.575045631744,1,2,0.04,211.6772176202884,366.3112879489434,6.110838057793444e-09,72.5701912351552,186886.35082137136,10000.0,183.21098527454524,0.09160549263727263,616.7831019583339,available
50,45,102,fixed_contacts,1,reconstructed,True,optimal,True,True,0.0,nonnegative::tau_s::G_U2_1,197686.436514082,0.8783705429399072,10382.575045631744,1,2,0.04,211.08300017606126,366.3112867884881,1.274597138944955e-07,72.5701912351552,186886.35082137136,10000.0,183.2109852596502,0.09160549262982509,616.7831019583339,available
50,45,102,fixed_contacts,2,saved,True,optimal,True,True,0.0,nonnegative::tau_s::G_U2_1,197688.07081325888,0.5048277217975152,10382.575045631744,1,2,0.04,211.57011852720743,365.75441528281294,1.5279510989785194e-10,72.5701912351552,186886.35082137136,10000.0,183.21101766389646,0.09160550883194823,618.4173687147661,available
50,45,102,fixed_contacts,2,reconstructed,True,optimal,True,True,0.0,nonnegative::tau_s::G_U2_1,197688.07078093223,0.5048277217975152,10382.575045631744,1,2,0.04,210.43817613504672,360.2113077808359,1.6209958175750216e-07,72.5701912351552,186886.35082137136,10000.0,183.2109853534041,0.09160549267670207,618.4173687147661,available
50,45,102,fixed_task_route,1,saved,True,optimal,True,True,0.0,nonnegative::tau_s::G_U2_1,233506.69122147828,0.7154722788711456,12379.36650709252,1,1,0.02,212.26633034230406,365.21998049800595,6.348557235469343e-09,54.41414843392391,222828.59712766536,10000.0,76.69751384432755,0.038348756922163774,601.3582312116833,available
50,45,102,fixed_task_route,1,reconstructed,True,optimal,True,True,0.0,nonnegative::tau_s::G_U2_1,233506.69122143596,0.7154722788711456,12379.36650709252,1,1,0.02,211.48144813605177,365.21997994149075,9.578832305123797e-08,54.41414843392391,222828.59712766536,10000.0,76.69751380204531,0.03834875690102266,601.3582312116833,available
50,45,102,fixed_task_route,2,saved,True,optimal,True,True,0.0,nonnegative::tau_s::G_U2_1,233508.62981852406,0.05216179498455823,12379.36650709252,1,1,0.02,212.61121283453542,365.067918169411,2.0348807083792053e-09,54.41414843392391,222828.59712766536,10000.0,76.69760069453686,0.03834880034726843,603.2967413638133,available
50,45,102,fixed_task_route,2,reconstructed,True,optimal,True,True,0.0,nonnegative::tau_s::G_U2_1,233508.6297370252,0.05216179498455823,12379.36650709252,1,1,0.02,212.2948580891452,364.4837430275215,4.149662231611728e-07,54.41414843392391,222828.59712766536,10000.0,76.69751923641985,0.03834875961820993,603.2967413638133,available
50,45,102,full,1,saved,True,optimal,True,True,1.0649707479518352e-05,upload_epi::G_U2_1,170344.6913352158,1.7296515185699846,8839.02380043887,3,5,0.1,232.5111805687641,376.503385514867,8.499284831486875e-09,42.35579448088241,159102.4284078997,10000.0,739.1784547251152,0.3695892273625576,502.71488336364234,available
50,45,102,full,1,reconstructed,True,optimal,True,True,0.0,nonnegative::tau_s::G_U1_1,170344.6913350621,1.7296515185699846,8839.02380043887,3,5,0.1,230.4749378893461,376.5033836045625,2.843626702997426e-07,42.355794480882416,159102.4284078997,10000.0,739.1784545714847,0.36958922728574234,502.71488336364234,available
50,45,102,full,2,saved,True,optimal,True,True,1.0440689121341247e-05,mec_task_complete::G_U1_1::1::S9,170346.1102330258,1.0477708814634321,8839.02380043887,3,5,0.1,232.61170506722948,375.8729395919009,3.8824055081931874e-11,42.35579448088241,159102.4284078997,10000.0,739.2220172320858,0.36961100861604296,504.09019688540604,available
50,45,102,full,2,reconstructed,True,optimal,True,True,2.8731284409377086e-06,deadline::S9,170346.0666562523,1.0477708814634321,8839.02380043887,3,5,0.1,230.8951725458244,371.01828571144506,-1.0071516953757964e-09,42.35579448088241,159102.4284078997,10000.0,739.1784622361047,0.3695892311180523,504.09019688540604,available
50,46,100,fixed_contacts,1,saved,True,optimal,True,True,8.093231135769036e-07,upload_epi::G_U2_1,214095.34887960058,1.6112162938637011,11293.351548977205,2,2,0.04,207.66086441882607,329.03824857341976,7.677670055272756e-09,9.057539064743551,203280.3278815897,10000.0,288.0885882773116,0.14404429413865583,526.7883654394075,available
50,46,100,fixed_contacts,1,reconstructed,True,optimal,True,True,0.0,nonnegative::tau_s::G_U1_1,214095.34887957096,1.6112162938637011,11293.351548977205,2,2,0.04,206.5776277622597,329.03824835058026,1.9902955727957305e-07,9.057539064743551,203280.3278815897,10000.0,288.0885882476998,0.14404429412384995,526.7883654394075,available
50,46,100,fixed_contacts,2,saved,True,optimal,False,False,115.49749442906432,mec_task_complete::G_U1_1::1::S12,214097.44316822075,0.6191700700243965,11293.351548977205,2,2,0.04,208.05447683058824,329.03827112758023,-0.00035356320009327646,9.057539064743551,203280.3278815897,10000.0,290.1580888276059,0.14507904441380298,526.8121187590359,available
50,46,100,fixed_contacts,2,reconstructed,True,optimal,False,False,246.43877297383042,deadline::S12,214095.37678464144,0.6191700700243965,11293.351548977205,2,2,0.04,208.05279301047827,329.03215580288725,-0.08568224007606773,9.057539064743551,203280.3278815897,10000.0,288.09273792371727,0.14404636896185866,526.8121187590359,available
50,46,100,fixed_task_route,1,saved,True,optimal,True,True,1.5412116027846423e-07,upload_epi::G_U2_1,227768.5579358904,1.7116044614452022,12053.210776091182,2,2,0.04,205.17443410048855,356.7136542651994,4.2865622162935324e-10,9.057539064743551,216957.7939696413,10000.0,288.0885882020832,0.14404429410104158,522.5313337528987,available
50,46,100,fixed_task_route,1,reconstructed,True,optimal,True,True,0.0,nonnegative::tau_s::G_U1_1,227768.5579359148,1.7116044614452022,12053.210776091182,2,2,0.04,204.23763266189036,356.71365417056927,6.285631570790429e-09,9.057539064743551,216957.7939696413,10000.0,288.08858822649427,0.14404429411324715,522.5313337528987,available
50,46,100,fixed_task_route,2,saved,True,optimal,True,True,0.0,nonnegative::tau_s::G_U1_1,227770.45853211067,1.0241429703835352,12053.210776091182,2,2,0.04,205.49958003470994,356.0093705467438,2.631850293255411e-11,9.057539064743551,216957.7939696413,10000.0,288.0886045154383,0.1440443022577192,524.4319136516725,available
50,46,100,fixed_task_route,2,reconstructed,True,optimal,True,True,0.0,nonnegative::tau_s::G_U1_1,227770.45851959987,1.0241429703835352,12053.210776091182,2,2,0.04,205.17132938721852,353.7403880454309,3.2335947253159247e-09,9.057539064743551,216957.7939696413,10000.0,288.0885920108811,0.14404429600544055,524.4319136516725,available
50,46,100,full,1,saved,True,optimal,True,True,0.0,nonnegative::tau_s::G_U2_1,176926.42869469663,0.9338415496852018,9212.784890093539,2,2,0.04,191.79636157832576,308.4558601423219,2.293802481290186e-09,41.394521254312906,165830.1280216837,10000.0,480.9813872618961,0.24049069363094805,615.0787950574111,available
50,46,100,full,1,reconstructed,True,optimal,True,True,0.0,nonnegative::tau_s::G_U2_1,176926.42869456668,0.9338415496852018,9212.784890093539,2,2,0.04,191.07701426011903,308.45586007038196,5.76133061258588e-08,41.394521254312906,165830.1280216837,10000.0,480.98138713201433,0.24049069356600716,615.0787950574111,available
50,46,100,full,2,saved,True,optimal_inaccurate,False,True,0.1821943417532814,mec_task_complete::G_U2_1::1::S46,176928.1973585777,0.5505941459520741,9212.784890093539,2,2,0.04,192.06318392973836,309.6497152322728,-4.1190787669620477e-08,41.394521254312906,165830.1280216837,10000.0,482.74881914925015,0.24137440957462508,615.0791433351777,available
50,46,100,full,2,reconstructed,True,optimal_inaccurate,False,True,0.0,nonnegative::tau_s::G_U2_1,176926.63667738938,0.5505941459520741,9212.784890093539,2,2,0.04,192.06294182906603,309.6485928514812,3.981660847784951e-05,41.394521254312906,165830.1280216837,10000.0,481.188917911561,0.24059445895578055,615.0791433351777,available
50,46,101,fixed_contacts,1,saved,True,optimal,True,True,2.3379924259229895e-07,upload_epi::G_U2_1,211064.05940642487,1.4362725061094124,11121.410294832544,2,2,0.04,196.74402507753072,329.0382462178812,8.271854312624782e-10,9.566805981280154,200185.38530698576,10000.0,288.08858824143044,0.14404429412071523,590.4414669035496,available
50,46,101,fixed_contacts,1,reconstructed,True,optimal,True,True,2.0185873175002844e-13,upload_epi::G_U2_1,211064.05940641166,1.4362725061094124,11121.410294832544,2,2,0.04,195.25960215732337,329.0382461880277,2.007422494898492e-08,9.566805981280154,200185.38530698576,10000.0,288.08858822823566,0.14404429411411784,590.4414669035496,available
50,46,101,fixed_contacts,2,saved,True,optimal,True,True,0.0,nonnegative::tau_s::G_U1_1,211065.8114850021,0.13807777532305282,11121.410294832544,2,2,0.04,197.31132393581507,329.0227389879032,2.6349198378738947e-09,9.566805981280154,200185.38530698576,10000.0,288.0888406081456,0.14404442030407283,592.1932929878873,available
50,46,101,fixed_contacts,2,reconstructed,True,optimal,True,True,0.0,nonnegative::tau_s::G_U1_1,211065.811248294,0.13807777532305282,11121.410294832544,2,2,0.04,197.01630979821496,328.7322687838189,2.8968798915229854e-07,9.566805981280154,200185.38530698576,10000.0,288.0886040183195,0.14404430200915974,592.1932929878873,available
50,46,101,fixed_task_route,1,saved,True,optimal,True,True,1.5412116027846423e-07,upload_epi::G_U2_1,227768.5579358904,1.7116044614452022,12053.210776091182,2,2,0.04,205.17443410048855,356.7136542651994,4.2865622162935324e-10,9.057539064743551,216957.7939696413,10000.0,288.0885882020832,0.14404429410104158,522.5313337528987,available
50,46,101,fixed_task_route,1,reconstructed,True,optimal,True,True,0.0,nonnegative::tau_s::G_U1_1,227768.5579359148,1.7116044614452022,12053.210776091182,2,2,0.04,204.23763266189036,356.71365417056927,6.285631570790429e-09,9.057539064743551,216957.7939696413,10000.0,288.08858822649427,0.14404429411324715,522.5313337528987,available
50,46,101,fixed_task_route,2,saved,True,optimal,True,True,0.0,nonnegative::tau_s::G_U1_1,227770.45853211067,1.0241429703835352,12053.210776091182,2,2,0.04,205.49958003470994,356.0093705467438,2.631850293255411e-11,9.057539064743551,216957.7939696413,10000.0,288.0886045154383,0.1440443022577192,524.4319136516725,available
50,46,101,fixed_task_route,2,reconstructed,True,optimal,True,True,0.0,nonnegative::tau_s::G_U1_1,227770.45851959987,1.0241429703835352,12053.210776091182,2,2,0.04,205.17132938721852,353.7403880454309,3.2335947253159247e-09,9.057539064743551,216957.7939696413,10000.0,288.0885920108811,0.14404429600544055,524.4319136516725,available
50,46,101,full,1,saved,True,optimal,True,True,1.4000776295895114e-06,upload_epi::G_U4_1,181000.8402650002,0.8295999832524729,9453.31559186614,1,2,0.04,192.9373784456655,308.45586013564434,8.291522135550622e-09,59.236791357189645,170159.6806535905,10000.0,262.23190940920426,0.13111595470460213,578.7965860457928,available
50,46,101,full,1,reconstructed,True,optimal,True,True,0.0,nonnegative::tau_s::G_U4_1,181000.8402651543,0.8295999832524729,9453.31559186614,1,2,0.04,192.24449373774604,308.4558599154129,2.1133536165507394e-07,59.236791357189645,170159.6806535905,10000.0,262.2319095632128,0.1311159547816064,578.7965860457928,available
50,46,101,full,2,saved,True,optimal,True,True,0.0,nonnegative::tau_s::G_U4_1,181002.3360113627,0.3148816893744165,9453.31559186614,1,2,0.04,193.2465885916072,308.4481801670215,2.468709681124892e-10,59.236791357189645,170159.6806535905,10000.0,262.2319244497812,0.1311159622248906,580.2923173601803,available
50,46,101,full,2,reconstructed,True,optimal,True,True,0.0,nonnegative::tau_s::G_U4_1,181002.33599659172,0.3148816893744165,9453.31559186614,1,2,0.04,191.9682577498338,308.2483469874711,7.472920060536126e-08,59.236791357189645,170159.6806535905,10000.0,262.2319096861958,0.1311159548430979,580.2923173601803,available
50,46,102,fixed_contacts,1,saved,True,optimal,True,True,0.0,nonnegative::tau_s::G_U1_1,205565.30847021192,1.4838291416358276,10826.626286853014,2,2,0.04,200.16614043881358,353.6743460324117,7.610708507854724e-09,20.465765015795554,194879.27316335426,10000.0,230.0713905831019,0.11503569529155096,455.84888057925275,available
50,46,102,fixed_contacts,1,reconstructed,True,optimal,True,True,0.0,nonnegative::tau_s::G_U1_1,205565.30847018684,1.4838291416358276,10826.626286853014,2,2,0.04,199.35571527683499,353.67434574890643,1.1771942354243947e-07,20.465765015795554,194879.27316335426,10000.0,230.07139055803788,0.11503569527901894,455.84888057925275,available
50,46,102,fixed_contacts,2,saved,True,optimal_inaccurate,False,True,0.33442563418165344,mec_task_complete::G_U1_1::1::S12,205567.36130704303,0.18915272131624608,10826.626286853014,2,2,0.04,200.47441473834988,353.6743460007047,-3.6566260064319067e-07,20.465765015795554,194879.27316335426,10000.0,232.12178009603747,0.11606089004801876,455.85030270268504,available
50,46,102,fixed_contacts,2,reconstructed,True,optimal_inaccurate,False,True,0.0,nonnegative::tau_s::G_U1_1,205565.31252001092,0.18915272131624608,10826.626286853014,2,2,0.04,200.4740199643191,353.6738736066676,0.00014289483272023062,20.465765015795554,194879.27316335426,10000.0,230.07401694549918,0.1150370084727496,455.85030270268504,available
50,46,102,fixed_task_route,1,saved,True,optimal,True,True,1.5412116027846423e-07,upload_epi::G_U2_1,227768.5579358904,1.7116044614452022,12053.210776091182,2,2,0.04,205.17443410048855,356.7136542651994,4.2865622162935324e-10,9.057539064743551,216957.7939696413,10000.0,288.0885882020832,0.14404429410104158,522.5313337528987,available
50,46,102,fixed_task_route,1,reconstructed,True,optimal,True,True,0.0,nonnegative::tau_s::G_U1_1,227768.5579359148,1.7116044614452022,12053.210776091182,2,2,0.04,204.23763266189036,356.71365417056927,6.285631570790429e-09,9.057539064743551,216957.7939696413,10000.0,288.08858822649427,0.14404429411324715,522.5313337528987,available
50,46,102,fixed_task_route,2,saved,True,optimal,True,True,0.0,nonnegative::tau_s::G_U1_1,227770.45853211067,1.0241429703835352,12053.210776091182,2,2,0.04,205.49958003470994,356.0093705467438,2.631850293255411e-11,9.057539064743551,216957.7939696413,10000.0,288.0886045154383,0.1440443022577192,524.4319136516725,available
50,46,102,fixed_task_route,2,reconstructed,True,optimal,True,True,0.0,nonnegative::tau_s::G_U1_1,227770.45851959987,1.0241429703835352,12053.210776091182,2,2,0.04,205.17132938721852,353.7403880454309,3.2335947253159247e-09,9.057539064743551,216957.7939696413,10000.0,288.0885920108811,0.14404429600544055,524.4319136516725,available
50,46,102,full,1,saved,True,optimal,True,True,7.346374014167105e-07,upload_epi::G_U1_1,175399.5234919528,0.9320021133387308,9123.421304824293,2,2,0.04,178.99072609917212,304.1121638754223,5.63005642106873e-09,64.17452720016857,164221.58348683728,10000.0,477.17882300123813,0.23858941150061908,700.5225927027826,available
50,46,102,full,1,reconstructed,True,optimal,True,True,0.0,nonnegative::tau_s::G_U2_1,175399.52349189887,0.9320021133387308,9123.421304824293,2,2,0.04,178.2641043727442,301.5688426445861,1.313331381425087e-07,64.17452720016857,164221.58348683728,10000.0,477.17882294735125,0.23858941147367563,700.5225927027826,available
50,46,102,full,2,saved,True,optimal,False,True,0.5136842650120922,mec_task_complete::G_U1_1::1::S19,175401.27728840962,0.5334369358517117,9123.421304824293,2,2,0.04,179.2508007044365,309.64971521641536,-1.5202473377939896e-06,64.17452720016857,164221.58348683728,10000.0,478.9316173271361,0.2394658086635681,700.5227184365529,available
50,46,102,full,2,reconstructed,True,optimal,False,False,1.2553832160281488,deadline::S19,175401.25113666686,0.5334369358517117,9123.421304824293,2,2,0.04,179.25079410964338,309.64951643666114,-0.0004921348993889296,64.17452720016857,164221.58348683728,10000.0,478.90547865374265,0.23945273932687133,700.5227184365529,available
50,47,100,fixed_contacts,1,saved,True,optimal,True,True,9.868025588585541e-08,upload_epi::G_U4_1,204066.4297451228,1.523365857795806,10724.17673081626,2,2,0.04,210.91204441057835,349.3701204776267,4.07743527830462e-09,69.02874636606765,193035.1811546927,10000.0,404.56154493532597,0.202280772467663,626.4847647223133,available
50,47,100,fixed_contacts,1,reconstructed,True,optimal,True,True,0.0,nonnegative::tau_s::G_U4_1,204066.42974509942,1.523365857795806,10724.17673081626,2,2,0.04,209.9342545304978,349.3701203103843,1.2007433269900503e-07,69.02874636606765,193035.1811546927,10000.0,404.5615449119493,0.20228077245597464,626.4847647223133,available
50,47,100,fixed_contacts,2,saved,True,optimal_inaccurate,False,False,96.16449773987235,upload_epi::G_U4_1,204068.50232646766,0.292415271592536,10724.17673081626,2,2,0.04,211.28113896405497,349.37009303047245,-3.0127198726859206e-06,69.02874636606765,193035.1811546927,10000.0,406.6500737602522,0.2033250368801261,626.4677729778437,available
50,47,100,fixed_contacts,2,reconstructed,True,optimal_inaccurate,False,False,130.6402788680616,deadline::S23,204066.50412549978,0.292415271592536,10724.17673081626,2,2,0.04,211.28293470595474,349.37450283825433,-0.05335370807415529,69.02874636606765,193035.1811546927,10000.0,404.65287139355564,0.20232643569677783,626.4677729778437,available
50,47,100,fixed_task_route,1,saved,True,optimal,True,True,6.603162461260581e-08,upload_epi::EL_U4_1,224163.92622251294,0.9718869666572446,11841.680573787471,2,2,0.04,201.09699005243002,339.82839739617714,4.84425299873692e-09,38.86681329900641,213150.25032817447,10000.0,449.05194555585547,0.22452597277792774,564.3994228098225,available
50,47,100,fixed_task_route,1,reconstructed,True,optimal,True,True,0.0,nonnegative::tau_s::G_U2_1,224163.92622251814,0.9718869666572446,11841.680573787471,2,2,0.04,200.76843107808293,339.82839714440195,9.726002758725372e-08,38.86681329900641,213150.25032817447,10000.0,449.0519455610631,0.2245259727805316,564.3994228098225,available
50,47,100,fixed_task_route,2,saved,True,optimal,True,True,0.000623400723769924,upload_epi::G_U2_1,224166.16786170995,0.790466985445005,11841.680573787471,2,2,0.04,201.22271929858456,339.8283974044732,3.8625103115919046e-11,38.86681329900641,213150.25032817447,10000.0,451.2924648604353,0.22564623243021764,564.3994224426318,available
50,47,100,fixed_task_route,2,reconstructed,True,optimal,True,True,0.0013131397509101,deadline::S17,224166.16780555827,0.790466985445005,11841.680573787471,2,2,0.04,201.22271923980833,339.82839728325666,-4.6157126121215697e-07,38.86681329900641,213150.25032817447,10000.0,451.29240873678907,0.22564620436839455,564.3994224426318,available
50,47,100,full,1,saved,True,optimal,True,True,1.339514358020014e-07,upload_epi::EL_U4_1,210963.98123977988,0.9640714829255788,11111.920131850324,2,2,0.04,205.94691840219969,347.0473450810386,3.810896487266291e-09,38.86681329900641,200014.56237330582,10000.0,449.05194559103666,0.22452597279551834,500.142394910248,available
50,47,100,full,1,reconstructed,True,optimal,True,True,0.0,nonnegative::tau_s::G_U2_1,210963.98123974897,0.9640714829255788,11111.920131850324,2,2,0.04,205.18417581385057,347.0473449535008,7.610805141666788e-08,38.86681329900641,200014.56237330582,10000.0,449.05194556014175,0.2245259727800709,500.142394910248,available
50,47,100,full,2,saved,True,optimal,True,True,0.00046981245883547337,mec_task_complete::G_U2_1::1::S17,210966.09087941147,0.7430590721397625,11111.920131850324,2,2,0.04,206.2280777629642,347.0473450790636,1.170121777249733e-10,38.86681329900641,200014.56237330582,10000.0,451.1605306541013,0.22558026532705067,500.14239518621986,available
50,47,100,full,2,reconstructed,True,optimal,True,True,0.0006577859012951707,deadline::S23,210966.09079161784,0.7430590721397625,11111.920131850324,2,2,0.04,206.2280775849182,347.0473448994157,-2.6864086066780146e-07,38.86681329900641,200014.56237330582,10000.0,451.16044290436355,0.2255802214521818,500.14239518621986,available
50,47,101,fixed_contacts,1,saved,True,optimal,True,True,1.83792617488879e-06,upload_epi::G_U4_1,191808.67507700954,1.6953247188155514,10032.118785760256,2,4,0.08,212.6343041176699,360.2990909548174,9.87142811936792e-10,54.16846192627845,180578.1381436846,10000.0,622.7153585490973,0.3113576792745487,607.5102170965657,available
50,47,101,fixed_contacts,1,reconstructed,True,optimal,True,True,0.0,nonnegative::tau_s::G_U4_1,191808.67507705247,1.6953247188155514,10032.118785760256,2,4,0.08,210.02040944308337,360.29909090958193,2.7983162453892874e-08,54.16846192627845,180578.1381436846,10000.0,622.7153585919937,0.3113576792959968,607.5102170965657,available
50,47,101,fixed_contacts,2,saved,True,optimal_inaccurate,False,False,216.3158345490481,upload_epi::G_U2_1,191810.5931765902,0.8872949655426781,10032.118785760256,2,4,0.08,213.15227464543744,360.5777572317604,-4.8443689848909344e-05,54.16846192627845,180578.1381436846,10000.0,598.916170745739,0.29945808537286955,633.2394040744789,available
50,47,101,fixed_contacts,2,reconstructed,True,optimal_inaccurate,False,False,361.6474721139783,deadline::S17,191834.40306564298,0.8872949655426781,10032.118785760256,2,4,0.08,209.47533349870088,355.8606905013833,-0.12711981318221888,54.16846192627845,180578.1381436846,10000.0,622.7141608035017,0.3113570804017508,633.2394040744789,available
50,47,101,fixed_task_route,1,saved,True,optimal,True,True,6.603162461260581e-08,upload_epi::EL_U4_1,224163.92622251294,0.9718869666572446,11841.680573787471,2,2,0.04,201.09699005243002,339.82839739617714,4.84425299873692e-09,38.86681329900641,213150.25032817447,10000.0,449.05194555585547,0.22452597277792774,564.3994228098225,available
50,47,101,fixed_task_route,1,reconstructed,True,optimal,True,True,0.0,nonnegative::tau_s::G_U2_1,224163.92622251814,0.9718869666572446,11841.680573787471,2,2,0.04,200.76843107808293,339.82839714440195,9.726002758725372e-08,38.86681329900641,213150.25032817447,10000.0,449.0519455610631,0.2245259727805316,564.3994228098225,available
50,47,101,fixed_task_route,2,saved,True,optimal,True,True,0.000623400723769924,upload_epi::G_U2_1,224166.16786170995,0.790466985445005,11841.680573787471,2,2,0.04,201.22271929858456,339.8283974044732,3.8625103115919046e-11,38.86681329900641,213150.25032817447,10000.0,451.2924648604353,0.22564623243021764,564.3994224426318,available
50,47,101,fixed_task_route,2,reconstructed,True,optimal,True,True,0.0013131397509101,deadline::S17,224166.16780555827,0.790466985445005,11841.680573787471,2,2,0.04,201.22271923980833,339.82839728325666,-4.6157126121215697e-07,38.86681329900641,213150.25032817447,10000.0,451.29240873678907,0.22564620436839455,564.3994224426318,available
50,47,101,full,1,saved,True,optimal,True,True,1.339514358020014e-07,upload_epi::EL_U4_1,210963.98123977988,0.9640714829255788,11111.920131850324,2,2,0.04,205.94691840219969,347.0473450810386,3.810896487266291e-09,38.86681329900641,200014.56237330582,10000.0,449.05194559103666,0.22452597279551834,500.142394910248,available
50,47,101,full,1,reconstructed,True,optimal,True,True,0.0,nonnegative::tau_s::G_U2_1,210963.98123974897,0.9640714829255788,11111.920131850324,2,2,0.04,205.18417581385057,347.0473449535008,7.610805141666788e-08,38.86681329900641,200014.56237330582,10000.0,449.05194556014175,0.2245259727800709,500.142394910248,available
50,47,101,full,2,saved,True,optimal,True,True,0.00046981245883547337,mec_task_complete::G_U2_1::1::S17,210966.09087941147,0.7430590721397625,11111.920131850324,2,2,0.04,206.2280777629642,347.0473450790636,1.170121777249733e-10,38.86681329900641,200014.56237330582,10000.0,451.1605306541013,0.22558026532705067,500.14239518621986,available
50,47,101,full,2,reconstructed,True,optimal,True,True,0.0006577859012951707,deadline::S23,210966.09079161784,0.7430590721397625,11111.920131850324,2,2,0.04,206.2280775849182,347.0473448994157,-2.6864086066780146e-07,38.86681329900641,200014.56237330582,10000.0,451.16044290436355,0.2255802214521818,500.14239518621986,available
50,47,102,fixed_contacts,1,saved,True,optimal,True,True,1.3825304537559448e-08,upload_epi::G_U2_1,213894.4720450605,1.4471732361983425,11264.445056181903,2,2,0.04,197.68824163754644,347.7645842047824,3.1208173822960816e-09,73.23977019089051,202760.01101127427,10000.0,405.96512638494994,0.20298256319247499,728.292924838102,available
50,47,102,fixed_contacts,1,reconstructed,True,optimal,True,True,4.037174635000569e-13,upload_epi::G_U4_1,213894.4720450505,1.4471732361983425,11264.445056181903,2,2,0.04,195.11886142261326,347.76458404890826,6.197501534188632e-08,73.23977019089051,202760.01101127427,10000.0,405.9651263749632,0.2029825631874816,728.292924838102,available
50,47,102,fixed_contacts,2,saved,True,optimal_inaccurate,False,False,11.63977490055146,bandwidth_cap::E1,213896.6065812763,0.12179139782655568,11264.445056181903,2,2,0.04,198.57933640709612,353.11679444428904,-6.378718353516888e-08,73.23977019089051,202760.01101127427,10000.0,408.0958270813664,0.20404791354068322,728.2956950071434,available
50,47,102,fixed_contacts,2,reconstructed,True,optimal_inaccurate,False,False,11.63977490055146,bandwidth_cap::E1,213894.4728140815,0.12179139782655568,11264.445056181903,2,2,0.04,198.57890671202392,353.11464793899535,0.00012647721712255588,73.23977019089051,202760.01101127427,10000.0,405.96312623696457,0.2029815631184823,728.2956950071434,available
50,47,102,fixed_task_route,1,saved,True,optimal,True,True,6.603162461260581e-08,upload_epi::EL_U4_1,224163.92622251294,0.9718869666572446,11841.680573787471,2,2,0.04,201.09699005243002,339.82839739617714,4.84425299873692e-09,38.86681329900641,213150.25032817447,10000.0,449.05194555585547,0.22452597277792774,564.3994228098225,available
50,47,102,fixed_task_route,1,reconstructed,True,optimal,True,True,0.0,nonnegative::tau_s::G_U2_1,224163.92622251814,0.9718869666572446,11841.680573787471,2,2,0.04,200.76843107808293,339.82839714440195,9.726002758725372e-08,38.86681329900641,213150.25032817447,10000.0,449.0519455610631,0.2245259727805316,564.3994228098225,available
50,47,102,fixed_task_route,2,saved,True,optimal,True,True,0.000623400723769924,upload_epi::G_U2_1,224166.16786170995,0.790466985445005,11841.680573787471,2,2,0.04,201.22271929858456,339.8283974044732,3.8625103115919046e-11,38.86681329900641,213150.25032817447,10000.0,451.2924648604353,0.22564623243021764,564.3994224426318,available
50,47,102,fixed_task_route,2,reconstructed,True,optimal,True,True,0.0013131397509101,deadline::S17,224166.16780555827,0.790466985445005,11841.680573787471,2,2,0.04,201.22271923980833,339.82839728325666,-4.6157126121215697e-07,38.86681329900641,213150.25032817447,10000.0,451.29240873678907,0.22564620436839455,564.3994224426318,available
50,47,102,full,1,saved,True,optimal,True,True,1.3981822366559982e-05,upload_epi::G_U3_1,172543.06436903513,1.5295153477615167,8967.565823905277,2,2,0.04,200.32699196613422,371.2720461511598,4.768764938489767e-09,11.10976282386612,161416.18483029498,10000.0,428.73325261178826,0.21436662630589412,697.9319195020378,available
50,47,102,full,1,reconstructed,True,optimal,True,True,4.037174635000569e-13,upload_epi::G_U1_1,172543.06436865803,1.5295153477615167,8967.565823905277,2,2,0.04,198.15317179338746,371.27204587047396,8.789581329438079e-08,11.10976282386612,161416.18483029498,10000.0,428.73325223488564,0.21436662611744284,697.9319195020378,available
50,47,102,full,2,saved,True,optimal,True,True,0.1797773438264964,bandwidth_cap::E2,172543.14803360443,0.3270688069908357,8967.565823905277,2,2,0.04,201.05530391152809,371.2720462387098,-6.042455424903892e-11,11.10976282386612,161416.18483029498,10000.0,428.7340343329182,0.2143670171664591,698.0148019593656,available
50,47,102,full,2,reconstructed,True,optimal,True,True,0.1797773438264964,bandwidth_cap::E2,172543.147223563,0.3270688069908357,8967.565823905277,2,2,0.04,201.0466625688695,371.24782403067763,-4.941445013173507e-07,11.10976282386612,161416.18483029498,10000.0,428.7332246962736,0.21436661234813684,698.0148019593656,available
50,48,100,fixed_contacts,1,saved,True,optimal,True,True,0.0,nonnegative::tau_s::G_U5_1,165693.09289364325,1.4528297361324942,8597.647904928728,2,2,0.04,194.93328551807784,323.1864303427975,5.030130978411762e-09,53.93180737424487,154757.6622887171,10000.0,316.8401402389918,0.1584200701194959,618.4320446170318,available
50,48,100,fixed_contacts,1,reconstructed,True,optimal,True,True,5.046468293750711e-14,upload_epi::G_U2_1,165693.09289143223,1.4528297361324942,8597.647904928728,2,2,0.04,193.04051419452796,323.186430165509,1.6945728020800743e-07,53.93180737424487,154757.6622887171,10000.0,316.84013802907305,0.1584200690145365,618.4320446170318,available
50,48,100,fixed_contacts,2,saved,True,optimal_inaccurate,False,False,7.23702541129967,bandwidth_cap::E1,165694.74538653812,0.10138199683335866,8597.647904928728,2,2,0.04,195.57940537767846,323.18651237234957,-1.049251920903771e-07,53.93180737424487,154757.6622887171,10000.0,318.48910477995446,0.15924455238997723,618.4347484886782,available
50,48,100,fixed_contacts,2,reconstructed,True,optimal_inaccurate,False,False,7.23702541129967,bandwidth_cap::E1,165693.09535942416,0.10138199683335866,8597.647904928728,2,2,0.04,195.57895176296407,323.1858189282752,0.00016157787155179903,53.93180737424487,154757.6622887171,10000.0,316.83990226724575,0.15841995113362287,618.4347484886782,available
50,48,100,fixed_task_route,1,saved,True,optimal,True,True,0.0,nonnegative::tau_s::G_U2_1,221790.31420286337,1.597532488199559,11723.213931026015,2,2,0.04,213.16844143488805,401.1407122149323,3.1492390917264856e-09,50.79233002485952,211017.85075846827,10000.0,316.84013805538154,0.15842006902769076,455.4648862706872,available
50,48,100,fixed_task_route,1,reconstructed,True,optimal,True,True,0.0,nonnegative::tau_s::G_U2_1,221790.31420283194,1.597532488199559,11723.213931026015,2,2,0.04,211.26845651620764,401.1407111102724,7.946454161356087e-08,50.79233002485952,211017.85075846827,10000.0,316.84013802396396,0.158420069011982,455.4648862706872,available
50,48,100,fixed_task_route,2,saved,True,optimal,True,True,3.099786134845446e-06,upload_epi::G_U2_1,221792.1653701298,0.5432061372064201,11723.213931026015,2,2,0.04,213.68819677075658,400.6989746492722,8.665779205330182e-11,50.79233002485952,211017.85075846827,10000.0,316.8402898087503,0.15842014490437517,457.3159017078926,available
50,48,100,fixed_task_route,2,reconstructed,True,optimal,True,True,5.230892031518634e-06,deadline::S17,221792.1652354559,0.5432061372064201,11723.213931026015,2,2,0.04,213.0514623161392,398.5663549743854,-1.8204673324362375e-09,50.79233002485952,211017.85075846827,10000.0,316.84015520215274,0.15842007760107635,457.3159017078926,available
50,48,100,full,1,saved,True,optimal,True,True,0.0,nonnegative::tau_s::G_U2_1,166741.51811333816,0.777002323418243,8675.792813114156,1,2,0.04,200.617567111101,346.07126028152976,3.957040917157428e-09,50.41949806208386,156164.2706360548,10000.0,105.36883242213075,0.05268441621106538,471.8259604450045,available
50,48,100,full,1,reconstructed,True,optimal,True,True,0.0,nonnegative::tau_s::G_U2_1,166741.5181130519,0.777002323418243,8675.792813114156,1,2,0.04,199.84310496559218,346.0712600857332,1.221545176122163e-07,50.41949806208386,156164.2706360548,10000.0,105.36883213599681,0.05268441606799841,471.8259604450045,available
50,48,100,full,2,saved,True,optimal,True,True,0.0,nonnegative::tau_s::G_U2_1,166742.90782877017,0.1874805548736332,8675.792813114156,1,2,0.04,200.8339563733925,346.0416828817363,3.2528646443097387e-10,50.41949806208386,156164.2706360548,10000.0,105.36883952591418,0.052684419762957097,473.21566876967114,available
50,48,100,full,2,reconstructed,True,optimal,True,True,0.0,nonnegative::tau_s::G_U2_1,166742.90782163493,0.1874805548736332,8675.792813114156,1,2,0.04,200.197130924515,345.67650055154365,3.6928128110957914e-08,50.41949806208386,156164.2706360548,10000.0,105.36883239425372,0.05268441619712686,473.21566876967114,available
50,48,101,fixed_contacts,1,saved,True,optimal,True,True,2.1715116573582027e-06,upload_epi::G_U2_1,166595.61070736172,1.4639237478357352,8645.812823980963,2,3,0.06,192.39606003750626,312.51532088183575,5.0065978030033875e-09,55.73436271873354,155624.63083165733,10000.0,376.75463157073153,0.1883773157853658,594.0368668178871,available
50,48,101,fixed_contacts,1,reconstructed,True,optimal,True,True,0.0,nonnegative::tau_s::G_U5_1,166595.61070754065,1.4639237478357352,8645.812823980963,2,3,0.06,189.58652708368146,312.5153198619693,1.5900707239779877e-07,55.73436271873354,155624.63083165733,10000.0,376.75463174954507,0.18837731587477252,594.0368668178871,available
50,48,101,fixed_contacts,2,saved,True,optimal_inaccurate,False,False,14.864055442664894,bandwidth_cap::E1,166597.2610838275,0.10164537419493533,8645.812823980963,2,3,0.06,193.46019394506212,314.72342866773374,-1.4150846141092188e-05,55.73436271873354,155624.63083165733,10000.0,378.3901700031689,0.1891950850015845,594.0508870820078,available
50,48,101,fixed_contacts,2,reconstructed,True,optimal_inaccurate,False,False,14.864055442664894,bandwidth_cap::E1,166595.64964321384,0.10164537419493533,8645.812823980963,2,3,0.06,193.451456744108,314.72024813778467,5.2796888382999896e-05,55.73436271873354,155624.63083165733,10000.0,376.7795347071583,0.18838976735357915,594.0508870820078,available
50,48,101,fixed_task_route,1,saved,True,optimal,True,True,0.0,nonnegative::tau_s::G_U2_1,221790.31420286337,1.597532488199559,11723.213931026015,2,2,0.04,213.16844143488805,401.1407122149323,3.1492390917264856e-09,50.79233002485952,211017.85075846827,10000.0,316.84013805538154,0.15842006902769076,455.4648862706872,available
50,48,101,fixed_task_route,1,reconstructed,True,optimal,True,True,0.0,nonnegative::tau_s::G_U2_1,221790.31420283194,1.597532488199559,11723.213931026015,2,2,0.04,211.26845651620764,401.1407111102724,7.946454161356087e-08,50.79233002485952,211017.85075846827,10000.0,316.84013802396396,0.158420069011982,455.4648862706872,available
50,48,101,fixed_task_route,2,saved,True,optimal,True,True,3.099786134845446e-06,upload_epi::G_U2_1,221792.1653701298,0.5432061372064201,11723.213931026015,2,2,0.04,213.68819677075658,400.6989746492722,8.665779205330182e-11,50.79233002485952,211017.85075846827,10000.0,316.8402898087503,0.15842014490437517,457.3159017078926,available
50,48,101,fixed_task_route,2,reconstructed,True,optimal,True,True,5.230892031518634e-06,deadline::S17,221792.1652354559,0.5432061372064201,11723.213931026015,2,2,0.04,213.0514623161392,398.5663549743854,-1.8204673324362375e-09,50.79233002485952,211017.85075846827,10000.0,316.84015520215274,0.15842007760107635,457.3159017078926,available
50,48,101,full,1,saved,True,optimal,True,True,0.0,nonnegative::tau_s::G_U2_1,168341.4741490759,0.7510029952644484,8765.386243322399,1,1,0.02,205.63976419798934,396.03139601858254,3.9084397940314375e-09,43.01972450451754,157776.95237980317,10000.0,45.45433859510051,0.022727169297550254,519.0447035083217,available
50,48,101,full,1,reconstructed,True,optimal,True,True,0.0,nonnegative::tau_s::G_U2_1,168341.47414889577,0.7510029952644484,8765.386243322399,1,1,0.02,205.44823136024135,396.0313956927978,1.25373503578885e-07,43.01972450451754,157776.95237980317,10000.0,45.45433841507767,0.02272716920753884,519.0447035083217,available
50,48,101,full,2,saved,True,optimal,True,True,0.0,nonnegative::tau_s::G_U2_1,168342.88002968353,0.10756952631583436,8765.386243322399,1,1,0.02,205.76343821554215,396.02095833259995,9.008545021060854e-10,43.01972450451754,157776.95237980317,10000.0,45.454395285727976,0.02272719764286399,520.4505273969933,available
50,48,101,full,2,reconstructed,True,optimal,True,True,0.0,nonnegative::tau_s::G_U2_1,168342.8799746716,0.10756952631583436,8765.386243322399,1,1,0.02,205.45961538578217,394.81177768372936,2.7829941018353566e-07,43.01972450451754,157776.95237980317,10000.0,45.45434030128377,0.022727170150641886,520.4505273969933,available
50,48,102,fixed_contacts,1,saved,True,optimal,True,True,0.0,nonnegative::tau_s::G_U5_1,165464.80083287775,1.4484693178647108,8582.03449396499,2,2,0.04,197.3894549248917,323.115973547405,4.689013621828053e-09,56.62985104429757,154476.62089136982,10000.0,316.8401380823044,0.15842006904115222,671.1813833565761,available
50,48,102,fixed_contacts,1,reconstructed,True,optimal,True,True,0.0,nonnegative::tau_s::G_U5_1,165464.80083281948,1.4484693178647108,8582.03449396499,2,2,0.04,195.59604430619072,323.11597338733833,1.2282629313631332e-07,56.62985104429757,154476.62089136982,10000.0,316.8401380240684,0.1584200690120342,671.1813833565761,available
50,48,102,fixed_contacts,2,saved,True,optimal,True,True,0.0,nonnegative::tau_s::G_U5_1,165466.16642955676,0.10315057448806977,8582.03449396499,2,2,0.04,198.00083737355126,323.08390891848023,1.1033876035071444e-09,56.62985104429757,154476.62089136982,10000.0,316.840269041127,0.1584201345205635,672.5468490113068,available
50,48,102,fixed_contacts,2,reconstructed,True,optimal,True,True,5.046468293750711e-14,upload_epi::G_U2_1,165466.1663164984,0.10315057448806977,8582.03449396499,2,2,0.04,197.71385237136792,322.8527054111993,2.3708111029918655e-07,56.62985104429757,154476.62089136982,10000.0,316.8401560392554,0.1584200780196277,672.5468490113068,available
50,48,102,fixed_task_route,1,saved,True,optimal,True,True,0.0,nonnegative::tau_s::G_U2_1,221790.31420286337,1.597532488199559,11723.213931026015,2,2,0.04,213.16844143488805,401.1407122149323,3.1492390917264856e-09,50.79233002485952,211017.85075846827,10000.0,316.84013805538154,0.15842006902769076,455.4648862706872,available
50,48,102,fixed_task_route,1,reconstructed,True,optimal,True,True,0.0,nonnegative::tau_s::G_U2_1,221790.31420283194,1.597532488199559,11723.213931026015,2,2,0.04,211.26845651620764,401.1407111102724,7.946454161356087e-08,50.79233002485952,211017.85075846827,10000.0,316.84013802396396,0.158420069011982,455.4648862706872,available
50,48,102,fixed_task_route,2,saved,True,optimal,True,True,3.099786134845446e-06,upload_epi::G_U2_1,221792.1653701298,0.5432061372064201,11723.213931026015,2,2,0.04,213.68819677075658,400.6989746492722,8.665779205330182e-11,50.79233002485952,211017.85075846827,10000.0,316.8402898087503,0.15842014490437517,457.3159017078926,available
50,48,102,fixed_task_route,2,reconstructed,True,optimal,True,True,5.230892031518634e-06,deadline::S17,221792.1652354559,0.5432061372064201,11723.213931026015,2,2,0.04,213.0514623161392,398.5663549743854,-1.8204673324362375e-09,50.79233002485952,211017.85075846827,10000.0,316.84015520215274,0.15842007760107635,457.3159017078926,available
50,48,102,full,1,saved,True,optimal,True,True,0.0,nonnegative::tau_s::G_U2_1,161964.93574328758,1.485330280289781,8399.397610220913,2,2,0.04,193.15339947730354,334.3651951930729,8.77889760886319e-10,39.88178077863158,151189.15698397643,10000.0,229.23230278952693,0.11461615139476346,546.4318403702487,available
50,48,102,full,1,reconstructed,True,optimal,True,True,0.0,nonnegative::tau_s::G_U2_1,161964.93574328272,1.485330280289781,8399.397610220913,2,2,0.04,192.3963548019867,334.3651951467229,3.390510983081185e-08,39.88178077863158,151189.15698397643,10000.0,229.23230278468162,0.11461615139234081,546.4318403702487,available
50,48,102,full,2,saved,True,optimal,True,True,0.0,nonnegative::tau_s::G_U2_1,161966.26967122796,0.16703895925515222,8399.397610220913,2,2,0.04,193.43707100985262,334.3553247216931,2.1253754312056117e-09,39.88178077863158,151189.15698397643,10000.0,229.23240071578152,0.11461620035789076,547.765670335405,available
50,48,102,full,2,reconstructed,True,optimal,True,True,4.037174635000569e-13,upload_epi::G_U1_1,161966.26958949908,0.16703895925515222,8399.397610220913,2,2,0.04,192.99889010069506,334.0398592244727,2.1431358732115768e-07,39.88178077863158,151189.15698397643,10000.0,229.2323190277313,0.11461615951386565,547.765670335405,available
50,49,100,fixed_contacts,1,saved,True,optimal,True,True,0.0,nonnegative::local_cpu_ghz::S3,164773.0315659865,0,8561.891230370064,0,0,0.0,192.2179820514925,372.13845436879245,3.0601086109527387e-09,,154114.04214666114,10000.0,0.0,0.0,658.9894193253467,not_applicable_all_local
50,49,100,fixed_contacts,1,reconstructed,True,optimal,True,True,0.0,nonnegative::local_cpu_ghz::S3,164773.0315659865,0,8561.891230370064,0,0,0.0,192.21798193639887,372.138453976301,8.523517180947238e-08,,154114.04214666114,10000.0,0.0,0.0,658.9894193253467,not_applicable_all_local
50,49,100,fixed_contacts,2,saved,True,optimal,True,True,0.0,nonnegative::local_cpu_ghz::S3,164774.41181584058,0,8561.891230370064,0,0,0.0,192.23040577398714,371.94562386519124,0.0059755991773045025,,154114.04214666114,10000.0,0.0,0.0,660.3696691794229,not_applicable_all_local
50,49,100,fixed_contacts,2,reconstructed,True,optimal,True,True,0.0,nonnegative::local_cpu_ghz::S3,164774.41181584058,0,8561.891230370064,0,0,0.0,192.01238231813997,371.1852246441589,0.17706583230153683,,154114.04214666114,10000.0,0.0,0.0,660.3696691794229,not_applicable_all_local
50,49,100,fixed_task_route,1,saved,True,optimal,True,True,0.0,nonnegative::local_cpu_ghz::S1,218629.56104221923,0,11559.706742434906,0,0,0.0,199.16971747611478,344.41703327592745,1.2826717465941329e-09,,208074.7213638283,10000.0,0.0,0.0,554.8396783909232,not_applicable_all_local
50,49,100,fixed_task_route,1,reconstructed,True,optimal,True,True,0.0,nonnegative::local_cpu_ghz::S1,218629.56104221923,0,11559.706742434906,0,0,0.0,199.16971741577322,344.4170331459757,3.751262056539417e-08,,208074.7213638283,10000.0,0.0,0.0,554.8396783909232,not_applicable_all_local
50,49,100,fixed_task_route,2,saved,True,optimal,True,True,0.0,nonnegative::local_cpu_ghz::S1,218631.399353516,0,11559.706742434906,0,0,0.0,199.170071657615,344.380498602563,0.007401300803053346,,208074.7213638283,10000.0,0.0,0.0,556.6779896876698,not_applicable_all_local
50,49,100,fixed_task_route,2,reconstructed,True,optimal,True,True,0.0,nonnegative::local_cpu_ghz::S1,218631.399353516,0,11559.706742434906,0,0,0.0,198.898250407335,343.81389156786304,0.21360642259281803,,208074.7213638283,10000.0,0.0,0.0,556.6779896876698,not_applicable_all_local
50,49,100,full,1,saved,True,optimal,True,True,1.7686038492311953e-06,upload_epi::G_U2_1,161644.4481614962,1.5733525926063836,8355.572401184167,2,4,0.08,203.20470358750168,338.4638527769478,1.8891341824200936e-09,30.93733821280047,150400.303221315,10000.0,643.3154218312786,0.32165771091563927,600.5078606390251,available
50,49,100,full,1,reconstructed,True,optimal,True,True,0.0,nonnegative::tau_s::G_U2_1,161644.44816181093,1.5733525926063836,8355.572401184167,2,4,0.08,199.6008203867602,329.8413888414912,6.072502856113715e-08,30.93733821280047,150400.303221315,10000.0,643.3154221458387,0.32165771107291935,600.5078606390251,available
50,49,100,full,2,saved,True,optimal,True,True,0.0022680515300198645,upload_epi::G_U1_1,161645.77976510735,0.42135685582732935,8355.572401184167,2,4,0.08,203.97384899209388,346.0691917113486,7.599965101690032e-11,30.93733821280047,150400.303221315,10000.0,643.3155030625716,0.3216577515312858,601.839382978252,available
50,49,100,full,2,reconstructed,True,optimal,True,True,0.0029481934436687827,deadline::S19,161645.77969264178,0.42135685582732935,8355.572401184167,2,4,0.08,202.45857754616125,345.15176240796575,-1.3277040693537856e-06,30.93733821280047,150400.303221315,10000.0,643.3154306332228,0.32165771531661147,601.839382978252,available
50,49,101,fixed_contacts,1,saved,True,optimal,True,True,1.7865679844610646e-05,local_complete::S28,164821.83217530113,0,8565.805901280004,0,0,0.0,201.01751483719278,363.6453300236598,3.508944246277679e-10,,154184.50622304008,10000.0,0.0,0.0,637.3259522610542,not_applicable_all_local
50,49,101,fixed_contacts,1,reconstructed,True,optimal,True,True,1.8711847990800562e-05,deadline::S7,164821.83217530113,0,8565.805901280004,0,0,0.0,201.017514826659,363.6453299862994,-8.144525054376572e-09,,154184.50622304008,10000.0,0.0,0.0,637.3259522610542,not_applicable_all_local
50,49,101,fixed_contacts,2,saved,True,optimal,True,True,0.0,nonnegative::local_cpu_ghz::S1,164823.2236827946,0,8565.805901280004,0,0,0.0,201.02460257216524,363.6248509665877,0.006387174600718026,,154184.50622304008,10000.0,0.0,0.0,638.717459754534,not_applicable_all_local
50,49,101,fixed_contacts,2,reconstructed,True,optimal,True,True,0.0,nonnegative::local_cpu_ghz::S1,164823.2236827946,0,8565.805901280004,0,0,0.0,200.8380229613088,362.95353346204996,0.1333469282226929,,154184.50622304008,10000.0,0.0,0.0,638.717459754534,not_applicable_all_local
50,49,101,fixed_task_route,1,saved,True,optimal,True,True,0.0,nonnegative::local_cpu_ghz::S1,218629.56104221923,0,11559.706742434906,0,0,0.0,199.16971747611478,344.41703327592745,1.2826717465941329e-09,,208074.7213638283,10000.0,0.0,0.0,554.8396783909232,not_applicable_all_local
50,49,101,fixed_task_route,1,reconstructed,True,optimal,True,True,0.0,nonnegative::local_cpu_ghz::S1,218629.56104221923,0,11559.706742434906,0,0,0.0,199.16971741577322,344.4170331459757,3.751262056539417e-08,,208074.7213638283,10000.0,0.0,0.0,554.8396783909232,not_applicable_all_local
50,49,101,fixed_task_route,2,saved,True,optimal,True,True,0.0,nonnegative::local_cpu_ghz::S1,218631.399353516,0,11559.706742434906,0,0,0.0,199.170071657615,344.380498602563,0.007401300803053346,,208074.7213638283,10000.0,0.0,0.0,556.6779896876698,not_applicable_all_local
50,49,101,fixed_task_route,2,reconstructed,True,optimal,True,True,0.0,nonnegative::local_cpu_ghz::S1,218631.399353516,0,11559.706742434906,0,0,0.0,198.898250407335,343.81389156786304,0.21360642259281803,,208074.7213638283,10000.0,0.0,0.0,556.6779896876698,not_applicable_all_local
50,49,101,full,1,saved,True,optimal,True,True,1.2028689155840766e-06,upload_epi::G_U2_1,160304.4127656129,1.5737326998468695,8287.630107623576,2,4,0.08,205.30773081143914,348.2222858214723,3.8062353269197047e-10,36.78982794447831,149177.34193722435,10000.0,625.0150211004033,0.31250751055020165,501.74329977759453,available
50,49,101,full,1,reconstructed,True,optimal,True,True,0.0,nonnegative::tau_s::G_U3_1,160304.41276577485,1.5737326998468695,8287.630107623576,2,4,0.08,202.06270132974205,348.2222858052791,7.88190845923964e-09,36.78982794447831,149177.34193722435,10000.0,625.0150212622494,0.31250751063112475,501.74329977759453,available
50,49,101,full,2,saved,True,optimal,True,True,0.00046854707265579646,mec_task_complete::G_U3_1::1::S35,160305.75017789344,0.4179426202453576,8287.630107623576,2,4,0.08,206.02706059544627,348.1660842329312,4.391154106997419e-10,36.78982794447831,149177.34193722435,10000.0,625.01649375266,0.31250824687633,503.07923866953854,available
50,49,101,full,2,reconstructed,True,optimal,True,True,0.0,nonnegative::tau_s::G_U3_1,160305.7488288254,0.4179426202453576,8287.630107623576,2,4,0.08,204.6784028406053,347.7702315973754,2.9177211899877875e-06,36.78982794447831,149177.34193722435,10000.0,625.015145358808,0.312507572679404,503.07923866953854,available
50,49,102,fixed_contacts,1,saved,True,optimal,True,True,3.116052870278839e-06,local_complete::S6,166063.1600816773,0,8636.486266400776,0,0,0.0,192.12574399084258,360.3683834738002,7.291589554370148e-10,,155456.75279521395,10000.0,0.0,0.0,606.407286463333,not_applicable_all_local
50,49,102,fixed_contacts,1,reconstructed,True,optimal,True,True,0.0,nonnegative::local_cpu_ghz::S22,166063.1600816773,0,8636.486266400776,0,0,0.0,192.12574396938302,360.3683834308738,1.3857686553819804e-08,,155456.75279521395,10000.0,0.0,0.0,606.407286463333,not_applicable_all_local
50,49,102,fixed_contacts,2,saved,True,optimal,True,True,0.0,nonnegative::local_cpu_ghz::S22,166064.559510198,0,8636.486266400776,0,0,0.0,192.1243696031225,360.3329448624187,0.007651005819127477,,155456.75279521395,10000.0,0.0,0.0,607.8067149840311,not_applicable_all_local
50,49,102,fixed_contacts,2,reconstructed,True,optimal,True,True,0.0,nonnegative::local_cpu_ghz::S22,166064.559510198,0,8636.486266400776,0,0,0.0,191.9064532685629,359.89215999495605,0.15102460744162727,,155456.75279521395,10000.0,0.0,0.0,607.8067149840311,not_applicable_all_local
50,49,102,fixed_task_route,1,saved,True,optimal,True,True,0.0,nonnegative::local_cpu_ghz::S1,218629.56104221923,0,11559.706742434906,0,0,0.0,199.16971747611478,344.41703327592745,1.2826717465941329e-09,,208074.7213638283,10000.0,0.0,0.0,554.8396783909232,not_applicable_all_local
50,49,102,fixed_task_route,1,reconstructed,True,optimal,True,True,0.0,nonnegative::local_cpu_ghz::S1,218629.56104221923,0,11559.706742434906,0,0,0.0,199.16971741577322,344.4170331459757,3.751262056539417e-08,,208074.7213638283,10000.0,0.0,0.0,554.8396783909232,not_applicable_all_local
50,49,102,fixed_task_route,2,saved,True,optimal,True,True,0.0,nonnegative::local_cpu_ghz::S1,218631.399353516,0,11559.706742434906,0,0,0.0,199.170071657615,344.380498602563,0.007401300803053346,,208074.7213638283,10000.0,0.0,0.0,556.6779896876698,not_applicable_all_local
50,49,102,fixed_task_route,2,reconstructed,True,optimal,True,True,0.0,nonnegative::local_cpu_ghz::S1,218631.399353516,0,11559.706742434906,0,0,0.0,198.898250407335,343.81389156786304,0.21360642259281803,,208074.7213638283,10000.0,0.0,0.0,556.6779896876698,not_applicable_all_local
50,49,102,full,1,saved,True,optimal,True,True,1.0300874294958102e-06,upload_epi::G_U3_1,158847.32629824564,1.546661778226282,8187.900435115345,3,6,0.12,218.1405254853053,353.05084207205357,1.303646968153771e-09,24.50656194484041,147382.2078320762,10000.0,859.5719901331987,0.4297859950665993,605.1166900411515,available
50,49,102,full,1,reconstructed,True,optimal,True,True,0.0,nonnegative::tau_s::G_U2_2,158847.32629836816,1.546661778226282,8187.900435115345,3,6,0.12,211.85927971925554,348.4275129038384,4.111086582270218e-08,24.506561944840428,147382.2078320762,10000.0,859.5719902556835,0.4297859951278418,605.1166900411515,available
50,49,102,full,2,saved,True,optimal,True,True,0.0,nonnegative::tau_s::G_U2_2,158848.64470380693,0.2575567516103644,8187.900435115345,3,6,0.12,219.51149997693076,358.5840359704458,8.073470780800562e-10,24.506561944840417,147382.2078320762,10000.0,859.5836494272432,0.42979182471362165,606.4234304787356,available
50,49,102,full,2,reconstructed,True,optimal,True,True,8.074349270001138e-13,upload_epi::G_U2_2,158848.63304603982,0.2575567516103644,8187.900435115345,3,6,0.12,215.97175163082605,348.1647425080436,4.127178385715524e-07,24.506561944840417,147382.2078320762,10000.0,859.5719974861207,0.42978599874306034,606.4234304787356,available
50,50,100,fixed_contacts,1,saved,True,optimal,True,True,0.0,nonnegative::tau_s::G_U1_1,186746.99355989922,0.7271643414112032,9781.03488386767,1,1,0.02,182.67325580983922,325.7668380319224,3.3754758987925015e-09,45.992763730636455,176058.62790961805,10000.0,122.08108874117454,0.06104054437058727,566.2235209956239,available
50,50,100,fixed_contacts,1,reconstructed,True,optimal,True,True,2.0185873175002844e-13,upload_epi::G_U1_1,186746.99355984782,0.7271643414112032,9781.03488386767,1,1,0.02,181.24869712362292,325.7668379286684,7.84830263000913e-08,45.992763730636455,176058.62790961805,10000.0,122.08108868980192,0.061040544344900964,566.2235209956239,available
50,50,100,fixed_contacts,2,saved,True,optimal,True,True,0.0004228633088132483,local_release::S49,186748.85887453324,0.05294227646126106,9781.03488386767,1,1,0.02,183.16593441525393,325.7668459974149,-6.478717295976821e-08,45.992763730636455,176058.62790961805,10000.0,123.9441804028913,0.06197209020144565,566.2248124220943,available
50,50,100,fixed_contacts,2,reconstructed,True,optimal,True,True,0.0,nonnegative::tau_s::G_U1_1,186747.00004767862,0.05294227646126106,9781.03488386767,1,1,0.02,183.16562943884423,325.76649994144987,0.0001260663530047168,45.992763730636455,176058.62790961805,10000.0,122.0862824972295,0.061043141248614756,566.2248124220943,available
50,50,100,fixed_task_route,1,saved,True,optimal,True,True,0.0,nonnegative::tau_s::G_U1_1,218081.6247514627,0.7913951384148077,11516.466352129319,1,2,0.04,195.97804944542779,322.3565978803945,9.267751011066139e-10,32.56932872163645,207296.39433832772,10000.0,178.22739738455547,0.08911369869227774,606.9139020517281,available
50,50,100,fixed_task_route,1,reconstructed,True,optimal,True,True,0.0,nonnegative::tau_s::G_U1_1,218081.62475134825,0.7913951384148077,11516.466352129319,1,2,0.04,195.15581200102616,322.3565977360729,1.556546180836449e-08,32.56932872163645,207296.39433832772,10000.0,178.22739727018268,0.08911369863509133,606.9139020517281,available
50,50,100,fixed_task_route,2,saved,True,optimal,True,True,0.0,nonnegative::tau_s::G_U1_1,218083.44770415509,0.183183806678121,11516.466352129319,1,2,0.04,196.3334323780815,322.3416986673034,4.183107193966862e-10,32.56932872163645,207296.39433832772,10000.0,178.22752733631958,0.0891137636681598,608.7367247273662,available
50,50,100,fixed_task_route,2,reconstructed,True,optimal,True,True,0.0,nonnegative::tau_s::G_U1_1,218083.4475808787,0.183183806678121,11516.466352129319,1,2,0.04,195.92603808014866,321.45520926843676,6.182581273606047e-07,32.56932872163645,207296.39433832772,10000.0,178.22740412156443,0.08911370206078223,608.7367247273662,available
50,50,100,full,1,saved,True,optimal,True,True,0.0,nonnegative::local_cpu_ghz::S2,188362.90093974382,0,9872.754193644434,0,0,0.0,185.9844121082582,324.96230955225025,1.037165020534303e-09,,177709.5754855998,10000.0,0.0,0.0,653.3254541439934,not_applicable_all_local
50,50,100,full,1,reconstructed,True,optimal,True,True,0.0,nonnegative::local_cpu_ghz::S2,188362.90093974382,0,9872.754193644434,0,0,0.0,185.9844120288589,324.9623094085546,2.3896546963442233e-08,,177709.5754855998,10000.0,0.0,0.0,653.3254541439934,not_applicable_all_local
50,50,100,full,2,saved,True,optimal,True,True,0.0,nonnegative::local_cpu_ghz::S2,188364.47943420324,0,9872.754193644434,0,0,0.0,185.937862484654,324.92410723315106,0.005998404497233878,,177709.5754855998,10000.0,0.0,0.0,654.9039486034194,not_applicable_all_local
50,50,100,full,2,reconstructed,True,optimal,True,True,0.0,nonnegative::local_cpu_ghz::S2,188364.47943420324,0,9872.754193644434,0,0,0.0,185.55142235763208,324.19234854224584,0.13613457868970613,,177709.5754855998,10000.0,0.0,0.0,654.9039486034194,not_applicable_all_local
50,50,101,fixed_contacts,1,saved,True,optimal,True,True,0.0,nonnegative::tau_s::G_U1_1,184915.8723646742,0.7263133397922961,9677.427093835666,1,1,0.02,193.33606355686575,352.6744872903938,3.209407850590651e-09,45.992763730636455,174193.68768904198,10000.0,122.08108872983775,0.061040544364918875,600.0425463580075,available
50,50,101,fixed_contacts,1,reconstructed,True,optimal,True,True,0.0,nonnegative::tau_s::G_U1_1,184915.87236463538,0.7263133397922961,9677.427093835666,1,1,0.02,191.8860662721034,352.67448712501414,4.593746893988282e-08,45.992763730636455,174193.68768904198,10000.0,122.08108869104382,0.06104054434552191,600.0425463580075,available
50,50,101,fixed_contacts,2,saved,True,optimal,True,True,0.024693480533890328,local_complete::S31,184917.7170234214,0.052103762293680876,9677.427093835666,1,1,0.02,193.8364272915563,352.67448723453373,2.2539552446687594e-08,45.992763730636455,174193.68768904198,10000.0,123.92209405222565,0.061961047026112825,600.0452792801727,available
50,50,101,fixed_contacts,2,reconstructed,True,optimal,True,True,0.0,nonnegative::tau_s::G_U1_1,184915.87643649612,0.052103762293680876,9677.427093835666,1,1,0.02,193.8360330522655,352.67396438392853,0.00012284799163353455,45.992763730636455,174193.68768904198,10000.0,122.08242696050905,0.061041213480254534,600.0452792801727,available
50,50,101,fixed_task_route,1,saved,True,optimal,True,True,0.0,nonnegative::tau_s::G_U1_1,218081.6247514627,0.7913951384148077,11516.466352129319,1,2,0.04,195.97804944542779,322.3565978803945,9.267751011066139e-10,32.56932872163645,207296.39433832772,10000.0,178.22739738455547,0.08911369869227774,606.9139020517281,available
50,50,101,fixed_task_route,1,reconstructed,True,optimal,True,True,0.0,nonnegative::tau_s::G_U1_1,218081.62475134825,0.7913951384148077,11516.466352129319,1,2,0.04,195.15581200102616,322.3565977360729,1.556546180836449e-08,32.56932872163645,207296.39433832772,10000.0,178.22739727018268,0.08911369863509133,606.9139020517281,available
50,50,101,fixed_task_route,2,saved,True,optimal,True,True,0.0,nonnegative::tau_s::G_U1_1,218083.44770415509,0.183183806678121,11516.466352129319,1,2,0.04,196.3334323780815,322.3416986673034,4.183107193966862e-10,32.56932872163645,207296.39433832772,10000.0,178.22752733631958,0.0891137636681598,608.7367247273662,available
50,50,101,fixed_task_route,2,reconstructed,True,optimal,True,True,0.0,nonnegative::tau_s::G_U1_1,218083.4475808787,0.183183806678121,11516.466352129319,1,2,0.04,195.92603808014866,321.45520926843676,6.182581273606047e-07,32.56932872163645,207296.39433832772,10000.0,178.22740412156443,0.08911370206078223,608.7367247273662,available
50,50,101,full,1,saved,True,optimal,True,True,1.858402724637513e-06,upload_epi::G_U5_1,190640.11658375687,0.894455747709241,9998.97469268242,1,1,0.02,181.05893662246217,320.5612116640922,5.002505076845409e-09,74.62965116641348,179981.54446828354,10000.0,126.98784048860787,0.06349392024430393,531.520781064459,available
50,50,101,full,1,reconstructed,True,optimal,True,True,0.0,nonnegative::tau_s::G_U5_1,190640.11658396138,0.894455747709241,9998.97469268242,1,1,0.02,180.994586912308,320.56121125754845,1.003381271402759e-07,74.62965116641348,179981.54446828354,10000.0,126.9878406930322,0.0634939203465161,531.520781064459,available
50,50,101,full,2,saved,True,optimal,True,True,7.149868575983088e-07,mec_task_complete::G_U5_1::1::S41,190641.71747311126,0.5500160803882408,9998.97469268242,1,1,0.02,181.17125312303216,320.51006458173435,7.463540896424092e-11,74.62965116641348,179981.54446828354,10000.0,126.98787650428409,0.06349393825214204,533.1216343851803,available
50,50,101,full,2,reconstructed,True,optimal,True,True,2.0185873175002844e-13,upload_epi::G_U5_1,190641.717437294,0.5500160803882408,9998.97469268242,1,1,0.02,180.91111966306372,319.7475896689509,1.787461769708898e-07,74.62965116641348,179981.54446828354,10000.0,126.98784070491426,0.06349392035245714,533.1216343851803,available
50,50,102,fixed_contacts,1,saved,True,optimal,True,True,0.0,nonnegative::tau_s::G_U1_1,181736.27417207006,0.7097726170050233,9500.434072916029,1,1,0.02,181.1352823388439,320.6671632276112,2.4375594875891693e-09,49.762928055315015,171007.81331248852,10000.0,55.03327514235659,0.027516637571178296,673.4000678016197,available
50,50,102,fixed_contacts,1,reconstructed,True,optimal,True,True,0.0,nonnegative::tau_s::G_U1_1,181736.2741718773,0.7097726170050233,9500.434072916029,1,1,0.02,178.19023897760732,320.66716308397736,5.665879143634811e-08,49.762928055315015,171007.81331248852,10000.0,55.033274949695844,0.02751663747484792,673.4000678016197,available
50,50,102,fixed_contacts,2,saved,True,optimal,True,True,0.00021695882423955481,mec_task_complete::G_U1_1::1::S30,181738.0662014579,0.011075407202086388,9500.434072916029,1,1,0.02,181.93006905912648,320.66716269393766,1.666649040998891e-10,49.762928055315015,171007.81331248852,10000.0,56.80731975262352,0.02840365987631176,673.4171655568814,available
50,50,102,fixed_contacts,2,reconstructed,True,optimal,True,True,0.0,nonnegative::tau_s::G_U1_1,181736.29153998746,0.011075407202086388,9500.434072916029,1,1,0.02,181.92862831568297,320.6639686022098,0.0010508415409162808,49.762928055315015,171007.81331248852,10000.0,55.03354516949387,0.027516772584746937,673.4171655568814,available
50,50,102,fixed_task_route,1,saved,True,optimal,True,True,0.0,nonnegative::tau_s::G_U1_1,218081.6247514627,0.7913951384148077,11516.466352129319,1,2,0.04,195.97804944542779,322.3565978803945,9.267751011066139e-10,32.56932872163645,207296.39433832772,10000.0,178.22739738455547,0.08911369869227774,606.9139020517281,available
50,50,102,fixed_task_route,1,reconstructed,True,optimal,True,True,0.0,nonnegative::tau_s::G_U1_1,218081.62475134825,0.7913951384148077,11516.466352129319,1,2,0.04,195.15581200102616,322.3565977360729,1.556546180836449e-08,32.56932872163645,207296.39433832772,10000.0,178.22739727018268,0.08911369863509133,606.9139020517281,available
50,50,102,fixed_task_route,2,saved,True,optimal,True,True,0.0,nonnegative::tau_s::G_U1_1,218083.44770415509,0.183183806678121,11516.466352129319,1,2,0.04,196.3334323780815,322.3416986673034,4.183107193966862e-10,32.56932872163645,207296.39433832772,10000.0,178.22752733631958,0.0891137636681598,608.7367247273662,available
50,50,102,fixed_task_route,2,reconstructed,True,optimal,True,True,0.0,nonnegative::tau_s::G_U1_1,218083.4475808787,0.183183806678121,11516.466352129319,1,2,0.04,195.92603808014866,321.45520926843676,6.182581273606047e-07,32.56932872163645,207296.39433832772,10000.0,178.22740412156443,0.08911370206078223,608.7367247273662,available
50,50,102,full,1,saved,True,optimal,True,True,0.0,nonnegative::tau_s::G_U2_1,173565.940586934,0.8675120685206756,9031.3530964953,2,2,0.04,180.4148496095587,318.0517151722334,2.9086493213981157e-09,61.25310104275533,162564.3557369154,10000.0,311.92900029544694,0.15596450014772348,689.4998852230235,available
50,50,102,full,1,reconstructed,True,optimal,True,True,0.0,nonnegative::tau_s::G_U2_1,173565.94058690386,0.8675120685206756,9031.3530964953,2,2,0.04,179.80983567753321,318.0517150068293,6.445060307669337e-08,61.25310104270059,162564.3557369154,10000.0,311.9290002652961,0.15596450013264807,689.4998852230235,available
50,50,102,full,2,saved,True,optimal,True,True,0.0,nonnegative::tau_s::G_U2_1,173567.3880318125,0.4511009805290603,9031.3530964953,2,2,0.04,180.5174037317842,318.03683759909666,2.114575181622058e-11,61.25310117388162,162564.3557369154,10000.0,312.0139450612905,0.15600697253064524,690.8623428632927,available
50,50,102,full,2,reconstructed,True,optimal,True,True,0.0,nonnegative::tau_s::G_U2_1,173567.30304503965,0.4511009805290603,9031.3530964953,2,2,0.04,179.9027299796294,317.71642850472966,2.6045722734124865e-07,61.25310104370314,162564.3557369154,10000.0,311.92900076057964,0.15596450038028983,690.8623428632927,available
50,51,100,fixed_contacts,1,saved,True,optimal,True,True,0.0,nonnegative::tau_s::G_U1_1,190125.6959244619,0.7260606608774391,9959.781008894213,1,1,0.02,204.79659003514385,363.36248195169344,5.161780336493393e-09,57.48115074612724,179276.05816009582,10000.0,66.23351557952813,0.03311675778976406,783.3711320287538,available
50,51,100,fixed_contacts,1,reconstructed,True,optimal,True,True,0.0,nonnegative::tau_s::G_U1_1,190125.69592438504,0.7260606608774391,9959.781008894213,1,1,0.02,204.3690409557003,363.36248173972126,1.3238127394288313e-07,57.48115074612724,179276.05816009582,10000.0,66.23351550270473,0.033116757751352366,783.3711320287538,available
50,51,100,fixed_contacts,2,saved,True,optimal,True,True,0.0,nonnegative::tau_s::G_U1_1,190127.27811959482,0.05190928469249906,9959.781008894213,1,1,0.02,204.92168534206687,363.32109129573297,2.120259523508139e-10,57.48115074612724,179276.05816009582,10000.0,66.2335419644142,0.033116770982207104,784.9533007635993,available
50,51,100,fixed_contacts,2,reconstructed,True,optimal,True,True,0.0,nonnegative::tau_s::G_U1_1,190127.2780963006,0.05190928469249906,9959.781008894213,1,1,0.02,204.56723394771004,363.009879971629,1.1757995821426448e-07,57.48115074612724,179276.05816009582,10000.0,66.23351868185189,0.03311675934092594,784.9533007635993,available
50,51,100,fixed_task_route,1,saved,True,optimal,True,True,0.0015321709993672398,local_complete::S37,233706.5723995139,0.8500844722149955,12387.373755661387,1,1,0.02,204.14786347944553,349.8514781979723,5.424567461886909e-10,57.02460295371014,222972.72760190498,10000.0,66.23351267253948,0.03311675633626974,667.578168180062,available
50,51,100,fixed_task_route,1,reconstructed,True,optimal,True,True,0.0020867191104815778,deadline::S46,233706.5724023379,0.8500844722149955,12387.373755661387,1,1,0.02,204.11851073643672,349.85147816466826,-8.493733503200929e-07,57.02460295371014,222972.72760190498,10000.0,66.23351549510497,0.03311675774755248,667.578168180062,available
50,51,100,fixed_task_route,2,saved,True,optimal,True,True,0.0,nonnegative::tau_s::G_U1_1,233708.49720290856,0.4132632168878838,12387.373755661387,1,1,0.02,204.13067233739227,349.8375710774203,5.772449185315054e-11,57.02460295371014,222972.72760190498,10000.0,66.23351583693443,0.033116757918467216,669.5029684087391,available
50,51,100,fixed_task_route,2,reconstructed,True,optimal,True,True,0.0,nonnegative::tau_s::G_U1_1,233708.49720259095,0.4132632168878838,12387.373755661387,1,1,0.02,203.7347359758777,349.30651081805286,1.7121237760875374e-09,57.02460295371014,222972.72760190498,10000.0,66.23351551948245,0.03311675775974123,669.5029684087391,available
50,51,100,full,1,saved,True,optimal,True,True,0.0,nonnegative::tau_s::EL_U1_1,209989.17232855526,0.7220250548537657,11078.317580956944,1,1,0.02,216.28716498831085,375.31413566756464,8.087624792096904e-09,66.99742525133018,199409.716457225,10000.0,42.02834904739254,0.02101417452369627,537.4065081083373,available
50,51,100,full,1,reconstructed,True,optimal,True,True,0.0,nonnegative::tau_s::EL_U1_1,209989.17232852906,0.7220250548537657,11078.317580956944,1,1,0.02,215.96632932615162,375.31413495329946,1.3359277772906353e-07,66.99742525133018,199409.716457225,10000.0,42.028349021193925,0.021014174510596964,537.4065081083373,available
50,51,100,full,2,saved,True,optimal,True,True,0.0,nonnegative::tau_s::EL_U1_1,209990.93588241638,0.06755832572083993,11078.317580956944,1,1,0.02,216.3651398551504,374.9658140929171,4.154685484536458e-10,66.99742525133018,199409.716457225,10000.0,42.02837351907644,0.02101418675953822,539.1700374855595,available
50,51,100,full,2,reconstructed,True,optimal,True,True,0.0,nonnegative::tau_s::EL_U1_1,209990.93585804815,0.06755832572083993,11078.317580956944,1,1,0.02,215.96475027520975,373.6921761845414,1.2315359754211386e-07,66.99742525133018,199409.716457225,10000.0,42.02834916299331,0.021014174581496653,539.1700374855595,available
50,51,101,fixed_contacts,1,saved,True,optimal,True,True,0.0,nonnegative::tau_s::G_U1_1,202966.03951843514,0.7245514981712506,10680.97701246922,1,1,0.02,207.31235904515788,353.7694816726418,8.020606401260011e-10,55.37279110569918,192257.58622444596,10000.0,66.23351549633908,0.033116757748169544,642.1866617350971,available
50,51,101,fixed_contacts,1,reconstructed,True,optimal,True,True,0.0,nonnegative::tau_s::G_U1_1,202966.0395184341,0.7245514981712506,10680.97701246922,1,1,0.02,206.87923915741405,353.76948165075606,2.3246002456289716e-08,55.37279110569918,192257.58622444596,10000.0,66.23351549530263,0.03311675774765132,642.1866617350971,available
50,51,101,fixed_contacts,2,saved,True,optimal,True,True,0.0,nonnegative::tau_s::G_U1_1,202967.73220169765,0.051390394991015255,10680.97701246922,1,1,0.02,207.44553873162133,353.74571228816734,4.078373194715823e-09,55.37279110569918,192257.58622444596,10000.0,66.23357805089215,0.033116789025446076,643.8792824117629,available
50,51,101,fixed_contacts,2,reconstructed,True,optimal,True,True,1.0092936587501422e-13,upload_epi::G_U1_1,202967.73214777326,0.051390394991015255,10680.97701246922,1,1,0.02,207.09164868955162,353.4974199987571,2.853927298929193e-07,55.37279110569918,192257.58622444596,10000.0,66.23352415346643,0.03311676207673322,643.8792824117629,available
50,51,101,fixed_task_route,1,saved,True,optimal,True,True,0.0015321709993672398,local_complete::S37,233706.5723995139,0.8500844722149955,12387.373755661387,1,1,0.02,204.14786347944553,349.8514781979723,5.424567461886909e-10,57.02460295371014,222972.72760190498,10000.0,66.23351267253948,0.03311675633626974,667.578168180062,available
50,51,101,fixed_task_route,1,reconstructed,True,optimal,True,True,0.0020867191104815778,deadline::S46,233706.5724023379,0.8500844722149955,12387.373755661387,1,1,0.02,204.11851073643672,349.85147816466826,-8.493733503200929e-07,57.02460295371014,222972.72760190498,10000.0,66.23351549510497,0.03311675774755248,667.578168180062,available
50,51,101,fixed_task_route,2,saved,True,optimal,True,True,0.0,nonnegative::tau_s::G_U1_1,233708.49720290856,0.4132632168878838,12387.373755661387,1,1,0.02,204.13067233739227,349.8375710774203,5.772449185315054e-11,57.02460295371014,222972.72760190498,10000.0,66.23351583693443,0.033116757918467216,669.5029684087391,available
50,51,101,fixed_task_route,2,reconstructed,True,optimal,True,True,0.0,nonnegative::tau_s::G_U1_1,233708.49720259095,0.4132632168878838,12387.373755661387,1,1,0.02,203.7347359758777,349.30651081805286,1.7121237760875374e-09,57.02460295371014,222972.72760190498,10000.0,66.23351551948245,0.03311675775974123,669.5029684087391,available
50,51,101,full,1,saved,True,optimal,True,True,0.0,nonnegative::tau_s::G_U1_1,210071.0145266109,0.9080991819531357,11062.696862883004,2,3,0.06,198.43377306157683,312.07738116253176,4.72044803245808e-09,87.43455903510501,199128.54353189407,10000.0,282.0727530007271,0.14103637650036357,660.2572053395821,available
50,51,101,full,1,reconstructed,True,optimal,True,True,0.0,nonnegative::tau_s::G_U1_1,210071.0145262475,0.9080991819531357,11062.696862883004,2,3,0.06,197.77632459404032,312.0773809828062,1.1633704843916348e-07,87.43455903510501,199128.54353189407,10000.0,282.07275263753786,0.14103637631876895,660.2572053395821,available
50,51,101,full,2,saved,True,optimal,True,True,0.011640466104356761,upload_epi::G_U3_1,210073.1152281951,0.394078335326713,11062.696862883004,2,3,0.06,198.57774496394623,312.0774018168895,3.0541968953912146e-10,87.43455903510501,199128.54353189407,10000.0,284.17236295784977,0.14208618147892488,660.2572471617004,available
50,51,101,full,2,reconstructed,True,optimal,True,True,0.01711679458302279,deadline::S18,210073.11651176063,0.394078335326713,11062.696862883004,2,3,0.06,198.27562015991083,312.0773955244056,-6.4006437128227844e-06,87.43455903510501,199128.54353189407,10000.0,284.173645881919,0.1420868229409595,660.2572471617004,available
50,51,102,fixed_contacts,1,saved,True,optimal,True,True,1.8643721919821907e-06,upload_epi::G_U1_1,195181.59051513477,0.7207663622163731,10238.785619416201,1,1,0.02,210.49612588463503,360.15837444421015,4.376317974674748e-09,55.37279110569915,184298.14114949162,10000.0,66.23351529699215,0.03311675764849608,817.1827335885041,available
50,51,102,fixed_contacts,1,reconstructed,True,optimal,True,True,0.0,nonnegative::tau_s::G_U1_1,195181.59051533995,0.7207663622163731,10238.785619416201,1,1,0.02,210.0520662557088,360.1583736201732,9.708082870929502e-08,55.37279110569915,184298.14114949162,10000.0,66.23351550207309,0.03311675775103655,817.1827335885041,available
50,51,102,fixed_contacts,2,saved,True,optimal,True,True,0.0,nonnegative::tau_s::G_U1_1,195183.17451438165,0.049521594050036435,10238.785619416201,1,1,0.02,210.51213756193044,359.7004617183379,1.8067680684907828e-10,55.37279110569915,184298.14114949162,10000.0,66.23353369282052,0.03311676684641026,818.7667144303434,available
50,51,102,fixed_contacts,2,reconstructed,True,optimal,True,True,0.0,nonnegative::tau_s::G_U1_1,195183.17449899088,0.049521594050036435,10238.785619416201,1,1,0.02,210.05079515459045,358.4393051346749,7.783529554217239e-08,55.37279110569915,184298.14114949162,10000.0,66.23351830973574,0.03311675915486787,818.7667144303434,available
50,51,102,fixed_task_route,1,saved,True,optimal,True,True,0.0015321709993672398,local_complete::S37,233706.5723995139,0.8500844722149955,12387.373755661387,1,1,0.02,204.14786347944553,349.8514781979723,5.424567461886909e-10,57.02460295371014,222972.72760190498,10000.0,66.23351267253948,0.03311675633626974,667.578168180062,available
50,51,102,fixed_task_route,1,reconstructed,True,optimal,True,True,0.0020867191104815778,deadline::S46,233706.5724023379,0.8500844722149955,12387.373755661387,1,1,0.02,204.11851073643672,349.85147816466826,-8.493733503200929e-07,57.02460295371014,222972.72760190498,10000.0,66.23351549510497,0.03311675774755248,667.578168180062,available
50,51,102,fixed_task_route,2,saved,True,optimal,True,True,0.0,nonnegative::tau_s::G_U1_1,233708.49720290856,0.4132632168878838,12387.373755661387,1,1,0.02,204.13067233739227,349.8375710774203,5.772449185315054e-11,57.02460295371014,222972.72760190498,10000.0,66.23351583693443,0.033116757918467216,669.5029684087391,available
50,51,102,fixed_task_route,2,reconstructed,True,optimal,True,True,0.0,nonnegative::tau_s::G_U1_1,233708.49720259095,0.4132632168878838,12387.373755661387,1,1,0.02,203.7347359758777,349.30651081805286,1.7121237760875374e-09,57.02460295371014,222972.72760190498,10000.0,66.23351551948245,0.03311675775974123,669.5029684087391,available
50,51,102,full,1,saved,True,optimal,True,True,0.0,nonnegative::tau_s::G_U3_1,193840.44221565995,0.9419873231739437,10169.854051193088,2,2,0.04,210.96872086689754,370.3073700518882,8.46239345264621e-09,88.45576743961658,183057.3729214756,10000.0,159.3702367862793,0.07968511839313966,623.6193722796759,available
50,51,102,full,1,reconstructed,True,optimal,True,True,0.0,nonnegative::tau_s::G_U3_1,193840.4422155969,0.9419873231739437,10169.854051193088,2,2,0.04,210.48366222336458,370.30736872199435,1.4165237871566205e-07,88.45576743954433,183057.3729214756,10000.0,159.3702367232941,0.07968511836164706,623.6193722796759,available
50,51,102,full,2,saved,True,optimal,True,True,0.0,nonnegative::tau_s::G_U3_1,193842.05947110918,0.7501429832036258,10169.854051193088,2,2,0.04,210.9720696302904,370.1849247436356,2.637534635141492e-11,88.45576744776636,183057.3729214756,10000.0,159.41900181286542,0.07970950090643271,625.1878383198189,available
50,51,102,full,2,reconstructed,True,optimal,True,True,1.0092936587501422e-13,upload_epi::G_U3_2,193842.01068163366,0.7501429832036258,10169.854051193088,2,2,0.04,210.16836653795355,368.7647921552665,1.6766648514021654e-08,88.45576743953885,183057.3729214756,10000.0,159.37023671987652,0.07968511835993827,625.1878383198189,available
50,52,100,fixed_contacts,1,saved,True,optimal,True,True,2.6992145892150304e-08,upload_epi::G_U3_1,209541.22861912218,0.9022527424784329,11047.554249397388,2,3,0.06,230.818155362568,377.8950486420544,7.920050393295242e-09,55.889182185790126,198855.97648915296,10000.0,310.6557763631939,0.15532788818159696,374.441025717849,available
50,52,100,fixed_contacts,1,reconstructed,True,optimal,True,True,0.0,nonnegative::tau_s::G_U3_1,209541.22861911703,0.9022527424784329,11047.554249397388,2,3,0.06,229.18986610935386,377.8950481464273,1.561043632136716e-07,55.889182185790126,198855.97648915296,10000.0,310.6557763580308,0.1553278881790154,374.441025717849,available
50,52,100,fixed_contacts,2,saved,True,optimal_inaccurate,False,False,1223.5006522164565,upload_epi::G_U2_1,209544.24094970588,0.4162465265890151,11047.554249397388,2,3,0.06,231.20057197892496,377.89291920322427,-3.5000702041543263e-05,55.889182185790126,198855.97648915296,10000.0,314.08877238632147,0.15704438619316075,374.0186437804228,available
50,52,100,fixed_contacts,2,reconstructed,True,optimal_inaccurate,False,False,1855.5455420309545,deadline::S16,209550.3371784639,0.4162465265890151,11047.554249397388,2,3,0.06,230.7007776453475,378.0231219356041,-0.6968809734220827,55.889182185790126,198855.97648915296,10000.0,320.18195455324576,0.16009097727662291,374.0186437804228,available
50,52,100,fixed_task_route,1,saved,True,optimal,True,True,1.1217445154572527e-06,upload_epi::G_U3_1,231661.62849978995,0.9877435148217522,12267.925111277686,2,3,0.06,230.59856684078784,377.94083857713747,6.6759184846887365e-09,38.20723808520697,220822.65200299837,10000.0,410.5895308873991,0.20529476544369957,428.18167113873744,available
50,52,100,fixed_task_route,1,reconstructed,True,optimal,True,True,0.0,nonnegative::tau_s::G_U3_1,231661.62849968695,0.9877435148217522,12267.925111277686,2,3,0.06,230.51080641664183,377.9408377044147,7.576562666145037e-08,38.20723808520697,220822.65200299837,10000.0,410.58953078446234,0.20529476539223118,428.18167113873744,available
50,52,100,fixed_task_route,2,saved,True,optimal_inaccurate,False,True,0.4249671689070634,mec_task_complete::G_U2_1::2::S16,231663.94485309807,0.902613710864825,12267.925111277686,2,3,0.06,230.63448294843997,377.9408395412431,-6.79619745369564e-07,38.20723808520697,220822.65200299837,10000.0,412.90462591988535,0.20645231295994268,428.1817718668571,available
50,52,100,fixed_task_route,2,reconstructed,True,optimal_inaccurate,False,True,0.0,nonnegative::tau_s::G_U3_1,231661.881119681,0.902613710864825,12267.925111277686,2,3,0.06,230.5748070759716,377.94081530291,1.0702273186780076e-05,38.20723808520697,220822.65200299837,10000.0,410.8419238538502,0.2054209619269251,428.1817718668571,available
50,52,100,full,1,saved,True,optimal,True,True,0.0,nonnegative::tau_s::G_U3_1,209750.18956158886,0.8667605034758077,11058.824129707924,1,2,0.04,217.144829626084,358.9272337772783,1.778289515641518e-09,69.68701786485259,199058.83433474263,10000.0,144.02968121524563,0.07201484060762281,547.253530790403,available
50,52,100,full,1,reconstructed,True,optimal,True,True,0.0,nonnegative::tau_s::G_U3_1,209750.1895615711,0.8667605034758077,11058.824129707924,1,2,0.04,216.44572768209144,358.92723346801995,4.391489483168698e-08,69.68701786485259,199058.83433474263,10000.0,144.02968119748058,0.07201484059874029,547.253530790403,available
50,52,100,full,2,saved,True,optimal,False,False,55.68188297698642,mec_task_complete::G_U3_1::1::S7,209752.19802392734,0.46731453668802525,11058.824129707924,1,2,0.04,216.77828140845006,358.9273109194492,-0.0003184667924074347,69.68701786485259,199058.83433474263,10000.0,145.97330134899926,0.07298665067449964,547.3174011850328,available
50,52,100,full,2,reconstructed,True,optimal,False,False,58.98273511802648,deadline::S7,209750.25283075726,0.46731453668802525,11058.824129707924,1,2,0.04,216.63872102681154,358.9204657638015,-0.021480807313650985,69.68701786485259,199058.83433474263,10000.0,144.0290802894729,0.07201454014473645,547.3174011850328,available
50,52,101,fixed_contacts,1,saved,True,optimal,True,True,5.227475018510962e-08,upload_epi::G_U3_1,193767.61146356032,0.8642876281152283,10158.261565266901,2,3,0.06,220.36080488329947,367.9949707534032,1.2090595191693865e-09,37.18872662480384,182848.70817480423,10000.0,410.5895307842636,0.20529476539213182,508.1084632064336,available
50,52,101,fixed_contacts,1,reconstructed,True,optimal,True,True,0.0,nonnegative::tau_s::G_U3_1,193767.6114635556,0.8642876281152283,10158.261565266901,2,3,0.06,218.0981851148993,367.99497065982564,3.322253405713127e-08,37.18872662480384,182848.70817480423,10000.0,410.5895307795329,0.20529476538976643,508.1084632064336,available
50,52,101,fixed_contacts,2,saved,True,optimal,True,True,0.0001092847800133644,mec_task_complete::G_U3_1::1::S7,193769.54913518886,0.15463236481635717,10158.261565266901,2,3,0.06,221.19762147925178,367.99493511582637,1.1870611160702538e-09,37.18872662480384,182848.70817480423,10000.0,412.52621042048895,0.2062631052102445,508.1084868589244,available
50,52,101,fixed_contacts,2,reconstructed,True,optimal,True,True,0.000130070500629626,deadline::S7,193769.54913504695,0.15463236481635717,10158.261565266901,2,3,0.06,221.02959667220532,367.99492377265443,-4.7370122047141194e-08,37.18872662480384,182848.70817480423,10000.0,412.5262102786749,0.2062631051393375,508.1084868589244,available
50,52,101,fixed_task_route,1,saved,True,optimal,True,True,1.1217445154572527e-06,upload_epi::G_U3_1,231661.62849978995,0.9877435148217522,12267.925111277686,2,3,0.06,230.59856684078784,377.94083857713747,6.6759184846887365e-09,38.20723808520697,220822.65200299837,10000.0,410.5895308873991,0.20529476544369957,428.18167113873744,available
50,52,101,fixed_task_route,1,reconstructed,True,optimal,True,True,0.0,nonnegative::tau_s::G_U3_1,231661.62849968695,0.9877435148217522,12267.925111277686,2,3,0.06,230.51080641664183,377.9408377044147,7.576562666145037e-08,38.20723808520697,220822.65200299837,10000.0,410.58953078446234,0.20529476539223118,428.18167113873744,available
50,52,101,fixed_task_route,2,saved,True,optimal_inaccurate,False,True,0.4249671689070634,mec_task_complete::G_U2_1::2::S16,231663.94485309807,0.902613710864825,12267.925111277686,2,3,0.06,230.63448294843997,377.9408395412431,-6.79619745369564e-07,38.20723808520697,220822.65200299837,10000.0,412.90462591988535,0.20645231295994268,428.1817718668571,available
50,52,101,fixed_task_route,2,reconstructed,True,optimal_inaccurate,False,True,0.0,nonnegative::tau_s::G_U3_1,231661.881119681,0.902613710864825,12267.925111277686,2,3,0.06,230.5748070759716,377.94081530291,1.0702273186780076e-05,38.20723808520697,220822.65200299837,10000.0,410.8419238538502,0.2054209619269251,428.1817718668571,available
50,52,101,full,1,saved,True,optimal,True,True,0.0,nonnegative::tau_s::G_U1_1,180063.4256254507,0.7597112338071639,9404.700017063344,1,1,0.02,214.72672076575765,362.20632170917526,2.7714008865586948e-09,63.9649995357245,169284.60030714018,10000.0,91.7168792705201,0.04585843963526005,687.0625806003671,available
50,52,101,full,1,reconstructed,True,optimal,True,True,0.0,nonnegative::tau_s::G_U1_1,180063.42562543036,0.7597112338071639,9404.700017063344,1,1,0.02,214.4273552852072,362.20632153397963,6.779907835152699e-08,63.9649995357245,169284.60030714018,10000.0,91.71687925018396,0.045858439625091986,687.0625806003671,available
50,52,101,full,2,saved,True,optimal,True,True,5.099681485179727e-06,mec_task_complete::G_U1_1::1::S7,180063.65076213697,0.14149376780057693,9404.700017063344,1,1,0.02,214.845218392316,362.21399517778565,-9.492850949754938e-12,63.9649995357245,169284.60030714018,10000.0,91.71687880438839,0.045858439402194195,687.2877177529989,available
50,52,101,full,2,reconstructed,True,optimal,True,True,1.3807535300186485e-05,deadline::S7,180063.65076257853,0.14149376780057693,9404.700017063344,1,1,0.02,214.81508151253914,362.1426493976397,-5.0285393626836594e-09,63.9649995357245,169284.60030714018,10000.0,91.71687924571434,0.04585843962285717,687.2877177529989,available
50,52,102,fixed_contacts,1,saved,True,optimal,True,True,2.546996956776969e-07,upload_epi::G_U3_1,199990.21541554798,0.8601923465659096,10517.809151113739,2,2,0.04,234.85237450656086,389.34627181486934,3.4805225368472748e-09,35.02112943753336,189320.5647200473,10000.0,233.00501925725305,0.11650250962862654,436.52917373383843,available
50,52,102,fixed_contacts,1,reconstructed,True,optimal,True,True,2.0185873175002844e-13,upload_epi::G_U3_1,199990.21541552964,0.8601923465659096,10517.809151113739,2,2,0.04,233.2165180450476,389.34627118795316,9.241574616680737e-08,35.02112943753336,189320.5647200473,10000.0,233.00501923892244,0.11650250961946124,436.52917373383843,available
50,52,102,fixed_contacts,2,saved,True,optimal,True,True,3.742281313117763e-05,mec_task_complete::G_U2_1::1::S16,199992.2153135007,0.14162145543004728,10517.809151113739,2,2,0.04,235.42247099713808,389.34627015107367,1.7168417798529845e-09,35.02112943753336,189320.5647200473,10000.0,235.00389617800485,0.11750194808900244,436.5291953273149,available
50,52,102,fixed_contacts,2,reconstructed,True,optimal,True,True,0.0,nonnegative::tau_s::G_U2_1,199992.21519944214,0.14162145543004728,10517.809151113739,2,2,0.04,235.42246394847106,389.34624614386973,7.751162911517895e-08,35.02112943753336,189320.5647200473,10000.0,235.00378217646963,0.11750189108823482,436.5291953273149,available
50,52,102,fixed_task_route,1,saved,True,optimal,True,True,1.1217445154572527e-06,upload_epi::G_U3_1,231661.62849978995,0.9877435148217522,12267.925111277686,2,3,0.06,230.59856684078784,377.94083857713747,6.6759184846887365e-09,38.20723808520697,220822.65200299837,10000.0,410.5895308873991,0.20529476544369957,428.18167113873744,available
50,52,102,fixed_task_route,1,reconstructed,True,optimal,True,True,0.0,nonnegative::tau_s::G_U3_1,231661.62849968695,0.9877435148217522,12267.925111277686,2,3,0.06,230.51080641664183,377.9408377044147,7.576562666145037e-08,38.20723808520697,220822.65200299837,10000.0,410.58953078446234,0.20529476539223118,428.18167113873744,available
50,52,102,fixed_task_route,2,saved,True,optimal_inaccurate,False,True,0.4249671689070634,mec_task_complete::G_U2_1::2::S16,231663.94485309807,0.902613710864825,12267.925111277686,2,3,0.06,230.63448294843997,377.9408395412431,-6.79619745369564e-07,38.20723808520697,220822.65200299837,10000.0,412.90462591988535,0.20645231295994268,428.1817718668571,available
50,52,102,fixed_task_route,2,reconstructed,True,optimal_inaccurate,False,True,0.0,nonnegative::tau_s::G_U3_1,231661.881119681,0.902613710864825,12267.925111277686,2,3,0.06,230.5748070759716,377.94081530291,1.0702273186780076e-05,38.20723808520697,220822.65200299837,10000.0,410.8419238538502,0.2054209619269251,428.1817718668571,available
50,52,102,full,1,saved,True,optimal,True,True,0.0,nonnegative::tau_s::G_U3_1,196603.07038817916,0.768958807142267,10331.55938381556,1,1,0.02,206.18646288234936,346.7415978483947,5.392735147324856e-10,42.342162839630305,185968.06890868006,10000.0,91.71687936129413,0.04585843968064707,543.2387416981005,available
50,52,102,full,1,reconstructed,True,optimal,True,True,0.0,nonnegative::tau_s::G_U3_1,196603.0703880645,0.768958807142267,10331.55938381556,1,1,0.02,205.9485806599344,346.7415978135346,1.3036810742050875e-08,42.342162839630305,185968.06890868006,10000.0,91.71687924671515,0.04585843962335758,543.2387416981005,available
50,52,102,full,2,saved,True,optimal,True,True,0.0,nonnegative::tau_s::G_U3_1,196604.71189872973,0.17076677200177753,10331.55938381556,1,1,0.02,206.28986361987745,346.71072956466327,3.6192204788676463e-10,42.342162839630305,185968.06890868006,10000.0,91.7168991148728,0.0458584495574364,544.8802324852229,available
50,52,102,full,2,reconstructed,True,optimal,True,True,0.0,nonnegative::tau_s::G_U3_1,196604.7118790475,0.17076677200177753,10331.55938381556,1,1,0.02,206.0097663905585,346.23052260685756,9.975866532840882e-08,42.342162839630305,185968.06890868006,10000.0,91.71687944250212,0.04585843972125106,544.8802324852229,available
80,45,100,fixed_contacts,1,saved,False,infeasible_precheck,False,,,,,,,,,,,,,,,,,,,
80,45,100,fixed_contacts,1,reconstructed,False,infeasible_precheck,False,,,,,,,,,,,,,,,,,,,
80,45,100,fixed_contacts,2,saved,False,not_run,False,,,,,,,,,,,,,,,,,,,
80,45,100,fixed_contacts,2,reconstructed,False,not_run,False,,,,,,,,,,,,,,,,,,,
80,45,100,fixed_task_route,1,saved,False,infeasible_precheck,False,,,,,,,,,,,,,,,,,,,
80,45,100,fixed_task_route,1,reconstructed,False,infeasible_precheck,False,,,,,,,,,,,,,,,,,,,
80,45,100,fixed_task_route,2,saved,False,not_run,False,,,,,,,,,,,,,,,,,,,
80,45,100,fixed_task_route,2,reconstructed,False,not_run,False,,,,,,,,,,,,,,,,,,,
80,45,100,full,1,saved,False,infeasible_precheck,False,,,,,,,,,,,,,,,,,,,
80,45,100,full,1,reconstructed,False,infeasible_precheck,False,,,,,,,,,,,,,,,,,,,
80,45,100,full,2,saved,False,not_run,False,,,,,,,,,,,,,,,,,,,
80,45,100,full,2,reconstructed,False,not_run,False,,,,,,,,,,,,,,,,,,,
80,45,101,fixed_contacts,1,saved,False,infeasible_precheck,False,,,,,,,,,,,,,,,,,,,
80,45,101,fixed_contacts,1,reconstructed,False,infeasible_precheck,False,,,,,,,,,,,,,,,,,,,
80,45,101,fixed_contacts,2,saved,False,not_run,False,,,,,,,,,,,,,,,,,,,
80,45,101,fixed_contacts,2,reconstructed,False,not_run,False,,,,,,,,,,,,,,,,,,,
80,45,101,fixed_task_route,1,saved,False,infeasible_precheck,False,,,,,,,,,,,,,,,,,,,
80,45,101,fixed_task_route,1,reconstructed,False,infeasible_precheck,False,,,,,,,,,,,,,,,,,,,
80,45,101,fixed_task_route,2,saved,False,not_run,False,,,,,,,,,,,,,,,,,,,
80,45,101,fixed_task_route,2,reconstructed,False,not_run,False,,,,,,,,,,,,,,,,,,,
80,45,101,full,1,saved,False,infeasible_precheck,False,,,,,,,,,,,,,,,,,,,
80,45,101,full,1,reconstructed,False,infeasible_precheck,False,,,,,,,,,,,,,,,,,,,
80,45,101,full,2,saved,False,not_run,False,,,,,,,,,,,,,,,,,,,
80,45,101,full,2,reconstructed,False,not_run,False,,,,,,,,,,,,,,,,,,,
80,45,102,fixed_contacts,1,saved,False,infeasible_precheck,False,,,,,,,,,,,,,,,,,,,
80,45,102,fixed_contacts,1,reconstructed,False,infeasible_precheck,False,,,,,,,,,,,,,,,,,,,
80,45,102,fixed_contacts,2,saved,False,not_run,False,,,,,,,,,,,,,,,,,,,
80,45,102,fixed_contacts,2,reconstructed,False,not_run,False,,,,,,,,,,,,,,,,,,,
80,45,102,fixed_task_route,1,saved,False,infeasible_precheck,False,,,,,,,,,,,,,,,,,,,
80,45,102,fixed_task_route,1,reconstructed,False,infeasible_precheck,False,,,,,,,,,,,,,,,,,,,
80,45,102,fixed_task_route,2,saved,False,not_run,False,,,,,,,,,,,,,,,,,,,
80,45,102,fixed_task_route,2,reconstructed,False,not_run,False,,,,,,,,,,,,,,,,,,,
80,45,102,full,1,saved,True,optimal,True,True,1.6791440964942177e-06,upload_epi::G_U3_2,250084.20212146323,1.7591126294842938,12824.939399197076,5,8,0.1,222.55770209455073,371.86404203975763,1.4133036074781558e-08,50.26845748309988,230848.90918554738,16000.0,2191.51997612948,1.09575998806474,1042.6771997983199,available
80,45,102,full,1,reconstructed,True,optimal,True,True,1.6148698540002275e-12,upload_epi::G_U3_1,250084.2021216004,1.7591126294842938,12824.939399197076,5,8,0.1,219.89498135742232,371.86404157499675,3.0907597192708636e-07,50.26845748306543,230848.90918554738,16000.0,2191.5199762665648,1.0957599881332825,1042.6771997983199,available
80,45,102,full,2,saved,True,optimal,True,True,0.11384780040399081,mec_task_complete::G_U4_1::1::S13,250086.7032328038,0.3973205791849986,12824.939399197076,5,8,0.1,223.20424608798268,371.86404163743254,-7.016578820184804e-07,50.27910778932183,230848.90918554738,16000.0,2194.0198364461057,1.097009918223053,1042.6772008921066,available
80,45,102,full,2,reconstructed,True,optimal,True,True,0.15802939094269108,deadline::S13,250086.6817751519,0.3973205791849986,12824.939399197076,5,8,0.1,223.2039804055483,371.8640401125029,-5.6330701283968665e-05,50.279111014538174,230848.90918554738,16000.0,2193.9983895176683,1.096999194758834,1042.6772008921066,available
80,46,100,fixed_contacts,1,saved,False,infeasible_precheck,False,,,,,,,,,,,,,,,,,,,
80,46,100,fixed_contacts,1,reconstructed,False,infeasible_precheck,False,,,,,,,,,,,,,,,,,,,
80,46,100,fixed_contacts,2,saved,False,not_run,False,,,,,,,,,,,,,,,,,,,
80,46,100,fixed_contacts,2,reconstructed,False,not_run,False,,,,,,,,,,,,,,,,,,,
80,46,100,fixed_task_route,1,saved,False,infeasible_precheck,False,,,,,,,,,,,,,,,,,,,
80,46,100,fixed_task_route,1,reconstructed,False,infeasible_precheck,False,,,,,,,,,,,,,,,,,,,
80,46,100,fixed_task_route,2,saved,False,not_run,False,,,,,,,,,,,,,,,,,,,
80,46,100,fixed_task_route,2,reconstructed,False,not_run,False,,,,,,,,,,,,,,,,,,,
80,46,100,full,1,saved,True,optimal,True,True,2.3253205421786496e-06,upload_epi::G_U2_1,234481.55711835885,1.6798220458767419,11968.405148285972,5,7,0.0875,206.5277680716788,378.893980960922,1.4873648979119025e-08,60.52384911022644,215431.2926691475,16000.0,1962.1502676863627,0.9810751338431813,1087.133106391152,available
80,46,100,full,1,reconstructed,True,optimal,True,True,8.074349270001138e-13,upload_epi::G_U2_1,234481.5571182402,1.6798220458767419,11968.405148285972,5,7,0.0875,204.91188396233667,370.2278437589462,3.954413614337682e-07,60.52384911022644,215431.2926691475,16000.0,1962.1502675677439,0.9810751337838719,1087.133106391152,available
80,46,100,full,2,saved,True,optimal,True,True,8.472699309823961e-07,upload_epi::G_U3_1,234483.9019336827,0.6395119775769795,11968.405148285972,5,7,0.0875,207.1174734328136,387.663032023647,1.7692514120426495e-10,60.52384911022644,215431.2926691475,16000.0,1964.4939151466303,0.9822469575733153,1087.1331024310043,available
80,46,100,full,2,reconstructed,True,optimal,True,True,8.074349270001138e-13,upload_epi::G_U1_1,234483.90190720075,0.6395119775769795,11968.405148285972,5,7,0.0875,207.0156905047952,387.6630314508682,1.32186528389866e-08,60.52384911022644,215431.2926691475,16000.0,1964.493888677901,0.9822469443389503,1087.1331024310043,available
80,46,101,fixed_contacts,1,saved,False,infeasible_precheck,False,,,,,,,,,,,,,,,,,,,
80,46,101,fixed_contacts,1,reconstructed,False,infeasible_precheck,False,,,,,,,,,,,,,,,,,,,
80,46,101,fixed_contacts,2,saved,False,not_run,False,,,,,,,,,,,,,,,,,,,
80,46,101,fixed_contacts,2,reconstructed,False,not_run,False,,,,,,,,,,,,,,,,,,,
80,46,101,fixed_task_route,1,saved,False,infeasible_precheck,False,,,,,,,,,,,,,,,,,,,
80,46,101,fixed_task_route,1,reconstructed,False,infeasible_precheck,False,,,,,,,,,,,,,,,,,,,
80,46,101,fixed_task_route,2,saved,False,not_run,False,,,,,,,,,,,,,,,,,,,
80,46,101,fixed_task_route,2,reconstructed,False,not_run,False,,,,,,,,,,,,,,,,,,,
80,46,101,full,1,saved,True,optimal_inaccurate,False,False,689797.1315727144,upload_epi::G_U1_1,251672.34767835538,2.0025985736299257,12901.683922442098,7,13,0.1625,204.0614157009509,319.15966561796256,-0.00908313433984631,39.97733432757614,232230.3106039578,16000.0,2500.8409737082306,1.2504204868541153,939.945680202498,available
80,46,101,full,1,reconstructed,True,optimal_inaccurate,False,False,926645.9196661693,deadline::S46,328591.7478787199,2.0025985736299257,12901.683922442098,7,13,0.1625,204.19788820427627,324.15086599137106,-380.163789700666,39.22736780857478,232230.3106039578,16000.0,79381.80069421248,39.69090034710624,939.945680202498,available
80,46,101,full,2,saved,False,infeasible,False,,,,,,,,,,,,,,,,,,,
80,46,101,full,2,reconstructed,False,infeasible,False,,,,,,,,,,,,,,,,,,,
80,46,102,fixed_contacts,1,saved,False,infeasible_precheck,False,,,,,,,,,,,,,,,,,,,
80,46,102,fixed_contacts,1,reconstructed,False,infeasible_precheck,False,,,,,,,,,,,,,,,,,,,
80,46,102,fixed_contacts,2,saved,False,not_run,False,,,,,,,,,,,,,,,,,,,
80,46,102,fixed_contacts,2,reconstructed,False,not_run,False,,,,,,,,,,,,,,,,,,,
80,46,102,fixed_task_route,1,saved,False,infeasible_precheck,False,,,,,,,,,,,,,,,,,,,
80,46,102,fixed_task_route,1,reconstructed,False,infeasible_precheck,False,,,,,,,,,,,,,,,,,,,
80,46,102,fixed_task_route,2,saved,False,not_run,False,,,,,,,,,,,,,,,,,,,
80,46,102,fixed_task_route,2,reconstructed,False,not_run,False,,,,,,,,,,,,,,,,,,,
80,46,102,full,1,saved,True,optimal_inaccurate,False,False,30991.643960079808,mec_task_complete::G_U2_1::2::S72,256753.0542519285,2.03026123835866,13157.616269040558,7,14,0.175,212.22060241986654,362.8719836931271,-0.003325111219567134,37.738675344236036,236837.09284273005,16000.0,3024.0275878793095,1.512013793939655,890.4218075252229,available
80,46,102,full,1,reconstructed,True,optimal_inaccurate,False,False,56036.65254608395,deadline::S72,258200.2936650281,2.03026123835866,13157.616269040558,7,14,0.175,211.05459781225622,362.69230868209263,-21.514234898981215,37.86693949450149,236837.09284273005,16000.0,4470.543742901393,2.235271871450697,890.4218075252229,available
80,46,102,full,2,saved,False,infeasible,False,,,,,,,,,,,,,,,,,,,
80,46,102,full,2,reconstructed,False,infeasible,False,,,,,,,,,,,,,,,,,,,
80,47,100,fixed_contacts,1,saved,False,infeasible_precheck,False,,,,,,,,,,,,,,,,,,,
80,47,100,fixed_contacts,1,reconstructed,False,infeasible_precheck,False,,,,,,,,,,,,,,,,,,,
80,47,100,fixed_contacts,2,saved,False,not_run,False,,,,,,,,,,,,,,,,,,,
80,47,100,fixed_contacts,2,reconstructed,False,not_run,False,,,,,,,,,,,,,,,,,,,
80,47,100,fixed_task_route,1,saved,False,infeasible_precheck,False,,,,,,,,,,,,,,,,,,,
80,47,100,fixed_task_route,1,reconstructed,False,infeasible_precheck,False,,,,,,,,,,,,,,,,,,,
80,47,100,fixed_task_route,2,saved,False,not_run,False,,,,,,,,,,,,,,,,,,,
80,47,100,fixed_task_route,2,reconstructed,False,not_run,False,,,,,,,,,,,,,,,,,,,
80,47,100,full,1,saved,True,optimal,True,True,1.4268295635908792e-06,upload_epi::G_U5_1,238515.92270290607,1.865668145588793,12176.943190113676,4,10,0.125,194.95957963137803,332.02008708547163,5.686558779416373e-09,58.370641601664026,219184.97742204615,16000.0,2225.824947928794,1.112912473964397,1104.0074204571604,available
80,47,100,full,1,reconstructed,True,optimal,True,True,0.0,nonnegative::tau_s::G_U5_1,238515.92270294554,1.865668145588793,12176.943190113676,4,10,0.125,192.16066074309794,332.0200865228118,1.4777066326132626e-07,58.37064160172851,219184.97742204615,16000.0,2225.8249479682527,1.1129124739841263,1104.0074204571604,available
80,47,100,full,2,saved,True,optimal,True,True,0.08487422056320652,upload_epi::G_U2_2,238518.3078589712,1.1258069615720834,12176.943190113676,4,10,0.125,195.65755376903067,332.02013671405894,3.8767211663071066e-11,58.3706421713226,219184.97742204615,16000.0,2228.208897295908,1.1141044486479543,1104.0074351805147,available
80,47,100,full,2,reconstructed,True,optimal,True,True,0.0441025712807389,stage2_energy_guard,238518.31842550647,1.1258069615720834,12176.943190113676,4,10,0.125,194.59865693044347,332.02013084726246,-7.704999802626844e-06,58.370641601728146,219184.97742204615,16000.0,2228.219458550528,1.1141097292752642,1104.0074351805147,available
80,47,101,fixed_contacts,1,saved,False,infeasible_precheck,False,,,,,,,,,,,,,,,,,,,
80,47,101,fixed_contacts,1,reconstructed,False,infeasible_precheck,False,,,,,,,,,,,,,,,,,,,
80,47,101,fixed_contacts,2,saved,False,not_run,False,,,,,,,,,,,,,,,,,,,
80,47,101,fixed_contacts,2,reconstructed,False,not_run,False,,,,,,,,,,,,,,,,,,,
80,47,101,fixed_task_route,1,saved,False,infeasible_precheck,False,,,,,,,,,,,,,,,,,,,
80,47,101,fixed_task_route,1,reconstructed,False,infeasible_precheck,False,,,,,,,,,,,,,,,,,,,
80,47,101,fixed_task_route,2,saved,False,not_run,False,,,,,,,,,,,,,,,,,,,
80,47,101,fixed_task_route,2,reconstructed,False,not_run,False,,,,,,,,,,,,,,,,,,,
80,47,101,full,1,saved,True,optimal_inaccurate,False,False,8963.916152483018,upload_epi::G_U2_2,237873.40257946713,1.9780171770689372,12092.391744885404,8,13,0.1625,223.59593340795624,356.33351465759733,-0.04444566792835758,45.65459787808295,217663.05140793728,16000.0,3196.212674411132,1.598106337205566,1012.5403907815052,available
80,47,101,full,1,reconstructed,True,optimal_inaccurate,False,False,19265.3881350949,deadline::S79,239067.97123608208,1.9780171770689372,12092.391744885404,8,13,0.1625,219.22445362921388,356.15559758548784,-7.356165558581608,45.257768223983014,217663.05140793728,16000.0,4390.184345190704,2.195092172595353,1012.5403907815052,available
80,47,101,full,2,saved,True,optimal_inaccurate,False,False,7265.716342826019,upload_epi::G_U2_2,237876.05364163427,1.4095031567991665,12092.391744885404,8,13,0.1625,222.08644080386733,356.3338262224448,-7.0275528400998155e-06,44.939657579077945,217663.05140793728,16000.0,3196.6914107486327,1.5983457053743164,1014.7124772429605,available
80,47,101,full,2,reconstructed,True,optimal_inaccurate,False,False,13247.040682203791,deadline::S79,239738.86684226824,1.4095031567991665,12092.391744885404,8,13,0.1625,222.02992689145088,356.26799804511603,-5.058160455228062,45.27110126552515,217663.05140793728,16000.0,5058.573670252865,2.5292868351264324,1014.7124772429605,available
80,47,102,fixed_contacts,1,saved,False,infeasible_precheck,False,,,,,,,,,,,,,,,,,,,
80,47,102,fixed_contacts,1,reconstructed,False,infeasible_precheck,False,,,,,,,,,,,,,,,,,,,
80,47,102,fixed_contacts,2,saved,False,not_run,False,,,,,,,,,,,,,,,,,,,
80,47,102,fixed_contacts,2,reconstructed,False,not_run,False,,,,,,,,,,,,,,,,,,,
80,47,102,fixed_task_route,1,saved,False,infeasible_precheck,False,,,,,,,,,,,,,,,,,,,
80,47,102,fixed_task_route,1,reconstructed,False,infeasible_precheck,False,,,,,,,,,,,,,,,,,,,
80,47,102,fixed_task_route,2,saved,False,not_run,False,,,,,,,,,,,,,,,,,,,
80,47,102,fixed_task_route,2,reconstructed,False,not_run,False,,,,,,,,,,,,,,,,,,,
80,47,102,full,1,saved,True,optimal_inaccurate,False,False,8996.688862967354,upload_epi::EL_U2_1,238460.81700306412,2.0022100906529734,12193.181270178931,4,12,0.15,205.761225845136,339.0352420595064,-0.01452552075886615,63.148815818671224,219477.26286322076,16000.0,1797.968095181425,0.8989840475907125,1184.6870606143475,available
80,47,102,full,1,reconstructed,True,optimal_inaccurate,False,False,19553.52646307746,deadline::S53,239375.0704280876,2.0022100906529734,12193.181270178931,4,12,0.15,198.8437556688344,339.8846623049887,-8.574510158929854,63.561164058223895,219477.26286322076,16000.0,2711.7646219415165,1.3558823109707583,1184.6870606143475,available
80,47,102,full,2,saved,False,infeasible,False,,,,,,,,,,,,,,,,,,,
80,47,102,full,2,reconstructed,False,infeasible,False,,,,,,,,,,,,,,,,,,,
80,48,100,fixed_contacts,1,saved,True,optimal,True,True,5.633134363010454e-07,upload_epi::G_U3_1,232725.95548167828,1.772208960460483,11882.383229507079,6,8,0.1,224.52909584589815,391.5467226055328,1.108850256059668e-08,39.44683229834246,213882.8981311274,16000.0,1871.2427217217423,0.9356213608608711,970.8790074682511,available
80,48,100,fixed_contacts,1,reconstructed,True,optimal,True,True,0.0,nonnegative::tau_s::G_U5_1,232725.95548155787,1.772208960460483,11882.383229507079,6,8,0.1,218.78662796709185,391.54672142305446,1.3992459457767836e-07,39.44683229833316,213882.8981311274,16000.0,1871.2427216014182,0.9356213608007091,970.8790074682511,available
80,48,100,fixed_contacts,2,saved,True,optimal_inaccurate,False,True,0.053156251066287616,mec_task_complete::G_U2_1::1::S28,232728.2812273938,0.2813708783531118,11882.383229507079,6,8,0.1,226.06477530993888,391.546722675971,-9.314078397437697e-09,39.44933137091492,213882.8981311274,16000.0,1873.5665743768627,0.9367832871884314,970.8797386023252,available
80,48,100,fixed_contacts,2,reconstructed,True,optimal_inaccurate,False,True,0.0,nonnegative::tau_s::G_U5_1,232726.25820419088,0.2813708783531118,11882.383229507079,6,8,0.1,226.0640720044729,391.54665217355,5.940835904993946e-05,39.4493050804239,213882.8981311274,16000.0,1871.5445621800322,0.9357722810900162,970.8797386023252,available
80,48,100,fixed_task_route,1,saved,False,infeasible_precheck,False,,,,,,,,,,,,,,,,,,,
80,48,100,fixed_task_route,1,reconstructed,False,infeasible_precheck,False,,,,,,,,,,,,,,,,,,,
80,48,100,fixed_task_route,2,saved,False,not_run,False,,,,,,,,,,,,,,,,,,,
80,48,100,fixed_task_route,2,reconstructed,False,not_run,False,,,,,,,,,,,,,,,,,,,
80,48,100,full,1,saved,True,optimal,True,True,2.560695090313526e-07,upload_epi::G_U2_2,235740.58680033486,1.6271084192084513,12086.932873390799,3,7,0.0875,214.07083278618404,392.63679063536955,3.6864378216705518e-09,56.10375063150753,217564.7917210344,16000.0,1107.879860313904,0.5539399301569519,1067.3612790564289,available
80,48,100,full,1,reconstructed,True,optimal,True,True,0.0,nonnegative::tau_s::G_U5_1,235740.5868003344,1.6271084192084513,12086.932873390799,3,7,0.0875,211.43012722888506,392.6367894829862,5.936945512985403e-08,56.10375063150753,217564.7917210344,16000.0,1107.8798603134287,0.5539399301567145,1067.3612790564289,available
80,48,100,full,2,saved,True,optimal,True,True,0.00016520754219196863,mec_task_complete::G_U4_1::2::S8,235742.9442015423,0.3316512410894305,12086.932873390799,3,7,0.0875,215.2611123488274,392.6367818242613,2.646686425578082e-09,56.10375063150753,217564.7917210344,16000.0,1110.2360599085757,0.5551180299542879,1067.3613025693912,available
80,48,100,full,2,reconstructed,True,optimal,True,True,0.0,nonnegative::tau_s::G_U5_1,235742.94202503652,0.3316512410894305,12086.932873390799,3,7,0.0875,215.01307900573596,392.6367562579423,1.418032127276092e-07,56.10375063150753,217564.7917210344,16000.0,1110.2338844905066,0.5551169422452533,1067.3613025693912,available
80,48,101,fixed_contacts,1,saved,True,optimal,True,True,5.437467849715589e-06,upload_epi::G_U5_1,227480.18800620723,1.769671290501583,11564.956480507284,6,11,0.1375,226.57787464535178,391.91813623630463,2.6125292151846224e-08,38.99516530844454,208169.2166491311,16000.0,2393.0825261842956,1.196541263092148,916.6922896287538,available
80,48,101,fixed_contacts,1,reconstructed,True,optimal,True,True,2.0185873175002844e-13,upload_epi::G_U2_3,227480.1880062916,1.769671290501583,11564.956480507284,6,11,0.1375,218.9954259316211,391.91813513470294,3.644344701569935e-07,38.99516530841273,208169.2166491311,16000.0,2393.0825262686135,1.1965412631343066,916.6922896287538,available
80,48,101,fixed_contacts,2,saved,True,optimal,True,True,0.0025345543595214144,upload_epi::G_U2_1,227482.4628027281,0.28436084932439654,11564.956480507284,6,11,0.1375,229.13510891036375,391.91810424152635,3.6653773349826224e-09,39.000276863640956,208169.2166491311,16000.0,2395.3561649541334,1.1976780824770668,916.6923105603926,available
80,48,101,fixed_contacts,2,reconstructed,True,optimal,True,True,0.003092570611063333,deadline::S23,227482.463225455,0.28436084932439654,11564.956480507284,6,11,0.1375,228.1111826142794,391.9180994290982,-1.2518732432909019e-06,39.000276862704546,208169.2166491311,16000.0,2395.356587469781,1.1976782937348909,916.6923105603926,available
80,48,101,fixed_task_route,1,saved,False,infeasible_precheck,False,,,,,,,,,,,,,,,,,,,
80,48,101,fixed_task_route,1,reconstructed,False,infeasible_precheck,False,,,,,,,,,,,,,,,,,,,
80,48,101,fixed_task_route,2,saved,False,not_run,False,,,,,,,,,,,,,,,,,,,
80,48,101,fixed_task_route,2,reconstructed,False,not_run,False,,,,,,,,,,,,,,,,,,,
80,48,101,full,1,saved,True,optimal,True,True,4.889075003430579e-07,upload_epi::G_U2_2,229434.18569041713,1.746503088629028,11692.505797689966,4,8,0.1,221.69722566054128,384.09562133864114,2.3032953322399408e-09,57.42173519261668,210465.1043584194,16000.0,2073.7875466650144,1.0368937733325074,894.2568915593974,available
80,48,101,full,1,reconstructed,True,optimal,True,True,0.0,nonnegative::tau_s::G_U5_1,229434.18569041463,1.746503088629028,11692.505797689966,4,8,0.1,219.08204361673236,384.0956212449511,7.269909474416636e-08,57.42173519261668,210465.1043584194,16000.0,2073.787546662506,1.036893773331253,894.2568915593974,available
80,48,101,full,2,saved,True,optimal,True,True,0.0,nonnegative::tau_s::G_U5_1,229436.48002638092,0.6767709434077942,11692.505797689966,4,8,0.1,222.6530214639252,384.0956211205116,3.595346242946107e-10,57.42173519261668,210465.1043584194,16000.0,2076.0807062304357,1.038040353115218,894.2569213779883,available
80,48,101,full,2,reconstructed,True,optimal,True,True,0.0,nonnegative::tau_s::G_U5_1,229436.4796398133,0.6767709434077942,11692.505797689966,4,8,0.1,221.98259092194448,384.0956160427551,4.179941015536315e-08,57.42173519261668,210465.1043584194,16000.0,2076.0803198559897,1.038040159927995,894.2569213779883,available
80,48,102,fixed_contacts,1,saved,True,optimal,True,True,2.603896896082667e-08,upload_epi::G_U2_1,237029.02944418517,1.7969667213515637,12084.20000489825,6,8,0.1,220.4359205041311,391.54672265159155,7.815742719685659e-09,50.02353435853982,217515.6000881685,16000.0,2554.9237869789704,1.2774618934894848,957.2281071442219,available
80,48,102,fixed_contacts,1,reconstructed,True,optimal,True,True,0.0,nonnegative::tau_s::G_U5_1,237029.0294440861,1.7969667213515637,12084.20000489825,6,8,0.1,215.7246104955435,391.54672195843693,1.3874858950657654e-07,50.02353435851913,217515.6000881685,16000.0,2554.923786879948,1.2774618934399737,957.2281071442219,available
80,48,102,fixed_contacts,2,saved,True,optimal,True,True,3.772481458532504e-05,upload_epi::G_U2_3,237031.39973324433,0.43728670084556975,12084.20000489825,6,8,0.1,221.85666595274117,391.5467226121597,1.0974758879456203e-09,50.02518700929864,217515.6000881685,16000.0,2557.2928876234737,1.2786464438117369,957.2281110085462,available
80,48,102,fixed_contacts,2,reconstructed,True,optimal,True,True,0.0,nonnegative::tau_s::G_U5_1,237031.39971948863,0.43728670084556975,12084.20000489825,6,8,0.1,221.2851958908014,391.54672096801977,1.4108024970482802e-08,50.02518701189222,217515.6000881685,16000.0,2557.292873874652,1.2786464369373258,957.2281110085462,available
80,48,102,fixed_task_route,1,saved,False,infeasible_precheck,False,,,,,,,,,,,,,,,,,,,
80,48,102,fixed_task_route,1,reconstructed,False,infeasible_precheck,False,,,,,,,,,,,,,,,,,,,
80,48,102,fixed_task_route,2,saved,False,not_run,False,,,,,,,,,,,,,,,,,,,
80,48,102,fixed_task_route,2,reconstructed,False,not_run,False,,,,,,,,,,,,,,,,,,,
80,48,102,full,1,saved,True,optimal,True,True,0.0,nonnegative::tau_s::G_U4_1,223566.34390401834,0.9596694761635591,11426.661939264526,3,4,0.05,216.58983692011773,384.09562128296875,1.2194107057439396e-08,65.04090099615223,205679.9149067615,16000.0,855.2624082898797,0.4276312041449398,1030.7389577628387,available
80,48,102,full,1,reconstructed,True,optimal,True,True,0.0,nonnegative::tau_s::G_U4_1,223566.34390395618,0.9596694761635591,11426.661939264526,3,4,0.05,215.83030801700667,384.0956206827493,1.6658717072459694e-07,65.04090099615223,205679.9149067615,16000.0,855.2624082277491,0.42763120411387456,1030.7389577628387,available
80,48,102,full,2,saved,True,optimal,True,True,0.0006505949597239309,upload_epi::G_U4_1,223568.5795672171,0.5844158261973887,11426.661939264526,3,4,0.05,216.87676626550166,384.0956213723233,1.6373746802855749e-10,65.04090099615223,205679.9149067615,16000.0,857.4969564941949,0.4287484782470975,1030.7389554831605,available
80,48,102,full,2,reconstructed,True,optimal,True,True,0.00027716049701229713,stage2_energy_guard,223568.57962969888,0.5844158261973887,11426.661939264526,3,4,0.05,216.80528379075858,384.0956211605937,-6.612020797547302e-08,65.04090099615223,205679.9149067615,16000.0,857.4970189447811,0.42874850947239057,1030.7389554831605,available
80,49,100,fixed_contacts,1,saved,True,optimal,True,True,1.0983650352872327e-06,upload_epi::G_U2_1,246915.4480314459,1.7393993276634996,12673.639109660762,5,6,0.075,215.85430145518802,369.65384700217226,1.3088083505863324e-08,40.95821959095576,228125.5039738937,16000.0,1778.4678100295785,0.8892339050147893,1010.5870136175979,available
80,49,100,fixed_contacts,1,reconstructed,True,optimal,True,True,0.0,nonnegative::tau_s::G_U2_1,246915.44803127352,1.7393993276634996,12673.639109660762,5,6,0.075,214.26331708433904,369.6538465055885,4.381894882499182e-07,40.95821959087512,228125.5039738937,16000.0,1778.4678098572826,0.8892339049286416,1010.5870136175979,available
80,49,100,fixed_contacts,2,saved,True,optimal,True,True,0.0026417753667457525,upload_epi::G_U4_2,246917.9171822681,0.5002454889984782,12673.639109660762,5,6,0.075,216.36662240589746,369.653849598158,1.4294982975116e-09,40.958219566883365,228125.5039738937,16000.0,1780.9357119898702,0.890467855994935,1010.5870285285237,available
80,49,100,fixed_contacts,2,reconstructed,True,optimal,True,True,0.0012314136972620374,stage2_energy_guard,246917.9174912157,0.5002454889984782,12673.639109660762,5,6,0.075,216.2047558041136,369.65384701052034,-6.476199132521288e-08,40.9582195909174,228125.5039738937,16000.0,1780.936020783051,0.8904680103915255,1010.5870285285237,available
80,49,100,fixed_task_route,1,saved,True,optimal,True,True,4.4257042475237535e-07,upload_epi::G_U4_1,256144.25562642384,1.8084069549499702,13204.144067853611,5,7,0.0875,214.28966508171789,356.5177113531913,8.709150733920978e-09,28.064327085222146,237674.59322136498,16000.0,1336.6623034117974,0.6683311517058987,1132.3317704953593,available
80,49,100,fixed_task_route,1,reconstructed,True,optimal,True,True,0.0,nonnegative::tau_s::G_U2_1,256144.25562630867,1.8084069549499702,13204.144067853611,5,7,0.0875,212.6753140970666,356.51771106178785,2.2993117454461753e-07,28.064327085256917,237674.59322136498,16000.0,1336.6623032966706,0.6683311516483352,1132.3317704953593,available
80,49,100,fixed_task_route,2,saved,True,optimal,False,False,6.218467642648702,upload_epi::G_U4_2,256146.81968836114,0.805735614063557,13204.144067853611,5,7,0.0875,214.5192814499967,356.51771201120096,-9.066934580914676e-08,28.05770784381304,237674.59322136498,16000.0,1339.226604688837,0.6696133023444186,1132.3302490049784,available
80,49,100,fixed_task_route,2,reconstructed,True,optimal,False,False,7.136593047439366,deadline::S22,256147.27623527579,0.805735614063557,13204.144067853611,5,7,0.0875,214.29459745393882,356.51789684050186,-0.0025228681536759723,28.057646004411644,237674.59322136498,16000.0,1339.6829234441063,0.6698414617220532,1132.3302490049784,available
80,49,100,full,1,saved,True,optimal_inaccurate,False,False,14872.920930502727,mec_task_complete::EL_U3_1::1::S63,253314.6598077242,2.0149412976964847,13034.886109517884,6,7,0.0875,213.2874258956208,351.662211300475,-0.002058655442112922,26.707402559402617,234627.9499713219,16000.0,1575.594959713221,0.7877974798566105,1110.3270792092296,available
80,49,100,full,1,reconstructed,True,optimal_inaccurate,False,False,21718.32392484022,deadline::S63,253509.75464215112,2.0149412976964847,13034.886109517884,6,7,0.0875,211.96710177881724,351.6573280184485,-9.263461741170545,26.993950270593384,234627.9499713219,16000.0,1770.5922954722646,0.8852961477361323,1110.3270792092296,available
80,49,100,full,2,saved,False,infeasible,False,,,,,,,,,,,,,,,,,,,
80,49,100,full,2,reconstructed,False,infeasible,False,,,,,,,,,,,,,,,,,,,
80,49,101,fixed_contacts,1,saved,True,optimal,True,True,7.770430763478295e-07,upload_epi::G_U5_1,246437.25256232097,1.7730131801504574,12630.401130837621,5,8,0.1,214.52131412226683,363.1792691886197,6.428194865293335e-09,33.10187616796147,227347.22035507718,16000.0,2063.26425336868,1.03163212668434,1025.736321748429,available
80,49,101,fixed_contacts,1,reconstructed,True,optimal,True,True,0.0,nonnegative::tau_s::G_U2_1,246437.2525622871,1.7730131801504574,12630.401130837621,5,8,0.1,211.69515883238856,363.1792690083254,1.8247851585329045e-07,33.10187616790097,227347.22035507718,16000.0,2063.264253334819,1.0316321266674096,1025.736321748429,available
80,49,101,fixed_contacts,2,saved,True,optimal,True,True,0.013765744850276332,upload_epi::G_U4_1,246439.71693260383,0.567666286530943,12630.401130837621,5,8,0.1,215.231529838263,363.17926960635026,5.539959602174349e-10,33.10187522151784,227347.22035507718,16000.0,2065.7273824948898,1.0328636912474447,1025.736331340503,available
80,49,101,fixed_contacts,2,reconstructed,True,optimal,True,True,0.020065920221112536,deadline::S13,246439.7188238714,0.567666286530943,12630.401130837621,5,8,0.1,214.32411758911218,363.1792684831516,-7.344233551975776e-06,33.10187616791279,227347.22035507718,16000.0,2065.729272817306,1.0328646364086531,1025.736331340503,available
80,49,101,fixed_task_route,1,saved,True,optimal,True,True,4.4257042475237535e-07,upload_epi::G_U4_1,256144.25562642384,1.8084069549499702,13204.144067853611,5,7,0.0875,214.28966508171789,356.5177113531913,8.709150733920978e-09,28.064327085222146,237674.59322136498,16000.0,1336.6623034117974,0.6683311517058987,1132.3317704953593,available
80,49,101,fixed_task_route,1,reconstructed,True,optimal,True,True,0.0,nonnegative::tau_s::G_U2_1,256144.25562630867,1.8084069549499702,13204.144067853611,5,7,0.0875,212.6753140970666,356.51771106178785,2.2993117454461753e-07,28.064327085256917,237674.59322136498,16000.0,1336.6623032966706,0.6683311516483352,1132.3317704953593,available
80,49,101,fixed_task_route,2,saved,True,optimal,False,False,6.218467642648702,upload_epi::G_U4_2,256146.81968836114,0.805735614063557,13204.144067853611,5,7,0.0875,214.5192814499967,356.51771201120096,-9.066934580914676e-08,28.05770784381304,237674.59322136498,16000.0,1339.226604688837,0.6696133023444186,1132.3302490049784,available
80,49,101,fixed_task_route,2,reconstructed,True,optimal,False,False,7.136593047439366,deadline::S22,256147.27623527579,0.805735614063557,13204.144067853611,5,7,0.0875,214.29459745393882,356.51789684050186,-0.0025228681536759723,28.057646004411644,237674.59322136498,16000.0,1339.6829234441063,0.6698414617220532,1132.3302490049784,available
80,49,101,full,1,saved,True,optimal_inaccurate,False,False,14872.920930502727,mec_task_complete::EL_U3_1::1::S63,253314.6598077242,2.0149412976964847,13034.886109517884,6,7,0.0875,213.2874258956208,351.662211300475,-0.002058655442112922,26.707402559402617,234627.9499713219,16000.0,1575.594959713221,0.7877974798566105,1110.3270792092296,available
80,49,101,full,1,reconstructed,True,optimal_inaccurate,False,False,21718.32392484022,deadline::S63,253509.75464215112,2.0149412976964847,13034.886109517884,6,7,0.0875,211.96710177881724,351.6573280184485,-9.263461741170545,26.993950270593384,234627.9499713219,16000.0,1770.5922954722646,0.8852961477361323,1110.3270792092296,available
80,49,101,full,2,saved,False,infeasible,False,,,,,,,,,,,,,,,,,,,
80,49,101,full,2,reconstructed,False,infeasible,False,,,,,,,,,,,,,,,,,,,
80,49,102,fixed_contacts,1,saved,True,optimal,True,True,2.9746144941162295e-07,upload_epi::G_U3_1,253849.62853607326,1.811827887991043,13054.362423505605,5,7,0.0875,209.02854405451745,350.9707395866659,1.2006978522549616e-08,37.072036019707724,234978.5236231009,16000.0,1822.8639724822133,0.9114319862411067,1047.329508503909,available
80,49,102,fixed_contacts,1,reconstructed,True,optimal,True,True,2.0185873175002844e-13,upload_epi::G_U4_1,253849.62853592102,1.811827887991043,13054.362423505605,5,7,0.0875,207.38910641852277,350.9707389809708,3.410735303077672e-07,37.07203601968244,234978.5236231009,16000.0,1822.8639723300548,0.9114319861650274,1047.329508503909,available
80,49,102,fixed_contacts,2,saved,True,optimal_inaccurate,False,False,22.47013574869783,bandwidth_cap::E1,253852.1591274896,0.7409068235781308,13054.362423505605,5,7,0.0875,209.58594578271138,350.97073948235305,-1.7513405282443273e-05,37.072178331284285,234978.5236231009,16000.0,1825.3891533553776,0.9126945766776887,1047.3336564566775,available
80,49,102,fixed_contacts,2,reconstructed,True,optimal_inaccurate,False,False,22.47013574869783,bandwidth_cap::E1,253849.72300394232,0.7409068235781308,13054.362423505605,5,7,0.0875,209.02371660954924,350.97025247778765,-0.0037563402583487004,37.07203186485271,234978.5236231009,16000.0,1822.9542472611242,0.9114771236305622,1047.3336564566775,available
80,49,102,fixed_task_route,1,saved,True,optimal,True,True,4.4257042475237535e-07,upload_epi::G_U4_1,256144.25562642384,1.8084069549499702,13204.144067853611,5,7,0.0875,214.28966508171789,356.5177113531913,8.709150733920978e-09,28.064327085222146,237674.59322136498,16000.0,1336.6623034117974,0.6683311517058987,1132.3317704953593,available
80,49,102,fixed_task_route,1,reconstructed,True,optimal,True,True,0.0,nonnegative::tau_s::G_U2_1,256144.25562630867,1.8084069549499702,13204.144067853611,5,7,0.0875,212.6753140970666,356.51771106178785,2.2993117454461753e-07,28.064327085256917,237674.59322136498,16000.0,1336.6623032966706,0.6683311516483352,1132.3317704953593,available
80,49,102,fixed_task_route,2,saved,True,optimal,False,False,6.218467642648702,upload_epi::G_U4_2,256146.81968836114,0.805735614063557,13204.144067853611,5,7,0.0875,214.5192814499967,356.51771201120096,-9.066934580914676e-08,28.05770784381304,237674.59322136498,16000.0,1339.226604688837,0.6696133023444186,1132.3302490049784,available
80,49,102,fixed_task_route,2,reconstructed,True,optimal,False,False,7.136593047439366,deadline::S22,256147.27623527579,0.805735614063557,13204.144067853611,5,7,0.0875,214.29459745393882,356.51789684050186,-0.0025228681536759723,28.057646004411644,237674.59322136498,16000.0,1339.6829234441063,0.6698414617220532,1132.3302490049784,available
80,49,102,full,1,saved,True,optimal,True,True,5.084046315253297e-07,upload_epi::G_U3_1,232634.95030915597,1.661559991673347,11889.170060472707,5,7,0.0875,210.35150454754807,356.5632485216145,1.1872316463268362e-09,40.170805609614725,214005.06108850875,16000.0,1480.2418090421074,0.7401209045210537,1148.9072907006014,available
80,49,102,full,1,reconstructed,True,optimal,True,True,0.0,nonnegative::tau_s::G_U2_1,232634.95030910408,1.661559991673347,11889.170060472707,5,7,0.0875,207.98254315528447,356.5632484756806,3.125717285001883e-08,40.17080560959801,214005.06108850875,16000.0,1480.2418089902537,0.740120904495127,1148.9072907006014,available
80,49,102,full,2,saved,True,optimal,True,True,0.003274008987959446,upload_epi::G_U2_1,232637.27665778712,0.4323108189783818,11889.170060472707,5,7,0.0875,211.02166553333424,356.5632496986858,4.3951331463176757e-10,40.179585759078,214005.06108850875,16000.0,1482.5669910349968,0.7412834955174985,1148.9072947478744,available
80,49,102,full,2,reconstructed,True,optimal,True,True,0.004867760753943844,deadline::S22,232637.2769927455,0.4323108189783818,11889.170060472707,5,7,0.0875,210.38981590560363,356.5632491245555,-1.7208097062848537e-06,40.1795857602607,214005.06108850875,16000.0,1482.5673258259706,0.7412836629129853,1148.9072947478744,available
80,50,100,fixed_contacts,1,saved,False,infeasible_precheck,False,,,,,,,,,,,,,,,,,,,
80,50,100,fixed_contacts,1,reconstructed,False,infeasible_precheck,False,,,,,,,,,,,,,,,,,,,
80,50,100,fixed_contacts,2,saved,False,not_run,False,,,,,,,,,,,,,,,,,,,
80,50,100,fixed_contacts,2,reconstructed,False,not_run,False,,,,,,,,,,,,,,,,,,,
80,50,100,fixed_task_route,1,saved,False,infeasible_precheck,False,,,,,,,,,,,,,,,,,,,
80,50,100,fixed_task_route,1,reconstructed,False,infeasible_precheck,False,,,,,,,,,,,,,,,,,,,
80,50,100,fixed_task_route,2,saved,False,not_run,False,,,,,,,,,,,,,,,,,,,
80,50,100,fixed_task_route,2,reconstructed,False,not_run,False,,,,,,,,,,,,,,,,,,,
80,50,100,full,1,saved,True,optimal,True,True,2.0173115703156244e-06,upload_epi::G_U1_2,230571.10688003534,1.886707471066036,11683.361148490303,6,12,0.15,224.35445321958983,357.86678214094417,1.8149023617297644e-08,42.756086083738246,210300.50067282544,16000.0,3302.8175988321573,1.6514087994160789,966.1371995783156,available
80,50,100,full,1,reconstructed,True,optimal,True,True,0.0,nonnegative::tau_s::G_U1_2,230571.10688002568,1.886707471066036,11683.361148490303,6,12,0.15,221.3168769007292,357.866781244055,4.6066151071499917e-07,42.756086083699856,210300.50067282544,16000.0,3302.8175988225107,1.6514087994112554,966.1371995783156,available
80,50,100,full,2,saved,True,optimal,True,True,7.811319268181581e-07,mec_task_complete::G_U3_2::1::S35,230573.41259049735,1.108060270345224,11683.361148490303,6,12,0.15,225.26656912775343,357.8667821573075,4.5486103772418573e-10,42.75299407222278,210300.50067282544,16000.0,3305.12215851825,1.6525610792591254,966.1371980744079,available
80,50,100,full,2,reconstructed,True,optimal,True,True,0.0,nonnegative::tau_s::G_U1_2,230573.41254825334,1.108060270345224,11683.361148490303,6,12,0.15,224.28296453644643,357.86678154963124,2.6161046662309673e-09,42.75299407186158,210300.50067282544,16000.0,3305.122116295338,1.6525610581476688,966.1371980744079,available
80,50,101,fixed_contacts,1,saved,False,infeasible_precheck,False,,,,,,,,,,,,,,,,,,,
80,50,101,fixed_contacts,1,reconstructed,False,infeasible_precheck,False,,,,,,,,,,,,,,,,,,,
80,50,101,fixed_contacts,2,saved,False,not_run,False,,,,,,,,,,,,,,,,,,,
80,50,101,fixed_contacts,2,reconstructed,False,not_run,False,,,,,,,,,,,,,,,,,,,
80,50,101,fixed_task_route,1,saved,False,infeasible_precheck,False,,,,,,,,,,,,,,,,,,,
80,50,101,fixed_task_route,1,reconstructed,False,infeasible_precheck,False,,,,,,,,,,,,,,,,,,,
80,50,101,fixed_task_route,2,saved,False,not_run,False,,,,,,,,,,,,,,,,,,,
80,50,101,fixed_task_route,2,reconstructed,False,not_run,False,,,,,,,,,,,,,,,,,,,
80,50,101,full,1,saved,True,optimal,True,True,4.1818104534740996e-07,upload_epi::G_U3_2,228243.17626769643,1.9049503991901275,11561.938704636961,6,11,0.1375,209.37729744079382,346.01600912104055,1.4025090422364883e-08,47.376844308386616,208114.8966834653,16000.0,3002.3925581493404,1.5011962790746702,1124.385829802733,available
80,50,101,full,1,reconstructed,True,optimal,True,True,4.037174635000569e-13,upload_epi::G_U3_1,228243.17626756115,1.9049503991901275,11561.938704636961,6,11,0.1375,206.90743074832784,346.0160086530903,2.7899818633159157e-07,47.37684430844936,208114.8966834653,16000.0,3002.3925580141113,1.5011962790070557,1124.385829802733,available
80,50,101,full,2,saved,True,optimal,True,True,0.0005721915830037005,upload_epi::G_U3_1,228245.45869896372,1.286346155009584,11561.938704636961,6,11,0.1375,209.88202229211817,346.0160093750831,2.4652990759932436e-10,47.36349254777884,208114.8966834653,16000.0,3004.6738499466683,1.502336924973334,1124.3858286267678,available
80,50,101,full,2,reconstructed,True,optimal,True,True,0.0007307749062563034,stage2_energy_guard,228245.45886698592,1.286346155009584,11561.938704636961,6,11,0.1375,208.5449064215314,346.01600905440745,-1.7511462147012935e-07,47.363492587153196,208114.8966834653,16000.0,3004.6740178849113,1.502337008942456,1124.3858286267678,available
80,50,102,fixed_contacts,1,saved,False,infeasible_precheck,False,,,,,,,,,,,,,,,,,,,
80,50,102,fixed_contacts,1,reconstructed,False,infeasible_precheck,False,,,,,,,,,,,,,,,,,,,
80,50,102,fixed_contacts,2,saved,False,not_run,False,,,,,,,,,,,,,,,,,,,
80,50,102,fixed_contacts,2,reconstructed,False,not_run,False,,,,,,,,,,,,,,,,,,,
80,50,102,fixed_task_route,1,saved,False,infeasible_precheck,False,,,,,,,,,,,,,,,,,,,
80,50,102,fixed_task_route,1,reconstructed,False,infeasible_precheck,False,,,,,,,,,,,,,,,,,,,
80,50,102,fixed_task_route,2,saved,False,not_run,False,,,,,,,,,,,,,,,,,,,
80,50,102,fixed_task_route,2,reconstructed,False,not_run,False,,,,,,,,,,,,,,,,,,,
80,50,102,full,1,saved,True,optimal,True,True,5.385407271644866e-07,upload_epi::G_U3_1,228157.72261552777,1.9470405361799918,11594.143810962561,6,10,0.125,210.42328861322585,345.9938109804037,1.715608277663705e-08,55.084797323971536,208694.5885973261,16000.0,2304.5263712135575,1.1522631856067787,1157.4553838025013,available
80,50,102,full,1,reconstructed,True,optimal,True,True,4.037174635000569e-13,upload_epi::G_U1_2,228157.72261544006,1.9470405361799918,11594.143810962561,6,10,0.125,207.63479656545974,345.9938105109003,3.582817953429185e-07,55.084797323892225,208694.5885973261,16000.0,2304.5263711258854,1.1522631855629424,1157.4553838025013,available
80,50,102,full,2,saved,True,optimal,True,True,0.0019743583559969384,upload_epi::G_U2_1,228160.00419243186,1.5915825625258286,11594.143810962561,6,10,0.125,210.86901785027,345.99381109515264,1.0345502232667059e-10,55.069501612326185,208694.5885973261,16000.0,2306.8068110712106,1.1534034055356053,1157.4553806290023,available
80,50,102,full,2,reconstructed,True,optimal,True,True,0.001735628665713726,stage2_energy_guard,228160.00459049054,1.5915825625258286,11594.143810962561,6,10,0.125,209.51269742112302,345.99381092863797,-2.820739837261499e-07,55.069501735222296,208694.5885973261,16000.0,2306.8072089309567,1.1534036044654783,1157.4553806290023,available
80,51,100,fixed_contacts,1,saved,False,infeasible,False,,,,,,,,,,,,,,,,,,,
80,51,100,fixed_contacts,1,reconstructed,False,infeasible,False,,,,,,,,,,,,,,,,,,,
80,51,100,fixed_contacts,2,saved,False,not_run,False,,,,,,,,,,,,,,,,,,,
80,51,100,fixed_contacts,2,reconstructed,False,not_run,False,,,,,,,,,,,,,,,,,,,
80,51,100,fixed_task_route,1,saved,False,infeasible,False,,,,,,,,,,,,,,,,,,,
80,51,100,fixed_task_route,1,reconstructed,False,infeasible,False,,,,,,,,,,,,,,,,,,,
80,51,100,fixed_task_route,2,saved,False,not_run,False,,,,,,,,,,,,,,,,,,,
80,51,100,fixed_task_route,2,reconstructed,False,not_run,False,,,,,,,,,,,,,,,,,,,
80,51,100,full,1,saved,True,optimal,True,True,0.00011241048576819551,upload_epi::G_U3_1,249999.8833560484,1.9033093080526151,12792.431838978773,4,12,0.15,215.32796659439933,356.76942249217245,2.2266021915129386e-08,60.85148496615526,230263.77310161793,16000.0,2785.815863938935,1.3929079319694673,948.9014825595972,available
80,51,100,full,1,reconstructed,True,optimal,True,True,0.0,nonnegative::tau_s::G_U3_1,249999.88335615495,1.9033093080526151,12792.431838978773,4,12,0.15,214.12979984171363,356.7694212281638,6.096283868828323e-07,60.85148496615526,230263.77310161793,16000.0,2785.8158640454053,1.3929079320227025,948.9014825595972,available
80,51,100,full,2,saved,True,optimal,True,True,0.008367097271195173,upload_epi::G_U2_1,250002.38335473105,1.3127973097895327,12792.431838978773,4,12,0.15,215.56122857305672,356.7694225489855,1.1738165994756855e-10,60.85148496615526,230263.77310161793,16000.0,2788.314619478172,1.394157309739086,948.9014763252179,available
80,51,100,full,2,reconstructed,True,optimal,True,True,0.011893928085275179,deadline::S75,250002.38355868298,1.3127973097895327,12792.431838978773,4,12,0.15,215.17477779022047,356.7694224136512,-4.55500168072831e-06,60.85148496615526,230263.77310161793,16000.0,2788.3148233281545,1.3941574116640771,948.9014763252179,available
80,51,101,fixed_contacts,1,saved,False,infeasible,False,,,,,,,,,,,,,,,,,,,
80,51,101,fixed_contacts,1,reconstructed,False,infeasible,False,,,,,,,,,,,,,,,,,,,
80,51,101,fixed_contacts,2,saved,False,not_run,False,,,,,,,,,,,,,,,,,,,
80,51,101,fixed_contacts,2,reconstructed,False,not_run,False,,,,,,,,,,,,,,,,,,,
80,51,101,fixed_task_route,1,saved,False,infeasible,False,,,,,,,,,,,,,,,,,,,
80,51,101,fixed_task_route,1,reconstructed,False,infeasible,False,,,,,,,,,,,,,,,,,,,
80,51,101,fixed_task_route,2,saved,False,not_run,False,,,,,,,,,,,,,,,,,,,
80,51,101,fixed_task_route,2,reconstructed,False,not_run,False,,,,,,,,,,,,,,,,,,,
80,51,101,full,1,saved,True,optimal,True,True,8.627474492393296e-07,upload_epi::G_U1_2,245400.476852614,1.9548920288483096,12418.811543563364,8,12,0.15,230.7019317167024,377.0176374045458,1.0510575521038845e-08,38.02800764605508,223538.60778414056,16000.0,4736.818390527384,2.368409195263692,1122.6822687507831,available
80,51,101,full,1,reconstructed,True,optimal,True,True,0.0,nonnegative::tau_s::G_U3_2,245400.47685254415,1.9548920288483096,12418.811543563364,8,12,0.15,228.28971893235862,377.01763694848796,1.453612412660732e-07,38.02800764611375,223538.60778414056,16000.0,4736.81839045757,2.368409195228785,1122.6822687507831,available
80,51,101,full,2,saved,True,optimal,True,True,0.01410228168887493,upload_epi::G_U5_2,245402.9308572401,1.5627488423253166,12418.811543563364,8,12,0.15,231.04291781911385,377.0176378684343,1.7860202206065878e-10,38.02800900461337,223538.60778414056,16000.0,4739.265848936159,2.369632924468079,1122.6875912389146,available
80,51,101,full,2,reconstructed,True,optimal,True,True,0.0014615472155707638,stage2_energy_guard,245402.931217512,1.5627488423253166,12418.811543563364,8,12,0.15,229.5049521669236,377.0176377644818,7.83620635047555e-08,38.028007646104925,223538.60778414056,16000.0,4739.266209028001,2.369633104514001,1122.6875912389146,available
80,51,102,fixed_contacts,1,saved,False,infeasible,False,,,,,,,,,,,,,,,,,,,
80,51,102,fixed_contacts,1,reconstructed,False,infeasible,False,,,,,,,,,,,,,,,,,,,
80,51,102,fixed_contacts,2,saved,False,not_run,False,,,,,,,,,,,,,,,,,,,
80,51,102,fixed_contacts,2,reconstructed,False,not_run,False,,,,,,,,,,,,,,,,,,,
80,51,102,fixed_task_route,1,saved,False,infeasible,False,,,,,,,,,,,,,,,,,,,
80,51,102,fixed_task_route,1,reconstructed,False,infeasible,False,,,,,,,,,,,,,,,,,,,
80,51,102,fixed_task_route,2,saved,False,not_run,False,,,,,,,,,,,,,,,,,,,
80,51,102,fixed_task_route,2,reconstructed,False,not_run,False,,,,,,,,,,,,,,,,,,,
80,51,102,full,1,saved,True,optimal_inaccurate,False,False,12683.173067086502,mec_cpu_cap::E1,253964.52874771086,2.012968247444859,13147.586768294863,7,13,0.1625,217.9036819238821,374.7154795658005,-0.020947424668122494,71.86337750282125,236656.56182930752,16000.0,280.99434585367555,0.14049717292683778,1026.8320753767214,available
80,51,102,full,1,reconstructed,True,optimal_inaccurate,False,False,14878.307954960113,deadline::S76,257783.01811929152,2.012968247444859,13147.586768294863,7,13,0.1625,210.13482859951904,364.630422509499,-5.57819941288659,73.55260999017774,236656.56182930752,16000.0,4097.575426893814,2.0487877134469072,1026.8320753767214,available
80,51,102,full,2,saved,False,infeasible,False,,,,,,,,,,,,,,,,,,,
80,51,102,full,2,reconstructed,False,infeasible,False,,,,,,,,,,,,,,,,,,,
80,52,100,fixed_contacts,1,saved,False,infeasible_precheck,False,,,,,,,,,,,,,,,,,,,
80,52,100,fixed_contacts,1,reconstructed,False,infeasible_precheck,False,,,,,,,,,,,,,,,,,,,
80,52,100,fixed_contacts,2,saved,False,not_run,False,,,,,,,,,,,,,,,,,,,
80,52,100,fixed_contacts,2,reconstructed,False,not_run,False,,,,,,,,,,,,,,,,,,,
80,52,100,fixed_task_route,1,saved,False,infeasible_precheck,False,,,,,,,,,,,,,,,,,,,
80,52,100,fixed_task_route,1,reconstructed,False,infeasible_precheck,False,,,,,,,,,,,,,,,,,,,
80,52,100,fixed_task_route,2,saved,False,not_run,False,,,,,,,,,,,,,,,,,,,
80,52,100,fixed_task_route,2,reconstructed,False,not_run,False,,,,,,,,,,,,,,,,,,,
80,52,100,full,1,saved,False,infeasible_precheck,False,,,,,,,,,,,,,,,,,,,
80,52,100,full,1,reconstructed,False,infeasible_precheck,False,,,,,,,,,,,,,,,,,,,
80,52,100,full,2,saved,False,not_run,False,,,,,,,,,,,,,,,,,,,
80,52,100,full,2,reconstructed,False,not_run,False,,,,,,,,,,,,,,,,,,,
80,52,101,fixed_contacts,1,saved,False,infeasible_precheck,False,,,,,,,,,,,,,,,,,,,
80,52,101,fixed_contacts,1,reconstructed,False,infeasible_precheck,False,,,,,,,,,,,,,,,,,,,
80,52,101,fixed_contacts,2,saved,False,not_run,False,,,,,,,,,,,,,,,,,,,
80,52,101,fixed_contacts,2,reconstructed,False,not_run,False,,,,,,,,,,,,,,,,,,,
80,52,101,fixed_task_route,1,saved,False,infeasible_precheck,False,,,,,,,,,,,,,,,,,,,
80,52,101,fixed_task_route,1,reconstructed,False,infeasible_precheck,False,,,,,,,,,,,,,,,,,,,
80,52,101,fixed_task_route,2,saved,False,not_run,False,,,,,,,,,,,,,,,,,,,
80,52,101,fixed_task_route,2,reconstructed,False,not_run,False,,,,,,,,,,,,,,,,,,,
80,52,101,full,1,saved,True,optimal,True,True,3.1356735390049417e-06,upload_epi::G_U4_2,242685.24319941303,1.7310148456424386,12432.974718234758,6,10,0.125,216.7281011362239,356.324595841259,5.890797183383256e-09,35.11497589096723,223793.54492822563,16000.0,1831.4988873457878,0.9157494436728939,1059.2836343979277,available
80,52,101,full,1,reconstructed,True,optimal,True,True,0.0,nonnegative::tau_s::G_U4_1,242685.2431993818,1.7310148456424386,12432.974718234758,6,10,0.125,213.8412234052787,355.4319743953107,1.6107088640637812e-07,35.11497589089983,223793.54492822563,16000.0,1831.4988873145794,0.9157494436572898,1059.2836343979277,available
80,52,101,full,2,saved,True,optimal,True,True,0.0023495393521664387,upload_epi::G_U4_1,242687.36913561774,0.9033763842229048,12432.974718234758,6,10,0.125,217.2738998544064,356.3609673958575,1.3648104868480004e-10,35.11733113377729,223793.54492822563,16000.0,1832.07576534135,0.916037882670675,1060.8324041681003,available
80,52,101,full,2,reconstructed,True,optimal,True,True,0.0008656317553039345,deadline::S59,242687.3402035542,0.9033763842229048,12432.974718234758,6,10,0.125,215.8336203397471,355.24204365797675,-3.532976506903651e-07,35.11733112943429,223793.54492822563,16000.0,1832.0468477365707,0.9160234238682854,1060.8324041681003,available
80,52,102,fixed_contacts,1,saved,False,infeasible_precheck,False,,,,,,,,,,,,,,,,,,,
80,52,102,fixed_contacts,1,reconstructed,False,infeasible_precheck,False,,,,,,,,,,,,,,,,,,,
80,52,102,fixed_contacts,2,saved,False,not_run,False,,,,,,,,,,,,,,,,,,,
80,52,102,fixed_contacts,2,reconstructed,False,not_run,False,,,,,,,,,,,,,,,,,,,
80,52,102,fixed_task_route,1,saved,False,infeasible_precheck,False,,,,,,,,,,,,,,,,,,,
80,52,102,fixed_task_route,1,reconstructed,False,infeasible_precheck,False,,,,,,,,,,,,,,,,,,,
80,52,102,fixed_task_route,2,saved,False,not_run,False,,,,,,,,,,,,,,,,,,,
80,52,102,fixed_task_route,2,reconstructed,False,not_run,False,,,,,,,,,,,,,,,,,,,
80,52,102,full,1,saved,True,optimal,True,True,1.6193172055781442e-06,upload_epi::G_U4_2,258194.9130491544,1.8890604300874054,13217.858979889223,6,12,0.15,214.3634330385321,353.6142084973031,8.965002962213475e-09,44.7144711131148,237921.461638006,16000.0,3195.317313827124,1.5976586569135622,1076.5364386643535,available
80,52,102,full,1,reconstructed,True,optimal,True,True,0.0,nonnegative::tau_s::G_U4_2,258194.9130491878,1.8890604300874054,13217.858979889223,6,12,0.15,210.98038216185375,349.8985182941485,1.9012259144801646e-07,44.7144711131148,237921.461638006,16000.0,3195.317313860536,1.5976586569302682,1076.5364386643535,available
80,52,102,full,2,saved,True,optimal,True,True,0.020319177375811973,upload_epi::G_U4_2,258197.49499692174,0.9431837372444208,13217.858979889223,6,12,0.15,215.30857857095287,353.86614833278986,4.689582056016661e-10,44.714471113114804,237921.461638006,16000.0,3197.8979665514144,1.5989489832757073,1076.536443381054,available
80,52,102,full,2,reconstructed,True,optimal,True,True,0.026771940775287766,deadline::S3,258197.49825462882,0.9431837372444208,13217.858979889223,6,12,0.15,214.27129820960533,349.8985181394656,-1.1169069523475628e-05,44.7144711131148,237921.461638006,16000.0,3197.901222630467,1.5989506113152336,1076.536443381054,available
